dataset,realization,arch,seed,draw,ess,marg_unw,marg_ipw,focal_unw,focal_ipw,w_Benign,w_DoS
cicids2017,R1_holdout_Slowhttptest,mlp,12345,0,1903.8070201022965,0.947625828019563,0.8221381696884248,0.706766917293233,0.706766917293233,0.47899931145283453,47.936090225563916
cicids2017,R1_holdout_Slowhttptest,mlp,12345,1,1981.7968079998484,0.9492767081450298,0.8046056159374746,0.6714801444043321,0.6714801444043322,0.4792192881745121,46.03249097472924
cicids2017,R1_holdout_Slowhttptest,mlp,12345,2,1804.4622270270784,0.946222579912916,0.8242841590329661,0.7123015873015873,0.7123015873015873,0.4787196329892608,50.59920634920635
cicids2017,R1_holdout_Slowhttptest,mlp,12345,3,1981.7968079998484,0.9509894962752017,0.8289273516951741,0.7166064981949458,0.7166064981949459,0.4792192881745121,46.03249097472924
cicids2017,R1_holdout_Slowhttptest,mlp,12345,4,1946.3541966700952,0.9475432840132896,0.7977292293443444,0.6599264705882353,0.6599264705882353,0.4791192737138683,46.87867647058824
cicids2017,R1_holdout_Slowhttptest,mlp,12345,5,1854.1465307069236,0.9464495759301678,0.8194231918181345,0.7027027027027027,0.7027027027027025,0.47885943138441,49.231660231660236
cicids2017,R1_holdout_Slowhttptest,mlp,12345,6,1928.6283332175813,0.9456241358674343,0.8106157015616465,0.686456400742115,0.6864564007421149,0.4790692821368948,47.31354359925789
cicids2017,R1_holdout_Slowhttptest,mlp,12345,7,1939.2642158949411,0.9495037041622815,0.820113686849416,0.7011070110701108,0.7011070110701106,0.47909927583112466,47.05166051660517
cicids2017,R1_holdout_Slowhttptest,mlp,12345,8,1917.9913567569781,0.9441796157576507,0.8206650084540287,0.707089552238806,0.7070895522388058,0.4790392921979008,47.57835820895523
cicids2017,R1_holdout_Slowhttptest,mlp,12345,9,1988.8838716765147,0.9477083720258362,0.808221442166026,0.6798561151079137,0.6798561151079136,0.47923929607748994,45.86690647482015
cicids2017,R1_holdout_Slowhttptest,mlp,1337,0,1946.3541966700948,0.9500196042014899,0.8860483035671148,0.8272058823529411,0.8272058823529413,0.4791192737138683,46.87867647058824
cicids2017,R1_holdout_Slowhttptest,mlp,1337,1,1964.0770216570984,0.9482036360634764,0.8935934472360696,0.843351548269581,0.8433515482695811,0.4791692757253183,46.451730418943534
cicids2017,R1_holdout_Slowhttptest,mlp,1337,2,1871.8851537630358,0.9494211601560082,0.8940766865000161,0.8432122370936902,0.8432122370936902,0.47890937917222964,48.76099426386234
cicids2017,R1_holdout_Slowhttptest,mlp,1337,3,2024.3118964841829,0.950081512206195,0.9024804941749263,0.8586572438162544,0.8586572438162543,0.47933936065813376,45.0565371024735
cicids2017,R1_holdout_Slowhttptest,mlp,1337,4,2049.104280514697,0.9500402402030582,0.8879209225808087,0.8307155322862129,0.8307155322862129,0.47940943073132025,44.50610820244328
cicids2017,R1_holdout_Slowhttptest,mlp,1337,5,2003.0565403490407,0.9487608081058214,0.8954742959196802,0.8464285714285714,0.8464285714285715,0.47927931689596864,45.53928571428572
cicids2017,R1_holdout_Slowhttptest,mlp,1337,6,2034.9379333749387,0.9492973441465982,0.8851104623816551,0.8260105448154658,0.8260105448154657,0.47936938818124875,44.81898066783832
cicids2017,R1_holdout_Slowhttptest,mlp,1337,7,1917.9913567569781,0.9508863162673601,0.8860820451373442,0.8264925373134329,0.8264925373134328,0.4790392921979008,47.57835820895523
cicids2017,R1_holdout_Slowhttptest,mlp,1337,8,1999.5135555195855,0.9493386161497348,0.875113266514569,0.8067978533094812,0.8067978533094812,0.47926931106471815,45.62075134168158
cicids2017,R1_holdout_Slowhttptest,mlp,1337,9,2013.6847654626774,0.945479683856456,0.8952556363458442,0.8490230905861457,0.8490230905861457,0.4793093368966093,45.29662522202487
cicids2017,R1_holdout_Slowhttptest,mlp,2024,0,1893.1674916309178,0.9470273839740811,0.8278724111647296,0.718336483931947,0.7183364839319472,0.4789693302733153,48.20793950850662
cicids2017,R1_holdout_Slowhttptest,mlp,2024,1,1960.5326997455172,0.9446955157968592,0.8024212730496713,0.6715328467153284,0.6715328467153284,0.4791592744881134,46.53649635036497
cicids2017,R1_holdout_Slowhttptest,mlp,2024,2,2017.2272640375434,0.9466559359458512,0.7990245543528293,0.6631205673758865,0.6631205673758864,0.4793193443992066,45.21631205673759
cicids2017,R1_holdout_Slowhttptest,mlp,2024,3,1942.8092670511119,0.9462844879176211,0.8083084229927996,0.6813996316758748,0.6813996316758747,0.47910927456382,46.96500920810313
cicids2017,R1_holdout_Slowhttptest,mlp,2024,4,1889.6207391042012,0.9481623640603397,0.8014916593658916,0.6666666666666666,0.6666666666666667,0.4789593373808183,48.29924242424242
cicids2017,R1_holdout_Slowhttptest,mlp,2024,5,1978.2530938314173,0.9451082358282259,0.8041793917986712,0.674502712477396,0.6745027124773959,0.479209284849497,46.11573236889693
cicids2017,R1_holdout_Slowhttptest,mlp,2024,6,1836.4048701145357,0.9473988320023112,0.8102275857919811,0.6842105263157895,0.6842105263157894,0.47880949401409917,49.71150097465887
cicids2017,R1_holdout_Slowhttptest,mlp,2024,7,1978.2530938314173,0.9481417280587713,0.82070115523204,0.7034358047016275,0.7034358047016275,0.479209284849497,46.11573236889693
cicids2017,R1_holdout_Slowhttptest,mlp,2024,8,1861.242344443727,0.9442415237623558,0.796919136969195,0.6615384615384615,0.6615384615384614,0.4788794092492543,49.0423076923077
cicids2017,R1_holdout_Slowhttptest,mlp,2024,9,2006.599403616995,0.9484719040838647,0.8267938498338935,0.714795008912656,0.714795008912656,0.47928932314501654,45.45811051693405
cicids2017,R1_holdout_Slowhttptest,mlp,3407,0,1942.8092670511103,0.947811552033678,0.8368592635877431,0.7348066298342542,0.734806629834254,0.47910927456382,46.96500920810313
cicids2017,R1_holdout_Slowhttptest,mlp,3407,1,1910.8994314782822,0.9503085082234466,0.8249758269313023,0.7097378277153558,0.709737827715356,0.479019300991132,47.756554307116104
cicids2017,R1_holdout_Slowhttptest,mlp,3407,2,1939.2642158949411,0.9475020120101529,0.8470257495462694,0.7546125461254612,0.7546125461254612,0.47909927583112466,47.05166051660517
cicids2017,R1_holdout_Slowhttptest,mlp,3407,3,1967.6212220229065,0.9456241358674343,0.8214857830056522,0.7072727272727273,0.7072727272727272,0.479179277380033,46.367272727272734
cicids2017,R1_holdout_Slowhttptest,mlp,3407,4,1956.988256289596,0.9453765038486143,0.8214759735540599,0.7074954296160878,0.7074954296160876,0.4791492736683921,46.62157221206582
cicids2017,R1_holdout_Slowhttptest,mlp,3407,5,1886.0738650617407,0.9445097917827442,0.8280824958146373,0.7210626185958254,0.7210626185958255,0.4789493449052825,48.39089184060722
cicids2017,R1_holdout_Slowhttptest,mlp,3407,6,2042.0213500992872,0.945789223879981,0.8035142387989468,0.6725043782837128,0.672504378283713,0.4793894086201136,44.66199649737303
cicids2017,R1_holdout_Slowhttptest,mlp,3407,7,2105.7502153426885,0.9471718359850595,0.815620291692647,0.6943972835314092,0.6943972835314092,0.47956966785042826,43.29711375212224
cicids2017,R1_holdout_Slowhttptest,mlp,3407,8,1864.79006905638,0.948059184052498,0.8320957369279833,0.72552783109405,0.7255278310940501,0.47888939880679215,48.948176583493286
cicids2017,R1_holdout_Slowhttptest,mlp,3407,9,1964.077021657099,0.9484719040838647,0.8320571531787269,0.7249544626593807,0.7249544626593807,0.4791692757253183,46.451730418943534
cicids2017,R1_holdout_Slowhttptest,mlp,42,0,1964.0770216570986,0.9482861800697497,0.8329168497812505,0.726775956284153,0.7267759562841529,0.4791692757253183,46.451730418943534
cicids2017,R1_holdout_Slowhttptest,mlp,42,1,2052.645563352969,0.9461606719082111,0.8390550987185896,0.740418118466899,0.740418118466899,0.4794194424141172,44.42857142857144
cicids2017,R1_holdout_Slowhttptest,mlp,42,2,2038.4797025250166,0.9480798200540663,0.8097906600724439,0.6824561403508772,0.6824561403508772,0.47937939819165154,44.74035087719298
cicids2017,R1_holdout_Slowhttptest,mlp,42,3,1875.4325138541838,0.9474194680038796,0.8256538622566061,0.7137404580152672,0.7137404580152671,0.47891936998018153,48.66793893129771
cicids2017,R1_holdout_Slowhttptest,mlp,42,4,1907.3532865517352,0.9476464640211313,0.8214596194275959,0.7054409005628518,0.7054409005628518,0.47900930601343744,47.84615384615385
cicids2017,R1_holdout_Slowhttptest,mlp,42,5,1917.9913567569781,0.9507625002579501,0.8277062352618076,0.7145522388059702,0.71455223880597,0.4790392921979008,47.57835820895523
cicids2017,R1_holdout_Slowhttptest,mlp,42,6,1917.9913567569774,0.9457685878784127,0.8379491960576547,0.7388059701492538,0.7388059701492536,0.4790392921979008,47.57835820895523
cicids2017,R1_holdout_Slowhttptest,mlp,42,7,2070.350153792827,0.9481417280587713,0.8330909494503088,0.7271157167530224,0.7271157167530226,0.47946950710108605,44.04490500863558
cicids2017,R1_holdout_Slowhttptest,mlp,42,8,1903.807020102297,0.9439732557419674,0.8213679146849571,0.7086466165413534,0.7086466165413534,0.47899931145283453,47.936090225563916
cicids2017,R1_holdout_Slowhttptest,mlp,42,9,2088.0517045156794,0.9486163560948431,0.8158297235642075,0.6934931506849316,0.6934931506849316,0.47951958224543084,43.667808219178085
cicids2017,R1_holdout_Slowhttptest,mlp,512,0,1932.1737489767445,0.9497100641779649,0.8350656056709936,0.7296296296296296,0.7296296296296296,0.4790792796176882,47.22592592592593
cicids2017,R1_holdout_Slowhttptest,mlp,512,1,1882.526869504964,0.9477290080274046,0.8333081927971534,0.7281368821292775,0.7281368821292773,0.4789393528466818,48.48288973384031
cicids2017,R1_holdout_Slowhttptest,mlp,512,2,2013.6847654626774,0.9483068160713181,0.8457439461638918,0.7513321492007105,0.7513321492007105,0.4793093368966093,45.29662522202487
cicids2017,R1_holdout_Slowhttptest,mlp,512,3,1900.2606321313954,0.9459955838956644,0.8554087467104083,0.7721280602636534,0.7721280602636534,0.4789893173092973,48.026365348399246
cicids2017,R1_holdout_Slowhttptest,mlp,512,4,1914.4454548805074,0.9489671681215047,0.8401987732146179,0.7401869158878505,0.7401869158878505,0.47902929638594444,47.667289719626176
cicids2017,R1_holdout_Slowhttptest,mlp,512,5,1889.6207391042012,0.9440557997482408,0.8360371012048708,0.7367424242424242,0.7367424242424243,0.4789593373808183,48.29924242424242
cicids2017,R1_holdout_Slowhttptest,mlp,512,6,1928.6283332175817,0.9486989001011165,0.8439824440760072,0.7476808905380334,0.7476808905380334,0.4790692821368948,47.31354359925789
cicids2017,R1_holdout_Slowhttptest,mlp,512,7,2003.0565403490393,0.947749644028973,0.8447773143066273,0.75,0.75,0.47927931689596864,45.53928571428572
cicids2017,R1_holdout_Slowhttptest,mlp,512,8,1864.790069056382,0.946222579912916,0.839217904966607,0.7408829174664108,0.7408829174664109,0.47888939880679215,48.948176583493286
cicids2017,R1_holdout_Slowhttptest,mlp,512,9,1928.6283332175808,0.945789223879981,0.8309907921519732,0.725417439703154,0.7254174397031539,0.4790692821368948,47.31354359925789
cicids2017,R1_holdout_Slowhttptest,mlp,6021,0,1896.7141226404574,0.9481623640603397,0.9004584453190235,0.8566037735849057,0.8566037735849057,0.4789793235827996,48.11698113207547
cicids2017,R1_holdout_Slowhttptest,mlp,6021,1,1939.2642158949423,0.95026723622031,0.8935209244627502,0.8413284132841329,0.8413284132841327,0.47909927583112466,47.05166051660517
cicids2017,R1_holdout_Slowhttptest,mlp,6021,2,1999.5135555195855,0.9480385480509297,0.8912578982641722,0.8389982110912343,0.8389982110912343,0.47926931106471815,45.62075134168158
cicids2017,R1_holdout_Slowhttptest,mlp,6021,3,2070.350153792827,0.9504735962359934,0.8935440912279703,0.8411053540587219,0.841105354058722,0.47946950710108605,44.04490500863558
cicids2017,R1_holdout_Slowhttptest,mlp,6021,4,1939.2642158949411,0.9496068841701232,0.8932045502737124,0.8413284132841329,0.8413284132841328,0.47909927583112466,47.05166051660517
cicids2017,R1_holdout_Slowhttptest,mlp,6021,5,2049.104280514697,0.9472337439897646,0.8874839968537456,0.8324607329842932,0.832460732984293,0.47940943073132025,44.50610820244328
cicids2017,R1_holdout_Slowhttptest,mlp,6021,6,1953.443691290767,0.9474813760085846,0.8775326124208289,0.8131868131868132,0.8131868131868133,0.4791392732661282,46.70695970695971
cicids2017,R1_holdout_Slowhttptest,mlp,6021,7,2017.2272640375438,0.9497513361811015,0.8771332296615224,0.8102836879432624,0.8102836879432623,0.4793193443992066,45.21631205673759
cicids2017,R1_holdout_Slowhttptest,mlp,6021,8,1875.4325138541838,0.947811552033678,0.8765575017385766,0.8110687022900763,0.8110687022900762,0.47891936998018153,48.66793893129771
cicids2017,R1_holdout_Slowhttptest,mlp,6021,9,1971.1653008415167,0.9488639881136631,0.8828655894341223,0.822141560798548,0.822141560798548,0.47918927945228357,46.28312159709619
cicids2017,R1_holdout_Slowhttptest,mlp,7,0,1964.077021657099,0.9510720402814751,0.9054034866900659,0.8633879781420765,0.8633879781420764,0.4791692757253183,46.451730418943534
cicids2017,R1_holdout_Slowhttptest,mlp,7,1,1928.6283332175817,0.9483480880744547,0.9047023867942287,0.8645640074211502,0.8645640074211502,0.4790692821368948,47.31354359925789
cicids2017,R1_holdout_Slowhttptest,mlp,7,2,1928.6283332175817,0.9479972760477929,0.9064672760993713,0.8682745825602969,0.8682745825602968,0.4790692821368948,47.31354359925789
cicids2017,R1_holdout_Slowhttptest,mlp,7,3,1871.885153763035,0.9503704162281517,0.8915422465979929,0.8374760994263862,0.8374760994263862,0.47890937917222964,48.76099426386234
cicids2017,R1_holdout_Slowhttptest,mlp,7,4,2176.5138561150065,0.948121092057203,0.8922491327203594,0.8407224958949097,0.8407224958949097,0.47977011494252875,41.8752052545156
cicids2017,R1_holdout_Slowhttptest,mlp,7,5,2010.1421453220169,0.9491941641387565,0.9043072460235136,0.8629893238434164,0.8629893238434162,0.47929932981188805,45.377224199288264
cicids2017,R1_holdout_Slowhttptest,mlp,7,6,1903.8070201022965,0.9489465321199364,0.8991581050406534,0.8533834586466166,0.8533834586466166,0.47899931145283453,47.936090225563916
cicids2017,R1_holdout_Slowhttptest,mlp,7,7,1992.4272211818907,0.9473369239976063,0.9027723818035533,0.8617594254937163,0.8617594254937163,0.47924930065550503,45.78456014362657
cicids2017,R1_holdout_Slowhttptest,mlp,7,8,1942.8092670511112,0.9506799562516767,0.9025055106153643,0.858195211786372,0.858195211786372,0.47910927456382,46.96500920810313
cicids2017,R1_holdout_Slowhttptest,mlp,7,9,1857.6944983267665,0.9477909160321096,0.8986866738047722,0.8535645472061657,0.8535645472061657,0.47886942010846895,49.13680154142582
cicids2017,R1_holdout_Slowhttptest,mlp,88,0,1981.796807999847,0.9481004560556346,0.813442307108147,0.6895306859205776,0.6895306859205775,0.4792192881745121,46.03249097472924
cicids2017,R1_holdout_Slowhttptest,mlp,88,1,2010.1421453220164,0.9459749478940961,0.8054803447926655,0.6761565836298933,0.6761565836298932,0.47929932981188805,45.377224199288264
cicids2017,R1_holdout_Slowhttptest,mlp,88,2,1878.9797524353014,0.9475226480117213,0.8111019974275212,0.6857142857142857,0.6857142857142858,0.4789293612049902,48.5752380952381
cicids2017,R1_holdout_Slowhttptest,mlp,88,3,1811.5614425644037,0.9483274520728864,0.7960146574071355,0.6561264822134387,0.6561264822134388,0.4787395991908744,50.399209486166015
cicids2017,R1_holdout_Slowhttptest,mlp,88,4,1907.3532865517357,0.9490909841309147,0.8172642156578159,0.6960600375234521,0.6960600375234522,0.47900930601343744,47.84615384615385
cicids2017,R1_holdout_Slowhttptest,mlp,88,5,1857.6944983267665,0.9496894281763966,0.8082222433297335,0.6782273603082851,0.6782273603082851,0.47886942010846895,49.13680154142582
cicids2017,R1_holdout_Slowhttptest,mlp,88,6,1822.2093547345637,0.9495243401638499,0.8119892492410858,0.6856581532416502,0.6856581532416504,0.478769551616267,50.10216110019647
cicids2017,R1_holdout_Slowhttptest,mlp,88,7,1956.9882562895964,0.9462844879176211,0.8219110334612267,0.7074954296160878,0.7074954296160878,0.4791492736683921,46.62157221206582
cicids2017,R1_holdout_Slowhttptest,mlp,88,8,1917.9913567569781,0.9456447718690026,0.826226583895739,0.7164179104477612,0.7164179104477612,0.4790392921979008,47.57835820895523
cicids2017,R1_holdout_Slowhttptest,mlp,88,9,1978.253093831417,0.9473988320023112,0.8194033971821705,0.701627486437613,0.7016274864376131,0.479209284849497,46.11573236889693
cicids2017,R1_holdout_Slowhttptest,mlp,91,0,1964.0770216570986,0.9479147320415197,0.910531430494448,0.8761384335154827,0.8761384335154827,0.4791692757253183,46.451730418943534
cicids2017,R1_holdout_Slowhttptest,mlp,91,1,1925.0827959269452,0.9514022163065684,0.9137798465281357,0.879182156133829,0.8791821561338291,0.4790592850733499,47.40148698884759
cicids2017,R1_holdout_Slowhttptest,mlp,91,2,1861.2423444437266,0.9491116201324832,0.896460359116567,0.8480769230769231,0.8480769230769231,0.4788794092492543,49.0423076923077
cicids2017,R1_holdout_Slowhttptest,mlp,91,3,1878.9797524353014,0.9507212282548133,0.9039453176470432,0.8609523809523809,0.860952380952381,0.4789293612049902,48.5752380952381
cicids2017,R1_holdout_Slowhttptest,mlp,91,4,1744.0992768605809,0.9464702119317361,0.9058560088841746,0.8685831622176592,0.8685831622176592,0.4785499874927041,52.36550308008214
cicids2017,R1_holdout_Slowhttptest,mlp,91,5,1839.9534452273426,0.9498338801873749,0.9080435024712267,0.8696498054474708,0.8696498054474708,0.47881948065491714,49.614785992217904
cicids2017,R1_holdout_Slowhttptest,mlp,91,6,2031.3960426504875,0.9512371282940217,0.89779567025927,0.8485915492957746,0.8485915492957746,0.47935937858887895,44.89788732394367
cicids2017,R1_holdout_Slowhttptest,mlp,91,7,1988.8838716765142,0.9492354361418931,0.8979321685510171,0.8507194244604317,0.8507194244604316,0.47923929607748994,45.86690647482015
cicids2017,R1_holdout_Slowhttptest,mlp,91,8,1971.1653008415167,0.9493179801481665,0.9095490180860132,0.8729582577132486,0.8729582577132486,0.47918927945228357,46.28312159709619
cicids2017,R1_holdout_Slowhttptest,mlp,91,9,1942.8092670511114,0.9509894962752017,0.8873052844485394,0.8287292817679558,0.8287292817679557,0.47910927456382,46.96500920810313
cicids2017,R1_holdout_Slowhttptest,rf,12345,0,1889.6207391042017,0.9493798881528716,0.8958226503924773,0.8465909090909091,0.846590909090909,0.4789593373808183,48.29924242424242
cicids2017,R1_holdout_Slowhttptest,rf,12345,1,1893.1674916309178,0.9489465321199364,0.8849329251636713,0.8260869565217391,0.8260869565217392,0.4789693302733153,48.20793950850662
cicids2017,R1_holdout_Slowhttptest,rf,12345,2,1953.4436912907665,0.9491941641387565,0.8840770207306012,0.8241758241758241,0.8241758241758242,0.4791392732661282,46.70695970695971
cicids2017,R1_holdout_Slowhttptest,rf,12345,3,2003.0565403490393,0.9465114839348728,0.8832379410153215,0.825,0.8250000000000001,0.47927931689596864,45.53928571428572
cicids2017,R1_holdout_Slowhttptest,rf,12345,4,1999.513555519585,0.9500196042014899,0.8884811989047084,0.8318425760286225,0.8318425760286225,0.47926931106471815,45.62075134168158
cicids2017,R1_holdout_Slowhttptest,rf,12345,5,1999.5135555195855,0.948059184052498,0.8745000739747721,0.8067978533094812,0.8067978533094812,0.47926931106471815,45.62075134168158
cicids2017,R1_holdout_Slowhttptest,rf,12345,6,1917.991356756978,0.9485131760870014,0.8907768674592613,0.8376865671641791,0.8376865671641791,0.4790392921979008,47.57835820895523
cicids2017,R1_holdout_Slowhttptest,rf,12345,7,1878.979752435301,0.948183000061908,0.8937970461178225,0.8438095238095238,0.843809523809524,0.4789293612049902,48.5752380952381
cicids2017,R1_holdout_Slowhttptest,rf,12345,8,1981.7968079998475,0.9495037041622815,0.8921378737021729,0.8393501805054152,0.8393501805054151,0.4792192881745121,46.03249097472924
cicids2017,R1_holdout_Slowhttptest,rf,12345,9,1946.3541966700943,0.9483274520728864,0.874705046182312,0.8069852941176471,0.8069852941176472,0.4791192737138683,46.87867647058824
cicids2017,R1_holdout_Slowhttptest,rf,1337,0,2027.8540303530908,0.9522895643740069,0.9321355338287018,0.9135802469135802,0.9135802469135802,0.47934936941451606,44.977072310405646
cicids2017,R1_holdout_Slowhttptest,rf,1337,1,2013.6847654626774,0.9490909841309147,0.924732072312553,0.9023090586145648,0.9023090586145648,0.4793093368966093,45.29662522202487
cicids2017,R1_holdout_Slowhttptest,rf,1337,2,1956.988256289596,0.9492148001403248,0.9156780163103461,0.8848263254113345,0.8848263254113345,0.4791492736683921,46.62157221206582
cicids2017,R1_holdout_Slowhttptest,rf,1337,3,2013.6847654626788,0.9504942322375617,0.9244798120311573,0.9005328596802842,0.9005328596802842,0.4793093368966093,45.29662522202487
cicids2017,R1_holdout_Slowhttptest,rf,1337,4,2006.599403616995,0.9512577642955901,0.9218755683835392,0.8948306595365418,0.8948306595365418,0.47928932314501654,45.45811051693405
cicids2017,R1_holdout_Slowhttptest,rf,1337,5,1967.621222022907,0.9496894281763966,0.9275979313605925,0.9072727272727272,0.9072727272727272,0.479179277380033,46.367272727272734
cicids2017,R1_holdout_Slowhttptest,rf,1337,6,2013.6847654626774,0.9469242039662396,0.9375662673620337,0.9289520426287744,0.9289520426287744,0.4793093368966093,45.29662522202487
cicids2017,R1_holdout_Slowhttptest,rf,1337,7,1811.561442564404,0.9470067479725128,0.9190014514410364,0.8932806324110671,0.8932806324110673,0.4787395991908744,50.399209486166015
cicids2017,R1_holdout_Slowhttptest,rf,1337,8,1967.6212220229077,0.950205328215605,0.9278451399685804,0.9072727272727272,0.9072727272727272,0.479179277380033,46.367272727272734
cicids2017,R1_holdout_Slowhttptest,rf,1337,9,2063.268682372908,0.948554448090138,0.9157914164707714,0.8856152512998267,0.8856152512998268,0.47944947997159687,44.19757365684576
cicids2017,R1_holdout_Slowhttptest,rf,2024,0,1939.2642158949407,0.9481417280587713,0.9203736669991595,0.8948339483394834,0.8948339483394832,0.47909927583112466,47.05166051660517
cicids2017,R1_holdout_Slowhttptest,rf,2024,1,1988.8838716765147,0.9486369920964114,0.9154411500985079,0.8848920863309353,0.8848920863309351,0.47923929607748994,45.86690647482015
cicids2017,R1_holdout_Slowhttptest,rf,2024,2,2013.684765462677,0.9498132441858066,0.9056564040817537,0.8650088809946714,0.8650088809946714,0.4793093368966093,45.29662522202487
cicids2017,R1_holdout_Slowhttptest,rf,2024,3,1974.7092581114975,0.9473162879960378,0.9030495563485255,0.8623188405797102,0.8623188405797101,0.47919928194209616,46.19927536231884
cicids2017,R1_holdout_Slowhttptest,rf,2024,4,1981.7968079998484,0.9488846241152314,0.9125220210939674,0.8790613718411552,0.8790613718411553,0.4792192881745121,46.03249097472924
cicids2017,R1_holdout_Slowhttptest,rf,2024,5,1790.262338186542,0.9483480880744547,0.8929066714886726,0.842,0.842,0.4786797055818512,51.004000000000005
cicids2017,R1_holdout_Slowhttptest,rf,2024,6,1942.8092670511112,0.9498132441858066,0.9231944891127785,0.8987108655616943,0.8987108655616943,0.47910927456382,46.96500920810313
cicids2017,R1_holdout_Slowhttptest,rf,2024,7,1988.8838716765147,0.9485957200932748,0.9210410907592789,0.89568345323741,0.8956834532374102,0.47923929607748994,45.86690647482015
cicids2017,R1_holdout_Slowhttptest,rf,2024,8,1917.9913567569781,0.9492973441465982,0.9125352303902377,0.878731343283582,0.8787313432835822,0.4790392921979008,47.57835820895523
cicids2017,R1_holdout_Slowhttptest,rf,2024,9,2003.0565403490398,0.9482861800697497,0.9250022841247169,0.9035714285714286,0.9035714285714288,0.47927931689596864,45.53928571428572
cicids2017,R1_holdout_Slowhttptest,rf,3407,0,1960.5326997455165,0.9517943003363668,0.915123238714455,0.8813868613138686,0.8813868613138687,0.4791592744881134,46.53649635036497
cicids2017,R1_holdout_Slowhttptest,rf,3407,1,1932.1737489767445,0.9471099279803545,0.9273927303632093,0.9092592592592592,0.9092592592592593,0.4790792796176882,47.22592592592593
cicids2017,R1_holdout_Slowhttptest,rf,3407,2,1868.3376721632928,0.9518562083410719,0.9230370078196696,0.896551724137931,0.8965517241379309,0.47889938878110855,48.8544061302682
cicids2017,R1_holdout_Slowhttptest,rf,3407,3,2056.1867246097163,0.9476671000226996,0.9133469409316043,0.8817391304347826,0.8817391304347826,0.4794294545150781,44.35130434782609
cicids2017,R1_holdout_Slowhttptest,rf,3407,4,1942.8092670511112,0.9484719040838647,0.9091218771745172,0.8729281767955801,0.87292817679558,0.47910927456382,46.96500920810313
cicids2017,R1_holdout_Slowhttptest,rf,3407,5,1928.6283332175813,0.952722920406942,0.9290271891448095,0.9072356215213359,0.9072356215213356,0.4790692821368948,47.31354359925789
cicids2017,R1_holdout_Slowhttptest,rf,3407,6,2109.2895527048536,0.9490909841309147,0.9279533804082224,0.9084745762711864,0.9084745762711866,0.47957968622699454,43.223728813559326
cicids2017,R1_holdout_Slowhttptest,rf,3407,7,1967.621222022907,0.9496068841701232,0.9303992182885142,0.9127272727272727,0.9127272727272727,0.479179277380033,46.367272727272734
cicids2017,R1_holdout_Slowhttptest,rf,3407,8,1946.3541966700943,0.945603499865866,0.9155300069229847,0.8878676470588235,0.8878676470588236,0.4791192737138683,46.87867647058824
cicids2017,R1_holdout_Slowhttptest,rf,3407,9,1928.628333217582,0.9513815803050001,0.9206527840213882,0.8923933209647495,0.8923933209647497,0.4790692821368948,47.31354359925789
cicids2017,R1_holdout_Slowhttptest,rf,42,0,1999.5135555195855,0.9488433521120948,0.9112059497257062,0.8765652951699463,0.8765652951699464,0.47926931106471815,45.62075134168158
cicids2017,R1_holdout_Slowhttptest,rf,42,1,1896.7141226404572,0.952537196392827,0.9310625780713677,0.9113207547169812,0.911320754716981,0.4789793235827996,48.11698113207547
cicids2017,R1_holdout_Slowhttptest,rf,42,2,1960.532699745517,0.9486369920964114,0.9364209279120107,0.9251824817518248,0.9251824817518248,0.4791592744881134,46.53649635036497
cicids2017,R1_holdout_Slowhttptest,rf,42,3,1953.4436912907665,0.9497719721826698,0.9358675695052542,0.9230769230769231,0.9230769230769232,0.4791392732661282,46.70695970695971
cicids2017,R1_holdout_Slowhttptest,rf,42,4,1861.2423444437266,0.9491116201324832,0.9285293185473821,0.9096153846153846,0.9096153846153845,0.4788794092492543,49.0423076923077
cicids2017,R1_holdout_Slowhttptest,rf,42,5,1864.7900690563808,0.9483068160713181,0.9252340679080183,0.9040307101727447,0.9040307101727447,0.47888939880679215,48.948176583493286
cicids2017,R1_holdout_Slowhttptest,rf,42,6,1893.1674916309178,0.9524340163849853,0.925015792201111,0.8998109640831758,0.899810964083176,0.4789693302733153,48.20793950850662
cicids2017,R1_holdout_Slowhttptest,rf,42,7,1964.0770216570986,0.9509894962752017,0.9338246294539206,0.9180327868852459,0.9180327868852459,0.4791692757253183,46.451730418943534
cicids2017,R1_holdout_Slowhttptest,rf,42,8,1903.8070201022977,0.9503291442250149,0.9340967363756216,0.9191729323308271,0.9191729323308271,0.47899931145283453,47.936090225563916
cicids2017,R1_holdout_Slowhttptest,rf,42,9,1953.4436912907663,0.9513815803050001,0.9366387959712307,0.9230769230769231,0.9230769230769232,0.4791392732661282,46.70695970695971
cicids2017,R1_holdout_Slowhttptest,rf,512,0,1999.5135555195855,0.9497513361811015,0.9330665315864759,0.9177101967799642,0.9177101967799643,0.47926931106471815,45.62075134168158
cicids2017,R1_holdout_Slowhttptest,rf,512,1,1928.6283332175817,0.9488846241152314,0.9281548555811713,0.9090909090909091,0.9090909090909092,0.4790692821368948,47.31354359925789
cicids2017,R1_holdout_Slowhttptest,rf,512,2,2045.562876096326,0.9491735281371881,0.9201152255168737,0.8933566433566433,0.8933566433566432,0.4793994194666611,44.58391608391609
cicids2017,R1_holdout_Slowhttptest,rf,512,3,2017.2272640375434,0.950948224272065,0.9247897465170998,0.900709219858156,0.9007092198581559,0.4793193443992066,45.21631205673759
cicids2017,R1_holdout_Slowhttptest,rf,512,4,1949.8990047504556,0.95026723622031,0.9197837368917766,0.8917431192660551,0.8917431192660551,0.4791292732812957,46.79266055045872
cicids2017,R1_holdout_Slowhttptest,rf,512,5,1978.253093831417,0.9486163560948431,0.9245216912067147,0.9023508137432188,0.9023508137432187,0.479209284849497,46.11573236889693
cicids2017,R1_holdout_Slowhttptest,rf,512,6,1921.5371371062656,0.9480798200540663,0.9353530394076481,0.9236499068901304,0.9236499068901302,0.47904928842702726,47.489757914338924
cicids2017,R1_holdout_Slowhttptest,rf,512,7,1917.991356756979,0.9483893600775913,0.9208477449157975,0.8955223880597015,0.8955223880597014,0.4790392921979008,47.57835820895523
cicids2017,R1_holdout_Slowhttptest,rf,512,8,1971.1653008415165,0.9485750840917064,0.9205355504897246,0.8947368421052632,0.8947368421052632,0.47918927945228357,46.28312159709619
cicids2017,R1_holdout_Slowhttptest,rf,512,9,1988.8838716765147,0.9488020801089581,0.9267597064144355,0.9064748201438849,0.906474820143885,0.47923929607748994,45.86690647482015
cicids2017,R1_holdout_Slowhttptest,rf,6021,0,2070.3501537928255,0.9494830681607132,0.8634016221738942,0.7841105354058722,0.7841105354058722,0.47946950710108605,44.04490500863558
cicids2017,R1_holdout_Slowhttptest,rf,6021,1,1854.1465307069225,0.9477290080274046,0.8894541982352061,0.8359073359073359,0.8359073359073359,0.47885943138441,49.231660231660236
cicids2017,R1_holdout_Slowhttptest,rf,6021,2,1871.885153763035,0.948121092057203,0.8775124848234878,0.8126195028680688,0.8126195028680687,0.47890937917222964,48.76099426386234
cicids2017,R1_holdout_Slowhttptest,rf,6021,3,1829.3073554074444,0.9473575599991746,0.8646373637897528,0.7886497064579256,0.7886497064579256,0.47878952198214736,49.90606653620353
cicids2017,R1_holdout_Slowhttptest,rf,6021,4,1988.8838716765151,0.9494830681607132,0.8849381639502314,0.8255395683453237,0.8255395683453236,0.47923929607748994,45.86690647482015
cicids2017,R1_holdout_Slowhttptest,rf,6021,5,1836.4048701145357,0.9461400359066428,0.8766786115784748,0.8128654970760234,0.8128654970760234,0.47880949401409917,49.71150097465887
cicids2017,R1_holdout_Slowhttptest,rf,6021,6,1875.4325138541838,0.9474813760085846,0.8853492321938519,0.8282442748091603,0.8282442748091601,0.47891936998018153,48.66793893129771
cicids2017,R1_holdout_Slowhttptest,rf,6021,7,1917.9913567569774,0.9485131760870014,0.8752258015547212,0.8078358208955224,0.8078358208955224,0.4790392921979008,47.57835820895523
cicids2017,R1_holdout_Slowhttptest,rf,6021,8,1981.7968079998475,0.948678264099548,0.8926823442888455,0.8411552346570397,0.8411552346570397,0.4792192881745121,46.03249097472924
cicids2017,R1_holdout_Slowhttptest,rf,6021,9,1932.1737489767443,0.9494830681607132,0.8938016046257601,0.8425925925925926,0.8425925925925926,0.4790792796176882,47.22592592592593
cicids2017,R1_holdout_Slowhttptest,rf,7,0,1964.077021657099,0.95039105222972,0.9363839429856408,0.9234972677595629,0.9234972677595628,0.4791692757253183,46.451730418943534
cicids2017,R1_holdout_Slowhttptest,rf,7,1,2017.2272640375438,0.9524133803834169,0.9384167213086779,0.925531914893617,0.925531914893617,0.4793193443992066,45.21631205673759
cicids2017,R1_holdout_Slowhttptest,rf,7,2,1935.7190432030068,0.9495656121669865,0.9334713039642805,0.9186691312384473,0.9186691312384473,0.47908927751575614,47.13863216266174
cicids2017,R1_holdout_Slowhttptest,rf,7,3,2088.0517045156785,0.9489465321199364,0.9354133507679241,0.922945205479452,0.9229452054794522,0.47951958224543084,43.667808219178085
cicids2017,R1_holdout_Slowhttptest,rf,7,4,1917.9913567569781,0.9512164922924534,0.9328934101403265,0.9160447761194029,0.9160447761194029,0.4790392921979008,47.57835820895523
cicids2017,R1_holdout_Slowhttptest,rf,7,5,1953.4436912907663,0.9491322561340515,0.9508243744221498,0.9523809523809523,0.9523809523809524,0.4791392732661282,46.70695970695971
cicids2017,R1_holdout_Slowhttptest,rf,7,6,1854.1465307069225,0.9501434202108999,0.9368892544741847,0.9247104247104247,0.9247104247104246,0.47885943138441,49.231660231660236
cicids2017,R1_holdout_Slowhttptest,rf,7,7,1896.7141226404574,0.9490497121277781,0.9293921452170889,0.9113207547169812,0.9113207547169813,0.4789793235827996,48.11698113207547
cicids2017,R1_holdout_Slowhttptest,rf,7,8,2003.0565403490402,0.9483068160713181,0.9361704748856813,0.925,0.925,0.47927931689596864,45.53928571428572
cicids2017,R1_holdout_Slowhttptest,rf,7,9,2095.1314736439986,0.9475845560164262,0.9313449931537037,0.9163822525597269,0.916382252559727,0.479539615231968,43.518771331058026
cicids2017,R1_holdout_Slowhttptest,rf,88,0,1925.0827959269452,0.9449431478156792,0.8767953745856679,0.8141263940520446,0.8141263940520448,0.4790592850733499,47.40148698884759
cicids2017,R1_holdout_Slowhttptest,rf,88,1,1964.0770216570984,0.9470686559772179,0.886408770743211,0.8306010928961749,0.8306010928961748,0.4791692757253183,46.451730418943534
cicids2017,R1_holdout_Slowhttptest,rf,88,2,1935.7190432030068,0.9454384118533193,0.8756477553388111,0.8114602587800369,0.8114602587800369,0.47908927751575614,47.13863216266174
cicids2017,R1_holdout_Slowhttptest,rf,88,3,1939.2642158949411,0.9515879403206835,0.8970368871812446,0.8468634686346863,0.8468634686346863,0.47909927583112466,47.05166051660517
cicids2017,R1_holdout_Slowhttptest,rf,88,4,1847.0502309643177,0.9492148001403248,0.8777119401511464,0.812015503875969,0.8120155038759689,0.47883945518636717,49.42248062015504
cicids2017,R1_holdout_Slowhttptest,rf,88,5,2034.9379333749387,0.9498957881920799,0.8780773998343472,0.81195079086116,0.81195079086116,0.47936938818124875,44.81898066783832
cicids2017,R1_holdout_Slowhttptest,rf,88,6,1871.8851537630358,0.947749644028973,0.8703601506230723,0.7992351816443595,0.7992351816443594,0.47890937917222964,48.76099426386234
cicids2017,R1_holdout_Slowhttptest,rf,88,7,2010.1421453220175,0.9500608762046265,0.8861923875753939,0.8274021352313167,0.8274021352313166,0.47929932981188805,45.377224199288264
cicids2017,R1_holdout_Slowhttptest,rf,88,8,1900.2606321313954,0.9511133122846117,0.8833709648226484,0.8210922787193974,0.8210922787193973,0.4789893173092973,48.026365348399246
cicids2017,R1_holdout_Slowhttptest,rf,88,9,2017.2272640375434,0.9512164922924534,0.8870674338460028,0.8280141843971631,0.8280141843971631,0.4793193443992066,45.21631205673759
cicids2017,R1_holdout_Slowhttptest,rf,91,0,1864.7900690563813,0.9504116882312883,0.9012367617122884,0.8560460652591171,0.8560460652591171,0.47888939880679215,48.948176583493286
cicids2017,R1_holdout_Slowhttptest,rf,91,1,1985.3404006153532,0.9515260323159784,0.9223469699817144,0.8954954954954955,0.8954954954954956,0.4792292919171677,45.94954954954955
cicids2017,R1_holdout_Slowhttptest,rf,91,2,1949.8990047504556,0.9499989681999216,0.9167880235179104,0.8862385321100917,0.8862385321100917,0.4791292732812957,46.79266055045872
cicids2017,R1_holdout_Slowhttptest,rf,91,3,1914.445454880508,0.9513815803050001,0.9143886235916412,0.8803738317757009,0.880373831775701,0.47902929638594444,47.667289719626176
cicids2017,R1_holdout_Slowhttptest,rf,91,4,1861.2423444437266,0.9474194680038796,0.9046694171447782,0.8653846153846154,0.8653846153846153,0.4788794092492543,49.0423076923077
cicids2017,R1_holdout_Slowhttptest,rf,91,5,2010.1421453220169,0.9498545161889432,0.9120358615027805,0.8772241992882562,0.8772241992882561,0.47929932981188805,45.377224199288264
cicids2017,R1_holdout_Slowhttptest,rf,91,6,2017.2272640375434,0.9517323923316618,0.9085481457053843,0.8687943262411347,0.8687943262411347,0.4793193443992066,45.21631205673759
cicids2017,R1_holdout_Slowhttptest,rf,91,7,2006.599403616995,0.9475432840132896,0.9080288783221395,0.8716577540106952,0.8716577540106951,0.47928932314501654,45.45811051693405
cicids2017,R1_holdout_Slowhttptest,rf,91,8,2038.4797025250166,0.9484512680822964,0.9013056722903516,0.8578947368421053,0.8578947368421053,0.47937939819165154,44.74035087719298
cicids2017,R1_holdout_Slowhttptest,rf,91,9,1917.9913567569781,0.9487814441073897,0.9113161523815766,0.8768656716417911,0.876865671641791,0.4790392921979008,47.57835820895523
cicids2017,R1_holdout_Slowhttptest,xgb,12345,0,1985.3404006153537,0.952537196392827,0.9406597358291101,0.9297297297297298,0.9297297297297298,0.4792292919171677,45.94954954954955
cicids2017,R1_holdout_Slowhttptest,xgb,12345,1,1964.0770216570984,0.9493592521513031,0.9358895360893725,0.9234972677595629,0.9234972677595628,0.4791692757253183,46.451730418943534
cicids2017,R1_holdout_Slowhttptest,xgb,12345,2,1917.9913567569786,0.952970552425762,0.9415092068173294,0.9309701492537313,0.9309701492537312,0.4790392921979008,47.57835820895523
cicids2017,R1_holdout_Slowhttptest,xgb,12345,3,2059.727764283509,0.9517530283332302,0.9380072078306929,0.9253472222222222,0.9253472222222223,0.4794394670342293,44.27430555555556
cicids2017,R1_holdout_Slowhttptest,xgb,12345,4,2045.5628760963243,0.9521863843661652,0.9361218410449149,0.9213286713286714,0.9213286713286711,0.4793994194666611,44.58391608391609
cicids2017,R1_holdout_Slowhttptest,xgb,12345,5,1875.4325138541838,0.9511133122846117,0.939793357038903,0.9293893129770993,0.9293893129770991,0.47891936998018153,48.66793893129771
cicids2017,R1_holdout_Slowhttptest,xgb,12345,6,1889.6207391042017,0.9532388204461504,0.9302359634603624,0.9090909090909091,0.9090909090909091,0.4789593373808183,48.29924242424242
cicids2017,R1_holdout_Slowhttptest,xgb,12345,7,1964.077021657099,0.9495656121669865,0.9340910377809224,0.9198542805100182,0.9198542805100184,0.4791692757253183,46.451730418943534
cicids2017,R1_holdout_Slowhttptest,xgb,12345,8,1914.445454880508,0.9518974803442085,0.9360588491786515,0.9214953271028037,0.9214953271028039,0.47902929638594444,47.667289719626176
cicids2017,R1_holdout_Slowhttptest,xgb,12345,9,1942.8092670511107,0.9488639881136631,0.9352103720758208,0.9226519337016574,0.9226519337016573,0.47910927456382,46.96500920810313
cicids2017,R1_holdout_Slowhttptest,xgb,1337,0,1754.754112984323,0.9489671681215047,0.9436530329960992,0.9387755102040817,0.9387755102040815,0.47857991619587653,52.04489795918368
cicids2017,R1_holdout_Slowhttptest,xgb,1337,1,2052.64556335297,0.9490703481293464,0.9356782048480372,0.9233449477351916,0.9233449477351916,0.4794194424141172,44.42857142857144
cicids2017,R1_holdout_Slowhttptest,xgb,1337,2,1978.253093831417,0.9500196042014899,0.9459127586909551,0.9421338155515371,0.9421338155515371,0.479209284849497,46.11573236889693
cicids2017,R1_holdout_Slowhttptest,xgb,1337,3,1836.4048701145364,0.9511133122846117,0.9430657151369057,0.935672514619883,0.935672514619883,0.47880949401409917,49.71150097465887
cicids2017,R1_holdout_Slowhttptest,xgb,1337,4,2059.7277642835083,0.948183000061908,0.9390068481548566,0.9305555555555556,0.9305555555555556,0.4794394670342293,44.27430555555556
cicids2017,R1_holdout_Slowhttptest,xgb,1337,5,1974.7092581114978,0.947811552033678,0.9353651916175039,0.9239130434782609,0.923913043478261,0.47919928194209616,46.19927536231884
cicids2017,R1_holdout_Slowhttptest,xgb,1337,6,2006.599403616995,0.9490497121277781,0.9384527500238014,0.928698752228164,0.9286987522281638,0.47928932314501654,45.45811051693405
cicids2017,R1_holdout_Slowhttptest,xgb,1337,7,1900.2606321313954,0.9483274520728864,0.931095953859107,0.9152542372881356,0.9152542372881357,0.4789893173092973,48.026365348399246
cicids2017,R1_holdout_Slowhttptest,xgb,1337,8,1985.3404006153537,0.95026723622031,0.9442635324237009,0.9387387387387387,0.9387387387387389,0.4792292919171677,45.94954954954955
cicids2017,R1_holdout_Slowhttptest,xgb,1337,9,1896.7141226404572,0.9501846922140366,0.9368171823713121,0.9245283018867925,0.9245283018867926,0.4789793235827996,48.11698113207547
cicids2017,R1_holdout_Slowhttptest,xgb,2024,0,1988.8838716765147,0.9500608762046265,0.9376657906511489,0.9262589928057554,0.9262589928057554,0.47923929607748994,45.86690647482015
cicids2017,R1_holdout_Slowhttptest,xgb,2024,1,1992.4272211818916,0.95039105222972,0.9369582869192387,0.9245960502692998,0.9245960502692998,0.47924930065550503,45.78456014362657
cicids2017,R1_holdout_Slowhttptest,xgb,2024,2,1864.7900690563813,0.947935368043088,0.9290570345305283,0.9117082533589251,0.9117082533589252,0.47888939880679215,48.948176583493286
cicids2017,R1_holdout_Slowhttptest,xgb,2024,3,2052.645563352969,0.9491116201324832,0.9329771871408284,0.9181184668989547,0.9181184668989545,0.4794194424141172,44.42857142857144
cicids2017,R1_holdout_Slowhttptest,xgb,2024,4,1871.8851537630362,0.9490497121277781,0.9337527637315418,0.9196940726577438,0.9196940726577438,0.47890937917222964,48.76099426386234
cicids2017,R1_holdout_Slowhttptest,xgb,2024,5,1956.988256289596,0.9478940960399513,0.932184713918146,0.9177330895795247,0.9177330895795246,0.4791492736683921,46.62157221206582
cicids2017,R1_holdout_Slowhttptest,xgb,2024,6,1939.2642158949413,0.95051486823913,0.946498494357972,0.9428044280442804,0.9428044280442803,0.47909927583112466,47.05166051660517
cicids2017,R1_holdout_Slowhttptest,xgb,2024,7,1882.5268695049633,0.9490497121277781,0.9260674223317003,0.9049429657794676,0.9049429657794675,0.4789393528466818,48.48288973384031
cicids2017,R1_holdout_Slowhttptest,xgb,2024,8,1935.719043203007,0.9520832043583235,0.9433432529897089,0.9353049907578558,0.9353049907578558,0.47908927751575614,47.13863216266174
cicids2017,R1_holdout_Slowhttptest,xgb,2024,9,2003.0565403490402,0.9486163560948431,0.9279501057525363,0.9089285714285714,0.9089285714285715,0.47927931689596864,45.53928571428572
cicids2017,R1_holdout_Slowhttptest,xgb,3407,0,2010.1421453220169,0.9500196042014899,0.9380573702211576,0.9270462633451957,0.9270462633451957,0.47929932981188805,45.377224199288264
cicids2017,R1_holdout_Slowhttptest,xgb,3407,1,1964.077021657099,0.9486163560948431,0.9421743920310226,0.936247723132969,0.936247723132969,0.4791692757253183,46.451730418943534
cicids2017,R1_holdout_Slowhttptest,xgb,3407,2,2017.2272640375431,0.9498751521905116,0.9307377508728979,0.9131205673758865,0.9131205673758864,0.4793193443992066,45.21631205673759
cicids2017,R1_holdout_Slowhttptest,xgb,3407,3,1942.8092670511114,0.9517530283332302,0.9452280859750096,0.9392265193370166,0.9392265193370165,0.47910927456382,46.96500920810313
cicids2017,R1_holdout_Slowhttptest,xgb,3407,4,1974.7092581114975,0.9480179120493614,0.9411249565590354,0.9347826086956522,0.9347826086956522,0.47919928194209616,46.19927536231884
cicids2017,R1_holdout_Slowhttptest,xgb,3407,5,1985.3404006153537,0.9499576961967849,0.9356702613760637,0.9225225225225225,0.9225225225225225,0.4792292919171677,45.94954954954955
cicids2017,R1_holdout_Slowhttptest,xgb,3407,6,1985.3404006153537,0.9463051239191894,0.9367348185502431,0.9279279279279279,0.9279279279279279,0.4792292919171677,45.94954954954955
cicids2017,R1_holdout_Slowhttptest,xgb,3407,7,2027.8540303530904,0.9496894281763966,0.9373169457447694,0.9259259259259259,0.9259259259259258,0.47934936941451606,44.977072310405646
cicids2017,R1_holdout_Slowhttptest,xgb,3407,8,1868.3376721632924,0.9488433521120948,0.9305786461100048,0.9137931034482759,0.9137931034482758,0.47889938878110855,48.8544061302682
cicids2017,R1_holdout_Slowhttptest,xgb,3407,9,1925.0827959269452,0.9518355723395034,0.9449727710933828,0.9386617100371747,0.9386617100371749,0.4790592850733499,47.40148698884759
cicids2017,R1_holdout_Slowhttptest,xgb,42,0,1942.8092670511114,0.9494211601560082,0.9316401859530997,0.9152854511970534,0.9152854511970533,0.47910927456382,46.96500920810313
cicids2017,R1_holdout_Slowhttptest,xgb,42,1,1988.8838716765147,0.9509069522689284,0.9399445034908003,0.9298561151079137,0.9298561151079136,0.47923929607748994,45.86690647482015
cicids2017,R1_holdout_Slowhttptest,xgb,42,2,1907.3532865517357,0.9496481561732598,0.929939980188213,0.9118198874296435,0.9118198874296437,0.47900930601343744,47.84615384615385
cicids2017,R1_holdout_Slowhttptest,xgb,42,3,1886.07386506174,0.9506180482469717,0.9368001097384094,0.9240986717267552,0.9240986717267552,0.4789493449052825,48.39089184060722
cicids2017,R1_holdout_Slowhttptest,xgb,42,4,1942.8092670511114,0.9473575599991746,0.9431221763301119,0.9392265193370166,0.9392265193370165,0.47910927456382,46.96500920810313
cicids2017,R1_holdout_Slowhttptest,xgb,42,5,1917.9913567569774,0.9509894962752017,0.9376443782240595,0.9253731343283582,0.9253731343283582,0.4790392921979008,47.57835820895523
cicids2017,R1_holdout_Slowhttptest,xgb,42,6,1995.970449130059,0.9488846241152314,0.9297743549559565,0.9121863799283154,0.9121863799283154,0.47925930565123903,45.702508960573475
cicids2017,R1_holdout_Slowhttptest,xgb,42,7,1921.5371371062665,0.948059184052498,0.9469845104289757,0.9459962756052142,0.945996275605214,0.47904928842702726,47.489757914338924
cicids2017,R1_holdout_Slowhttptest,xgb,42,8,2020.7696410451904,0.9509069522689284,0.9331558356684195,0.9168141592920354,0.9168141592920352,0.479329352319706,45.13628318584071
cicids2017,R1_holdout_Slowhttptest,xgb,42,9,1871.885153763035,0.9470480199756495,0.9457466739179112,0.9445506692160612,0.9445506692160611,0.47890937917222964,48.76099426386234
cicids2017,R1_holdout_Slowhttptest,xgb,512,0,1942.8092670511112,0.9488846241152314,0.930423843455892,0.9134438305709024,0.9134438305709024,0.47910927456382,46.96500920810313
cicids2017,R1_holdout_Slowhttptest,xgb,512,1,1949.8990047504556,0.9499164241936482,0.9435088051821594,0.9376146788990826,0.9376146788990826,0.4791292732812957,46.79266055045872
cicids2017,R1_holdout_Slowhttptest,xgb,512,2,2095.1314736439986,0.953094368435172,0.9455332159724303,0.9385665529010239,0.9385665529010241,0.479539615231968,43.518771331058026
cicids2017,R1_holdout_Slowhttptest,xgb,512,3,1861.2423444437266,0.9541055325120205,0.948959590037371,0.9442307692307692,0.9442307692307692,0.4788794092492543,49.0423076923077
cicids2017,R1_holdout_Slowhttptest,xgb,512,4,1896.7141226404567,0.9473781960007429,0.9217101183929768,0.8981132075471698,0.8981132075471697,0.4789793235827996,48.11698113207547
cicids2017,R1_holdout_Slowhttptest,xgb,512,5,1857.694498326767,0.9469242039662396,0.9364276281159527,0.9267822736030829,0.9267822736030829,0.47886942010846895,49.13680154142582
cicids2017,R1_holdout_Slowhttptest,xgb,512,6,2027.8540303530904,0.9486576280979797,0.9340675877866255,0.9206349206349206,0.9206349206349205,0.47934936941451606,44.977072310405646
cicids2017,R1_holdout_Slowhttptest,xgb,512,7,1978.2530938314164,0.95063868424854,0.9330248525304654,0.9168173598553345,0.9168173598553344,0.479209284849497,46.11573236889693
cicids2017,R1_holdout_Slowhttptest,xgb,512,8,1999.513555519585,0.9485750840917064,0.9362289488338763,0.924865831842576,0.9248658318425761,0.47926931106471815,45.62075134168158
cicids2017,R1_holdout_Slowhttptest,xgb,512,9,1960.532699745517,0.9487195361026848,0.9345596010779078,0.9215328467153284,0.9215328467153286,0.4791592744881134,46.53649635036497
cicids2017,R1_holdout_Slowhttptest,xgb,6021,0,1896.7141226404572,0.9486369920964114,0.9370589238958953,0.9264150943396227,0.9264150943396227,0.4789793235827996,48.11698113207547
cicids2017,R1_holdout_Slowhttptest,xgb,6021,1,1882.526869504964,0.9509894962752017,0.9408649956308085,0.9315589353612167,0.9315589353612166,0.4789393528466818,48.48288973384031
cicids2017,R1_holdout_Slowhttptest,xgb,6021,2,1907.3532865517357,0.9498545161889432,0.9466557925294193,0.9437148217636022,0.9437148217636023,0.47900930601343744,47.84615384615385
cicids2017,R1_holdout_Slowhttptest,xgb,6021,3,2052.645563352969,0.9511545842877485,0.9448398411087781,0.9390243902439024,0.9390243902439025,0.4794194424141172,44.42857142857144
cicids2017,R1_holdout_Slowhttptest,xgb,6021,4,2006.599403616995,0.9498132441858066,0.9295368725401241,0.910873440285205,0.9108734402852049,0.47928932314501654,45.45811051693405
cicids2017,R1_holdout_Slowhttptest,xgb,6021,5,1942.8092670511103,0.9507418642563816,0.9428250616798177,0.9355432780847146,0.9355432780847144,0.47910927456382,46.96500920810313
cicids2017,R1_holdout_Slowhttptest,xgb,6021,6,2013.684765462678,0.9495449761654182,0.9462212295541321,0.9431616341030196,0.9431616341030196,0.4793093368966093,45.29662522202487
cicids2017,R1_holdout_Slowhttptest,xgb,6021,7,1882.526869504964,0.9492560721434615,0.9321099138361559,0.9163498098859315,0.9163498098859314,0.4789393528466818,48.48288973384031
cicids2017,R1_holdout_Slowhttptest,xgb,6021,8,2006.599403616995,0.9480179120493614,0.9323891211144144,0.9180035650623886,0.9180035650623886,0.47928932314501654,45.45811051693405
cicids2017,R1_holdout_Slowhttptest,xgb,6021,9,2151.7521154968763,0.9485957200932748,0.9286699360366416,0.9102990033222591,0.9102990033222591,0.4796999394028042,42.36212624584718
cicids2017,R1_holdout_Slowhttptest,xgb,7,0,1932.1737489767443,0.9513403083018634,0.9381014299265186,0.9259259259259259,0.9259259259259259,0.4790792796176882,47.22592592592593
cicids2017,R1_holdout_Slowhttptest,xgb,7,1,1935.7190432030068,0.9517943003363668,0.9364647773694681,0.922365988909427,0.9223659889094269,0.47908927751575614,47.13863216266174
cicids2017,R1_holdout_Slowhttptest,xgb,7,2,1847.0502309643177,0.9470686559772179,0.9403143481672763,0.9341085271317829,0.9341085271317828,0.47883945518636717,49.42248062015504
cicids2017,R1_holdout_Slowhttptest,xgb,7,3,1850.598441585632,0.9493179801481665,0.9243215070372016,0.9013539651837524,0.9013539651837524,0.47884944307705146,49.32688588007738
cicids2017,R1_holdout_Slowhttptest,xgb,7,4,1967.621222022907,0.9506180482469717,0.9356184810021709,0.9218181818181819,0.9218181818181816,0.479179277380033,46.367272727272734
cicids2017,R1_holdout_Slowhttptest,xgb,7,5,1932.1737489767445,0.9504529602344249,0.931888311849352,0.9148148148148149,0.9148148148148147,0.4790792796176882,47.22592592592593
cicids2017,R1_holdout_Slowhttptest,xgb,7,6,1875.4325138541838,0.9510514042799068,0.9507024236119762,0.950381679389313,0.9503816793893128,0.47891936998018153,48.66793893129771
cicids2017,R1_holdout_Slowhttptest,xgb,7,7,1985.3404006153537,0.9513196723002951,0.940076262620354,0.9297297297297298,0.9297297297297298,0.4792292919171677,45.94954954954955
cicids2017,R1_holdout_Slowhttptest,xgb,7,8,1939.2642158949411,0.9511133122846117,0.9400577083391457,0.9298892988929889,0.9298892988929889,0.47909927583112466,47.05166051660517
cicids2017,R1_holdout_Slowhttptest,xgb,7,9,1988.8838716765147,0.9526197403991002,0.9267160393023789,0.9028776978417267,0.9028776978417263,0.47923929607748994,45.86690647482015
cicids2017,R1_holdout_Slowhttptest,xgb,88,0,2006.599403616995,0.9512990362987268,0.941387193132623,0.9322638146167558,0.9322638146167558,0.47928932314501654,45.45811051693405
cicids2017,R1_holdout_Slowhttptest,xgb,88,1,1868.3376721632928,0.9492973441465982,0.9357874477827717,0.9233716475095786,0.9233716475095783,0.47889938878110855,48.8544061302682
cicids2017,R1_holdout_Slowhttptest,xgb,88,2,1900.2606321313956,0.9471305639819229,0.9344474081549122,0.9227871939736346,0.9227871939736345,0.4789893173092973,48.026365348399246
cicids2017,R1_holdout_Slowhttptest,xgb,88,3,1995.9704491300595,0.9480798200540663,0.936854461526851,0.9265232974910395,0.9265232974910395,0.47925930565123903,45.702508960573475
cicids2017,R1_holdout_Slowhttptest,xgb,88,4,1907.3532865517352,0.9504116882312883,0.9488776200607895,0.9474671669793621,0.9474671669793622,0.47900930601343744,47.84615384615385
cicids2017,R1_holdout_Slowhttptest,xgb,88,5,1921.537137106266,0.9477290080274046,0.9390654353836357,0.931098696461825,0.9310986964618249,0.47904928842702726,47.489757914338924
cicids2017,R1_holdout_Slowhttptest,xgb,88,6,1985.3404006153526,0.9498338801873749,0.9393642275181435,0.9297297297297298,0.9297297297297298,0.4792292919171677,45.94954954954955
cicids2017,R1_holdout_Slowhttptest,xgb,88,7,1985.3404006153537,0.9492767081450298,0.9390972143548141,0.9297297297297298,0.9297297297297298,0.4792292919171677,45.94954954954955
cicids2017,R1_holdout_Slowhttptest,xgb,88,8,1967.6212220229077,0.9495862481685549,0.9408057443965939,0.9327272727272727,0.9327272727272725,0.479179277380033,46.367272727272734
cicids2017,R1_holdout_Slowhttptest,xgb,88,9,2003.0565403490402,0.9497307001795332,0.9359230547257199,0.9232142857142858,0.9232142857142859,0.47927931689596864,45.53928571428572
cicids2017,R1_holdout_Slowhttptest,xgb,91,0,2031.396042650487,0.9497513361811015,0.9447477241171715,0.9401408450704225,0.9401408450704224,0.47935937858887895,44.89788732394367
cicids2017,R1_holdout_Slowhttptest,xgb,91,1,2197.7334616020685,0.9481004560556346,0.9454938725093193,0.943089430894309,0.943089430894309,0.47983028174901765,41.46666666666667
cicids2017,R1_holdout_Slowhttptest,xgb,91,2,1875.4325138541838,0.9528261004147837,0.9505579312835537,0.9484732824427481,0.948473282442748,0.47891936998018153,48.66793893129771
cicids2017,R1_holdout_Slowhttptest,xgb,91,3,1932.1737489767445,0.9483480880744547,0.9299152432105583,0.912962962962963,0.912962962962963,0.4790792796176882,47.22592592592593
cicids2017,R1_holdout_Slowhttptest,xgb,91,4,1935.719043203007,0.95051486823913,0.9329632159699054,0.9168207024029574,0.9168207024029573,0.47908927751575614,47.13863216266174
cicids2017,R1_holdout_Slowhttptest,xgb,91,5,1999.5135555195855,0.9490497121277781,0.9392510425676789,0.9302325581395349,0.930232558139535,0.47926931106471815,45.62075134168158
cicids2017,R1_holdout_Slowhttptest,xgb,91,6,1889.6207391042017,0.950205328215605,0.939638057836237,0.9299242424242424,0.9299242424242423,0.4789593373808183,48.29924242424242
cicids2017,R1_holdout_Slowhttptest,xgb,91,7,1971.1653008415167,0.9515673043191152,0.9342571205933163,0.9183303085299456,0.9183303085299456,0.47918927945228357,46.28312159709619
cicids2017,R1_holdout_Slowhttptest,xgb,91,8,1942.8092670511112,0.9503085082234466,0.9445360029931185,0.9392265193370166,0.9392265193370165,0.47910927456382,46.96500920810313
cicids2017,R1_holdout_Slowhttptest,xgb,91,9,1978.2530938314178,0.950205328215605,0.9328171842958372,0.9168173598553345,0.9168173598553345,0.479209284849497,46.11573236889693
cicids2017,R2_holdout_Slowloris,mlp,12345,0,4216.311183632058,0.9419368246051538,0.71894652502166,0.5055225148683092,0.5055225148683092,0.4890398994525275,21.37892948173322
cicids2017,R2_holdout_Slowloris,mlp,12345,1,4254.882469513115,0.934954280964256,0.7002897194152838,0.47558922558922556,0.4755892255892255,0.48915452143526805,21.180976430976433
cicids2017,R2_holdout_Slowloris,mlp,12345,2,4433.510426563556,0.9367414796342477,0.7227217899259035,0.5173527037933817,0.5173527037933817,0.4896866534416928,20.3091202582728
cicids2017,R2_holdout_Slowloris,mlp,12345,3,4447.506366478089,0.9390274314214464,0.7090517343135713,0.4883346741753821,0.48833467417538223,0.4897284382533012,20.24376508447305
cicids2017,R2_holdout_Slowloris,mlp,12345,4,4461.500255651862,0.9373233582709892,0.7062092284816633,0.4843624699278268,0.48436246992782667,0.48977023019648835,20.178829190056135
cicids2017,R2_holdout_Slowloris,mlp,12345,5,4454.503567412949,0.9353906899418122,0.6982731440475117,0.4706827309236948,0.4706827309236948,0.4897493333333333,20.21124497991968
cicids2017,R2_holdout_Slowloris,mlp,12345,6,4342.486836259471,0.9408977556109726,0.715571611015816,0.49958779884583676,0.4995877988458368,0.489415225872471,20.7444352844188
cicids2017,R2_holdout_Slowloris,mlp,12345,7,4426.511687605411,0.938216957605985,0.7242749540321987,0.5189975747776879,0.518997574777688,0.4896657637096602,20.341956345998383
cicids2017,R2_holdout_Slowloris,mlp,12345,8,4356.496103890268,0.9377597672485453,0.6985329613494726,0.4691865242399343,0.4691865242399344,0.489456964373281,20.676253081347575
cicids2017,R2_holdout_Slowloris,mlp,12345,9,4198.773657549836,0.9426226101413134,0.7068446847065084,0.4812286689419795,0.4812286689419794,0.4889878163074039,21.47013651877133
cicids2017,R2_holdout_Slowloris,mlp,1337,0,4223.3252974966,0.9404613466334164,0.7177958667831985,0.5046649703138253,0.5046649703138252,0.4890607358173025,21.342663273960987
cicids2017,R2_holdout_Slowloris,mlp,1337,1,4303.9507797309925,0.9401288445552785,0.7438218677326219,0.5557404326123128,0.5557404326123128,0.4893004816914617,20.934276206322796
cicids2017,R2_holdout_Slowloris,mlp,1337,2,4426.511687605411,0.9392560266001663,0.7202456126311244,0.5101050929668552,0.5101050929668555,0.4896657637096602,20.341956345998383
cicids2017,R2_holdout_Slowloris,mlp,1337,3,4345.989345366943,0.94071072319202,0.7224242875985682,0.5131795716639209,0.5131795716639208,0.4894256598302989,20.727347611202635
cicids2017,R2_holdout_Slowloris,mlp,1337,4,4398.511605351472,0.939713216957606,0.7337571337839606,0.5362082994304312,0.5362082994304311,0.48958222260135204,20.474369406021157
cicids2017,R2_holdout_Slowloris,mlp,1337,5,4395.011018369518,0.9379883624272651,0.7277278041305892,0.5260586319218241,0.5260586319218241,0.4895717819670733,20.491042345276874
cicids2017,R2_holdout_Slowloris,mlp,1337,6,4451.005031031842,0.9368661679135495,0.7307676377508608,0.5329581993569131,0.5329581993569132,0.48973888557044115,20.227491961414792
cicids2017,R2_holdout_Slowloris,mlp,1337,7,4416.012617947372,0.9386325852036576,0.7251092758976224,0.520259319286872,0.520259319286872,0.4896344324531843,20.39141004862237
cicids2017,R2_holdout_Slowloris,mlp,1337,8,4409.012597377163,0.9374480465502909,0.7357227751232662,0.5422077922077922,0.5422077922077921,0.4896135471762498,20.42451298701299
cicids2017,R2_holdout_Slowloris,mlp,1337,9,4440.508652858037,0.9389235245220282,0.7200840936784685,0.5100725221595488,0.5100725221595487,0.4897075449561637,20.27639000805802
cicids2017,R2_holdout_Slowloris,mlp,2024,0,4527.94322115268,0.9385078969243558,0.7063949727898424,0.4834123222748815,0.48341232227488157,0.4899688393733726,19.875987361769354
cicids2017,R2_holdout_Slowloris,mlp,2024,1,4300.4467331409805,0.9393391521197008,0.705396438750113,0.48126561199000834,0.4812656119900084,0.48929005307018475,20.95170691090758
cicids2017,R2_holdout_Slowloris,mlp,2024,2,4370.503321339924,0.9376558603491272,0.7240573519656085,0.5192465192465192,0.5192465192465191,0.4894987099938165,20.60851760851761
cicids2017,R2_holdout_Slowloris,mlp,2024,3,4345.989345366944,0.9353283458021613,0.7092757153899159,0.4925864909390445,0.49258649093904444,0.4894256598302989,20.727347611202635
cicids2017,R2_holdout_Slowloris,mlp,2024,4,4307.454698204855,0.9380714879467996,0.7081977208437865,0.48794679966749793,0.48794679966749793,0.48931091075729477,20.916874480465502
cicids2017,R2_holdout_Slowloris,mlp,2024,5,4363.4999688931175,0.9389650872817955,0.7016713528646554,0.4741591468416735,0.4741591468416735,0.4894778362934692,20.642329778506973
cicids2017,R2_holdout_Slowloris,mlp,2024,6,4296.942558436162,0.9362635078969244,0.7053684395593143,0.4841666666666667,0.48416666666666663,0.4892796248934356,20.969166666666666
cicids2017,R2_holdout_Slowloris,mlp,2024,7,4359.998100460523,0.9357024106400665,0.7220644123630168,0.5172413793103449,0.5172413793103449,0.4894674001108695,20.65927750410509
cicids2017,R2_holdout_Slowloris,mlp,2024,8,4388.009459953614,0.938383208645054,0.6992058245725251,0.4698205546492659,0.4698205546492658,0.4895509020343754,20.52446982055465
cicids2017,R2_holdout_Slowloris,mlp,2024,9,4268.904548826056,0.9397339983374896,0.7044030411824982,0.4790268456375839,0.4790268456375839,0.4891962154790317,21.10989932885906
cicids2017,R2_holdout_Slowloris,mlp,3407,0,4534.9345254341215,0.940045719035744,0.7196400568629583,0.5078864353312302,0.5078864353312303,0.48998975497310676,19.844637223974765
cicids2017,R2_holdout_Slowloris,mlp,3407,1,4384.508488522351,0.9387988362427265,0.7196018544675749,0.5093877551020408,0.5093877551020408,0.48954046273589935,20.54122448979592
cicids2017,R2_holdout_Slowloris,mlp,3407,2,4587.352960671357,0.9352660016625104,0.7083767911472303,0.49025720966484804,0.490257209664848,0.49014667890770114,19.612626656274358
cicids2017,R2_holdout_Slowloris,mlp,3407,3,4517.455303217019,0.9379675810473815,0.7192210031273074,0.5091053048297703,0.5091053048297703,0.4899374693215528,19.92319873317498
cicids2017,R2_holdout_Slowloris,mlp,3407,4,4244.364565001799,0.9381130507065669,0.7205425160932006,0.5122362869198313,0.5122362869198311,0.48912325556620856,21.234599156118144
cicids2017,R2_holdout_Slowloris,mlp,3407,5,4433.510426563555,0.9363881961762262,0.7077212852940991,0.4882970137207425,0.4882970137207424,0.4896866534416928,20.3091202582728
cicids2017,R2_holdout_Slowloris,mlp,3407,6,4520.951404062244,0.9385078969243558,0.7233200008660261,0.5166139240506329,0.516613924050633,0.48994792555915995,19.90743670886076
cicids2017,R2_holdout_Slowloris,mlp,3407,7,4447.506366478088,0.937115544472153,0.7150942032800393,0.50201126307321,0.50201126307321,0.4897284382533012,20.24376508447305
cicids2017,R2_holdout_Slowloris,mlp,3407,8,4416.012617947372,0.9365336658354114,0.7191185363907271,0.5105348460291734,0.5105348460291734,0.4896344324531843,20.39141004862237
cicids2017,R2_holdout_Slowloris,mlp,3407,9,4314.462150798757,0.9407730673316709,0.7023348468491567,0.4738589211618257,0.4738589211618256,0.4893317702227432,20.882157676348548
cicids2017,R2_holdout_Slowloris,mlp,42,0,4451.005031031843,0.9380922693266833,0.7092185090757376,0.4895498392282958,0.48954983922829587,0.48973888557044115,20.227491961414792
cicids2017,R2_holdout_Slowloris,mlp,42,1,4611.805024056664,0.9401704073150458,0.7228935227127585,0.513953488372093,0.513953488372093,0.49021994448003414,19.506201550387598
cicids2017,R2_holdout_Slowloris,mlp,42,2,4423.01212588083,0.939380714879468,0.7093645011546627,0.4886731391585761,0.488673139158576,0.48965531951198704,20.3584142394822
cicids2017,R2_holdout_Slowloris,mlp,42,3,4541.925316895799,0.9377597672485453,0.7056724970872119,0.4826771653543307,0.4826771653543307,0.49001067235859125,19.813385826771654
cicids2017,R2_holdout_Slowloris,mlp,42,4,4268.904548826057,0.9370947630922694,0.7142536305753087,0.5008389261744967,0.5008389261744967,0.4891962154790317,21.10989932885906
cicids2017,R2_holdout_Slowloris,mlp,42,5,4464.99840750697,0.9383416458852868,0.706514677407841,0.483974358974359,0.48397435897435903,0.4897806792968083,20.16266025641026
cicids2017,R2_holdout_Slowloris,mlp,42,6,4475.49209399876,0.9378013300083126,0.7081190840518656,0.4876099120703437,0.4876099120703436,0.48981202927308026,20.114308553157475
cicids2017,R2_holdout_Slowloris,mlp,42,7,4482.4872440852205,0.9364505403158769,0.7050339833079055,0.4828411811652035,0.4828411811652036,0.4898329314869737,20.08220271348763
cicids2017,R2_holdout_Slowloris,mlp,42,8,4391.510303236459,0.9380714879467996,0.7167508952792901,0.5044824775876121,0.504482477587612,0.4895613417780905,20.507742461287695
cicids2017,R2_holdout_Slowloris,mlp,42,9,4430.011121166769,0.9366999168744805,0.7047728006654775,0.48222940226171246,0.48222940226171246,0.48967620835288594,20.325525040387724
cicids2017,R2_holdout_Slowloris,mlp,512,0,4464.998407506969,0.937780548628429,0.7144164544901614,0.5,0.5000000000000001,0.4897806792968083,20.16266025641026
cicids2017,R2_holdout_Slowloris,mlp,512,1,4352.993979183689,0.9353906899418122,0.7101614206238602,0.4942434210526316,0.49424342105263164,0.4894465290806754,20.69325657894737
cicids2017,R2_holdout_Slowloris,mlp,512,2,4293.438255617889,0.938050706566916,0.7132598075870289,0.49791492910758967,0.49791492910758967,0.48926919716118583,20.986655546288574
cicids2017,R2_holdout_Slowloris,mlp,512,3,4534.9345254341215,0.9363881961762262,0.722674503512018,0.5173501577287066,0.5173501577287067,0.48998975497310676,19.844637223974765
cicids2017,R2_holdout_Slowloris,mlp,512,4,4440.508652858035,0.9380091438071488,0.7151131743295037,0.5012087026591459,0.5012087026591459,0.4897075449561637,20.27639000805802
cicids2017,R2_holdout_Slowloris,mlp,512,5,4426.51168760541,0.9420615128844555,0.7207942472307964,0.5084882780921585,0.5084882780921586,0.4896657637096602,20.341956345998383
cicids2017,R2_holdout_Slowloris,mlp,512,6,4363.4999688931175,0.9380299251870324,0.7188033827678093,0.5086136177194421,0.5086136177194421,0.4894778362934692,20.642329778506973
cicids2017,R2_holdout_Slowloris,mlp,512,7,4384.5084885223505,0.9385494596841231,0.7148960562578806,0.5004081632653061,0.5004081632653061,0.48954046273589935,20.54122448979592
cicids2017,R2_holdout_Slowloris,mlp,512,8,4489.481881432673,0.9391313383208645,0.7234432351967869,0.5163346613545817,0.5163346613545816,0.4898538354849034,20.05019920318725
cicids2017,R2_holdout_Slowloris,mlp,512,9,4402.01206418096,0.9378221113881962,0.7247286265849799,0.5203252032520326,0.5203252032520325,0.4895926636809554,20.45772357723577
cicids2017,R2_holdout_Slowloris,mlp,6021,0,4321.469090911928,0.940045719035744,0.7159721379103711,0.5012427506213754,0.5012427506213751,0.4893526314667576,20.847555923777964
cicids2017,R2_holdout_Slowloris,mlp,6021,1,4328.47551853361,0.9374480465502909,0.7142866564128012,0.5004135649296939,0.5004135649296939,0.4893734944895653,20.81306865177833
cicids2017,R2_holdout_Slowloris,mlp,6021,2,4181.232929572216,0.9387988362427265,0.7195806300418729,0.5098543273350471,0.5098543273350471,0.48893574425489317,21.56212510711225
cicids2017,R2_holdout_Slowloris,mlp,6021,3,4416.012617947372,0.9392975893599335,0.7122001213282352,0.49432739059967584,0.4943273905996759,0.4896344324531843,20.39141004862237
cicids2017,R2_holdout_Slowloris,mlp,6021,4,4170.706955945752,0.9372817955112219,0.7142281258443145,0.5008591065292096,0.5008591065292095,0.4889045063463668,21.617697594501717
cicids2017,R2_holdout_Slowloris,mlp,6021,5,4398.511605351472,0.9379675810473815,0.716290043301099,0.5036615134255492,0.5036615134255491,0.48958222260135204,20.474369406021157
cicids2017,R2_holdout_Slowloris,mlp,6021,6,4345.989345366942,0.9417290108063175,0.7241843795184729,0.515650741350906,0.5156507413509062,0.4894256598302989,20.727347611202635
cicids2017,R2_holdout_Slowloris,mlp,6021,7,4317.965684916107,0.9396093100581878,0.7146959561868829,0.49917081260364843,0.4991708126036484,0.48934220062241546,20.864842454394694
cicids2017,R2_holdout_Slowloris,mlp,6021,8,4381.007388944004,0.9364297589359933,0.7186500779240227,0.5098039215686274,0.5098039215686274,0.4895300238826339,20.55800653594771
cicids2017,R2_holdout_Slowloris,mlp,6021,9,4230.338899020242,0.9384455527847049,0.7220064051961124,0.514817950889077,0.5148179508890769,0.48908157395768975,21.306519898391194
cicids2017,R2_holdout_Slowloris,mlp,7,0,4321.469090911927,0.9366999168744805,0.7380268679748616,0.5476387738193869,0.5476387738193867,0.4893526314667576,20.847555923777964
cicids2017,R2_holdout_Slowloris,mlp,7,1,4279.419763237091,0.9406068162926018,0.735432215380583,0.5389121338912134,0.5389121338912135,0.4892274906766116,21.05690376569038
cicids2017,R2_holdout_Slowloris,mlp,7,2,4458.001975620071,0.939713216957606,0.7288674343183491,0.5264847512038523,0.5264847512038522,0.48975978154200617,20.19502407704655
cicids2017,R2_holdout_Slowloris,mlp,7,3,4212.80393457531,0.9401704073150458,0.7361122457656206,0.5408163265306123,0.5408163265306123,0.48902948193592366,21.397108843537417
cicids2017,R2_holdout_Slowloris,mlp,7,4,4268.904548826058,0.9420615128844555,0.7312532523823412,0.5293624161073825,0.5293624161073827,0.4891962154790317,21.10989932885906
cicids2017,R2_holdout_Slowloris,mlp,7,5,4219.818304606269,0.9405860349127182,0.7284810411365702,0.5254668930390493,0.5254668930390493,0.48905031741297766,21.360780984719863
cicids2017,R2_holdout_Slowloris,mlp,7,6,4272.409748400895,0.9364921030756442,0.7402947555396214,0.5523889354568315,0.5523889354568314,0.48920664010058174,21.092204526404025
cicids2017,R2_holdout_Slowloris,mlp,7,7,4328.475518533611,0.9403782211138819,0.7376830365229848,0.543424317617866,0.5434243176178659,0.4893734944895653,20.81306865177833
cicids2017,R2_holdout_Slowloris,mlp,7,8,4349.4917263421285,0.9371363258520365,0.7435756090230718,0.5580246913580247,0.5580246913580246,0.4894360942330242,20.710288065843624
cicids2017,R2_holdout_Slowloris,mlp,7,9,4468.496431184052,0.938216957605985,0.7385316710282731,0.5468374699759808,0.5468374699759809,0.4897911288429946,20.146517213771016
cicids2017,R2_holdout_Slowloris,mlp,88,0,4349.491726342129,0.9400872817955113,0.7298920939441671,0.528395061728395,0.528395061728395,0.4894360942330242,20.710288065843624
cicids2017,R2_holdout_Slowloris,mlp,88,1,4317.965684916107,0.9384871155444722,0.7272731803978829,0.5248756218905473,0.5248756218905473,0.48934220062241546,20.864842454394694
cicids2017,R2_holdout_Slowloris,mlp,88,2,4423.012125880832,0.9379467996674979,0.7198106830705574,0.5105177993527508,0.5105177993527507,0.48965531951198704,20.3584142394822
cicids2017,R2_holdout_Slowloris,mlp,88,3,4461.500255651861,0.9386325852036576,0.7334462267545904,0.5364875701684042,0.5364875701684041,0.48977023019648835,20.178829190056135
cicids2017,R2_holdout_Slowloris,mlp,88,4,4370.503321339924,0.9367206982543641,0.7269443991235152,0.5257985257985258,0.5257985257985257,0.4894987099938165,20.60851760851761
cicids2017,R2_holdout_Slowloris,mlp,88,5,4430.011121166769,0.9381338320864505,0.7240246887747446,0.518578352180937,0.5185783521809368,0.48967620835288594,20.325525040387724
cicids2017,R2_holdout_Slowloris,mlp,88,6,4335.481433653046,0.940544472152951,0.7381577020486179,0.5441783649876135,0.5441783649876135,0.48939435929139397,20.77869529314616
cicids2017,R2_holdout_Slowloris,mlp,88,7,4541.925316895799,0.9380922693266833,0.7363544730326218,0.5425196850393701,0.5425196850393702,0.49001067235859125,19.813385826771654
cicids2017,R2_holdout_Slowloris,mlp,88,8,4139.122119698087,0.9387572734829592,0.7182312994449174,0.5073593073593073,0.5073593073593073,0.4888108165655275,21.786147186147186
cicids2017,R2_holdout_Slowloris,mlp,88,9,4352.9939791836905,0.9411055694098088,0.7360510163894434,0.5394736842105263,0.5394736842105263,0.4894465290806754,20.69325657894737
cicids2017,R2_holdout_Slowloris,mlp,91,0,4338.984199021054,0.937219451371571,0.7143985779886644,0.5008250825082509,0.5008250825082509,0.4894047923595122,20.761551155115512
cicids2017,R2_holdout_Slowloris,mlp,91,1,4388.009459953615,0.9372402327514547,0.7015607525196936,0.47553017944535075,0.47553017944535064,0.4895509020343754,20.52446982055465
cicids2017,R2_holdout_Slowloris,mlp,91,2,4451.005031031843,0.9379260182876143,0.7185711776056598,0.5080385852090032,0.5080385852090034,0.48973888557044115,20.227491961414792
cicids2017,R2_holdout_Slowloris,mlp,91,3,4601.32633770051,0.9375935162094763,0.6972719382192744,0.4662004662004662,0.46620046620046623,0.4901885422672047,19.551670551670554
cicids2017,R2_holdout_Slowloris,mlp,91,4,4388.009459953618,0.9369700748129676,0.7101719149378664,0.4926590538336052,0.4926590538336051,0.4895509020343754,20.52446982055465
cicids2017,R2_holdout_Slowloris,mlp,91,5,4482.4872440852205,0.9369285120532004,0.702418014250345,0.4772545889864326,0.47725458898643264,0.4898329314869737,20.08220271348763
cicids2017,R2_holdout_Slowloris,mlp,91,6,4454.503567412949,0.938383208645054,0.717361843482325,0.5052208835341365,0.5052208835341365,0.4897493333333333,20.21124497991968
cicids2017,R2_holdout_Slowloris,mlp,91,7,4569.883354329546,0.9391729010806318,0.708453379398324,0.486697965571205,0.48669796557120487,0.4900943597626062,19.689358372456965
cicids2017,R2_holdout_Slowloris,mlp,91,8,4458.001975620071,0.9394430590191188,0.7062124797586484,0.4823434991974318,0.4823434991974317,0.48975978154200617,20.19502407704655
cicids2017,R2_holdout_Slowloris,mlp,91,9,4363.4999688931175,0.937115544472153,0.7016036507959587,0.47579983593109104,0.4757998359310911,0.4894778362934692,20.642329778506973
cicids2017,R2_holdout_Slowloris,rf,12345,0,4430.011121166769,0.9372610141313383,0.6864978226975633,0.4458804523424879,0.4458804523424878,0.48967620835288594,20.325525040387724
cicids2017,R2_holdout_Slowloris,rf,12345,1,4510.462716933277,0.939380714879468,0.6879556589207838,0.4464710547184774,0.44647105471847737,0.4899165581851938,19.954797779540048
cicids2017,R2_holdout_Slowloris,rf,12345,2,4552.410542527714,0.9384039900249377,0.6877962010699532,0.4469756480754124,0.44697564807541246,0.49004205178559995,19.766692851531815
cicids2017,R2_holdout_Slowloris,rf,12345,3,4402.012064180961,0.9370324189526185,0.6807706409835019,0.4349593495934959,0.4349593495934959,0.4895926636809554,20.45772357723577
cicids2017,R2_holdout_Slowloris,rf,12345,4,4293.438255617889,0.9378428927680797,0.6824887246878435,0.4378648874061718,0.43786488740617185,0.48926919716118583,20.986655546288574
cicids2017,R2_holdout_Slowloris,rf,12345,5,4345.989345366943,0.9411055694098088,0.6944392152127584,0.45799011532125206,0.45799011532125206,0.4894256598302989,20.727347611202635
cicids2017,R2_holdout_Slowloris,rf,12345,6,4492.979007825898,0.9342061512884455,0.6789908896939931,0.4339171974522293,0.4339171974522293,0.4898642881529532,20.034235668789808
cicids2017,R2_holdout_Slowloris,rf,12345,7,4363.4999688931175,0.9353906899418122,0.689451662789888,0.45365053322395404,0.4536505332239541,0.4894778362934692,20.642329778506973
cicids2017,R2_holdout_Slowloris,rf,12345,8,4485.984626851991,0.936949293433084,0.6802703731687926,0.43381180223285487,0.433811802232855,0.4898433832629198,20.066188197767147
cicids2017,R2_holdout_Slowloris,rf,12345,9,4321.469090911927,0.9351413133832086,0.6860725029347605,0.44739022369511183,0.4473902236951118,0.4893526314667576,20.847555923777964
cicids2017,R2_holdout_Slowloris,rf,1337,0,4398.511605351471,0.9363674147963424,0.6889266972728537,0.451586655817738,0.4515866558177379,0.48958222260135204,20.474369406021157
cicids2017,R2_holdout_Slowloris,rf,1337,1,4363.499968893119,0.9389443059019119,0.6828149976020639,0.4372436423297785,0.4372436423297785,0.4894778362934692,20.642329778506973
cicids2017,R2_holdout_Slowloris,rf,1337,2,4622.282556301808,0.9374688279301746,0.6910125727045314,0.4539829853054911,0.4539829853054912,0.49025135071646697,19.46094354215004
cicids2017,R2_holdout_Slowloris,rf,1337,3,4458.001975620071,0.9354322527015794,0.678858987984773,0.43258426966292135,0.43258426966292124,0.48975978154200617,20.19502407704655
cicids2017,R2_holdout_Slowloris,rf,1337,4,4268.904548826057,0.9391936824605154,0.6861406007759225,0.4437919463087248,0.4437919463087248,0.4891962154790317,21.10989932885906
cicids2017,R2_holdout_Slowloris,rf,1337,5,4388.009459953614,0.9370947630922694,0.6865008203214191,0.4461663947797716,0.4461663947797715,0.4895509020343754,20.52446982055465
cicids2017,R2_holdout_Slowloris,rf,1337,6,4391.51030323646,0.9365960099750623,0.6935642652768014,0.46047269763651183,0.4604726976365117,0.4895613417780905,20.507742461287695
cicids2017,R2_holdout_Slowloris,rf,1337,7,4576.871581530896,0.9366999168744805,0.6957093227836773,0.4640625,0.46406250000000004,0.49011528608027327,19.65859375
cicids2017,R2_holdout_Slowloris,rf,1337,8,4293.438255617888,0.9372610141313383,0.6809261374773721,0.4353628023352794,0.4353628023352794,0.48926919716118583,20.986655546288574
cicids2017,R2_holdout_Slowloris,rf,1337,9,4391.510303236458,0.9363050706566916,0.6851017241052494,0.4441727791361043,0.44417277913610426,0.4895613417780905,20.507742461287695
cicids2017,R2_holdout_Slowloris,rf,2024,0,4464.99840750697,0.9351413133832086,0.6795997821793966,0.4342948717948718,0.4342948717948718,0.4897806792968083,20.16266025641026
cicids2017,R2_holdout_Slowloris,rf,2024,1,4503.469617867462,0.9393183707398172,0.6854404364269395,0.4416203335980937,0.44162033359809383,0.489895648833785,19.986497220015888
cicids2017,R2_holdout_Slowloris,rf,2024,2,4296.942558436162,0.9341022443890274,0.6766469570426024,0.43,0.43,0.4892796248934356,20.969166666666666
cicids2017,R2_holdout_Slowloris,rf,2024,3,4286.42926564634,0.9368038237738986,0.6934376241149468,0.4603174603174603,0.46031746031746035,0.48924834303007053,21.02172096908939
cicids2017,R2_holdout_Slowloris,rf,2024,4,4510.462716933279,0.9365544472152951,0.6889980661405456,0.4512291831879461,0.4512291831879461,0.4899165581851938,19.954797779540048
cicids2017,R2_holdout_Slowloris,rf,2024,5,4356.496103890268,0.9353283458021613,0.6864356387419704,0.447822514379622,0.44782251437962206,0.489456964373281,20.676253081347575
cicids2017,R2_holdout_Slowloris,rf,2024,6,4374.004805351444,0.9364089775561097,0.6802061634937471,0.43453355155482815,0.4345335515548281,0.48950914751162095,20.59165302782324
cicids2017,R2_holdout_Slowloris,rf,2024,7,4314.462150798757,0.9411679135494597,0.684728833041529,0.43900414937759336,0.4390041493775933,0.4893317702227432,20.882157676348548
cicids2017,R2_holdout_Slowloris,rf,2024,8,4247.87066126732,0.9394430590191188,0.6783328770241758,0.42833052276559863,0.4283305227655987,0.48913367707845057,21.216694772344013
cicids2017,R2_holdout_Slowloris,rf,2024,9,4142.632058177619,0.9410847880299252,0.6820046972129771,0.4342560553633218,0.4342560553633219,0.4888212247679073,21.767301038062282
cicids2017,R2_holdout_Slowloris,rf,3407,0,4419.512435994368,0.9366583541147132,0.6739295745466131,0.42186234817813767,0.42186234817813767,0.48964487575983784,20.374898785425103
cicids2017,R2_holdout_Slowloris,rf,3407,1,4377.506161219916,0.940544472152951,0.6895676364283424,0.4488961569910057,0.4488961569910057,0.4895195854745506,20.57481602616517
cicids2017,R2_holdout_Slowloris,rf,3407,2,4286.42926564634,0.9390066500415628,0.690248422080462,0.4519632414369256,0.4519632414369256,0.48924834303007053,21.02172096908939
cicids2017,R2_holdout_Slowloris,rf,3407,3,4342.48683625947,0.9351413133832086,0.6769755028997914,0.4295136026380874,0.42951360263808747,0.489415225872471,20.7444352844188
cicids2017,R2_holdout_Slowloris,rf,3407,4,4293.43825561789,0.9362427265170408,0.6736124971563633,0.42201834862385323,0.42201834862385323,0.48926919716118583,20.986655546288574
cicids2017,R2_holdout_Slowloris,rf,3407,5,4381.007388944002,0.938050706566916,0.6835772259253788,0.4395424836601307,0.43954248366013077,0.4895300238826339,20.55800653594771
cicids2017,R2_holdout_Slowloris,rf,3407,6,4310.958488561223,0.9352244389027431,0.6909087168026161,0.4568106312292359,0.456810631229236,0.48932134026771246,20.89950166112957
cicids2017,R2_holdout_Slowloris,rf,3407,7,4388.009459953616,0.9371571072319203,0.6844495746463048,0.44208809135399674,0.4420880913539967,0.4895509020343754,20.52446982055465
cicids2017,R2_holdout_Slowloris,rf,3407,8,4464.998407506971,0.9354945968412303,0.6805904727592443,0.4358974358974359,0.4358974358974359,0.4897806792968083,20.16266025641026
cicids2017,R2_holdout_Slowloris,rf,3407,9,4430.01112116677,0.9362635078969244,0.6872460165565649,0.4483037156704362,0.4483037156704361,0.48967620835288594,20.325525040387724
cicids2017,R2_holdout_Slowloris,rf,42,0,4510.462716933277,0.9370947630922694,0.6831951694695665,0.4393338620142744,0.4393338620142743,0.4899165581851938,19.954797779540048
cicids2017,R2_holdout_Slowloris,rf,42,1,4303.950779730994,0.9374896093100582,0.6800738919908176,0.4334442595673877,0.4334442595673876,0.4893004816914617,20.934276206322796
cicids2017,R2_holdout_Slowloris,rf,42,2,4423.01212588083,0.9370947630922694,0.6867743609014464,0.44660194174757284,0.4466019417475728,0.48965531951198704,20.3584142394822
cicids2017,R2_holdout_Slowloris,rf,42,3,4212.80393457531,0.9372817955112219,0.6816907831699334,0.4370748299319728,0.43707482993197283,0.48902948193592366,21.397108843537417
cicids2017,R2_holdout_Slowloris,rf,42,4,4342.486836259471,0.9357439733998337,0.681058799285436,0.43693322341302554,0.4369332234130256,0.489415225872471,20.7444352844188
cicids2017,R2_holdout_Slowloris,rf,42,5,4548.915595526954,0.9349127182044887,0.6866603465106275,0.4481132075471698,0.4481132075471697,0.4900315915300546,19.782232704402517
cicids2017,R2_holdout_Slowloris,rf,42,6,4265.399221148512,0.9360972568578554,0.6792354115785102,0.4332493702770781,0.4332493702770782,0.4891857913017537,21.127623845507976
cicids2017,R2_holdout_Slowloris,rf,42,7,4367.001709186693,0.9361388196176226,0.6892146079204682,0.4524590163934426,0.45245901639344255,0.4894882729211087,20.625409836065575
cicids2017,R2_holdout_Slowloris,rf,42,8,4527.94322115268,0.9394430590191188,0.6907384444622441,0.4518167456556082,0.4518167456556082,0.4899688393733726,19.875987361769354
cicids2017,R2_holdout_Slowloris,rf,42,9,4395.011018369517,0.9334995843724023,0.6756512460985431,0.42833876221498374,0.4283387622149838,0.4895717819670733,20.491042345276874
cicids2017,R2_holdout_Slowloris,rf,512,0,4583.859295847872,0.9360972568578554,0.6855096725389309,0.44461778471138846,0.4446177847113886,0.49013621418506337,19.627925117004683
cicids2017,R2_holdout_Slowloris,rf,512,1,4611.805024056665,0.9383208645054032,0.684049719528514,0.43953488372093025,0.4395348837209303,0.49021994448003414,19.506201550387598
cicids2017,R2_holdout_Slowloris,rf,512,2,4513.959074173583,0.9394222776392352,0.6930550388884081,0.45641838351822506,0.456418383518225,0.4899270135302403,19.938985736925517
cicids2017,R2_holdout_Slowloris,rf,512,3,4496.476006030341,0.9366583541147132,0.6909786403932989,0.45505171042163883,0.45505171042163883,0.4898747412670977,20.01829753381066
cicids2017,R2_holdout_Slowloris,rf,512,4,4395.011018369519,0.938216957605985,0.6771294226026973,0.42671009771986973,0.4267100977198698,0.4895717819670733,20.491042345276874
cicids2017,R2_holdout_Slowloris,rf,512,5,4352.993979183691,0.9402119700748129,0.6873293963461112,0.4449013157894737,0.4449013157894738,0.4894465290806754,20.69325657894737
cicids2017,R2_holdout_Slowloris,rf,512,6,4335.481433653048,0.9372402327514547,0.6745595943926747,0.4227910817506193,0.42279108175061925,0.48939435929139397,20.77869529314616
cicids2017,R2_holdout_Slowloris,rf,512,7,4444.007573753038,0.9384455527847049,0.6875982401994696,0.4468599033816425,0.44685990338164244,0.4897179913818849,20.260064412238325
cicids2017,R2_holdout_Slowloris,rf,512,8,4261.893765369613,0.9346841230257689,0.6761492919123254,0.42857142857142855,0.42857142857142866,0.4891753675687193,21.145378151260505
cicids2017,R2_holdout_Slowloris,rf,512,9,4569.883354329546,0.9325852036575228,0.6820835285092753,0.4413145539906103,0.4413145539906102,0.4900943597626062,19.689358372456965
cicids2017,R2_holdout_Slowloris,rf,6021,0,4370.503321339924,0.9376766417290108,0.687274638658042,0.44717444717444715,0.4471744471744471,0.4894987099938165,20.60851760851761
cicids2017,R2_holdout_Slowloris,rf,6021,1,4335.481433653046,0.9355985037406483,0.6783941778483767,0.4318744838976053,0.43187448389760524,0.48939435929139397,20.77869529314616
cicids2017,R2_holdout_Slowloris,rf,6021,2,4324.972368784877,0.9364297589359933,0.6729921846568485,0.4205298013245033,0.4205298013245033,0.48936306275579805,20.830298013245034
cicids2017,R2_holdout_Slowloris,rf,6021,3,4391.510303236457,0.9346633416458853,0.6884580513121203,0.45232273838630804,0.45232273838630804,0.4895613417780905,20.507742461287695
cicids2017,R2_holdout_Slowloris,rf,6021,4,4409.012597377162,0.938383208645054,0.6810821056329223,0.4342532467532468,0.4342532467532467,0.4896135471762498,20.42451298701299
cicids2017,R2_holdout_Slowloris,rf,6021,5,4307.454698204857,0.9361803823773899,0.6830751436128579,0.4405652535328346,0.44056525353283454,0.48931091075729477,20.916874480465502
cicids2017,R2_holdout_Slowloris,rf,6021,6,4499.972876044644,0.9341853699085619,0.6741788013083387,0.424483306836248,0.4244833068362481,0.4898851948273655,20.002384737678856
cicids2017,R2_holdout_Slowloris,rf,6021,7,4268.904548826058,0.9390897755610973,0.6783762899463665,0.4286912751677852,0.4286912751677852,0.4891962154790317,21.10989932885906
cicids2017,R2_holdout_Slowloris,rf,6021,8,4478.989733133697,0.936284289276808,0.6790651999221227,0.43210862619808305,0.43210862619808316,0.4898224801570368,20.0982428115016
cicids2017,R2_holdout_Slowloris,rf,6021,9,4230.338899020242,0.9388611803823774,0.6876004734738446,0.4470787468247248,0.44707874682472476,0.48908157395768975,21.306519898391194
cicids2017,R2_holdout_Slowloris,rf,7,0,4395.011018369521,0.9385286783042394,0.6876734862105994,0.44706840390879476,0.4470684039087949,0.4895717819670733,20.491042345276874
cicids2017,R2_holdout_Slowloris,rf,7,1,4430.01112116677,0.9375103906899418,0.6907420995641588,0.45395799676898224,0.45395799676898213,0.48967620835288594,20.325525040387724
cicids2017,R2_holdout_Slowloris,rf,7,2,4545.420520315866,0.9353491271820449,0.6786228195123367,0.43194335169158143,0.4319433516915814,0.49002113172106126,19.79779701022817
cicids2017,R2_holdout_Slowloris,rf,7,3,4324.97236878488,0.9387364921030756,0.6817298431995479,0.43543046357615894,0.435430463576159,0.48936306275579805,20.830298013245034
cicids2017,R2_holdout_Slowloris,rf,7,4,4395.011018369518,0.9348088113050707,0.6717199669228888,0.4193811074918567,0.4193811074918567,0.4895717819670733,20.491042345276874
cicids2017,R2_holdout_Slowloris,rf,7,5,4314.462150798757,0.9356400665004156,0.6735480606183833,0.4224066390041494,0.42240663900414926,0.4893317702227432,20.882157676348548
cicids2017,R2_holdout_Slowloris,rf,7,6,4384.50848852235,0.9396508728179551,0.6845993194856977,0.44,0.43999999999999995,0.48954046273589935,20.54122448979592
cicids2017,R2_holdout_Slowloris,rf,7,7,4412.512671741188,0.9365960099750623,0.6895529600420982,0.45255474452554745,0.4525547445255475,0.48962398959199777,20.40794809407948
cicids2017,R2_holdout_Slowloris,rf,7,8,4510.46271693328,0.9359102244389027,0.6830193514605223,0.4401268834258525,0.44012688342585243,0.4899165581851938,19.954797779540048
cicids2017,R2_holdout_Slowloris,rf,7,9,4307.454698204855,0.9366791354945968,0.6850172407894375,0.44389027431421446,0.44389027431421446,0.48931091075729477,20.916874480465502
cicids2017,R2_holdout_Slowloris,rf,88,0,4437.009603794426,0.9331463009143807,0.6865953419388106,0.45,0.45,0.4896970989761092,20.29274193548387
cicids2017,R2_holdout_Slowloris,rf,88,1,4363.4999688931175,0.9370739817123857,0.6756174542853638,0.4249384741591468,0.4249384741591468,0.4894778362934692,20.642329778506973
cicids2017,R2_holdout_Slowloris,rf,88,2,4454.503567412949,0.938715710723192,0.6892457335429832,0.4497991967871486,0.4497991967871486,0.4897493333333333,20.21124497991968
cicids2017,R2_holdout_Slowloris,rf,88,3,4433.5104265635555,0.9368246051537822,0.6823987278589941,0.43825665859564167,0.43825665859564167,0.4896866534416928,20.3091202582728
cicids2017,R2_holdout_Slowloris,rf,88,4,4275.914819871688,0.9358686616791355,0.684572363483239,0.4438860971524288,0.4438860971524288,0.4892170651664322,21.07453936348409
cicids2017,R2_holdout_Slowloris,rf,88,5,4461.500255651861,0.9346217788861181,0.6762444683587266,0.4282277465918204,0.42822774659182034,0.48977023019648835,20.178829190056135
cicids2017,R2_holdout_Slowloris,rf,88,6,4275.914819871688,0.9365960099750623,0.6802224892521362,0.43467336683417085,0.43467336683417096,0.4892170651664322,21.07453936348409
cicids2017,R2_holdout_Slowloris,rf,88,7,4328.47551853361,0.9348088113050707,0.6762502492539422,0.4284532671629446,0.4284532671629445,0.4893734944895653,20.81306865177833
cicids2017,R2_holdout_Slowloris,rf,88,8,4447.506366478087,0.9370532003325021,0.6879696063564054,0.4489139179404666,0.44891391794046664,0.4897284382533012,20.24376508447305
cicids2017,R2_holdout_Slowloris,rf,88,9,4464.99840750697,0.9380091438071488,0.6818220492803356,0.4358974358974359,0.4358974358974359,0.4897806792968083,20.16266025641026
cicids2017,R2_holdout_Slowloris,rf,91,0,4300.446733140981,0.9361803823773899,0.677060936877494,0.42880932556203166,0.4288093255620316,0.48929005307018475,20.95170691090758
cicids2017,R2_holdout_Slowloris,rf,91,1,4444.007573753038,0.9379675810473815,0.6857207485227198,0.44363929146537845,0.4436392914653784,0.4897179913818849,20.260064412238325
cicids2017,R2_holdout_Slowloris,rf,91,2,4293.438255617889,0.9365128844555278,0.6822639565608862,0.43869891576313597,0.43869891576313597,0.48926919716118583,20.986655546288574
cicids2017,R2_holdout_Slowloris,rf,91,3,4416.012617947372,0.9364505403158769,0.6880588583162777,0.4497568881685575,0.4497568881685576,0.4896344324531843,20.39141004862237
cicids2017,R2_holdout_Slowloris,rf,91,4,4423.012125880831,0.9360141313383209,0.6841807226800315,0.4425566343042071,0.4425566343042071,0.48965531951198704,20.3584142394822
cicids2017,R2_holdout_Slowloris,rf,91,5,4527.943221152679,0.937780548628429,0.684686579376188,0.4415481832543444,0.4415481832543444,0.4899688393733726,19.875987361769354
cicids2017,R2_holdout_Slowloris,rf,91,6,4458.00197562007,0.9357024106400665,0.678172295311644,0.43097913322632425,0.4309791332263242,0.48975978154200617,20.19502407704655
cicids2017,R2_holdout_Slowloris,rf,91,7,4468.496431184052,0.9368246051537822,0.6818860459395862,0.4371497197758207,0.43714971977582073,0.4897911288429946,20.146517213771016
cicids2017,R2_holdout_Slowloris,rf,91,8,4335.481433653045,0.9373025768911055,0.6889258540524614,0.4508670520231214,0.45086705202312133,0.48939435929139397,20.77869529314616
cicids2017,R2_holdout_Slowloris,rf,91,9,4370.503321339924,0.9376974231088945,0.6747417818782058,0.4226044226044226,0.42260442260442255,0.4894987099938165,20.60851760851761
cicids2017,R2_holdout_Slowloris,xgb,12345,0,4517.455303217018,0.9410432252701579,0.7380934258165278,0.5431512272367379,0.5431512272367379,0.4899374693215528,19.92319873317498
cicids2017,R2_holdout_Slowloris,xgb,12345,1,4205.78905221958,0.9400665004156276,0.7317360786471185,0.5323679727427598,0.5323679727427598,0.4890086482341413,21.433560477001706
cicids2017,R2_holdout_Slowloris,xgb,12345,2,4587.352960671359,0.9394430590191188,0.7418180920755847,0.5518316445830086,0.5518316445830086,0.49014667890770114,19.612626656274358
cicids2017,R2_holdout_Slowloris,xgb,12345,3,4296.942558436162,0.9403990024937656,0.7384606756233882,0.545,0.5449999999999999,0.4892796248934356,20.969166666666666
cicids2017,R2_holdout_Slowloris,xgb,12345,4,4461.500255651862,0.940980881130507,0.7472804924189264,0.5613472333600642,0.561347233360064,0.48977023019648835,20.178829190056135
cicids2017,R2_holdout_Slowloris,xgb,12345,5,4451.005031031845,0.9394222776392352,0.7348907082923419,0.5385852090032154,0.5385852090032155,0.48973888557044115,20.227491961414792
cicids2017,R2_holdout_Slowloris,xgb,12345,6,4471.994326681762,0.939214463840399,0.7526785416339673,0.5736,0.5735999999999999,0.4898015788350757,20.1304
cicids2017,R2_holdout_Slowloris,xgb,12345,7,4444.007573753039,0.9397547797173732,0.7400071321879355,0.5483091787439613,0.5483091787439613,0.4897179913818849,20.260064412238325
cicids2017,R2_holdout_Slowloris,xgb,12345,8,4367.001709186693,0.9423524522028263,0.7479102554994712,0.5614754098360656,0.5614754098360655,0.4894882729211087,20.625409836065575
cicids2017,R2_holdout_Slowloris,xgb,12345,9,4492.979007825899,0.9384871155444722,0.7379502420765506,0.5453821656050956,0.5453821656050956,0.4898642881529532,20.034235668789808
cicids2017,R2_holdout_Slowloris,xgb,1337,0,4426.51168760541,0.9410847880299252,0.7413564361086512,0.549717057396928,0.5497170573969282,0.4896657637096602,20.341956345998383
cicids2017,R2_holdout_Slowloris,xgb,1337,1,4447.506366478088,0.9373441396508728,0.7349109275493522,0.5406275140788415,0.5406275140788416,0.4897284382533012,20.24376508447305
cicids2017,R2_holdout_Slowloris,xgb,1337,2,4310.958488561223,0.9391105569409809,0.7360737517851176,0.5415282392026578,0.5415282392026579,0.48932134026771246,20.89950166112957
cicids2017,R2_holdout_Slowloris,xgb,1337,3,4384.508488522351,0.9331255195344971,0.7193247463594172,0.5142857142857142,0.5142857142857143,0.48954046273589935,20.54122448979592
cicids2017,R2_holdout_Slowloris,xgb,1337,4,4282.92457849575,0.939546965918537,0.7231571552320829,0.5158862876254181,0.5158862876254179,0.48923791663114824,21.03929765886288
cicids2017,R2_holdout_Slowloris,xgb,1337,5,4303.9507797309925,0.937780548628429,0.7396987217537452,0.5499168053244592,0.5499168053244592,0.4893004816914617,20.934276206322796
cicids2017,R2_holdout_Slowloris,xgb,1337,6,4451.005031031842,0.9383208645054032,0.7327105924727535,0.5353697749196141,0.5353697749196142,0.48973888557044115,20.227491961414792
cicids2017,R2_holdout_Slowloris,xgb,1337,7,4499.972876044644,0.9378013300083126,0.7432626530958139,0.5564387917329093,0.5564387917329093,0.4898851948273655,20.002384737678856
cicids2017,R2_holdout_Slowloris,xgb,1337,8,4328.475518533611,0.9365128844555278,0.7362137976448102,0.544251447477254,0.5442514474772538,0.4893734944895653,20.81306865177833
cicids2017,R2_holdout_Slowloris,xgb,1337,9,4398.511605351472,0.9405652535328346,0.7383273902877191,0.5443449959316518,0.5443449959316516,0.48958222260135204,20.474369406021157
cicids2017,R2_holdout_Slowloris,xgb,2024,0,4440.508652858035,0.940149625935162,0.731375583478823,0.5310233682514102,0.53102336825141,0.4897075449561637,20.27639000805802
cicids2017,R2_holdout_Slowloris,xgb,2024,1,4444.007573753038,0.9398379052369077,0.7273113327889117,0.5233494363929146,0.5233494363929146,0.4897179913818849,20.260064412238325
cicids2017,R2_holdout_Slowloris,xgb,2024,2,4608.3122568373665,0.9416043225270158,0.7419879246433151,0.5500387897595035,0.5500387897595035,0.4902094766287288,19.52133436772692
cicids2017,R2_holdout_Slowloris,xgb,2024,3,4100.5043452229875,0.9408977556109726,0.7364714823735669,0.541083916083916,0.5410839160839163,0.488696355585831,21.99562937062937
cicids2017,R2_holdout_Slowloris,xgb,2024,4,4374.004805351444,0.9375935162094763,0.7342580429220108,0.5392798690671031,0.539279869067103,0.48950914751162095,20.59165302782324
cicids2017,R2_holdout_Slowloris,xgb,2024,5,4426.51168760541,0.9395885286783042,0.7422740010991346,0.5529506871463218,0.5529506871463219,0.4896657637096602,20.341956345998383
cicids2017,R2_holdout_Slowloris,xgb,2024,6,4374.004805351443,0.937115544472153,0.7390370748457633,0.5490998363338789,0.5490998363338788,0.48950914751162095,20.59165302782324
cicids2017,R2_holdout_Slowloris,xgb,2024,7,4317.965684916107,0.9399418121363259,0.7296787488737488,0.5281923714759535,0.5281923714759534,0.48934220062241546,20.864842454394694
cicids2017,R2_holdout_Slowloris,xgb,2024,8,4447.506366478088,0.9410224438902743,0.738354362299055,0.5438455349959774,0.5438455349959775,0.4897284382533012,20.24376508447305
cicids2017,R2_holdout_Slowloris,xgb,2024,9,4468.496431184052,0.9425187032418952,0.7512594690723013,0.567654123298639,0.567654123298639,0.4897911288429946,20.146517213771016
cicids2017,R2_holdout_Slowloris,xgb,3407,0,4412.512671741187,0.9432252701579384,0.7428843663040025,0.5506893755068938,0.5506893755068938,0.48962398959199777,20.40794809407948
cicids2017,R2_holdout_Slowloris,xgb,3407,1,4367.001709186695,0.9418744804655029,0.7539530774689222,0.5737704918032787,0.5737704918032785,0.4894882729211087,20.625409836065575
cicids2017,R2_holdout_Slowloris,xgb,3407,2,4489.481881432673,0.9397755610972569,0.7448963405172473,0.5577689243027888,0.5577689243027888,0.4898538354849034,20.05019920318725
cicids2017,R2_holdout_Slowloris,xgb,3407,3,4541.925316895798,0.9386741479634247,0.743064662170125,0.5551181102362205,0.5551181102362206,0.49001067235859125,19.813385826771654
cicids2017,R2_holdout_Slowloris,xgb,3407,4,4317.965684916108,0.9419991687448046,0.7395775515169498,0.5456053067993366,0.5456053067993366,0.48934220062241546,20.864842454394694
cicids2017,R2_holdout_Slowloris,xgb,3407,5,4412.512671741187,0.9403990024937656,0.7386030460355917,0.5450121654501217,0.5450121654501218,0.48962398959199777,20.40794809407948
cicids2017,R2_holdout_Slowloris,xgb,3407,6,4296.942558436163,0.9402950955943474,0.7384098360946171,0.545,0.5449999999999999,0.4892796248934356,20.969166666666666
cicids2017,R2_holdout_Slowloris,xgb,3407,7,4629.266936607841,0.9392975893599335,0.7340720115409114,0.5366795366795367,0.5366795366795365,0.49027229044313936,19.43088803088803
cicids2017,R2_holdout_Slowloris,xgb,3407,8,4317.965684916109,0.9364921030756442,0.7419638840165409,0.5555555555555556,0.5555555555555555,0.48934220062241546,20.864842454394694
cicids2017,R2_holdout_Slowloris,xgb,3407,9,4447.506366478088,0.9403782211138819,0.7388599003644456,0.5454545454545454,0.5454545454545455,0.4897284382533012,20.24376508447305
cicids2017,R2_holdout_Slowloris,xgb,42,0,4402.012064180961,0.9403158769742311,0.7400583765995807,0.5479674796747968,0.5479674796747966,0.4895926636809554,20.45772357723577
cicids2017,R2_holdout_Slowloris,xgb,42,1,4524.4473767079135,0.9418329177057356,0.7445017909358705,0.5549407114624506,0.5549407114624506,0.4899583822430904,19.891699604743085
cicids2017,R2_holdout_Slowloris,xgb,42,2,4324.972368784879,0.9422277639235245,0.7447316836476757,0.5554635761589404,0.5554635761589404,0.48936306275579805,20.830298013245034
cicids2017,R2_holdout_Slowloris,xgb,42,3,4527.943221152679,0.9371778886118038,0.7303182712966226,0.5315955766192733,0.5315955766192734,0.4899688393733726,19.875987361769354
cicids2017,R2_holdout_Slowloris,xgb,42,4,4416.012617947374,0.9396093100581878,0.7355135866439515,0.539708265802269,0.539708265802269,0.4896344324531843,20.39141004862237
cicids2017,R2_holdout_Slowloris,xgb,42,5,4342.486836259471,0.9417290108063175,0.7492316940095829,0.5647155812036274,0.5647155812036274,0.489415225872471,20.7444352844188
cicids2017,R2_holdout_Slowloris,xgb,42,6,4321.469090911927,0.9371778886118038,0.744606838047771,0.56006628003314,0.5600662800331399,0.4893526314667576,20.847555923777964
cicids2017,R2_holdout_Slowloris,xgb,42,7,4272.409748400897,0.9375935162094763,0.7378364630774686,0.5465213746856664,0.5465213746856664,0.48920664010058174,21.092204526404025
cicids2017,R2_holdout_Slowloris,xgb,42,8,4335.481433653048,0.9394638403990025,0.7426885230071194,0.5540875309661437,0.5540875309661437,0.48939435929139397,20.77869529314616
cicids2017,R2_holdout_Slowloris,xgb,42,9,4395.011018369518,0.9373649210307564,0.7274225848151484,0.5260586319218241,0.5260586319218242,0.4895717819670733,20.491042345276874
cicids2017,R2_holdout_Slowloris,xgb,512,0,4527.943221152679,0.9386325852036576,0.733448236589443,0.5363349131121643,0.5363349131121643,0.4899688393733726,19.875987361769354
cicids2017,R2_holdout_Slowloris,xgb,512,1,4423.012125880831,0.9416458852867831,0.7381379690986528,0.5428802588996764,0.5428802588996763,0.48965531951198704,20.3584142394822
cicids2017,R2_holdout_Slowloris,xgb,512,2,4328.475518533611,0.938715710723192,0.7330682581361444,0.5359801488833746,0.5359801488833746,0.4893734944895653,20.81306865177833
cicids2017,R2_holdout_Slowloris,xgb,512,3,4296.942558436163,0.9420199501246883,0.7422329744603395,0.5508333333333333,0.5508333333333333,0.4892796248934356,20.969166666666666
cicids2017,R2_holdout_Slowloris,xgb,512,4,4310.958488561226,0.9417497921862011,0.7360927307803672,0.5390365448504983,0.5390365448504985,0.48932134026771246,20.89950166112957
cicids2017,R2_holdout_Slowloris,xgb,512,5,4300.44673314098,0.9378221113881962,0.7403740954871084,0.5512073272273106,0.5512073272273106,0.48929005307018475,20.95170691090758
cicids2017,R2_holdout_Slowloris,xgb,512,6,4374.004805351444,0.9418329177057356,0.7417640224842804,0.5499181669394435,0.5499181669394434,0.48950914751162095,20.59165302782324
cicids2017,R2_holdout_Slowloris,xgb,512,7,4352.993979183689,0.9407522859517872,0.7413363226997904,0.5501644736842105,0.5501644736842105,0.4894465290806754,20.69325657894737
cicids2017,R2_holdout_Slowloris,xgb,512,8,4293.438255617891,0.9395054031587697,0.7352697444377694,0.5396163469557965,0.5396163469557965,0.48926919716118583,20.986655546288574
cicids2017,R2_holdout_Slowloris,xgb,512,9,4576.871581530895,0.9372402327514547,0.7397923574567709,0.55,0.5500000000000002,0.49011528608027327,19.65859375
cicids2017,R2_holdout_Slowloris,xgb,6021,0,4398.511605351471,0.9397339983374896,0.7412429141564496,0.5508543531326282,0.550854353132628,0.48958222260135204,20.474369406021157
cicids2017,R2_holdout_Slowloris,xgb,6021,1,4388.009459953617,0.9407730673316709,0.7428438146685977,0.5530179445350734,0.5530179445350732,0.4895509020343754,20.52446982055465
cicids2017,R2_holdout_Slowloris,xgb,6021,2,4328.47551853361,0.9388611803823774,0.73440651042071,0.5384615384615384,0.5384615384615384,0.4893734944895653,20.81306865177833
cicids2017,R2_holdout_Slowloris,xgb,6021,3,4300.44673314098,0.9404197838736492,0.7441965343437335,0.556203164029975,0.556203164029975,0.48929005307018475,20.95170691090758
cicids2017,R2_holdout_Slowloris,xgb,6021,4,4338.984199021052,0.93904821280133,0.7359364581528931,0.5412541254125413,0.5412541254125413,0.4894047923595122,20.761551155115512
cicids2017,R2_holdout_Slowloris,xgb,6021,5,4608.312256837367,0.9367414796342477,0.7344627035062536,0.5399534522885958,0.5399534522885957,0.4902094766287288,19.52133436772692
cicids2017,R2_holdout_Slowloris,xgb,6021,6,4471.994326681763,0.9391313383208645,0.7481480805170064,0.5648,0.5648,0.4898015788350757,20.1304
cicids2017,R2_holdout_Slowloris,xgb,6021,7,4377.506161219916,0.9388403990024937,0.7342300783657149,0.5380212591986917,0.5380212591986917,0.4895195854745506,20.57481602616517
cicids2017,R2_holdout_Slowloris,xgb,6021,8,4289.933824687498,0.938881961762261,0.7356169324344389,0.5409015025041736,0.5409015025041736,0.4892587698734069,21.00417362270451
cicids2017,R2_holdout_Slowloris,xgb,6021,9,4342.486836259471,0.9390689941812136,0.7403531505772156,0.549876339653751,0.5498763396537512,0.489415225872471,20.7444352844188
cicids2017,R2_holdout_Slowloris,xgb,7,0,4437.009603794425,0.9372402327514547,0.7363381418044214,0.5435483870967742,0.5435483870967741,0.4896970989761092,20.29274193548387
cicids2017,R2_holdout_Slowloris,xgb,7,1,4423.01212588083,0.9403574397339983,0.7486553810069956,0.5647249190938511,0.564724919093851,0.48965531951198704,20.3584142394822
cicids2017,R2_holdout_Slowloris,xgb,7,2,4468.496431184052,0.9394014962593517,0.7485072070693665,0.5652522017614091,0.5652522017614092,0.4897911288429946,20.146517213771016
cicids2017,R2_holdout_Slowloris,xgb,7,3,4629.266936607841,0.9394430590191188,0.7372922283313655,0.5428571428571428,0.5428571428571426,0.49027229044313936,19.43088803088803
cicids2017,R2_holdout_Slowloris,xgb,7,4,4265.399221148512,0.941708229426434,0.7540346168311727,0.5743073047858942,0.5743073047858943,0.4891857913017537,21.127623845507976
cicids2017,R2_holdout_Slowloris,xgb,7,5,4534.9345254341215,0.9413757273482959,0.7444247242041548,0.555205047318612,0.5552050473186121,0.48998975497310676,19.844637223974765
cicids2017,R2_holdout_Slowloris,xgb,7,6,4548.915595526953,0.9380714879467996,0.7343138778882855,0.5385220125786163,0.5385220125786162,0.4900315915300546,19.782232704402517
cicids2017,R2_holdout_Slowloris,xgb,7,7,4437.009603794426,0.9417290108063175,0.7389478179934353,0.5443548387096774,0.5443548387096775,0.4896970989761092,20.29274193548387
cicids2017,R2_holdout_Slowloris,xgb,7,8,4328.47551853361,0.9425810473815461,0.7459410666162893,0.5574855252274608,0.5574855252274606,0.4893734944895653,20.81306865177833
cicids2017,R2_holdout_Slowloris,xgb,7,9,4237.351988192226,0.9381753948462178,0.7348262826609366,0.5401521555367709,0.5401521555367709,0.48910241387391606,21.270498732037193
cicids2017,R2_holdout_Slowloris,xgb,88,0,4458.001975620071,0.9402327514546966,0.7405879537450465,0.5489566613162119,0.5489566613162118,0.48975978154200617,20.19502407704655
cicids2017,R2_holdout_Slowloris,xgb,88,1,4342.48683625947,0.9392975893599335,0.7358348286079845,0.5408079142621599,0.5408079142621599,0.489415225872471,20.7444352844188
cicids2017,R2_holdout_Slowloris,xgb,88,2,4423.012125880831,0.9412718204488778,0.746212810799571,0.5590614886731392,0.5590614886731391,0.48965531951198704,20.3584142394822
cicids2017,R2_holdout_Slowloris,xgb,88,3,4409.012597377164,0.9398171238570241,0.7331542350031407,0.5349025974025974,0.5349025974025975,0.4896135471762498,20.42451298701299
cicids2017,R2_holdout_Slowloris,xgb,88,4,4555.905361316807,0.9386533665835411,0.7353770948160806,0.5400313971742543,0.5400313971742543,0.49005251248772574,19.75117739403454
cicids2017,R2_holdout_Slowloris,xgb,88,5,4174.2157418881,0.9376142975893599,0.7286525966221727,0.5287553648068669,0.5287553648068669,0.48891491853902674,21.59914163090129
cicids2017,R2_holdout_Slowloris,xgb,88,6,4632.758934399598,0.9397755610972569,0.7368525945977076,0.5416666666666666,0.5416666666666666,0.4902827609772766,19.415895061728396
cicids2017,R2_holdout_Slowloris,xgb,88,7,4374.004805351444,0.938216957605985,0.7299679700155668,0.530278232405892,0.5302782324058919,0.48950914751162095,20.59165302782324
cicids2017,R2_holdout_Slowloris,xgb,88,8,4485.984626851992,0.9412094763092269,0.7405329501023545,0.5478468899521531,0.5478468899521531,0.4898433832629198,20.066188197767147
cicids2017,R2_holdout_Slowloris,xgb,88,9,4426.511687605411,0.9405029093931837,0.734058024195044,0.5359741309620049,0.535974130962005,0.4896657637096602,20.341956345998383
cicids2017,R2_holdout_Slowloris,xgb,91,0,4275.914819871687,0.9402950955943474,0.7278058251523777,0.52428810720268,0.52428810720268,0.4892170651664322,21.07453936348409
cicids2017,R2_holdout_Slowloris,xgb,91,1,4254.882469513116,0.9410224438902743,0.7337883161699913,0.5353535353535354,0.5353535353535352,0.48915452143526805,21.180976430976433
cicids2017,R2_holdout_Slowloris,xgb,91,2,4426.511687605412,0.9392560266001663,0.7388107222779028,0.5464834276475343,0.5464834276475345,0.4896657637096602,20.341956345998383
cicids2017,R2_holdout_Slowloris,xgb,91,3,4310.958488561225,0.9397963424771405,0.7525270862909692,0.5730897009966778,0.5730897009966779,0.48932134026771246,20.89950166112957
cicids2017,R2_holdout_Slowloris,xgb,91,4,4307.454698204856,0.9393599334995844,0.7376950524981319,0.544472152950956,0.544472152950956,0.48931091075729477,20.916874480465502
cicids2017,R2_holdout_Slowloris,xgb,91,5,4440.508652858037,0.9406275976724855,0.7398335411429136,0.5471394037066881,0.5471394037066881,0.4897075449561637,20.27639000805802
cicids2017,R2_holdout_Slowloris,xgb,91,6,4510.462716933281,0.9398379052369077,0.7411700729747643,0.5503568596352102,0.5503568596352102,0.4899165581851938,19.954797779540048
cicids2017,R2_holdout_Slowloris,xgb,91,7,4492.9790078258975,0.9394430590191188,0.7339507755775486,0.5366242038216561,0.536624203821656,0.4898642881529532,20.034235668789808
cicids2017,R2_holdout_Slowloris,xgb,91,8,4342.48683625947,0.9413133832086451,0.7460817886702796,0.5589447650453421,0.5589447650453422,0.489415225872471,20.7444352844188
cicids2017,R2_holdout_Slowloris,xgb,91,9,4359.9981004605215,0.9429551122194514,0.7457338846745385,0.5566502463054187,0.5566502463054187,0.4894674001108695,20.65927750410509
cicids2017,R3_holdout_GoldenEye,mlp,12345,0,7987.383108479066,0.942208679205632,0.8589670522054669,0.7736441057821605,0.7736441057821606,0.5061736561273538,11.03899596593456
cicids2017,R3_holdout_GoldenEye,mlp,12345,1,7966.8233495392415,0.9407796574550804,0.8528256433083322,0.7626966292134831,0.762696629213483,0.5061067019400353,11.068764044943821
cicids2017,R3_holdout_GoldenEye,mlp,12345,2,7898.254713581658,0.9422507092571188,0.8508979373871491,0.7573696145124716,0.7573696145124716,0.5058836491846629,11.169160997732426
cicids2017,R3_holdout_GoldenEye,mlp,12345,3,8131.161413870916,0.9462855941998529,0.8592682519396302,0.7699076110866696,0.7699076110866697,0.506642831920904,10.835019797624286
cicids2017,R3_holdout_GoldenEye,mlp,12345,4,8202.9586692736,0.941893453819481,0.8529630077369463,0.7615518744551003,0.7615518744551001,0.5068777461305778,10.73583260680035
cicids2017,R3_holdout_GoldenEye,mlp,12345,5,8025.063014207015,0.9395607859619628,0.8522498458403491,0.7627118644067796,0.7627118644067797,0.5062964514919613,10.984834968777879
cicids2017,R3_holdout_GoldenEye,mlp,12345,6,7939.402560649816,0.9378375538510034,0.8529033369587781,0.7658998646820027,0.7658998646820028,0.5060174572385823,11.108705457825893
cicids2017,R3_holdout_GoldenEye,mlp,12345,7,7877.673291907671,0.9418514237679941,0.8566489133855807,0.7694406548431105,0.7694406548431104,0.5058167716917111,11.199636198271943
cicids2017,R3_holdout_GoldenEye,mlp,12345,8,8086.684789499075,0.9448565724493012,0.863543117545398,0.7800884955752212,0.7800884955752212,0.5064975179260893,10.897345132743364
cicids2017,R3_holdout_GoldenEye,mlp,12345,9,8011.363174753169,0.9397499211936534,0.850363333235054,0.7587131367292225,0.7587131367292225,0.506251791739255,11.004468275245756
cicids2017,R3_holdout_GoldenEye,mlp,1337,0,8086.684789499079,0.9306714300725019,0.7342929412023702,0.5327433628318584,0.5327433628318583,0.5064975179260893,10.897345132743364
cicids2017,R3_holdout_GoldenEye,mlp,1337,1,7959.9689855451625,0.9314910160764946,0.7293689876372667,0.5222672064777328,0.5222672064777327,0.5060843878135884,11.078722447143502
cicids2017,R3_holdout_GoldenEye,mlp,1337,2,7929.117473495691,0.9320794367973101,0.7373684356640251,0.537940379403794,0.537940379403794,0.5059839985894073,11.12375790424571
cicids2017,R3_holdout_GoldenEye,mlp,1337,3,8117.478799313912,0.9328569927498161,0.7402687932674705,0.5425297487880123,0.5425297487880122,0.5065981110424574,10.85412075804319
cicids2017,R3_holdout_GoldenEye,mlp,1337,4,8004.512421680175,0.9291373331932332,0.735791481726335,0.537567084078712,0.5375670840787121,0.5062294648173058,11.014311270125225
cicids2017,R3_holdout_GoldenEye,mlp,1337,5,7990.809248888225,0.9320163917200799,0.7372645805078306,0.5376344086021505,0.5376344086021504,0.506184816880912,11.034050179211471
cicids2017,R3_holdout_GoldenEye,mlp,1337,6,8083.2625382593,0.9280655668803194,0.7326481154022192,0.5320938468348827,0.5320938468348826,0.506486343379076,10.902169101372289
cicids2017,R3_holdout_GoldenEye,mlp,1337,7,8052.45602608735,0.9303772197120942,0.7392171672521227,0.5431111111111111,0.5431111111111111,0.506385794639903,10.945777777777778
cicids2017,R3_holdout_GoldenEye,mlp,1337,8,8141.421916020606,0.9316171062309552,0.7373307154766855,0.5377855887521968,0.537785588752197,0.5066763777615926,10.820738137082602
cicids2017,R3_holdout_GoldenEye,mlp,1337,9,7922.260054411727,0.9317852264369024,0.7305273947743144,0.5244122965641953,0.5244122965641953,0.5059616952813347,11.133815551537072
cicids2017,R3_holdout_GoldenEye,mlp,2024,0,8035.336435405376,0.9359251865083534,0.8074715705781438,0.6757238307349666,0.6757238307349666,0.5063299514777239,10.970155902004455
cicids2017,R3_holdout_GoldenEye,mlp,2024,1,8107.215379668537,0.9345381948092887,0.8030867474424723,0.6681376875551632,0.6681376875551633,0.5065645755643329,10.868490732568404
cicids2017,R3_holdout_GoldenEye,mlp,2024,2,7901.684464551591,0.9342439844488809,0.8083788079341766,0.6795104261106074,0.6795104261106074,0.505894797152868,11.164097914777878
cicids2017,R3_holdout_GoldenEye,mlp,2024,3,7881.103875973085,0.9401702217085216,0.8165430820703432,0.69,0.69,0.5058279167125702,11.194545454545455
cicids2017,R3_holdout_GoldenEye,mlp,2024,4,8069.572144166711,0.9377955237995167,0.8089387311369418,0.6767184035476719,0.6767184035476719,0.5064416501213325,10.921507760532151
cicids2017,R3_holdout_GoldenEye,mlp,2024,5,8336.133843906639,0.9368708626668067,0.8133891335516991,0.6862408915559366,0.6862408915559365,0.507314593830107,10.556365195027862
cicids2017,R3_holdout_GoldenEye,mlp,2024,6,8021.638262682967,0.9344121046548282,0.8092721623239502,0.680946006247211,0.6809460062472111,0.5062852858151023,10.989736724676485
cicids2017,R3_holdout_GoldenEye,mlp,2024,7,8110.636658474457,0.9384049595460754,0.8081679383041641,0.674459638288487,0.6744596382884871,0.5065757535637053,10.86369651521835
cicids2017,R3_holdout_GoldenEye,mlp,2024,8,8042.184688381234,0.9390984553956079,0.8107644993805577,0.6791277258566978,0.6791277258566976,0.5063522872645463,10.96039163328883
cicids2017,R3_holdout_GoldenEye,mlp,2024,9,8151.681167763004,0.9358621414311232,0.8066781901316998,0.6739798157086442,0.673979815708644,0.5067099280448506,10.806494076349276
cicids2017,R3_holdout_GoldenEye,mlp,3407,0,7977.103853963276,0.9408216875065673,0.8448092378326502,0.7464093357271095,0.7464093357271093,0.5061401768194546,11.053859964093359
cicids2017,R3_holdout_GoldenEye,mlp,3407,1,7956.541595238161,0.9398549963223705,0.8455248083161514,0.7488748874887489,0.7488748874887489,0.5060732314882173,11.083708370837085
cicids2017,R3_holdout_GoldenEye,mlp,3407,2,7973.6771580324175,0.9408427025323106,0.8472008837854436,0.7512348450830714,0.7512348450830713,0.5061290180343049,11.058823529411766
cicids2017,R3_holdout_GoldenEye,mlp,3407,3,8001.086836811203,0.9411158978669749,0.8486795151455604,0.7539149888143176,0.7539149888143178,0.5062183020948181,11.01923937360179
cicids2017,R3_holdout_GoldenEye,mlp,3407,4,7891.394795086545,0.9415572134075865,0.8497612497323132,0.7557875624148888,0.7557875624148889,0.5058613547221366,11.179300953245574
cicids2017,R3_holdout_GoldenEye,mlp,3407,5,7946.258591091201,0.9414941683303562,0.8568652325267565,0.7701667417755745,0.7701667417755745,0.5060397654631221,11.098693105002255
cicids2017,R3_holdout_GoldenEye,mlp,3407,6,7853.655315848662,0.9396028160134496,0.8476933681162204,0.7536496350364964,0.7536496350364964,0.5057387702949794,11.235401459854016
cicids2017,R3_holdout_GoldenEye,mlp,3407,7,7829.6305367705645,0.9439529263423347,0.8510720996798307,0.7560640732265447,0.7560640732265446,0.5056607929515419,11.271395881006866
cicids2017,R3_holdout_GoldenEye,mlp,3407,8,8007.937867661214,0.9412840180729222,0.8442422355764648,0.7447474295932052,0.7447474295932053,0.5062406280321072,11.009387572641932
cicids2017,R3_holdout_GoldenEye,mlp,3407,9,8049.032385754541,0.9394977408847326,0.855669129760834,0.7696754112939084,0.7696754112939084,0.5063746250220575,10.950644730991552
cicids2017,R3_holdout_GoldenEye,mlp,42,0,7901.684464551591,0.9343280445518546,0.771464235375187,0.6047144152311876,0.6047144152311875,0.505894797152868,11.164097914777878
cicids2017,R3_holdout_GoldenEye,mlp,42,1,8072.994951057569,0.9346432699380057,0.7627866387515013,0.586436170212766,0.586436170212766,0.5064528226962871,10.916666666666668
cicids2017,R3_holdout_GoldenEye,mlp,42,2,8059.302890039491,0.9309446254071662,0.7706177254944911,0.6061278863232682,0.6061278863232682,0.5064081353539364,10.936056838365898
cicids2017,R3_holdout_GoldenEye,mlp,42,3,8295.17938191726,0.9321424818745403,0.7625957253926,0.5881085738905644,0.5881085738905645,0.5071800989749028,10.610943558810858
cicids2017,R3_holdout_GoldenEye,mlp,42,4,8038.760631343047,0.9316381212566985,0.7638338361684788,0.5917186108637578,0.5917186108637578,0.5063411191248153,10.965271593944792
cicids2017,R3_holdout_GoldenEye,mlp,42,5,8117.47879931391,0.9311337606388568,0.7700567442629865,0.6046716615249008,0.6046716615249007,0.5065981110424574,10.85412075804319
cicids2017,R3_holdout_GoldenEye,mlp,42,6,8120.899661345133,0.9346012398865189,0.7629915146830711,0.586784140969163,0.5867841409691631,0.5066092905219023,10.849339207048459
cicids2017,R3_holdout_GoldenEye,mlp,42,7,8021.638262682965,0.9332772932646842,0.7641950036377254,0.5908076751450245,0.5908076751450244,0.5062852858151023,10.989736724676485
cicids2017,R3_holdout_GoldenEye,mlp,42,8,8213.21041791702,0.9342439844488809,0.7665984641633248,0.5942533739660427,0.5942533739660425,0.5069113230877936,10.721811057901613
cicids2017,R3_holdout_GoldenEye,mlp,42,9,8179.0330590698095,0.9280025218030892,0.7642474705509688,0.5959772627896808,0.5959772627896809,0.5067994171928121,10.768692610406648
cicids2017,R3_holdout_GoldenEye,mlp,512,0,7585.566285248055,0.9325207523379216,0.7558415548994152,0.575685903500473,0.575685903500473,0.5048712366123463,11.649952696310313
cicids2017,R3_holdout_GoldenEye,mlp,512,1,8131.161413870914,0.9304402647893244,0.7401101621695664,0.5446546414430269,0.5446546414430269,0.506642831920904,10.835019797624286
cicids2017,R3_holdout_GoldenEye,mlp,512,2,8018.213372265204,0.9332562782389409,0.7508655487507507,0.5638392857142858,0.5638392857142857,0.5062741206307201,10.994642857142859
cicids2017,R3_holdout_GoldenEye,mlp,512,3,7994.235250414069,0.9345802248607754,0.7568024528361961,0.5745633676668159,0.574563367666816,0.5061959781266537,11.029108822212272
cicids2017,R3_holdout_GoldenEye,mlp,512,4,7891.394795086545,0.9322265419775139,0.7535257596052943,0.5705855651384476,0.5705855651384476,0.5058613547221366,11.179300953245574
cicids2017,R3_holdout_GoldenEye,mlp,512,5,7929.117473495689,0.9310076704843964,0.7506603721612961,0.565943992773261,0.565943992773261,0.5059839985894073,11.12375790424571
cicids2017,R3_holdout_GoldenEye,mlp,512,6,8206.376057777898,0.9294315435536409,0.750225875027632,0.5660130718954248,0.5660130718954249,0.5068889379553986,10.731154684095863
cicids2017,R3_holdout_GoldenEye,mlp,512,7,8261.035375030919,0.9304612798150678,0.7482415563095749,0.5607961921246214,0.5607961921246213,0.507068074391483,10.656858502812636
cicids2017,R3_holdout_GoldenEye,mlp,512,8,8076.4176190373855,0.9303351896606074,0.7515149760182507,0.5680106335844041,0.568010633584404,0.5064639957642075,10.911829862649535
cicids2017,R3_holdout_GoldenEye,mlp,512,9,8025.063014207019,0.9319533466428497,0.7517274601194577,0.5669045495093666,0.5669045495093668,0.5062964514919613,10.984834968777879
cicids2017,R3_holdout_GoldenEye,mlp,6021,0,8072.994951057571,0.943448565724493,0.876194019796095,0.8071808510638298,0.8071808510638299,0.5064528226962871,10.916666666666668
cicids2017,R3_holdout_GoldenEye,mlp,6021,1,8271.28003638266,0.9413680781758957,0.8765445502923446,0.8098530682800346,0.8098530682800346,0.5071016765699896,10.643042350907521
cicids2017,R3_holdout_GoldenEye,mlp,6021,2,8199.541141814361,0.9408006724808238,0.8717112483775891,0.8006977758395115,0.8006977758395114,0.5068665547999647,10.740514609681641
cicids2017,R3_holdout_GoldenEye,mlp,6021,3,8182.451420234449,0.9426499947462436,0.8752280755718861,0.8059440559440559,0.805944055944056,0.506810605558867,10.763986013986015
cicids2017,R3_holdout_GoldenEye,mlp,6021,4,7884.534321192139,0.9421246191026584,0.8782235508997374,0.8128123580190822,0.8128123580190822,0.5058390622245725,11.189459336665152
cicids2017,R3_holdout_GoldenEye,mlp,6021,5,8155.10064047012,0.9432174004413155,0.8781963905963223,0.8114035087719298,0.8114035087719298,0.5067211124599934,10.801754385964912
cicids2017,R3_holdout_GoldenEye,mlp,6021,6,7853.655315848662,0.944015971419565,0.8722482015307059,0.7988138686131386,0.7988138686131389,0.5057387702949794,11.235401459854016
cicids2017,R3_holdout_GoldenEye,mlp,6021,7,8001.0868368112015,0.9430702952611117,0.8761806358910822,0.8076062639821029,0.8076062639821029,0.5062183020948181,11.01923937360179
cicids2017,R3_holdout_GoldenEye,mlp,6021,8,8267.865288241937,0.9442051066512557,0.8794329141295469,0.8127972330306961,0.8127972330306962,0.5070904753490015,10.64764375270212
cicids2017,R3_holdout_GoldenEye,mlp,6021,9,8028.487626836201,0.9425869496690134,0.8782677182492771,0.8123049487293803,0.8123049487293803,0.5063076176613295,10.979937583593403
cicids2017,R3_holdout_GoldenEye,mlp,7,0,7970.25032322403,0.9464747294315435,0.8806120742729597,0.8131176999101527,0.8131176999101526,0.506117859741176,11.063791554357593
cicids2017,R3_holdout_GoldenEye,mlp,7,1,7946.258591091199,0.9435326258274667,0.8777086076338052,0.8102748986029743,0.8102748986029743,0.5060397654631221,11.098693105002255
cicids2017,R3_holdout_GoldenEye,mlp,7,2,8315.659114787608,0.9459913838394453,0.8807028312526833,0.8134937688010314,0.8134937688010313,0.5072473374872951,10.583584013751612
cicids2017,R3_holdout_GoldenEye,mlp,7,3,8161.939169066915,0.940863717558054,0.8796819681415844,0.8168273444347064,0.8168273444347066,0.5067434827715604,10.792287467134095
cicids2017,R3_holdout_GoldenEye,mlp,7,4,7922.260054411727,0.9442891667542292,0.8782310555855422,0.8105786618444847,0.8105786618444847,0.5059616952813347,11.133815551537072
cicids2017,R3_holdout_GoldenEye,mlp,7,5,7833.063064563805,0.9433224755700326,0.8838260601547185,0.8229643183897529,0.8229643183897529,0.505671931099804,11.266239707227815
cicids2017,R3_holdout_GoldenEye,mlp,7,6,7970.250323224028,0.9454029631186298,0.8796258946315596,0.8122192273135669,0.812219227313567,0.506117859741176,11.063791554357593
cicids2017,R3_holdout_GoldenEye,mlp,7,7,7987.383108479069,0.9442471367027424,0.8808055336968239,0.8157776781712237,0.8157776781712237,0.5061736561273538,11.03899596593456
cicids2017,R3_holdout_GoldenEye,mlp,7,8,7963.39623697924,0.9430282652096249,0.8792260114953141,0.8138489208633094,0.8138489208633094,0.5060955446308503,11.073741007194245
cicids2017,R3_holdout_GoldenEye,mlp,7,9,8107.215379668541,0.942208679205632,0.875565528771405,0.8071491615180936,0.8071491615180936,0.5065645755643329,10.868490732568404
cicids2017,R3_holdout_GoldenEye,mlp,88,0,7953.114066059402,0.939518755910476,0.8464086423530012,0.7510130571814498,0.7510130571814496,0.5060620756547042,11.088698784331385
cicids2017,R3_holdout_GoldenEye,mlp,88,1,8226.877470685082,0.9438688662393612,0.8539076901613405,0.7614080834419817,0.7614080834419816,0.5069560992845156,10.703172533681009
cicids2017,R3_holdout_GoldenEye,mlp,88,2,8025.063014207019,0.9417673636650205,0.8549084755982067,0.7658340767172168,0.7658340767172168,0.5062964514919613,10.984834968777879
cicids2017,R3_holdout_GoldenEye,mlp,88,3,8240.542300044573,0.940863717558054,0.8553768432330858,0.7674620390455531,0.7674620390455531,0.5070008833922262,10.684598698481564
cicids2017,R3_holdout_GoldenEye,mlp,88,4,7922.260054411727,0.939981086476831,0.84902663267623,0.755877034358047,0.755877034358047,0.5059616952813347,11.133815551537072
cicids2017,R3_holdout_GoldenEye,mlp,88,5,8110.636658474459,0.9394977408847326,0.8622646840549754,0.7829730921923247,0.7829730921923248,0.5065757535637053,10.86369651521835
cicids2017,R3_holdout_GoldenEye,mlp,88,6,7946.258591091205,0.9396658610906798,0.8494844947639757,0.7570977917981072,0.7570977917981073,0.5060397654631221,11.098693105002255
cicids2017,R3_holdout_GoldenEye,mlp,88,7,8086.684789499079,0.9421456341284018,0.8639169454555811,0.7836283185840708,0.7836283185840707,0.5064975179260893,10.897345132743364
cicids2017,R3_holdout_GoldenEye,mlp,88,8,8001.0868368112015,0.945360933067143,0.8618750000798568,0.7762863534675615,0.7762863534675616,0.5062183020948181,11.01923937360179
cicids2017,R3_holdout_GoldenEye,mlp,88,9,8038.76063134305,0.9419144688452243,0.8525591569141678,0.7609082813891362,0.7609082813891362,0.5063411191248153,10.965271593944792
cicids2017,R3_holdout_GoldenEye,mlp,91,0,7987.383108479066,0.944226121676999,0.8772533359325487,0.808606006275213,0.8086060062752131,0.5061736561273538,11.03899596593456
cicids2017,R3_holdout_GoldenEye,mlp,91,1,8014.788342954877,0.9440369864453084,0.8735380374733531,0.8012505582849486,0.8012505582849486,0.5062629559387818,10.99955337204109
cicids2017,R3_holdout_GoldenEye,mlp,91,2,7946.258591091203,0.9419564988967112,0.8626643122436561,0.7814330779630464,0.7814330779630464,0.5060397654631221,11.098693105002255
cicids2017,R3_holdout_GoldenEye,mlp,91,3,8254.204905921513,0.9443311968057161,0.8720723478475362,0.797747942832395,0.797747942832395,0.5070456754130224,10.666089216110871
cicids2017,R3_holdout_GoldenEye,mlp,91,4,7826.1978701482885,0.9424398444888095,0.8651888613748064,0.7861721611721612,0.7861721611721613,0.5056496552939362,11.276556776556777
cicids2017,R3_holdout_GoldenEye,mlp,91,5,7977.103853963276,0.9454239781443732,0.8699696841248153,0.7926391382405745,0.7926391382405746,0.5061401768194546,11.053859964093359
cicids2017,R3_holdout_GoldenEye,mlp,91,6,8226.877470685084,0.9418724387937375,0.8678947516507955,0.7918296392872664,0.7918296392872665,0.5069560992845156,10.703172533681009
cicids2017,R3_holdout_GoldenEye,mlp,91,7,7953.114066059402,0.9432804455185457,0.8687725740276978,0.7924358397118415,0.7924358397118415,0.5060620756547042,11.088698784331385
cicids2017,R3_holdout_GoldenEye,mlp,91,8,8086.684789499079,0.9425449196175265,0.8704517365382815,0.7964601769911505,0.7964601769911505,0.5064975179260893,10.897345132743364
cicids2017,R3_holdout_GoldenEye,mlp,91,9,7946.258591091205,0.9438268361878743,0.8689532944707267,0.7922487607030194,0.7922487607030195,0.5060397654631221,11.098693105002255
cicids2017,R3_holdout_GoldenEye,rf,12345,0,8165.358224954269,0.9382158243143848,0.8127014744235365,0.6837494524748139,0.6837494524748138,0.50675466866805,10.787560227770479
cicids2017,R3_holdout_GoldenEye,rf,12345,1,7908.543549930436,0.9355469160449722,0.8219419523532688,0.7056159420289855,0.7056159420289856,0.505917094563325,11.153985507246377
cicids2017,R3_holdout_GoldenEye,rf,12345,2,7918.8311365788395,0.940191236734265,0.8269547385249999,0.7109905020352781,0.7109905020352785,0.5059505443646141,11.138851198552693
cicids2017,R3_holdout_GoldenEye,rf,12345,3,8124.320384449148,0.9384469895975622,0.8236915790489162,0.705856450902686,0.7058564509026861,0.5066204704947699,10.844561867018935
cicids2017,R3_holdout_GoldenEye,rf,12345,4,8120.899661345133,0.9384469895975622,0.8225382821107277,0.7035242290748899,0.7035242290748899,0.5066092905219023,10.849339207048459
cicids2017,R3_holdout_GoldenEye,rf,12345,5,7812.46581539181,0.9382158243143848,0.8229377910704984,0.705045871559633,0.7050458715596332,0.5056051095694307,11.29724770642202
cicids2017,R3_holdout_GoldenEye,rf,12345,6,8062.726113656529,0.9410108227382579,0.8215924717999823,0.6990679094540613,0.6990679094540612,0.5064193064501897,10.931202840656903
cicids2017,R3_holdout_GoldenEye,rf,12345,7,8124.320384449148,0.9380897341599244,0.8245968466539221,0.7080581241743725,0.7080581241743726,0.5066204704947699,10.844561867018935
cicids2017,R3_holdout_GoldenEye,rf,12345,8,8134.581720186364,0.9367868025638332,0.8219649306566589,0.7040457343887423,0.7040457343887424,0.5066540133742359,10.830255057167987
cicids2017,R3_holdout_GoldenEye,rf,12345,9,8165.358224954269,0.938278869391615,0.8161902451065592,0.6907577748576434,0.6907577748576433,0.50675466866805,10.787560227770479
cicids2017,R3_holdout_GoldenEye,rf,1337,0,7891.394795086543,0.9384680046233057,0.8197121071841021,0.6981389014979573,0.6981389014979574,0.5058613547221366,11.179300953245574
cicids2017,R3_holdout_GoldenEye,rf,1337,1,7939.4025606498135,0.9372701481559315,0.8118409354571932,0.6833558863328822,0.6833558863328824,0.5060174572385823,11.108705457825893
cicids2017,R3_holdout_GoldenEye,rf,1337,2,8131.16141387091,0.9356099611222024,0.8043718663812359,0.6695996480422349,0.6695996480422349,0.506642831920904,10.835019797624286
cicids2017,R3_holdout_GoldenEye,rf,1337,3,7983.9568291877595,0.9388883051381738,0.8162658130548319,0.6905829596412556,0.6905829596412555,0.5061624958659464,11.043946188340808
cicids2017,R3_holdout_GoldenEye,rf,1337,4,7915.402079886889,0.9377534937480299,0.8142528239801702,0.6877828054298643,0.6877828054298641,0.5059393939393939,11.143891402714932
cicids2017,R3_holdout_GoldenEye,rf,1337,5,8069.572144166711,0.9390143952926342,0.8185298066068143,0.6949002217294901,0.6949002217294901,0.5064416501213325,10.921507760532151
cicids2017,R3_holdout_GoldenEye,rf,1337,6,7935.974337129553,0.9392245455500683,0.8172148809873311,0.6922382671480144,0.6922382671480143,0.5060063038638718,11.113718411552348
cicids2017,R3_holdout_GoldenEye,rf,1337,7,8049.032385754539,0.9360933067143007,0.8175104342297949,0.6958648288128056,0.6958648288128056,0.5063746250220575,10.950644730991552
cicids2017,R3_holdout_GoldenEye,rf,1337,8,7959.968985545161,0.9379216139539771,0.8190530903534649,0.6972559604138552,0.6972559604138552,0.5060843878135884,11.078722447143502
cicids2017,R3_holdout_GoldenEye,rf,1337,9,8069.572144166715,0.937606388567826,0.8158468774158543,0.6909090909090909,0.6909090909090909,0.5064416501213325,10.921507760532151
cicids2017,R3_holdout_GoldenEye,rf,2024,0,7918.831136578838,0.9388462750866869,0.8151017203985161,0.6883763003165988,0.688376300316599,0.5059505443646141,11.138851198552693
cicids2017,R3_holdout_GoldenEye,rf,2024,1,8281.52344693185,0.9361983818430177,0.8106589845623837,0.6814846784635304,0.6814846784635304,0.5071352832022621,10.629261976694002
cicids2017,R3_holdout_GoldenEye,rf,2024,2,7750.644083046372,0.9374382683618787,0.8157931076059189,0.6914893617021277,0.6914893617021275,0.5054047508971227,11.391304347826088
cicids2017,R3_holdout_GoldenEye,rf,2024,3,8165.358224954269,0.9392245455500683,0.8201262932107034,0.6977660972404731,0.697766097240473,0.50675466866805,10.787560227770479
cicids2017,R3_holdout_GoldenEye,rf,2024,4,8124.3203844491445,0.938636124829253,0.8181388441098562,0.6944077498899164,0.6944077498899164,0.5066204704947699,10.844561867018935
cicids2017,R3_holdout_GoldenEye,rf,2024,5,8069.572144166715,0.9389723652411475,0.8161009191314593,0.6900221729490023,0.6900221729490023,0.5064416501213325,10.921507760532151
cicids2017,R3_holdout_GoldenEye,rf,2024,6,8059.302890039493,0.9359251865083534,0.8182908653683871,0.6976021314387212,0.6976021314387213,0.5064081353539364,10.936056838365898
cicids2017,R3_holdout_GoldenEye,rf,2024,7,8226.877470685087,0.937711463696543,0.8216449272703392,0.702303346371143,0.7023033463711428,0.5069560992845156,10.703172533681009
cicids2017,R3_holdout_GoldenEye,rf,2024,8,8096.950709719856,0.9372911631816749,0.8158123420666156,0.691117984975696,0.6911179849756959,0.5065310445258374,10.882898806893504
cicids2017,R3_holdout_GoldenEye,rf,2024,9,8069.5721441667165,0.9373331932331617,0.8119876809184587,0.683370288248337,0.6833702882483369,0.5064416501213325,10.921507760532151
cicids2017,R3_holdout_GoldenEye,rf,3407,0,8018.213372265202,0.9391825154985814,0.8230756377553252,0.7040178571428571,0.7040178571428571,0.5062741206307201,10.994642857142859
cicids2017,R3_holdout_GoldenEye,rf,3407,1,7959.968985545161,0.9408216875065673,0.8280750371756883,0.7125506072874493,0.7125506072874492,0.5060843878135884,11.078722447143502
cicids2017,R3_holdout_GoldenEye,rf,3407,2,7973.6771580324175,0.9413470631501524,0.8261667012350724,0.7081275258194881,0.708127525819488,0.5061290180343049,11.058823529411766
cicids2017,R3_holdout_GoldenEye,rf,3407,3,7963.39623697924,0.9411789429442051,0.8192169729123702,0.6942446043165468,0.6942446043165467,0.5060955446308503,11.073741007194245
cicids2017,R3_holdout_GoldenEye,rf,3407,4,8035.336435405376,0.9406325522748765,0.8206300318728126,0.6975501113585746,0.6975501113585747,0.5063299514777239,10.970155902004455
cicids2017,R3_holdout_GoldenEye,rf,3407,5,8117.478799313913,0.9388042450352002,0.8219998106813463,0.7020713970912296,0.7020713970912295,0.5065981110424574,10.85412075804319
cicids2017,R3_holdout_GoldenEye,rf,3407,6,8055.879527516049,0.9354628559419985,0.8179877700514441,0.6974677920924034,0.6974677920924036,0.5063969647505184,10.940915148822747
cicids2017,R3_holdout_GoldenEye,rf,3407,7,8138.001887569979,0.9392245455500683,0.8258690360640267,0.7094505494505494,0.7094505494505495,0.5066651953211212,10.825494505494506
cicids2017,R3_holdout_GoldenEye,rf,3407,8,8096.9507097198575,0.9391404854470947,0.8222005720966138,0.7021652673442333,0.7021652673442332,0.5065310445258374,10.882898806893504
cicids2017,R3_holdout_GoldenEye,rf,3407,9,7977.103853963276,0.9405695071976463,0.826505429811671,0.7096050269299821,0.7096050269299821,0.5061401768194546,11.053859964093359
cicids2017,R3_holdout_GoldenEye,rf,42,0,8182.451420234449,0.9335294735736052,0.8089570244082269,0.6809440559440559,0.680944055944056,0.506810605558867,10.763986013986015
cicids2017,R3_holdout_GoldenEye,rf,42,1,8014.78834295488,0.9365766523063991,0.8291860613060502,0.7190710138454667,0.7190710138454667,0.5062629559387818,10.99955337204109
cicids2017,R3_holdout_GoldenEye,rf,42,2,7911.972884337037,0.9374802984133656,0.8167259451531951,0.6930737890448166,0.6930737890448165,0.5059282440056417,11.148936170212766
cicids2017,R3_holdout_GoldenEye,rf,42,3,7980.530411015439,0.9393926657560155,0.824647349218263,0.7070435172723194,0.7070435172723195,0.5061513360966575,11.04890085240018
cicids2017,R3_holdout_GoldenEye,rf,42,4,7833.063064563803,0.9417673636650205,0.8233404109837787,0.702195791399817,0.702195791399817,0.505671931099804,11.266239707227815
cicids2017,R3_holdout_GoldenEye,rf,42,5,8011.363174753169,0.9396028160134496,0.8224907044767482,0.7024128686327078,0.7024128686327078,0.506251791739255,11.004468275245756
cicids2017,R3_holdout_GoldenEye,rf,42,6,8072.994951057569,0.9364085321004518,0.8111539486442837,0.6826241134751773,0.6826241134751773,0.5064528226962871,10.916666666666668
cicids2017,R3_holdout_GoldenEye,rf,42,7,8127.740968624793,0.9394136807817589,0.8225105971047656,0.7024647887323944,0.7024647887323943,0.5066316509610929,10.839788732394366
cicids2017,R3_holdout_GoldenEye,rf,42,8,7709.404609951182,0.9405064621204161,0.8194500472633436,0.695813953488372,0.695813953488372,0.5052712666446572,11.454883720930233
cicids2017,R3_holdout_GoldenEye,rf,42,9,7966.823349539245,0.937396238310392,0.8093820631991159,0.6782022471910112,0.6782022471910111,0.5061067019400353,11.068764044943821
cicids2017,R3_holdout_GoldenEye,rf,512,0,8062.726113656525,0.9380477041084375,0.8249115873940367,0.7088326675543719,0.7088326675543719,0.5064193064501897,10.931202840656903
cicids2017,R3_holdout_GoldenEye,rf,512,1,8062.726113656523,0.9394767258589892,0.8225681922770821,0.702618730581447,0.702618730581447,0.5064193064501897,10.931202840656903
cicids2017,R3_holdout_GoldenEye,rf,512,2,8117.478799313912,0.9385310497005359,0.826210479537004,0.7108858527985897,0.7108858527985894,0.5065981110424574,10.85412075804319
cicids2017,R3_holdout_GoldenEye,rf,512,3,8233.710163295527,0.9385940947777661,0.8265066927782474,0.7112462006079028,0.7112462006079029,0.5069784903493663,10.69387755102041
cicids2017,R3_holdout_GoldenEye,rf,512,4,7908.543549930441,0.9386781548807397,0.8248687161983047,0.7083333333333334,0.7083333333333335,0.505917094563325,11.153985507246377
cicids2017,R3_holdout_GoldenEye,rf,512,5,7778.125961033195,0.935799096353893,0.8301333628817091,0.7221198156682027,0.7221198156682028,0.5054937795882418,11.34930875576037
cicids2017,R3_holdout_GoldenEye,rf,512,6,8175.614558958318,0.9399390564253441,0.823928423900354,0.7047244094488189,0.7047244094488191,0.5067882293207355,10.773403324584429
cicids2017,R3_holdout_GoldenEye,rf,512,7,8062.726113656526,0.9371020279499842,0.8233372932580423,0.7066134043497558,0.7066134043497557,0.5064193064501897,10.931202840656903
cicids2017,R3_holdout_GoldenEye,rf,512,8,7911.972884337037,0.941536198381843,0.8216855596143443,0.6989588048890901,0.6989588048890901,0.5059282440056417,11.148936170212766
cicids2017,R3_holdout_GoldenEye,rf,512,9,7857.0868718062675,0.9394557108332457,0.8258150680097004,0.70953032375741,0.7095303237574099,0.5057499118787452,11.23027815777474
cicids2017,R3_holdout_GoldenEye,rf,6021,0,7970.250323224028,0.9384259745718189,0.8226240980604421,0.7039532794249775,0.7039532794249774,0.506117859741176,11.063791554357593
cicids2017,R3_holdout_GoldenEye,rf,6021,1,8131.161413870916,0.9361143217400442,0.8196039235126772,0.6999560052793665,0.6999560052793665,0.506642831920904,10.835019797624286
cicids2017,R3_holdout_GoldenEye,rf,6021,2,8226.877470685082,0.9365136072291689,0.8255374153960745,0.7114298131247284,0.7114298131247283,0.5069560992845156,10.703172533681009
cicids2017,R3_holdout_GoldenEye,rf,6021,3,7705.967085039538,0.9417043185877902,0.8245868987628204,0.70497906002792,0.7049790600279199,0.505260146139625,11.460214053047931
cicids2017,R3_holdout_GoldenEye,rf,6021,4,7640.627743409522,0.9369128927182936,0.8238352925265832,0.7084507042253522,0.7084507042253523,0.5050489495105049,11.562441314553991
cicids2017,R3_holdout_GoldenEye,rf,6021,5,8076.417619037382,0.9385520647262793,0.8193092155812944,0.696942844483828,0.696942844483828,0.5064639957642075,10.911829862649535
cicids2017,R3_holdout_GoldenEye,rf,6021,6,8114.057798356631,0.9353367657875381,0.8182177805716812,0.6979717813051146,0.6979717813051147,0.5065869320564027,10.858906525573193
cicids2017,R3_holdout_GoldenEye,rf,6021,7,8295.17938191726,0.9396868761164232,0.8262993914891794,0.7096079276174063,0.7096079276174064,0.5071800989749028,10.610943558810858
cicids2017,R3_holdout_GoldenEye,rf,6021,8,7812.46581539181,0.9373752232846485,0.8179770459550244,0.6958715596330275,0.6958715596330275,0.5056051095694307,11.29724770642202
cicids2017,R3_holdout_GoldenEye,rf,6021,9,8110.636658474459,0.9385520647262793,0.8167310094395951,0.6916629907366564,0.6916629907366565,0.5065757535637053,10.86369651521835
cicids2017,R3_holdout_GoldenEye,rf,7,0,8096.9507097198575,0.9356309761479458,0.8178061810577524,0.6968625718073354,0.6968625718073351,0.5065310445258374,10.882898806893504
cicids2017,R3_holdout_GoldenEye,rf,7,1,7884.534321192137,0.9381317642114112,0.8245650012529159,0.708314402544298,0.708314402544298,0.5058390622245725,11.189459336665152
cicids2017,R3_holdout_GoldenEye,rf,7,2,7966.823349539246,0.9380056740569507,0.8205672539979694,0.7002247191011236,0.7002247191011235,0.5061067019400353,11.068764044943821
cicids2017,R3_holdout_GoldenEye,rf,7,3,7829.630536770564,0.9404434170431859,0.8162661172215143,0.6892448512585813,0.6892448512585811,0.5056607929515419,11.271395881006866
cicids2017,R3_holdout_GoldenEye,rf,7,4,8014.78834295488,0.9375853735420826,0.8118348812741237,0.6828941491737383,0.6828941491737383,0.5062629559387818,10.99955337204109
cicids2017,R3_holdout_GoldenEye,rf,7,5,8356.603569024612,0.9375223284648524,0.8255059933084408,0.7101325352714836,0.7101325352714835,0.5073818680104318,10.529286019666525
cicids2017,R3_holdout_GoldenEye,rf,7,6,7877.673291907675,0.9390143952926342,0.821279532328693,0.7007730786721237,0.7007730786721236,0.5058167716917111,11.199636198271943
cicids2017,R3_holdout_GoldenEye,rf,7,7,8103.7939619400195,0.9374802984133656,0.8219303812786808,0.7033112582781457,0.7033112582781456,0.5065533980582524,10.873289183222958
cicids2017,R3_holdout_GoldenEye,rf,7,8,8038.760631343047,0.9384680046233057,0.8196032239319068,0.6976847729296527,0.6976847729296527,0.5063411191248153,10.965271593944792
cicids2017,R3_holdout_GoldenEye,rf,7,9,8076.417619037387,0.939308605653042,0.8188177001957733,0.695170580416482,0.6951705804164818,0.5064639957642075,10.911829862649535
cicids2017,R3_holdout_GoldenEye,rf,88,0,8038.760631343047,0.9363244719974781,0.8150011501324351,0.6905609973285841,0.6905609973285841,0.5063411191248153,10.965271593944792
cicids2017,R3_holdout_GoldenEye,rf,88,1,8240.542300044575,0.937963644005464,0.8132688321628935,0.6850325379609544,0.6850325379609545,0.5070008833922262,10.684598698481564
cicids2017,R3_holdout_GoldenEye,rf,88,2,8141.421916020606,0.9405905222233897,0.8153556760675024,0.6867311072056239,0.686731107205624,0.5066763777615926,10.820738137082602
cicids2017,R3_holdout_GoldenEye,rf,88,3,8110.6366584744555,0.9360302616370705,0.8198066283280148,0.7004852227613586,0.7004852227613587,0.5065757535637053,10.86369651521835
cicids2017,R3_holdout_GoldenEye,rf,88,4,8103.7939619400195,0.9377534937480299,0.809215193359169,0.6772626931567329,0.6772626931567328,0.5065533980582524,10.873289183222958
cicids2017,R3_holdout_GoldenEye,rf,88,5,7915.4020798868905,0.9392455605758117,0.8085245711424103,0.6746606334841629,0.6746606334841629,0.5059393939393939,11.143891402714932
cicids2017,R3_holdout_GoldenEye,rf,88,6,8086.684789499077,0.9387832300094567,0.8157023789992556,0.6893805309734513,0.6893805309734514,0.5064975179260893,10.897345132743364
cicids2017,R3_holdout_GoldenEye,rf,88,7,7990.809248888223,0.9379005989282337,0.8181207401435775,0.6953405017921147,0.6953405017921147,0.506184816880912,11.034050179211471
cicids2017,R3_holdout_GoldenEye,rf,88,8,8134.581720186362,0.9357780813281497,0.8090876657173247,0.6789797713280563,0.6789797713280564,0.5066540133742359,10.830255057167987
cicids2017,R3_holdout_GoldenEye,rf,88,9,7990.809248888223,0.937396238310392,0.8165379802869183,0.692652329749104,0.692652329749104,0.506184816880912,11.034050179211471
cicids2017,R3_holdout_GoldenEye,rf,91,0,8072.994951057568,0.940296311862982,0.8301870568092204,0.7171985815602837,0.7171985815602837,0.5064528226962871,10.916666666666668
cicids2017,R3_holdout_GoldenEye,rf,91,1,8155.1006404701275,0.9380056740569507,0.8238477557690076,0.7065789473684211,0.706578947368421,0.5067211124599934,10.801754385964912
cicids2017,R3_holdout_GoldenEye,rf,91,2,7915.4020798868905,0.9410318377640012,0.8208297177418094,0.6977375565610859,0.6977375565610859,0.5059393939393939,11.143891402714932
cicids2017,R3_holdout_GoldenEye,rf,91,3,8072.994951057569,0.9390774403698644,0.8286946722533252,0.7154255319148937,0.7154255319148936,0.5064528226962871,10.916666666666668
cicids2017,R3_holdout_GoldenEye,rf,91,4,7894.824823759593,0.9389303351896606,0.8186711677559486,0.6955535390199638,0.6955535390199636,0.5058725017077632,11.174228675136117
cicids2017,R3_holdout_GoldenEye,rf,91,5,8045.6086065187865,0.9368288326153199,0.82198560471323,0.7041814946619217,0.7041814946619218,0.5063634558969495,10.955516014234876
cicids2017,R3_holdout_GoldenEye,rf,91,6,8124.3203844491445,0.9367868025638332,0.8145949143386714,0.6891237340378688,0.6891237340378688,0.5066204704947699,10.844561867018935
cicids2017,R3_holdout_GoldenEye,rf,91,7,8093.52887523052,0.9416202584848167,0.8303701533374298,0.7161803713527851,0.7161803713527852,0.5065198684994374,10.887709991158268
cicids2017,R3_holdout_GoldenEye,rf,91,8,8250.789462907813,0.9374382683618787,0.8176981552129649,0.6945407279029463,0.6945407279029463,0.5070344766658568,10.670710571923745
cicids2017,R3_holdout_GoldenEye,rf,91,9,8134.581720186362,0.9385100346747924,0.8143769341953523,0.6868953386103782,0.6868953386103783,0.5066540133742359,10.830255057167987
cicids2017,R3_holdout_GoldenEye,xgb,12345,0,8083.262538259299,0.945360933067143,0.8838475147678293,0.8207171314741036,0.8207171314741035,0.506486343379076,10.902169101372289
cicids2017,R3_holdout_GoldenEye,xgb,12345,1,7881.103875973084,0.9418724387937375,0.8697414270859739,0.7959090909090909,0.795909090909091,0.5058279167125702,11.194545454545455
cicids2017,R3_holdout_GoldenEye,xgb,12345,2,8257.620209962937,0.9417043185877902,0.8784674029712981,0.8134199134199134,0.8134199134199136,0.5070568746548868,10.661471861471863
cicids2017,R3_holdout_GoldenEye,xgb,12345,3,8141.421916020607,0.9406325522748765,0.8717320427834631,0.8009666080843585,0.8009666080843586,0.5066763777615926,10.820738137082602
cicids2017,R3_holdout_GoldenEye,xgb,12345,4,8086.684789499079,0.9434065356730063,0.8791859722763926,0.8132743362831858,0.8132743362831859,0.5064975179260893,10.897345132743364
cicids2017,R3_holdout_GoldenEye,xgb,12345,5,8172.195919901129,0.9458442786592414,0.8788751395784655,0.8100656455142232,0.8100656455142232,0.5067770419426049,10.778118161925603
cicids2017,R3_holdout_GoldenEye,xgb,12345,6,8096.950709719853,0.9443522118314595,0.881754038210313,0.8174988952717631,0.8174988952717631,0.5065310445258374,10.882898806893504
cicids2017,R3_holdout_GoldenEye,xgb,12345,7,7887.964627563683,0.9423767994115793,0.8806386596982007,0.8174386920980926,0.8174386920980927,0.5058502082277505,11.184377838328793
cicids2017,R3_holdout_GoldenEye,xgb,12345,8,8144.841805537088,0.9419775139224545,0.8761412535198718,0.8085199824330259,0.8085199824330259,0.5066875606956829,10.81598594642073
cicids2017,R3_holdout_GoldenEye,xgb,12345,9,7997.661113055444,0.9439949563938216,0.8785939857702997,0.8115487914055506,0.8115487914055508,0.5062071398646116,11.024171888988363
cicids2017,R3_holdout_GoldenEye,xgb,1337,0,7942.8306453040805,0.9425028895660397,0.8760302401171793,0.8079350766456267,0.8079350766456267,0.5060286111049882,11.103697024346259
cicids2017,R3_holdout_GoldenEye,xgb,1337,1,7922.260054411723,0.94256593464327,0.8719988952080451,0.7997287522603979,0.799728752260398,0.5059616952813347,11.133815551537072
cicids2017,R3_holdout_GoldenEye,xgb,1337,2,8158.519974238476,0.9441000315225386,0.8795509092569006,0.8132398071021482,0.8132398071021483,0.5067322973688857,10.797018851380974
cicids2017,R3_holdout_GoldenEye,xgb,1337,3,8014.78834295488,0.944898602500788,0.8812512951159894,0.8159892809289861,0.8159892809289863,0.5062629559387818,10.99955337204109
cicids2017,R3_holdout_GoldenEye,xgb,1337,4,7915.402079886891,0.947735630976148,0.8848053331887955,0.8203619909502262,0.8203619909502261,0.5059393939393939,11.143891402714932
cicids2017,R3_holdout_GoldenEye,xgb,1337,5,8021.638262682962,0.9443311968057161,0.882810463309358,0.819723337795627,0.8197233377956269,0.5062852858151023,10.989736724676485
cicids2017,R3_holdout_GoldenEye,xgb,1337,6,8120.899661345133,0.9408847325837975,0.8698520452714753,0.7969162995594714,0.7969162995594714,0.5066092905219023,10.849339207048459
cicids2017,R3_holdout_GoldenEye,xgb,1337,7,8117.478799313908,0.944688452243354,0.8743426731792147,0.8021154693697664,0.8021154693697662,0.5065981110424574,10.85412075804319
cicids2017,R3_holdout_GoldenEye,xgb,1337,8,7949.686398010031,0.9445833771146369,0.8722765527090477,0.7981981981981981,0.7981981981981981,0.5060509203130167,11.093693693693695
cicids2017,R3_holdout_GoldenEye,xgb,1337,9,7809.032454641627,0.9463696543028265,0.8862106111972388,0.8246902248737953,0.8246902248737952,0.5055939743646214,11.302432308398348
cicids2017,R3_holdout_GoldenEye,xgb,2024,0,7894.824823759589,0.9464747294315435,0.8818995509454329,0.8157894736842105,0.8157894736842104,0.5058725017077632,11.174228675136117
cicids2017,R3_holdout_GoldenEye,xgb,2024,1,8042.184688381238,0.9456341284018073,0.8799814241498453,0.8126390743213173,0.8126390743213172,0.5063522872645463,10.96039163328883
cicids2017,R3_holdout_GoldenEye,xgb,2024,2,8110.636658474457,0.9416833035620469,0.8779547327972573,0.8125275694750772,0.8125275694750773,0.5065757535637053,10.86369651521835
cicids2017,R3_holdout_GoldenEye,xgb,2024,3,7997.661113055446,0.9413680781758957,0.8701911116617562,0.797224709042077,0.7972247090420771,0.5062071398646116,11.024171888988363
cicids2017,R3_holdout_GoldenEye,xgb,2024,4,7740.336088528383,0.9448355574235578,0.8793356459813296,0.8124131542380731,0.8124131542380733,0.5053713732223837,11.407132931912924
cicids2017,R3_holdout_GoldenEye,xgb,2024,5,8011.363174753169,0.9424188294630661,0.8810569713533108,0.8181411974977658,0.8181411974977657,0.506251791739255,11.004468275245756
cicids2017,R3_holdout_GoldenEye,xgb,2024,6,8315.659114787604,0.9432594304928024,0.8778347738689029,0.8104856037816932,0.8104856037816931,0.5072473374872951,10.583584013751612
cicids2017,R3_holdout_GoldenEye,xgb,2024,7,8148.261556118276,0.9417883786907639,0.8739228749136497,0.8042142230026339,0.804214223002634,0.5066987441234246,10.811237928007024
cicids2017,R3_holdout_GoldenEye,xgb,2024,8,8209.793307326085,0.943238415467059,0.871361935901148,0.7974738675958188,0.7974738675958186,0.5069001302744596,10.726480836236934
cicids2017,R3_holdout_GoldenEye,xgb,2024,9,7857.08687180627,0.9436166859304402,0.877502252976583,0.8098495212038304,0.8098495212038304,0.5057499118787452,11.23027815777474
cicids2017,R3_holdout_GoldenEye,xgb,3407,0,8059.302890039495,0.93972890616791,0.8758886512896669,0.8103907637655418,0.8103907637655419,0.5064081353539364,10.936056838365898
cicids2017,R3_holdout_GoldenEye,xgb,3407,1,7822.765064698113,0.9459913838394453,0.8911656784870757,0.8350893266147503,0.8350893266147504,0.5056385181269548,11.28172240036647
cicids2017,R3_holdout_GoldenEye,xgb,3407,2,8237.126301153294,0.9424608595145529,0.8764629939019808,0.80859375,0.80859375,0.5069896866235286,10.689236111111112
cicids2017,R3_holdout_GoldenEye,xgb,3407,3,7997.661113055444,0.942881160029421,0.8820088094977644,0.8196060877350044,0.8196060877350047,0.5062071398646116,11.024171888988363
cicids2017,R3_holdout_GoldenEye,xgb,3407,4,7994.235250414071,0.9433224755700326,0.8839600477793127,0.8231079265562025,0.8231079265562026,0.5061959781266537,11.029108822212272
cicids2017,R3_holdout_GoldenEye,xgb,3407,5,8001.0868368112015,0.9439739413680782,0.8788473921736323,0.8120805369127517,0.8120805369127516,0.5062183020948181,11.01923937360179
cicids2017,R3_holdout_GoldenEye,xgb,3407,6,7784.995042435694,0.9418514237679941,0.8758971687894157,0.8084714548802947,0.8084714548802947,0.5055160416620792,11.338858195211788
cicids2017,R3_holdout_GoldenEye,xgb,3407,7,7881.103875973082,0.944226121676999,0.8837355350260448,0.8218181818181818,0.8218181818181818,0.5058279167125702,11.194545454545455
cicids2017,R3_holdout_GoldenEye,xgb,3407,8,7836.4954535268425,0.942776084900704,0.8788445873293645,0.813443072702332,0.8134430727023318,0.505683069738755,11.26108824874257
cicids2017,R3_holdout_GoldenEye,xgb,3407,9,7887.96462756368,0.9450667227067353,0.8811017198249792,0.815622161671208,0.815622161671208,0.5058502082277505,11.184377838328793
cicids2017,R3_holdout_GoldenEye,xgb,42,0,8069.572144166715,0.9431123253125985,0.8803574659514776,0.8159645232815964,0.8159645232815965,0.5064416501213325,10.921507760532151
cicids2017,R3_holdout_GoldenEye,xgb,42,1,7802.165316676063,0.941893453819481,0.8752348789349427,0.8070739549839229,0.8070739549839229,0.5055717054263565,11.312815801561783
cicids2017,R3_holdout_GoldenEye,xgb,42,2,8185.869642451077,0.9441630765997688,0.8816401279139865,0.8173875054609,0.8173875054608998,0.5068217944189333,10.759283529925733
cicids2017,R3_holdout_GoldenEye,xgb,42,3,8298.593018201112,0.9448145423978145,0.8813862499289247,0.8161068044788975,0.8161068044788975,0.5071913041557122,10.606373815676141
cicids2017,R3_holdout_GoldenEye,xgb,42,4,8120.8996613451345,0.9440790164967952,0.876904117564687,0.8079295154185022,0.8079295154185022,0.5066092905219023,10.849339207048459
cicids2017,R3_holdout_GoldenEye,xgb,42,5,8028.487626836201,0.9438898812651045,0.8734248123576451,0.8011591618368257,0.8011591618368257,0.5063076176613295,10.979937583593403
cicids2017,R3_holdout_GoldenEye,xgb,42,6,7946.258591091203,0.9417043185877902,0.8819033237673368,0.8206399278954484,0.8206399278954484,0.5060397654631221,11.098693105002255
cicids2017,R3_holdout_GoldenEye,xgb,42,7,7987.383108479066,0.9446043921403804,0.8825357997118038,0.8189152846257284,0.8189152846257285,0.5061736561273538,11.03899596593456
cicids2017,R3_holdout_GoldenEye,xgb,42,8,7891.394795086545,0.9405695071976463,0.8824583933050679,0.82296867907399,0.8229686790739902,0.5058613547221366,11.179300953245574
cicids2017,R3_holdout_GoldenEye,xgb,42,9,8148.261556118276,0.9439529263423347,0.876752049740082,0.8077260755048288,0.807726075504829,0.5066987441234246,10.811237928007024
cicids2017,R3_holdout_GoldenEye,xgb,512,0,8072.994951057571,0.9420405589996848,0.8748246180801642,0.8058510638297872,0.8058510638297873,0.5064528226962871,10.916666666666668
cicids2017,R3_holdout_GoldenEye,xgb,512,1,8100.37240529008,0.9465167594830304,0.8818018764948937,0.8153710247349824,0.8153710247349824,0.5065422210454315,10.87809187279152
cicids2017,R3_holdout_GoldenEye,xgb,512,2,8247.37388092298,0.9436377009561837,0.8803921903113815,0.8153446033810143,0.8153446033810142,0.5070232784133575,10.67533593411357
cicids2017,R3_holdout_GoldenEye,xgb,512,3,7932.545974744464,0.9442051066512557,0.8787657872289116,0.8117381489841986,0.8117381489841986,0.5059951509808244,11.118735891647857
cicids2017,R3_holdout_GoldenEye,xgb,512,4,8110.6366584744555,0.9434695807502365,0.8736358936835285,0.8019408910454345,0.8019408910454346,0.5065757535637053,10.86369651521835
cicids2017,R3_holdout_GoldenEye,xgb,512,5,7922.260054411723,0.9422507092571188,0.8812198773775,0.8187160940325497,0.8187160940325497,0.5059616952813347,11.133815551537072
cicids2017,R3_holdout_GoldenEye,xgb,512,6,8226.877470685082,0.9448775874750447,0.8842031189129799,0.8218166014776185,0.8218166014776184,0.5069560992845156,10.703172533681009
cicids2017,R3_holdout_GoldenEye,xgb,512,7,7997.661113055447,0.9395818009877062,0.8770231208943051,0.8128916741271263,0.8128916741271265,0.5062071398646116,11.024171888988363
cicids2017,R3_holdout_GoldenEye,xgb,512,8,7925.688833384391,0.9442051066512557,0.8762231527471355,0.8065973791233619,0.8065973791233619,0.5059728466895883,11.128784455490287
cicids2017,R3_holdout_GoldenEye,xgb,512,9,8100.372405290083,0.9432174004413155,0.8823101956671818,0.8197879858657244,0.8197879858657243,0.5065422210454315,10.87809187279152
cicids2017,R3_holdout_GoldenEye,xgb,6021,0,7915.402079886889,0.9433014605442892,0.8754080929575878,0.8058823529411765,0.8058823529411764,0.5059393939393939,11.143891402714932
cicids2017,R3_holdout_GoldenEye,xgb,6021,1,8158.5199742384775,0.9422507092571188,0.8768837928420522,0.809732573432705,0.809732573432705,0.5067322973688857,10.797018851380974
cicids2017,R3_holdout_GoldenEye,xgb,6021,2,8103.7939619400195,0.9457602185562677,0.8827674800068044,0.8181015452538631,0.8181015452538631,0.5065533980582524,10.873289183222958
cicids2017,R3_holdout_GoldenEye,xgb,6021,3,8281.523446931844,0.9434275506987496,0.8766511597985853,0.8079413034095814,0.8079413034095815,0.5071352832022621,10.629261976694002
cicids2017,R3_holdout_GoldenEye,xgb,6021,4,8090.106901823206,0.942103604076915,0.8846795829779153,0.8257408226448474,0.8257408226448475,0.5065086929661989,10.892525431225122
cicids2017,R3_holdout_GoldenEye,xgb,6021,5,8018.213372265202,0.9432594304928024,0.8809042490769585,0.8169642857142857,0.8169642857142857,0.5062741206307201,10.994642857142859
cicids2017,R3_holdout_GoldenEye,xgb,6021,6,8329.309490188085,0.9447094672690974,0.875988716917727,0.8052338052338053,0.8052338052338054,0.5072921730675741,10.565422565422566
cicids2017,R3_holdout_GoldenEye,xgb,6021,7,7815.899037318724,0.9435956709046969,0.8837568398293351,0.8225584594222833,0.8225584594222836,0.5056162452647344,11.292067858780378
cicids2017,R3_holdout_GoldenEye,xgb,6021,8,8161.939169066915,0.9421666491541452,0.872344634286597,0.8006134969325154,0.8006134969325155,0.5067434827715604,10.792287467134095
cicids2017,R3_holdout_GoldenEye,xgb,6021,9,7853.655315848662,0.945150782809709,0.8820669692908791,0.8175182481751825,0.8175182481751826,0.5057387702949794,11.235401459854016
cicids2017,R3_holdout_GoldenEye,xgb,7,0,7980.530411015441,0.9459493537879584,0.8756005984116517,0.8034993270524899,0.8034993270524899,0.5061513360966575,11.04890085240018
cicids2017,R3_holdout_GoldenEye,xgb,7,1,8206.3760577779,0.9437848061363875,0.8763207390023974,0.8069716775599128,0.806971677559913,0.5068889379553986,10.731154684095863
cicids2017,R3_holdout_GoldenEye,xgb,7,2,8045.6086065187865,0.9414941683303562,0.870900872750989,0.7984875444839857,0.7984875444839858,0.5063634558969495,10.955516014234876
cicids2017,R3_holdout_GoldenEye,xgb,7,3,8274.694645545327,0.9424398444888095,0.876491283596592,0.8086393088552916,0.8086393088552916,0.5071128782858405,10.638444924406048
cicids2017,R3_holdout_GoldenEye,xgb,7,4,8031.912100569384,0.94447830198592,0.8783880911161381,0.8106060606060606,0.8106060606060608,0.5063187843232395,10.975044563279859
cicids2017,R3_holdout_GoldenEye,xgb,7,5,7983.956829187761,0.9414731533046128,0.8753730848994773,0.8076233183856503,0.8076233183856504,0.5061624958659464,11.043946188340808
cicids2017,R3_holdout_GoldenEye,xgb,7,6,8045.6086065187865,0.944688452243354,0.8821802666327417,0.8180604982206405,0.8180604982206405,0.5063634558969495,10.955516014234876
cicids2017,R3_holdout_GoldenEye,xgb,7,7,8079.840148105021,0.9431123253125985,0.8787338622941042,0.812666076173605,0.8126660761736048,0.5064751693251264,10.906997342781223
cicids2017,R3_holdout_GoldenEye,xgb,7,8,7822.76506469811,0.943448565724493,0.8744806734500757,0.803939532753092,0.8039395327530923,0.5056385181269548,11.28172240036647
cicids2017,R3_holdout_GoldenEye,xgb,7,9,8018.213372265202,0.9429862351581381,0.8779005639420872,0.8111607142857142,0.8111607142857143,0.5062741206307201,10.994642857142859
cicids2017,R3_holdout_GoldenEye,xgb,88,0,8223.460915934727,0.9459703688137018,0.8785007420709339,0.8091304347826087,0.8091304347826087,0.5069449044937617,10.707826086956523
cicids2017,R3_holdout_GoldenEye,xgb,88,1,8021.638262682965,0.9415572134075865,0.8769998362944408,0.8107987505577867,0.8107987505577866,0.5062852858151023,10.989736724676485
cicids2017,R3_holdout_GoldenEye,xgb,88,2,7702.529421340388,0.9422927393086057,0.8761774244378977,0.8086592178770949,0.8086592178770949,0.505249026124084,11.465549348230914
cicids2017,R3_holdout_GoldenEye,xgb,88,3,7939.4025606498135,0.9445413470631502,0.8841475435140481,0.8222823635543527,0.8222823635543527,0.5060174572385823,11.108705457825893
cicids2017,R3_holdout_GoldenEye,xgb,88,4,7863.949567205505,0.9448355574235578,0.880008619927632,0.8136674259681094,0.8136674259681095,0.505772196519057,11.22004555808656
cicids2017,R3_holdout_GoldenEye,xgb,88,5,7905.114076668237,0.9426079646947567,0.8841011889137242,0.8241957408246489,0.8241957408246489,0.5059059456124113,11.159039420027186
cicids2017,R3_holdout_GoldenEye,xgb,88,6,8226.877470685082,0.9430913102868551,0.8796549010328931,0.8144285093437635,0.8144285093437637,0.5069560992845156,10.703172533681009
cicids2017,R3_holdout_GoldenEye,xgb,88,7,7990.809248888223,0.9438478512136177,0.8782119362486227,0.8109318996415771,0.8109318996415771,0.506184816880912,11.034050179211471
cicids2017,R3_holdout_GoldenEye,xgb,88,8,7970.2503232240315,0.9436797310076704,0.8856316994026918,0.8261455525606469,0.8261455525606469,0.506117859741176,11.063791554357593
cicids2017,R3_holdout_GoldenEye,xgb,88,9,8168.77714189939,0.9434905957759798,0.8733207997878002,0.8012259194395797,0.8012259194395797,0.5067658550583872,10.782837127845886
cicids2017,R3_holdout_GoldenEye,xgb,91,0,7929.117473495689,0.946033413890932,0.8818787246405441,0.8161698283649503,0.8161698283649502,0.5059839985894073,11.12375790424571
cicids2017,R3_holdout_GoldenEye,xgb,91,1,7887.964627563683,0.9406955973521067,0.8770953088897646,0.8119891008174387,0.8119891008174388,0.5058502082277505,11.184377838328793
cicids2017,R3_holdout_GoldenEye,xgb,91,2,7956.5415952381645,0.9441840916255122,0.8790584353064792,0.8123312331233123,0.8123312331233122,0.5060732314882173,11.083708370837085
cicids2017,R3_holdout_GoldenEye,xgb,91,3,7867.380706644817,0.9464747294315435,0.8829065602782763,0.8178506375227687,0.8178506375227688,0.5057833395756681,11.214936247723134
cicids2017,R3_holdout_GoldenEye,xgb,91,4,8059.302890039491,0.9449616475780183,0.8835796788376845,0.8206039076376554,0.8206039076376556,0.5064081353539364,10.936056838365898
cicids2017,R3_holdout_GoldenEye,xgb,91,5,8254.204905921515,0.942103604076915,0.8852468582107382,0.826764833261152,0.826764833261152,0.5070456754130224,10.666089216110871
cicids2017,R3_holdout_GoldenEye,xgb,91,6,8155.100640470124,0.9431123253125985,0.8803066507029259,0.8157894736842105,0.8157894736842105,0.5067211124599934,10.801754385964912
cicids2017,R3_holdout_GoldenEye,xgb,91,7,7894.824823759589,0.9421666491541452,0.8763572749035811,0.808983666061706,0.8089836660617058,0.5058725017077632,11.174228675136117
cicids2017,R3_holdout_GoldenEye,xgb,91,8,8155.100640470126,0.947735630976148,0.8843801804061778,0.8192982456140351,0.819298245614035,0.5067211124599934,10.801754385964912
cicids2017,R3_holdout_GoldenEye,xgb,91,9,8103.7939619400195,0.9456551434275507,0.8803178244298978,0.8132450331125828,0.8132450331125826,0.5065533980582524,10.873289183222958
cicids2017,R4_holdout_Slowloris_Slowhttptest,mlp,12345,0,6137.220265638986,0.9278296663114566,0.6325138695558704,0.3401400233372229,0.34014002333722276,0.4974970202622169,14.528588098016336
cicids2017,R4_holdout_Slowloris_Slowhttptest,mlp,12345,1,6171.883569485124,0.9289997701581729,0.6429505443063229,0.35962877030162416,0.35962877030162405,0.49760485531592064,14.44431554524362
cicids2017,R4_holdout_Slowloris_Slowhttptest,mlp,12345,2,6130.286004934499,0.9284774023694603,0.6362519515961568,0.3469626168224299,0.3469626168224298,0.4974754588597308,14.54556074766355
cicids2017,R4_holdout_Slowloris_Slowhttptest,mlp,12345,3,6396.869978701768,0.9285818759272029,0.6433170684900498,0.35997764114030184,0.35997764114030195,0.49830692424571305,13.91950810508664
cicids2017,R4_holdout_Slowloris_Slowhttptest,mlp,12345,4,6185.745157652915,0.9271401408303558,0.6416314752208461,0.3587962962962963,0.3587962962962964,0.49764800242786844,14.410879629629628
cicids2017,R4_holdout_Slowloris_Slowhttptest,mlp,12345,5,6244.633104801132,0.92904155958127,0.6389126009302113,0.3512893982808023,0.35128939828080236,0.4978314611614694,14.270487106017193
cicids2017,R4_holdout_Slowloris_Slowhttptest,mlp,12345,6,6282.7165329841955,0.9276207191959716,0.6403138869159544,0.3553530751708428,0.35535307517084286,0.49795024184977116,14.18109339407745
cicids2017,R4_holdout_Slowloris_Slowhttptest,mlp,12345,7,6234.243914588639,0.9309220836206357,0.6346563259164673,0.3409873708381171,0.3409873708381171,0.4977990762625496,14.295063145809413
cicids2017,R4_holdout_Slowloris_Slowhttptest,mlp,12345,8,6126.818674598543,0.9301907687164379,0.6421929732630011,0.3571011104617183,0.3571011104617182,0.4974646788593222,14.554061952074811
cicids2017,R4_holdout_Slowloris_Slowhttptest,mlp,12345,9,6206.5335396123055,0.9260536158298335,0.6376071979422788,0.3517877739331027,0.35178777393310273,0.4977127371273713,14.361014994232987
cicids2017,R4_holdout_Slowloris_Slowhttptest,mlp,1337,0,6085.200311906006,0.9223343571741992,0.5214316186369711,0.12477928193054738,0.12477928193054741,0.4973353552859619,14.656856974690994
cicids2017,R4_holdout_Slowloris_Slowhttptest,mlp,1337,1,6351.917781461841,0.9204747278463821,0.5212787432929582,0.125,0.12499999999999999,0.4981663520170128,14.021396396396396
cicids2017,R4_holdout_Slowloris_Slowhttptest,mlp,1337,2,6106.011892890311,0.9214567792891619,0.5255424622178548,0.13372434017595308,0.1337243401759531,0.49740000866663775,14.605278592375367
cicids2017,R4_holdout_Slowloris_Slowhttptest,mlp,1337,3,6216.925930386661,0.9208926220773522,0.5188023113410324,0.1203223949337939,0.12032239493379386,0.4977451107931139,14.336211859527923
cicids2017,R4_holdout_Slowloris_Slowhttptest,mlp,1337,4,6171.883569485123,0.9204329384232851,0.5224140609706772,0.12819025522041763,0.1281902552204176,0.49760485531592064,14.44431554524362
cicids2017,R4_holdout_Slowloris_Slowhttptest,mlp,1337,5,6109.480023132098,0.9199523600576694,0.5268254487198605,0.13774912075029308,0.13774912075029308,0.4974107858644075,14.596717467760843
cicids2017,R4_holdout_Slowloris_Slowhttptest,mlp,1337,6,6022.736776020567,0.9207672538080611,0.5208706726540088,0.1255205234979179,0.12552052349791792,0.4971414959504526,14.813801308744797
cicids2017,R4_holdout_Slowloris_Slowhttptest,mlp,1337,7,6140.687196005005,0.9225015148665873,0.5228253445633835,0.1271137026239067,0.1271137026239067,0.4975078016643551,14.520116618075804
cicids2017,R4_holdout_Slowloris_Slowhttptest,mlp,1337,8,6067.853661835278,0.9206627802503187,0.5299422535621986,0.14344746162927982,0.14344746162927985,0.49728149030650926,14.700118063754426
cicids2017,R4_holdout_Slowloris_Slowhttptest,mlp,1337,9,6424.521662273304,0.9170271004408784,0.5184501328801512,0.12242626599888703,0.12242626599888701,0.49839346967131254,13.857540345019476
cicids2017,R4_holdout_Slowloris_Slowhttptest,mlp,2024,0,6050.503679280746,0.9289370860235274,0.6419863121630751,0.35820011841326227,0.3582001184132623,0.49722763699371886,14.743635287152161
cicids2017,R4_holdout_Slowloris_Slowhttptest,mlp,2024,1,6206.5335396123055,0.9297937691970163,0.6333856561747236,0.33967704728950404,0.33967704728950404,0.4977127371273713,14.361014994232987
cicids2017,R4_holdout_Slowloris_Slowhttptest,mlp,2024,2,6317.323826732294,0.9276625086190685,0.6311439892781372,0.3369195922989808,0.33691959229898066,0.4980582734905517,14.10079275198188
cicids2017,R4_holdout_Slowloris_Slowhttptest,mlp,2024,3,6355.376443240178,0.9324265028521281,0.6387537079928731,0.34721440630275746,0.3472144063027574,0.49817716244954646,14.013505908835116
cicids2017,R4_holdout_Slowloris_Slowhttptest,mlp,2024,4,6275.793473663418,0.9274953509266805,0.6413012671453622,0.35746864310148235,0.35746864310148224,0.49792864114521207,14.197263397947548
cicids2017,R4_holdout_Slowloris_Slowhttptest,mlp,2024,5,6358.834971614445,0.9298146639085647,0.6379253201790098,0.3481439820022497,0.3481439820022498,0.49818797335127274,14.00562429696288
cicids2017,R4_holdout_Slowloris_Slowhttptest,mlp,2024,6,6067.853661835279,0.9305041893896655,0.6413745424065572,0.35537190082644626,0.35537190082644643,0.49728149030650926,14.700118063754426
cicids2017,R4_holdout_Slowloris_Slowhttptest,mlp,2024,7,6313.863697592493,0.928957980735076,0.6352913385394192,0.34390934844192633,0.3439093484419264,0.49804746821712154,14.108781869688386
cicids2017,R4_holdout_Slowloris_Slowhttptest,mlp,2024,8,6365.751628145726,0.9304206105434715,0.6411444512626061,0.3539325842696629,0.3539325842696629,0.4982095965624254,13.989887640449439
cicids2017,R4_holdout_Slowloris_Slowhttptest,mlp,2024,9,6074.792721770453,0.9279759292922961,0.6313233125787874,0.33785377358490565,0.3378537735849057,0.4973030348980786,14.682783018867925
cicids2017,R4_holdout_Slowloris_Slowhttptest,mlp,3407,0,6223.853524137058,0.9175703629411396,0.48215087884254126,0.05060379528464635,0.050603795284646334,0.4977666955767563,14.319723979298447
cicids2017,R4_holdout_Slowloris_Slowhttptest,mlp,3407,1,6286.177862578874,0.9182180989991433,0.4806672317658955,0.0466704610130905,0.04667046101309049,0.49796104290486315,14.17302219692658
cicids2017,R4_holdout_Slowloris_Slowhttptest,mlp,3407,2,6345.000057697999,0.9161704172673896,0.4815630992823058,0.050169109357384445,0.050169109357384424,0.4981447325594011,14.037204058624576
cicids2017,R4_holdout_Slowloris_Slowhttptest,mlp,3407,3,6192.675151688438,0.9178419941912702,0.4840762927452978,0.05433526011560694,0.05433526011560695,0.49766957878991525,14.394219653179192
cicids2017,R4_holdout_Slowloris_Slowhttptest,mlp,3407,4,6296.561051084887,0.9199105706345724,0.4846359202637734,0.05284090909090909,0.05284090909090908,0.4979934488817545,14.148863636363636
cicids2017,R4_holdout_Slowloris_Slowhttptest,mlp,3407,5,6133.753201948396,0.9185315196723709,0.4868788016931691,0.0595446584938704,0.05954465849387042,0.4974862393273523,14.537069468768243
cicids2017,R4_holdout_Slowloris_Slowhttptest,mlp,3407,6,6154.5535841980845,0.9154599970747404,0.4806250426811416,0.05002908667830134,0.05002908667830135,0.49755093194625055,14.486329261198371
cicids2017,R4_holdout_Slowloris_Slowhttptest,mlp,3407,7,6268.86988084247,0.9149167345744792,0.4830554281629961,0.0547945205479452,0.05479452054794521,0.497907042314616,14.213470319634704
cicids2017,R4_holdout_Slowloris_Slowhttptest,mlp,3407,8,6351.91778146184,0.915940575440356,0.4842646102386455,0.05574324324324324,0.055743243243243236,0.4981663520170128,14.021396396396396
cicids2017,R4_holdout_Slowloris_Slowhttptest,mlp,3407,9,6421.065668816224,0.9176121523642367,0.4844137816886389,0.05400890868596882,0.05400890868596882,0.49838264984911973,13.865256124721602
cicids2017,R4_holdout_Slowloris_Slowhttptest,mlp,42,0,6050.503679280747,0.9269938778495163,0.6246479935396366,0.3256364712847839,0.3256364712847839,0.49722763699371886,14.743635287152161
cicids2017,R4_holdout_Slowloris_Slowhttptest,mlp,42,1,6185.745157652916,0.927516245638229,0.62873655975708,0.33275462962962965,0.3327546296296297,0.49764800242786844,14.410879629629628
cicids2017,R4_holdout_Slowloris_Slowhttptest,mlp,42,2,6123.351210941786,0.9280804028500387,0.6253720562656309,0.32573099415204676,0.3257309941520468,0.4974538993260959,14.562573099415205
cicids2017,R4_holdout_Slowloris_Slowhttptest,mlp,42,3,6154.5535841980845,0.9281430869846842,0.6199281529738992,0.314717859220477,0.3147178592204771,0.49755093194625055,14.486329261198371
cicids2017,R4_holdout_Slowloris_Slowhttptest,mlp,42,4,6230.780584462995,0.9273281932342924,0.628343937134999,0.33199310740953475,0.33199310740953464,0.49778828223253396,14.303273980470992
cicids2017,R4_holdout_Slowloris_Slowhttptest,mlp,42,5,6015.793717350705,0.9269102990033222,0.627314084614315,0.33114949374627756,0.33114949374627756,0.49711996535296665,14.831447290053603
cicids2017,R4_holdout_Slowloris_Slowhttptest,mlp,42,6,6158.019847922299,0.9316533985248333,0.6294765433304862,0.3302325581395349,0.330232558139535,0.49756171568521207,14.477906976744185
cicids2017,R4_holdout_Slowloris_Slowhttptest,mlp,42,7,6320.7838224819125,0.9266595624647401,0.6220333840563489,0.31975099037917376,0.3197509903791738,0.49806907923283866,14.092812676853423
cicids2017,R4_holdout_Slowloris_Slowhttptest,mlp,42,8,6289.639058794725,0.9278714557345535,0.6271120364961412,0.32878270762229805,0.3287827076222981,0.49797184442853737,14.164960182025029
cicids2017,R4_holdout_Slowloris_Slowhttptest,mlp,42,9,6383.0409348143485,0.9301489792933408,0.6267696961492885,0.3254901960784314,0.3254901960784314,0.4982636628033164,13.950700280112045
cicids2017,R4_holdout_Slowloris_Slowhttptest,mlp,512,0,6060.9140687026975,0.9265132994839006,0.6434514844261079,0.36347517730496454,0.36347517730496465,0.4972599475816059,14.717494089834515
cicids2017,R4_holdout_Slowloris_Slowhttptest,mlp,512,1,6168.4178390970455,0.9264297206377066,0.6449778920499013,0.3662217063261753,0.36622170632617534,0.49759406970695336,14.45269878119559
cicids2017,R4_holdout_Slowloris_Slowhttptest,mlp,512,2,6223.853524137057,0.9269729831379678,0.6346997649930051,0.3450258769407706,0.34502587694077047,0.4977666955767563,14.319723979298447
cicids2017,R4_holdout_Slowloris_Slowhttptest,mlp,512,3,6171.883569485124,0.9315907143901878,0.6398686232822786,0.3509280742459397,0.3509280742459395,0.49760485531592064,14.44431554524362
cicids2017,R4_holdout_Slowloris_Slowhttptest,mlp,512,4,6178.814630248438,0.9286863494849453,0.6356120161615356,0.34530706836616454,0.3453070683661645,0.49762642793661804,14.42757821552723
cicids2017,R4_holdout_Slowloris_Slowhttptest,mlp,512,5,6126.81867459854,0.929250506696755,0.6411378090285814,0.3559322033898305,0.35593220338983056,0.4974646788593222,14.554061952074811
cicids2017,R4_holdout_Slowloris_Slowhttptest,mlp,512,6,6203.06914265289,0.9292087172736581,0.6439107540702343,0.36122331217541837,0.3612233121754184,0.4977019468412609,14.369301788805538
cicids2017,R4_holdout_Slowloris_Slowhttptest,mlp,512,7,6164.951975373045,0.9269102990033222,0.6459013549723355,0.367595818815331,0.36759581881533115,0.4975832845655331,14.461091753774681
cicids2017,R4_holdout_Slowloris_Slowhttptest,mlp,512,8,6199.604612344934,0.9258028792912514,0.6385441144519641,0.3539260969976905,0.3539260969976904,0.4976911570230017,14.377598152424943
cicids2017,R4_holdout_Slowloris_Slowhttptest,mlp,512,9,6147.620656758262,0.9308176100628931,0.6316723365445656,0.33546884100174723,0.33546884100174734,0.49752936587057345,14.503203261502621
cicids2017,R4_holdout_Slowloris_Slowhttptest,mlp,6021,0,6182.279960621165,0.9268685095802253,0.619487086584427,0.314997104806022,0.31499710480602205,0.49763721494840896,14.419224088013896
cicids2017,R4_holdout_Slowloris_Slowhttptest,mlp,6021,1,6348.458986280689,0.9285400865041058,0.630215848455884,0.3340845070422535,0.33408450704225345,0.49815554205364115,14.029295774647887
cicids2017,R4_holdout_Slowloris_Slowhttptest,mlp,6021,2,6060.914068702694,0.9276625086190685,0.6152015541166251,0.3061465721040189,0.30614657210401897,0.4972599475816059,14.717494089834515
cicids2017,R4_holdout_Slowloris_Slowhttptest,mlp,6021,3,6060.914068702695,0.9294385591006916,0.6181646067199016,0.3102836879432624,0.3102836879432625,0.4972599475816059,14.717494089834515
cicids2017,R4_holdout_Slowloris_Slowhttptest,mlp,6021,4,6116.415883670954,0.9269938778495163,0.6208908796721456,0.31791569086651056,0.31791569086651056,0.4974323416610691,14.579625292740047
cicids2017,R4_holdout_Slowloris_Slowhttptest,mlp,6021,5,6026.208105431693,0.9255103533295723,0.6176705513180198,0.31331747919143876,0.3133174791914388,0.49715226194858914,14.80499405469679
cicids2017,R4_holdout_Slowloris_Slowhttptest,mlp,6021,6,6213.461933480448,0.92764161390752,0.6121673125000124,0.2995391705069124,0.29953917050691237,0.4977343191032673,14.34447004608295
cicids2017,R4_holdout_Slowloris_Slowhttptest,mlp,6021,7,6154.553584198086,0.9282475605424267,0.6182263849612833,0.3112274578243165,0.3112274578243165,0.49755093194625055,14.486329261198371
cicids2017,R4_holdout_Slowloris_Slowhttptest,mlp,6021,8,6095.606702290637,0.9280804028500387,0.6145722506541962,0.30434782608695654,0.30434782608695654,0.4973676798752085,14.631022326674502
cicids2017,R4_holdout_Slowloris_Slowhttptest,mlp,6021,9,6459.074258023201,0.9251760379447962,0.6091257827608573,0.2949640287769784,0.2949640287769784,0.49850169373751413,13.780852241283895
cicids2017,R4_holdout_Slowloris_Slowhttptest,mlp,7,0,6296.5610510848865,0.9293758749660461,0.6325355392792009,0.3380681818181818,0.3380681818181817,0.4979934488817545,14.148863636363636
cicids2017,R4_holdout_Slowloris_Slowhttptest,mlp,7,1,6220.389793939285,0.9287072441964939,0.6373902970385281,0.3486766398158803,0.34867663981588043,0.4977559029509334,14.327963176064442
cicids2017,R4_holdout_Slowloris_Slowhttptest,mlp,7,2,6130.2860049345,0.9280804028500387,0.6319450244192081,0.338785046728972,0.3387850467289718,0.4974754588597308,14.54556074766355
cicids2017,R4_holdout_Slowloris_Slowhttptest,mlp,7,3,6144.153993045184,0.9287908230426879,0.6237280734027816,0.32167832167832167,0.32167832167832167,0.4975185835337971,14.511655011655012
cicids2017,R4_holdout_Slowloris_Slowhttptest,mlp,7,4,6300.021847156687,0.9271819302534529,0.6344886544298793,0.3441226575809199,0.34412265758091987,0.49800425181135843,14.14082907438955
cicids2017,R4_holdout_Slowloris_Slowhttptest,mlp,7,5,6161.485978314378,0.9294176643891431,0.6317774528534958,0.337013364323068,0.33701336432306805,0.49757249989162944,14.469494479953514
cicids2017,R4_holdout_Slowloris_Slowhttptest,mlp,7,6,6199.604612344937,0.9298355586201132,0.6321406603563662,0.3371824480369515,0.3371824480369514,0.4976911570230017,14.377598152424943
cicids2017,R4_holdout_Slowloris_Slowhttptest,mlp,7,7,6369.209756300215,0.9286027706387513,0.6362009172749231,0.3458731049971926,0.3458731049971925,0.4982204088719129,13.98203256597417
cicids2017,R4_holdout_Slowloris_Slowhttptest,mlp,7,8,6199.604612344935,0.9298564533316618,0.6408515590592033,0.35450346420323325,0.35450346420323314,0.4976911570230017,14.377598152424943
cicids2017,R4_holdout_Slowloris_Slowhttptest,mlp,7,9,6130.286004934499,0.9268267201571282,0.6319084094261248,0.3399532710280374,0.33995327102803724,0.4974754588597308,14.54556074766355
cicids2017,R4_holdout_Slowloris_Slowhttptest,mlp,88,0,6317.323826732294,0.9296266115046282,0.635248704315466,0.3431483578708947,0.3431483578708946,0.4980582734905517,14.10079275198188
cicids2017,R4_holdout_Slowloris_Slowhttptest,mlp,88,1,6331.163009377019,0.9254267744833783,0.6313751073048227,0.33954802259887007,0.33954802259887,0.4981014992731454,14.068926553672318
cicids2017,R4_holdout_Slowloris_Slowhttptest,mlp,88,2,6203.06914265289,0.9282684552539752,0.6402545099809415,0.35487593768032316,0.3548759376803232,0.4977019468412609,14.369301788805538
cicids2017,R4_holdout_Slowloris_Slowhttptest,mlp,88,3,6203.06914265289,0.9297728744854677,0.6259314223357847,0.32487016733987306,0.3248701673398731,0.4977019468412609,14.369301788805538
cicids2017,R4_holdout_Slowloris_Slowhttptest,mlp,88,4,6126.818674598542,0.9290206648697215,0.6325059230219637,0.3389830508474576,0.33898305084745756,0.4974646788593222,14.554061952074811
cicids2017,R4_holdout_Slowloris_Slowhttptest,mlp,88,5,6043.562753198768,0.9296057167930797,0.6341748560097317,0.34202726733847066,0.34202726733847055,0.49720609893441914,14.76111440426793
cicids2017,R4_holdout_Slowloris_Slowhttptest,mlp,88,6,6081.731248498133,0.928957980735076,0.6310323102717367,0.33627797408716137,0.3362779740871613,0.4973245813565564,14.665488810365135
cicids2017,R4_holdout_Slowloris_Slowhttptest,mlp,88,7,6237.7071113543825,0.9293758749660461,0.6257274200336654,0.3247274813539874,0.3247274813539874,0.4978098707606904,14.286861732644866
cicids2017,R4_holdout_Slowloris_Slowhttptest,mlp,88,8,6209.997803221904,0.9284774023694603,0.6230851165639891,0.32046109510086457,0.3204610951008647,0.49772352788136326,14.352737752161381
cicids2017,R4_holdout_Slowloris_Slowhttptest,mlp,88,9,6223.8535241370555,0.9279759292922961,0.6366430272384823,0.3479010925819436,0.34790109258194357,0.4977666955767563,14.319723979298447
cicids2017,R4_holdout_Slowloris_Slowhttptest,mlp,91,0,6234.24391458864,0.9315280302555423,0.6479310089717177,0.3668197474167623,0.3668197474167623,0.4977990762625496,14.295063145809413
cicids2017,R4_holdout_Slowloris_Slowhttptest,mlp,91,1,6306.943039147383,0.9289788754466245,0.6443114877092484,0.3618831537152581,0.3618831537152582,0.4980258590767095,14.124787294384573
cicids2017,R4_holdout_Slowloris_Slowhttptest,mlp,91,2,6417.609541931089,0.929166927850561,0.6463954578755423,0.36545961002785515,0.3654596100278552,0.49837183049670025,13.872980501392757
cicids2017,R4_holdout_Slowloris_Slowhttptest,mlp,91,3,6189.210221342424,0.9264924047723521,0.6493460910914814,0.3747831116252169,0.3747831116252169,0.4976587903750271,14.402544823597456
cicids2017,R4_holdout_Slowloris_Slowhttptest,mlp,91,4,5994.961342650914,0.9314026619862513,0.6586651905947328,0.3891213389121339,0.389121338912134,0.49705538474862515,14.884638374178122
cicids2017,R4_holdout_Slowloris_Slowhttptest,mlp,91,5,6320.783822481914,0.9285609812156543,0.6437166739043708,0.36106395019807586,0.36106395019807597,0.49806907923283866,14.092812676853423
cicids2017,R4_holdout_Slowloris_Slowhttptest,mlp,91,6,6324.24368484008,0.9281848764077812,0.6530852830781295,0.38009049773755654,0.3800904977375565,0.49807988544401294,14.084841628959275
cicids2017,R4_holdout_Slowloris_Slowhttptest,mlp,91,7,6189.210221342425,0.9255103533295723,0.6479857488100444,0.373048004626952,0.37304800462695203,0.4976587903750271,14.402544823597456
cicids2017,R4_holdout_Slowloris_Slowhttptest,mlp,91,8,6383.040934814347,0.9281430869846842,0.646570506823388,0.36694677871148457,0.36694677871148457,0.4982636628033164,13.950700280112045
cicids2017,R4_holdout_Slowloris_Slowhttptest,mlp,91,9,6161.485978314376,0.9311728201592177,0.653086519666326,0.3776873910517141,0.3776873910517141,0.49757249989162944,14.469494479953514
cicids2017,R4_holdout_Slowloris_Slowhttptest,rf,12345,0,6040.092090221362,0.9281848764077812,0.5968826146641282,0.269276393831554,0.26927639383155394,0.4971953306044658,14.769869513641755
cicids2017,R4_holdout_Slowloris_Slowhttptest,rf,12345,1,6438.3443017958125,0.9213314110198708,0.5970787451253432,0.27484730705163796,0.2748473070516379,0.49843675365843065,13.826762909494725
cicids2017,R4_holdout_Slowloris_Slowhttptest,rf,12345,2,6286.177862578874,0.9272864038111954,0.5954771671609747,0.2663631189527604,0.2663631189527604,0.49796104290486315,14.17302219692658
cicids2017,R4_holdout_Slowloris_Slowhttptest,rf,12345,3,6102.5436293353,0.9263879312146096,0.5940970172416964,0.2652582159624413,0.26525821596244137,0.4973892319358683,14.613849765258216
cicids2017,R4_holdout_Slowloris_Slowhttptest,rf,12345,4,6279.255070011959,0.9283938235232663,0.5973110149903188,0.26894586894586897,0.2689458689458689,0.4979394412632309,14.189173789173788
cicids2017,R4_holdout_Slowloris_Slowhttptest,rf,12345,5,6244.633104801135,0.9254058797718298,0.5982529300992784,0.27392550143266475,0.2739255014326648,0.4978314611614694,14.270487106017193
cicids2017,R4_holdout_Slowloris_Slowhttptest,rf,12345,6,6351.91778146184,0.9260536158298335,0.5969594672411901,0.2702702702702703,0.2702702702702703,0.4981663520170128,14.021396396396396
cicids2017,R4_holdout_Slowloris_Slowhttptest,rf,12345,7,6078.2620517858595,0.9256775110219604,0.5960211978613472,0.26988803771361225,0.2698880377136123,0.4973138078939387,14.674130819092516
cicids2017,R4_holdout_Slowloris_Slowhttptest,rf,12345,8,6161.485978314375,0.9267431413109342,0.5971656058505669,0.2707728065078443,0.27077280650784435,0.49757249989162944,14.469494479953514
cicids2017,R4_holdout_Slowloris_Slowhttptest,rf,12345,9,6234.243914588638,0.9263670365030611,0.6003886539980208,0.2772675086107922,0.2772675086107922,0.4977990762625496,14.295063145809413
cicids2017,R4_holdout_Slowloris_Slowhttptest,rf,1337,0,6230.780584462994,0.9275371403497775,0.6298902567679526,0.33486502010338887,0.33486502010338876,0.49778828223253396,14.303273980470992
cicids2017,R4_holdout_Slowloris_Slowhttptest,rf,1337,1,6306.9430391473825,0.9279132451576506,0.6329611407869431,0.3403289846851957,0.3403289846851958,0.4980258590767095,14.124787294384573
cicids2017,R4_holdout_Slowloris_Slowhttptest,rf,1337,2,6099.0752324683235,0.9267222465993857,0.6256191852733273,0.3276570757486788,0.3276570757486789,0.4973784556720687,14.622431004110394
cicids2017,R4_holdout_Slowloris_Slowhttptest,rf,1337,3,6140.687196005004,0.9279341398691991,0.6356955036432523,0.34635568513119536,0.34635568513119536,0.4975078016643551,14.520116618075804
cicids2017,R4_holdout_Slowloris_Slowhttptest,rf,1337,4,6275.79347366342,0.9246536701560835,0.6312990034561956,0.3403648802736602,0.34036488027366013,0.49792864114521207,14.197263397947548
cicids2017,R4_holdout_Slowloris_Slowhttptest,rf,1337,5,6227.317120978713,0.9283938235232663,0.6312728515103868,0.3367816091954023,0.3367816091954024,0.497777488670613,14.311494252873562
cicids2017,R4_holdout_Slowloris_Slowhttptest,rf,1337,6,6296.5610510848865,0.9290624542928185,0.6397954637059817,0.3528409090909091,0.352840909090909,0.4979934488817545,14.148863636363636
cicids2017,R4_holdout_Slowloris_Slowhttptest,rf,1337,7,6040.09209022136,0.9252596167909902,0.6309167750414202,0.3398576512455516,0.3398576512455516,0.4971953306044658,14.769869513641755
cicids2017,R4_holdout_Slowloris_Slowhttptest,rf,1337,8,6199.604612344935,0.9256984057335088,0.6335618357853193,0.3441108545034642,0.3441108545034641,0.4976911570230017,14.377598152424943
cicids2017,R4_holdout_Slowloris_Slowhttptest,rf,1337,9,6389.9557235914435,0.9278714557345535,0.6307995539986875,0.33575825405707893,0.3357582540570788,0.49828529258551835,13.935086737548964
cicids2017,R4_holdout_Slowloris_Slowhttptest,rf,2024,0,6116.415883670955,0.930566873524311,0.6406170482180797,0.35362997658079626,0.3536299765807963,0.4974323416610691,14.579625292740047
cicids2017,R4_holdout_Slowloris_Slowhttptest,rf,2024,1,6234.24391458864,0.9285191917925573,0.633460168584091,0.3409873708381171,0.3409873708381171,0.4977990762625496,14.295063145809413
cicids2017,R4_holdout_Slowloris_Slowhttptest,rf,2024,2,6241.170174758972,0.9283938235232663,0.63436585714055,0.34288990825688076,0.34288990825688065,0.49782066572698686,14.278669724770642
cicids2017,R4_holdout_Slowloris_Slowhttptest,rf,2024,3,6251.558564793151,0.9270356672726133,0.628239174119047,0.3319977103606182,0.3319977103606181,0.4978530534351145,14.254149971379507
cicids2017,R4_holdout_Slowloris_Slowhttptest,rf,2024,4,6320.7838224819125,0.9292296119852066,0.6292786694216024,0.3316355404640634,0.33163554046406346,0.49806907923283866,14.092812676853423
cicids2017,R4_holdout_Slowloris_Slowhttptest,rf,2024,5,6383.040934814342,0.9238178816941433,0.6269881576628661,0.3322128851540616,0.3322128851540616,0.4982636628033164,13.950700280112045
cicids2017,R4_holdout_Slowloris_Slowhttptest,rf,2024,6,6092.1380388035195,0.9263670365030611,0.6294647345784129,0.3356848912404468,0.3356848912404467,0.4973569045452576,14.639623750734863
cicids2017,R4_holdout_Slowloris_Slowhttptest,rf,2024,7,6237.707111354383,0.9286863494849453,0.6357564248455654,0.3453815261044177,0.3453815261044177,0.4978098707606904,14.286861732644866
cicids2017,R4_holdout_Slowloris_Slowhttptest,rf,2024,8,6078.262051785858,0.9296057167930797,0.6314476655716944,0.33647613435474366,0.33647613435474377,0.4973138078939387,14.674130819092516
cicids2017,R4_holdout_Slowloris_Slowhttptest,rf,2024,9,6088.669242008227,0.9274117720804864,0.6300772201432635,0.33588235294117647,0.33588235294117647,0.4973461296821855,14.648235294117645
cicids2017,R4_holdout_Slowloris_Slowhttptest,rf,3407,0,6192.675151688439,0.9260327211182849,0.6371095082961314,0.3508670520231214,0.3508670520231214,0.49766957878991525,14.394219653179192
cicids2017,R4_holdout_Slowloris_Slowhttptest,rf,3407,1,6099.075232468323,0.932301134582837,0.6440363655890813,0.35877862595419846,0.35877862595419857,0.4973784556720687,14.622431004110394
cicids2017,R4_holdout_Slowloris_Slowhttptest,rf,3407,2,6154.553584198085,0.9294385591006916,0.6299260439519123,0.3333333333333333,0.3333333333333334,0.49755093194625055,14.486329261198371
cicids2017,R4_holdout_Slowloris_Slowhttptest,rf,3407,3,6074.792721770454,0.9287072441964939,0.6322798007249953,0.33903301886792453,0.33903301886792453,0.4973030348980786,14.682783018867925
cicids2017,R4_holdout_Slowloris_Slowhttptest,rf,3407,4,6341.5409957150205,0.9286863494849453,0.6330125314778869,0.3395375070501974,0.3395375070501974,0.49813392353426206,14.045121263395375
cicids2017,R4_holdout_Slowloris_Slowhttptest,rf,3407,5,6265.407884372597,0.9270356672726133,0.6347661308829116,0.3449457452884066,0.34494574528840666,0.49789624360197793,14.22158766419189
cicids2017,R4_holdout_Slowloris_Slowhttptest,rf,3407,6,6607.498346818768,0.9240059340980797,0.6338374903595925,0.34486486486486484,0.34486486486486495,0.49896759329696366,13.46054054054054
cicids2017,R4_holdout_Slowloris_Slowhttptest,rf,3407,7,6178.814630248438,0.9259700369836394,0.6264016245132206,0.32966396292004635,0.32966396292004635,0.49762642793661804,14.42757821552723
cicids2017,R4_holdout_Slowloris_Slowhttptest,rf,3407,8,6341.540995715017,0.9275371403497775,0.6395165812428665,0.3536379018612521,0.3536379018612521,0.49813392353426206,14.045121263395375
cicids2017,R4_holdout_Slowloris_Slowhttptest,rf,3407,9,5922.0102501284555,0.9286236653502998,0.6407667899699033,0.3565375302663438,0.3565375302663438,0.49682948471010885,15.073849878934624
cicids2017,R4_holdout_Slowloris_Slowhttptest,rf,42,0,6203.06914265289,0.9287072441964939,0.6410525822467138,0.35603000577034044,0.3560300057703405,0.4977019468412609,14.369301788805538
cicids2017,R4_holdout_Slowloris_Slowhttptest,rf,42,1,6327.703413805535,0.9269102990033222,0.6327714933563131,0.34087054833239117,0.34087054833239117,0.49809069212410506,14.07687959299039
cicids2017,R4_holdout_Slowloris_Slowhttptest,rf,42,2,6147.620656758265,0.9300445057355983,0.639481740889422,0.35177635410599883,0.3517763541059989,0.49752936587057345,14.503203261502621
cicids2017,R4_holdout_Slowloris_Slowhttptest,rf,42,3,6282.716532984196,0.9312563990054117,0.6466987598242371,0.36446469248291574,0.36446469248291574,0.49795024184977116,14.18109339407745
cicids2017,R4_holdout_Slowloris_Slowhttptest,rf,42,4,6164.951975373049,0.9271819302534529,0.6329071574668493,0.34146341463414637,0.3414634146341465,0.4975832845655331,14.461091753774681
cicids2017,R4_holdout_Slowloris_Slowhttptest,rf,42,5,6112.948020059406,0.9281848764077812,0.637174713261646,0.34915055653192734,0.34915055653192745,0.49742156352920786,14.588166373755124
cicids2017,R4_holdout_Slowloris_Slowhttptest,rf,42,6,6074.792721770453,0.9271192461188074,0.6451245540338896,0.36615566037735847,0.36615566037735847,0.4973030348980786,14.682783018867925
cicids2017,R4_holdout_Slowloris_Slowhttptest,rf,42,7,6403.783700135214,0.9273281932342924,0.6388615695012286,0.35231714126186486,0.35231714126186486,0.4983285577841452,13.903964265773311
cicids2017,R4_holdout_Slowloris_Slowhttptest,rf,42,8,6469.437434687669,0.9263461417915125,0.632756871914424,0.34088397790055247,0.3408839779005524,0.4985341701231297,13.758011049723756
cicids2017,R4_holdout_Slowloris_Slowhttptest,rf,42,9,6362.293366583385,0.9287699283311394,0.6415439610404281,0.3563799887577291,0.35637998875772897,0.49819878472222223,13.997751545812255
cicids2017,R4_holdout_Slowloris_Slowhttptest,rf,512,0,6338.081800333027,0.9295430326584342,0.6482568273699094,0.3690744920993228,0.3690744920993229,0.49812311497819345,14.053047404063205
cicids2017,R4_holdout_Slowloris_Slowhttptest,rf,512,1,6345.000057698,0.9286027706387513,0.6450456856540452,0.36358511837655016,0.36358511837655005,0.4981447325594011,14.037204058624576
cicids2017,R4_holdout_Slowloris_Slowhttptest,rf,512,2,6088.669242008227,0.9289370860235274,0.6405932277884958,0.3552941176470588,0.35529411764705876,0.4973461296821855,14.648235294117645
cicids2017,R4_holdout_Slowloris_Slowhttptest,rf,512,3,6071.323258453172,0.9292922961198521,0.6409692581869812,0.35575221238938054,0.3557522123893807,0.4972922623689455,14.691445427728615
cicids2017,R4_holdout_Slowloris_Slowhttptest,rf,512,4,6171.883569485123,0.9316742932363818,0.6393273875281135,0.34976798143851506,0.349767981438515,0.49760485531592064,14.44431554524362
cicids2017,R4_holdout_Slowloris_Slowhttptest,rf,512,5,6178.814630248438,0.9288952966004305,0.6380444923641327,0.3499420625724218,0.3499420625724217,0.49762642793661804,14.42757821552723
cicids2017,R4_holdout_Slowloris_Slowhttptest,rf,512,6,5928.960505091116,0.9301071898702439,0.6470790905610814,0.3675937122128174,0.36759371221281734,0.4968509901525809,15.055622732769045
cicids2017,R4_holdout_Slowloris_Slowhttptest,rf,512,7,6341.540995715018,0.9277669821768111,0.6475567642528539,0.3694303440496334,0.3694303440496334,0.49813392353426206,14.045121263395375
cicids2017,R4_holdout_Slowloris_Slowhttptest,rf,512,8,6144.153993045184,0.9311728201592177,0.6363331934265928,0.34440559440559443,0.3444055944055943,0.4975185835337971,14.511655011655012
cicids2017,R4_holdout_Slowloris_Slowhttptest,rf,512,9,6282.716532984198,0.930566873524311,0.6360628185914231,0.3439635535307517,0.3439635535307517,0.49795024184977116,14.18109339407745
cicids2017,R4_holdout_Slowloris_Slowhttptest,rf,6021,0,6074.792721770454,0.9298982427547587,0.6239800425493147,0.32134433962264153,0.32134433962264153,0.4973030348980786,14.682783018867925
cicids2017,R4_holdout_Slowloris_Slowhttptest,rf,6021,1,6133.753201948397,0.930566873524311,0.626341858657338,0.3251605370694688,0.32516053706946885,0.4974862393273523,14.537069468768243
cicids2017,R4_holdout_Slowloris_Slowhttptest,rf,6021,2,6365.7516281457265,0.9262625629453185,0.6303338256942402,0.3365168539325843,0.3365168539325843,0.4982095965624254,13.989887640449439
cicids2017,R4_holdout_Slowloris_Slowhttptest,rf,6021,3,6116.415883670958,0.9266386677531917,0.6165947796465842,0.30971896955503514,0.30971896955503514,0.4974323416610691,14.579625292740047
cicids2017,R4_holdout_Slowloris_Slowhttptest,rf,6021,4,6216.925930386659,0.9281430869846842,0.6247705677295351,0.32412204951065055,0.3241220495106505,0.4977451107931139,14.336211859527923
cicids2017,R4_holdout_Slowloris_Slowhttptest,rf,6021,5,6320.783822481913,0.9271192461188074,0.6239666877469576,0.32314657611771364,0.32314657611771375,0.49806907923283866,14.092812676853423
cicids2017,R4_holdout_Slowloris_Slowhttptest,rf,6021,6,6178.814630248437,0.9265550889069977,0.6252374501895673,0.3267670915411356,0.3267670915411356,0.49762642793661804,14.42757821552723
cicids2017,R4_holdout_Slowloris_Slowhttptest,rf,6021,7,6119.883613965508,0.9266595624647401,0.615932615875734,0.30836746635459333,0.3083674663545933,0.4974431202600217,14.571094207138678
cicids2017,R4_holdout_Slowloris_Slowhttptest,rf,6021,8,6255.021094740478,0.9269102990033222,0.6243533894136669,0.324370709382151,0.32437070938215107,0.497863850274338,14.24599542334096
cicids2017,R4_holdout_Slowloris_Slowhttptest,rf,6021,9,6144.153993045183,0.9301489792933408,0.6314314934952325,0.3356643356643357,0.33566433566433557,0.4975185835337971,14.511655011655012
cicids2017,R4_holdout_Slowloris_Slowhttptest,rf,7,0,6099.0752324683235,0.9267222465993857,0.6244386296788987,0.3253082795067528,0.3253082795067529,0.4973784556720687,14.622431004110394
cicids2017,R4_holdout_Slowloris_Slowhttptest,rf,7,1,6223.853524137058,0.9271401408303558,0.6272740194527274,0.3300747556066705,0.33007475560667043,0.4977666955767563,14.319723979298447
cicids2017,R4_holdout_Slowloris_Slowhttptest,rf,7,2,6248.095901479618,0.9251969326563447,0.6225235548828656,0.32245131729667814,0.32245131729667814,0.49784225706416846,14.262313860252004
cicids2017,R4_holdout_Slowloris_Slowhttptest,rf,7,3,6244.633104801136,0.9274744562151319,0.6231681128899342,0.3214899713467049,0.32148997134670493,0.4978314611614694,14.270487106017193
cicids2017,R4_holdout_Slowloris_Slowhttptest,rf,7,4,6008.850125559083,0.9274117720804864,0.6262497430910808,0.3285629099582588,0.3285629099582589,0.49709843662032827,14.849135360763267
cicids2017,R4_holdout_Slowloris_Slowhttptest,rf,7,5,6365.751628145726,0.9252596167909902,0.6227865302695098,0.32247191011235954,0.32247191011235954,0.4982095965624254,13.989887640449439
cicids2017,R4_holdout_Slowloris_Slowhttptest,rf,7,6,6223.853524137055,0.9263879312146096,0.6191018376749793,0.3145485911443358,0.31454859114433575,0.4977666955767563,14.319723979298447
cicids2017,R4_holdout_Slowloris_Slowhttptest,rf,7,7,6216.925930386659,0.9266804571762887,0.6225967970385637,0.32124352331606215,0.3212435233160621,0.4977451107931139,14.336211859527923
cicids2017,R4_holdout_Slowloris_Slowhttptest,rf,7,8,6109.480023132099,0.9266804571762887,0.6238551776713933,0.32415005861664714,0.3241500586166471,0.4974107858644075,14.596717467760843
cicids2017,R4_holdout_Slowloris_Slowhttptest,rf,7,9,6102.5436293353,0.9230238826553,0.6216247534346223,0.32335680751173707,0.3233568075117372,0.4973892319358683,14.613849765258216
cicids2017,R4_holdout_Slowloris_Slowhttptest,rf,88,0,6334.62247155327,0.9222298836164566,0.5370235341525481,0.1547148503670243,0.1547148503670243,0.4981123068911647,14.060982495765105
cicids2017,R4_holdout_Slowloris_Slowhttptest,rf,88,1,6057.444072190524,0.9228567249629119,0.5352983580976663,0.15198107628622118,0.15198107628622112,0.49724917691907816,14.726197516262566
cicids2017,R4_holdout_Slowloris_Slowhttptest,rf,88,2,6227.317120978712,0.9179673624605612,0.5363177358474236,0.15804597701149425,0.15804597701149428,0.497777488670613,14.311494252873562
cicids2017,R4_holdout_Slowloris_Slowhttptest,rf,88,3,6109.480023132099,0.924632775444535,0.5356347586309607,0.15064478311840562,0.15064478311840562,0.4974107858644075,14.596717467760843
cicids2017,R4_holdout_Slowloris_Slowhttptest,rf,88,4,5949.808071964564,0.92162393698155,0.5319165933719142,0.14698795180722893,0.1469879518072289,0.49691551765189723,15.00120481927711
cicids2017,R4_holdout_Slowloris_Slowhttptest,rf,88,5,6189.210221342424,0.9213105163083224,0.5401396188667036,0.1625216888374783,0.1625216888374783,0.4976587903750271,14.402544823597456
cicids2017,R4_holdout_Slowloris_Slowhttptest,rf,88,6,6119.8836139655095,0.918740466787856,0.5323017337611334,0.14979520187244003,0.14979520187244,0.4974431202600217,14.571094207138678
cicids2017,R4_holdout_Slowloris_Slowhttptest,rf,88,7,6015.793717350702,0.9228149355398149,0.5372217770719269,0.15604526503871352,0.15604526503871352,0.49711996535296665,14.831447290053603
cicids2017,R4_holdout_Slowloris_Slowhttptest,rf,88,8,6216.925930386659,0.9213105163083224,0.5360702116396433,0.15428900402993667,0.15428900402993664,0.4977451107931139,14.336211859527923
cicids2017,R4_holdout_Slowloris_Slowhttptest,rf,88,9,6158.019847922303,0.9225433042896842,0.5326352802340278,0.14651162790697675,0.1465116279069768,0.49756171568521207,14.477906976744185
cicids2017,R4_holdout_Slowloris_Slowhttptest,rf,91,0,6234.24391458864,0.9286654547733969,0.6280554709559009,0.33008036739380026,0.3300803673938002,0.4977990762625496,14.295063145809413
cicids2017,R4_holdout_Slowloris_Slowhttptest,rf,91,1,6203.069142652887,0.9280177187153932,0.6314344255951204,0.33756491633006347,0.3375649163300636,0.4977019468412609,14.369301788805538
cicids2017,R4_holdout_Slowloris_Slowhttptest,rf,91,2,6164.9519753730465,0.9303788211203744,0.6461684161915803,0.36469221835075494,0.3646922183507551,0.4975832845655331,14.461091753774681
cicids2017,R4_holdout_Slowloris_Slowhttptest,rf,91,3,6355.376443240179,0.9258864581374454,0.636625202657175,0.34946539110861,0.34946539110860997,0.49817716244954646,14.013505908835116
cicids2017,R4_holdout_Slowloris_Slowhttptest,rf,91,4,6085.200311906007,0.9255103533295723,0.626857704899004,0.33137139493819895,0.33137139493819906,0.4973353552859619,14.656856974690994
cicids2017,R4_holdout_Slowloris_Slowhttptest,rf,91,5,6164.951975373046,0.9267222465993857,0.6239255221143197,0.3240418118466899,0.32404181184668995,0.4975832845655331,14.461091753774681
cicids2017,R4_holdout_Slowloris_Slowhttptest,rf,91,6,6282.7165329841955,0.9277878768883595,0.6281031939718688,0.3308656036446469,0.33086560364464696,0.49795024184977116,14.18109339407745
cicids2017,R4_holdout_Slowloris_Slowhttptest,rf,91,7,5911.583868339578,0.9277878768883595,0.6299790480030757,0.33596118859915103,0.3359611885991511,0.4967972300367886,15.101273499090357
cicids2017,R4_holdout_Slowloris_Slowhttptest,rf,91,8,6282.716532984196,0.9313608725631543,0.6404608652142418,0.35193621867881547,0.3519362186788156,0.49795024184977116,14.18109339407745
cicids2017,R4_holdout_Slowloris_Slowhttptest,rf,91,9,6279.255070011962,0.9278505610230051,0.6350883973593455,0.34472934472934474,0.34472934472934474,0.4979394412632309,14.189173789173788
cicids2017,R4_holdout_Slowloris_Slowhttptest,xgb,12345,0,6275.79347366342,0.9275371403497775,0.6049691319809916,0.28506271379703535,0.2850627137970353,0.49792864114521207,14.197263397947548
cicids2017,R4_holdout_Slowloris_Slowhttptest,xgb,12345,1,6403.783700135214,0.9226477778474268,0.5950733649477269,0.2696817420435511,0.2696817420435511,0.4983285577841452,13.903964265773311
cicids2017,R4_holdout_Slowloris_Slowhttptest,xgb,12345,2,6223.853524137057,0.9233373033285276,0.5915908137695662,0.26279470960322027,0.2627947096032202,0.4977666955767563,14.319723979298447
cicids2017,R4_holdout_Slowloris_Slowhttptest,xgb,12345,3,6060.914068702694,0.9284356129463632,0.6022152418589336,0.27955082742316784,0.2795508274231679,0.4972599475816059,14.717494089834515
cicids2017,R4_holdout_Slowloris_Slowhttptest,xgb,12345,4,6241.170174758971,0.924465617752147,0.5949772225507686,0.268348623853211,0.26834862385321095,0.49782066572698686,14.278669724770642
cicids2017,R4_holdout_Slowloris_Slowhttptest,xgb,12345,5,6196.139948689694,0.9223970413088447,0.5919661150688184,0.2645869439630272,0.26458694396302723,0.49768036767256335,14.385904101675333
cicids2017,R4_holdout_Slowloris_Slowhttptest,xgb,12345,6,6119.883613965509,0.9278505610230051,0.5994693068808921,0.2744294909303686,0.27442949093036856,0.4974431202600217,14.571094207138678
cicids2017,R4_holdout_Slowloris_Slowhttptest,xgb,12345,7,6085.200311906005,0.9242566706366618,0.5925062645026453,0.26427310182460273,0.26427310182460273,0.4973353552859619,14.656856974690994
cicids2017,R4_holdout_Slowloris_Slowhttptest,xgb,12345,8,6164.951975373046,0.9237134081364007,0.5935437897039237,0.2665505226480836,0.2665505226480837,0.4975832845655331,14.461091753774681
cicids2017,R4_holdout_Slowloris_Slowhttptest,xgb,12345,9,6164.951975373046,0.92344177688627,0.5907827591992697,0.2613240418118467,0.26132404181184676,0.4975832845655331,14.461091753774681
cicids2017,R4_holdout_Slowloris_Slowhttptest,xgb,1337,0,6182.279960621164,0.9262207735222215,0.5973481833657365,0.27156919513607414,0.27156919513607414,0.49763721494840896,14.419224088013896
cicids2017,R4_holdout_Slowloris_Slowhttptest,xgb,1337,1,6147.620656758264,0.9282684552539752,0.5993837384632599,0.27373325567850904,0.27373325567850904,0.49752936587057345,14.503203261502621
cicids2017,R4_holdout_Slowloris_Slowhttptest,xgb,1337,2,6434.88884206358,0.9236925134248521,0.6027836067175892,0.2838888888888889,0.2838888888888889,0.498425931956838,13.834444444444445
cicids2017,R4_holdout_Slowloris_Slowhttptest,xgb,1337,3,6175.349166536006,0.9249670908293111,0.5954122037026439,0.2689855072463768,0.2689855072463769,0.49761564139246545,14.435942028985506
cicids2017,R4_holdout_Slowloris_Slowhttptest,xgb,1337,4,6348.458986280691,0.9254476691949267,0.5998369578825632,0.27661971830985915,0.2766197183098591,0.49815554205364115,14.029295774647887
cicids2017,R4_holdout_Slowloris_Slowhttptest,xgb,1337,5,6313.86369759249,0.9227313566936208,0.5903845059155663,0.26062322946175637,0.26062322946175637,0.49804746821712154,14.108781869688386
cicids2017,R4_holdout_Slowloris_Slowhttptest,xgb,1337,6,6244.633104801132,0.9285191917925573,0.5995150591046525,0.273352435530086,0.2733524355300861,0.4978314611614694,14.270487106017193
cicids2017,R4_holdout_Slowloris_Slowhttptest,xgb,1337,7,6261.945754531455,0.923232829770785,0.5991085735085355,0.2777142857142857,0.27771428571428564,0.4978854453577393,14.229714285714287
cicids2017,R4_holdout_Slowloris_Slowhttptest,xgb,1337,8,6345.000057698,0.9216030422700014,0.5923351232072172,0.26550169109357385,0.26550169109357374,0.4981447325594011,14.037204058624576
cicids2017,R4_holdout_Slowloris_Slowhttptest,xgb,1337,9,6203.06914265289,0.9219373576547776,0.5982645380066816,0.2775533756491633,0.2775533756491634,0.4977019468412609,14.369301788805538
cicids2017,R4_holdout_Slowloris_Slowhttptest,xgb,2024,0,6199.604612344934,0.9241939865020163,0.5933708348308422,0.26558891454965355,0.26558891454965355,0.4976911570230017,14.377598152424943
cicids2017,R4_holdout_Slowloris_Slowhttptest,xgb,2024,1,6144.15399304518,0.9258028792912514,0.5914952753418514,0.26048951048951047,0.26048951048951047,0.4975185835337971,14.511655011655012
cicids2017,R4_holdout_Slowloris_Slowhttptest,xgb,2024,2,6137.22026563899,0.9252387220794417,0.5986823908341413,0.27537922987164526,0.2753792298716452,0.4974970202622169,14.528588098016336
cicids2017,R4_holdout_Slowloris_Slowhttptest,xgb,2024,3,6112.9480200594035,0.9258237740027999,0.5959588514410998,0.2694786174575278,0.2694786174575279,0.49742156352920786,14.588166373755124
cicids2017,R4_holdout_Slowloris_Slowhttptest,xgb,2024,4,6372.667751045586,0.9259491422720909,0.5984643789939113,0.2732884399551066,0.27328843995510665,0.4982312216507151,13.97418630751964
cicids2017,R4_holdout_Slowloris_Slowhttptest,xgb,2024,5,6251.55856479315,0.9256775110219604,0.5924960814413375,0.2621637092157985,0.26216370921579846,0.4978530534351145,14.254149971379507
cicids2017,R4_holdout_Slowloris_Slowhttptest,xgb,2024,6,6220.389793939285,0.9236089345786581,0.5900609636288744,0.25949367088607594,0.259493670886076,0.4977559029509334,14.327963176064442
cicids2017,R4_holdout_Slowloris_Slowhttptest,xgb,2024,7,6026.208105431694,0.926158089387576,0.5940759165931101,0.2657550535077289,0.26575505350772893,0.49715226194858914,14.80499405469679
cicids2017,R4_holdout_Slowloris_Slowhttptest,xgb,2024,8,6320.783822481913,0.9247372490022775,0.5980672212301993,0.2739105829088851,0.2739105829088852,0.49806907923283866,14.092812676853423
cicids2017,R4_holdout_Slowloris_Slowhttptest,xgb,2024,9,6338.081800333024,0.9232537244823336,0.6054723049586527,0.29006772009029347,0.2900677200902935,0.49812311497819345,14.053047404063205
cicids2017,R4_holdout_Slowloris_Slowhttptest,xgb,3407,0,6244.633104801131,0.9251342485216991,0.5972543765162602,0.2722063037249284,0.27220630372492843,0.4978314611614694,14.270487106017193
cicids2017,R4_holdout_Slowloris_Slowhttptest,xgb,3407,1,6244.633104801134,0.9250924590986022,0.5978091237606111,0.273352435530086,0.27335243553008604,0.4978314611614694,14.270487106017193
cicids2017,R4_holdout_Slowloris_Slowhttptest,xgb,3407,2,6438.344301795813,0.9256566163104119,0.5922722981480012,0.26096612992781787,0.26096612992781776,0.49843675365843065,13.826762909494725
cicids2017,R4_holdout_Slowloris_Slowhttptest,xgb,3407,3,6206.533539612305,0.9254267744833783,0.5874720223152079,0.25259515570934254,0.25259515570934254,0.4977127371273713,14.361014994232987
cicids2017,R4_holdout_Slowloris_Slowhttptest,xgb,3407,4,6386.498395910607,0.9213314110198708,0.5857714540816312,0.2525195968645017,0.25251959686450176,0.4982744774596835,13.942889137737962
cicids2017,R4_holdout_Slowloris_Slowhttptest,xgb,3407,5,6255.021094740481,0.9268267201571282,0.5961599806595845,0.2683066361556064,0.26830663615560646,0.497863850274338,14.24599542334096
cicids2017,R4_holdout_Slowloris_Slowhttptest,xgb,3407,6,6033.150364400014,0.9253640903487327,0.6004042567954041,0.27909738717339666,0.27909738717339666,0.4971737953438008,14.787410926365796
cicids2017,R4_holdout_Slowloris_Slowhttptest,xgb,3407,7,6206.533539612311,0.9236925134248521,0.593850601041175,0.26701268742791234,0.26701268742791234,0.4977127371273713,14.361014994232987
cicids2017,R4_holdout_Slowloris_Slowhttptest,xgb,3407,8,5949.808071964565,0.9247790384253746,0.5940970004738277,0.2674698795180723,0.2674698795180722,0.49691551765189723,15.00120481927711
cicids2017,R4_holdout_Slowloris_Slowhttptest,xgb,3407,9,6109.480023132098,0.924883511983117,0.5905552536739644,0.2596717467760844,0.2596717467760844,0.4974107858644075,14.596717467760843
cicids2017,R4_holdout_Slowloris_Slowhttptest,xgb,42,0,6074.792721770453,0.9272237196765498,0.594195448911168,0.2647405660377358,0.2647405660377358,0.4973030348980786,14.682783018867925
cicids2017,R4_holdout_Slowloris_Slowhttptest,xgb,42,1,6099.075232468323,0.9283938235232663,0.5916242015866234,0.25836758661186143,0.2583675866118615,0.4973784556720687,14.622431004110394
cicids2017,R4_holdout_Slowloris_Slowhttptest,xgb,42,2,6213.461933480448,0.927683403330617,0.5994578763783028,0.27419354838709675,0.27419354838709664,0.4977343191032673,14.34447004608295
cicids2017,R4_holdout_Slowloris_Slowhttptest,xgb,42,3,6074.792721770451,0.9280386134269416,0.6031963419071805,0.2818396226415094,0.28183962264150947,0.4973030348980786,14.682783018867925
cicids2017,R4_holdout_Slowloris_Slowhttptest,xgb,42,4,6365.751628145723,0.9264297206377066,0.5982799670630399,0.27247191011235955,0.27247191011235955,0.4982095965624254,13.989887640449439
cicids2017,R4_holdout_Slowloris_Slowhttptest,xgb,42,5,6279.255070011962,0.9256148268873148,0.5962133173505832,0.2695156695156695,0.2695156695156695,0.4979394412632309,14.189173789173788
cicids2017,R4_holdout_Slowloris_Slowhttptest,xgb,42,6,6085.200311906007,0.9251760379447962,0.597105526048107,0.27251324308416713,0.27251324308416724,0.4973353552859619,14.656856974690994
cicids2017,R4_holdout_Slowloris_Slowhttptest,xgb,42,7,6289.6390587947235,0.924799933136923,0.5978824301550592,0.27360637087599543,0.2736063708759955,0.49797184442853737,14.164960182025029
cicids2017,R4_holdout_Slowloris_Slowhttptest,xgb,42,8,6133.753201948397,0.9248626172715686,0.6012092384861294,0.28079392877991827,0.2807939287799184,0.4974862393273523,14.537069468768243
cicids2017,R4_holdout_Slowloris_Slowhttptest,xgb,42,9,6147.620656758263,0.9265550889069977,0.5964827767785024,0.26965637740244613,0.2696563774024462,0.49752936587057345,14.503203261502621
cicids2017,R4_holdout_Slowloris_Slowhttptest,xgb,512,0,6209.997803221906,0.9252387220794417,0.5962869514470003,0.2703170028818444,0.27031700288184446,0.49772352788136326,14.352737752161381
cicids2017,R4_holdout_Slowloris_Slowhttptest,xgb,512,1,6164.951975373046,0.9252387220794417,0.5922604160540109,0.26248548199767713,0.2624854819976772,0.4975832845655331,14.461091753774681
cicids2017,R4_holdout_Slowloris_Slowhttptest,xgb,512,2,6438.344301795811,0.9271401408303558,0.5999740295549604,0.27484730705163796,0.2748473070516379,0.49843675365843065,13.826762909494725
cicids2017,R4_holdout_Slowloris_Slowhttptest,xgb,512,3,6071.3232584531725,0.9221880941933597,0.5976943069058505,0.2766961651917404,0.2766961651917405,0.4972922623689455,14.691445427728615
cicids2017,R4_holdout_Slowloris_Slowhttptest,xgb,512,4,6137.22026563899,0.9262207735222215,0.5962392024928636,0.26954492415402564,0.2695449241540256,0.4974970202622169,14.528588098016336
cicids2017,R4_holdout_Slowloris_Slowhttptest,xgb,512,5,6175.349166536005,0.9258655634258969,0.5944031111733789,0.26608695652173914,0.2660869565217392,0.49761564139246545,14.435942028985506
cicids2017,R4_holdout_Slowloris_Slowhttptest,xgb,512,6,6331.163009377019,0.9236925134248521,0.589678848873323,0.25819209039548024,0.25819209039548024,0.4981014992731454,14.068926553672318
cicids2017,R4_holdout_Slowloris_Slowhttptest,xgb,512,7,6248.095901479617,0.9233790927516246,0.5859555790547064,0.25143184421534936,0.25143184421534936,0.49784225706416846,14.262313860252004
cicids2017,R4_holdout_Slowloris_Slowhttptest,xgb,512,8,6369.209756300215,0.9245074071752439,0.6020421219376083,0.2818641212801797,0.2818641212801797,0.4982204088719129,13.98203256597417
cicids2017,R4_holdout_Slowloris_Slowhttptest,xgb,512,9,6213.461933480449,0.9243820389059529,0.5917388794773043,0.2620967741935484,0.2620967741935483,0.4977343191032673,14.34447004608295
cicids2017,R4_holdout_Slowloris_Slowhttptest,xgb,6021,0,6251.558564793151,0.9250924590986022,0.6016901288053856,0.28105323411562677,0.2810532341156267,0.4978530534351145,14.254149971379507
cicids2017,R4_holdout_Slowloris_Slowhttptest,xgb,6021,1,6178.814630248437,0.9233999874631731,0.5907773456613455,0.261297798377752,0.261297798377752,0.49762642793661804,14.42757821552723
cicids2017,R4_holdout_Slowloris_Slowhttptest,xgb,6021,2,6310.403435063771,0.9238387764056917,0.5964096850345768,0.27154195011337867,0.27154195011337867,0.4980366634125176,14.116780045351474
cicids2017,R4_holdout_Slowloris_Slowhttptest,xgb,6021,3,6012.321988094485,0.9246536701560835,0.5945172913199247,0.26817640047675806,0.26817640047675806,0.49710920075355663,14.840286054827175
cicids2017,R4_holdout_Slowloris_Slowhttptest,xgb,6021,4,6126.818674598543,0.9249879855408596,0.5973107418670462,0.27293980128579776,0.2729398012857977,0.4974646788593222,14.554061952074811
cicids2017,R4_holdout_Slowloris_Slowhttptest,xgb,6021,5,6036.621293954689,0.9252596167909902,0.5886381234908264,0.255786350148368,0.2557863501483679,0.4971845627409364,14.778635014836794
cicids2017,R4_holdout_Slowloris_Slowhttptest,xgb,6021,6,6154.553584198085,0.9269938778495163,0.6070801203972547,0.2902850494473531,0.29028504944735317,0.49755093194625055,14.486329261198371
cicids2017,R4_holdout_Slowloris_Slowhttptest,xgb,6021,7,6355.37644324018,0.9252805115025388,0.6007410730314908,0.2785593697242544,0.2785593697242543,0.49817716244954646,14.013505908835116
cicids2017,R4_holdout_Slowloris_Slowhttptest,xgb,6021,8,5918.534922776894,0.9327190288138072,0.6084645349343137,0.2883101150817686,0.2883101150817687,0.4968187326869806,15.08298001211387
cicids2017,R4_holdout_Slowloris_Slowhttptest,xgb,6021,9,6078.262051785858,0.9251969326563447,0.5987444046256012,0.27578078962875663,0.2757807896287567,0.4973138078939387,14.674130819092516
cicids2017,R4_holdout_Slowloris_Slowhttptest,xgb,7,0,6237.707111354382,0.9274535615035835,0.5922131099038488,0.25989672977624784,0.25989672977624784,0.4978098707606904,14.286861732644866
cicids2017,R4_holdout_Slowloris_Slowhttptest,xgb,7,1,6234.243914588638,0.9217284105392926,0.5874128257211341,0.25602755453501724,0.2560275545350172,0.4977990762625496,14.295063145809413
cicids2017,R4_holdout_Slowloris_Slowhttptest,xgb,7,2,6081.731248498132,0.9249879855408596,0.5914608915721851,0.26148409893992935,0.26148409893992935,0.4973245813565564,14.665488810365135
cicids2017,R4_holdout_Slowloris_Slowhttptest,xgb,7,3,6196.139948689695,0.9264924047723521,0.5948748683496188,0.2663200462160601,0.26632004621606015,0.49768036767256335,14.385904101675333
cicids2017,R4_holdout_Slowloris_Slowhttptest,xgb,7,4,6015.793717350704,0.927432666792035,0.5997191820450318,0.27575938058368077,0.27575938058368077,0.49711996535296665,14.831447290053603
cicids2017,R4_holdout_Slowloris_Slowhttptest,xgb,7,5,6088.669242008227,0.9275371403497775,0.600571696842203,0.27705882352941175,0.27705882352941175,0.4973461296821855,14.648235294117645
cicids2017,R4_holdout_Slowloris_Slowhttptest,xgb,7,6,6133.753201948397,0.9249253014062141,0.5927331847671674,0.2638645650904845,0.2638645650904846,0.4974862393273523,14.537069468768243
cicids2017,R4_holdout_Slowloris_Slowhttptest,xgb,7,7,6189.210221342424,0.9264715100608036,0.5906468989332394,0.25795257374204744,0.25795257374204744,0.4976587903750271,14.402544823597456
cicids2017,R4_holdout_Slowloris_Slowhttptest,xgb,7,8,6040.092090221364,0.9269938778495163,0.5947993386918005,0.26631079478054565,0.26631079478054565,0.4971953306044658,14.769869513641755
cicids2017,R4_holdout_Slowloris_Slowhttptest,xgb,7,9,6327.703413805532,0.9256566163104119,0.5975326106501736,0.2719050310910119,0.2719050310910118,0.49809069212410506,14.07687959299039
cicids2017,R4_holdout_Slowloris_Slowhttptest,xgb,88,0,6286.177862578871,0.9261789840991245,0.6032120725746414,0.28286852589641437,0.2828685258964143,0.49796104290486315,14.17302219692658
cicids2017,R4_holdout_Slowloris_Slowhttptest,xgb,88,1,6050.503679280747,0.9240059340980797,0.5907157762773165,0.261101243339254,0.261101243339254,0.49722763699371886,14.743635287152161
cicids2017,R4_holdout_Slowloris_Slowhttptest,xgb,88,2,6171.883569485123,0.9271401408303558,0.5939421217324878,0.26392111368909515,0.2639211136890951,0.49760485531592064,14.44431554524362
cicids2017,R4_holdout_Slowloris_Slowhttptest,xgb,88,3,5984.543356100182,0.9262207735222215,0.5940787155979915,0.26586826347305387,0.26586826347305387,0.497023100738271,14.911377245508982
cicids2017,R4_holdout_Slowloris_Slowhttptest,xgb,88,4,6185.7451576529165,0.9273072985227439,0.6082826703333895,0.29224537037037035,0.2922453703703704,0.49764800242786844,14.410879629629628
cicids2017,R4_holdout_Slowloris_Slowhttptest,xgb,88,5,6300.02184715669,0.9234626715978186,0.5961483979658406,0.2714366837024418,0.27143668370244173,0.49800425181135843,14.14082907438955
cicids2017,R4_holdout_Slowloris_Slowhttptest,xgb,88,6,6140.687196005005,0.9249461961177626,0.6060811351438371,0.2903790087463557,0.2903790087463557,0.4975078016643551,14.520116618075804
cicids2017,R4_holdout_Slowloris_Slowhttptest,xgb,88,7,6396.869978701768,0.9192001504419232,0.5929316529681334,0.2688652878703186,0.2688652878703187,0.49830692424571305,13.91950810508664
cicids2017,R4_holdout_Slowloris_Slowhttptest,xgb,88,8,6033.150364400016,0.9271610355419043,0.5941314816696186,0.2648456057007126,0.2648456057007126,0.4971737953438008,14.787410926365796
cicids2017,R4_holdout_Slowloris_Slowhttptest,xgb,88,9,6286.177862578871,0.9270774566957103,0.6013735852600868,0.27831531018782013,0.27831531018782013,0.49796104290486315,14.17302219692658
cicids2017,R4_holdout_Slowloris_Slowhttptest,xgb,91,0,6130.286004934499,0.9305877682358595,0.6050134309328837,0.2827102803738318,0.28271028037383167,0.4974754588597308,14.54556074766355
cicids2017,R4_holdout_Slowloris_Slowhttptest,xgb,91,1,6133.753201948397,0.926158089387576,0.5965733632841477,0.27028604786923527,0.2702860478692353,0.4974862393273523,14.537069468768243
cicids2017,R4_holdout_Slowloris_Slowhttptest,xgb,91,2,6500.519758474978,0.9228985143860089,0.6043401296153752,0.2875206157229247,0.28752061572292475,0.49863162467419636,13.689939527212754
cicids2017,R4_holdout_Slowloris_Slowhttptest,xgb,91,3,6209.997803221906,0.924674564867632,0.5864527717806043,0.2512968299711816,0.2512968299711817,0.49772352788136326,14.352737752161381
cicids2017,R4_holdout_Slowloris_Slowhttptest,xgb,91,4,6144.153993045183,0.9217284105392926,0.5918107221258601,0.26515151515151514,0.2651515151515151,0.4975185835337971,14.511655011655012
cicids2017,R4_holdout_Slowloris_Slowhttptest,xgb,91,5,6161.485978314378,0.9260327211182849,0.5965201810197852,0.27019174898314935,0.2701917489831494,0.49757249989162944,14.469494479953514
cicids2017,R4_holdout_Slowloris_Slowhttptest,xgb,91,6,6355.37644324018,0.9273072985227439,0.5969499908122436,0.268992684299381,0.26899268429938095,0.49817716244954646,14.013505908835116
cicids2017,R4_holdout_Slowloris_Slowhttptest,xgb,91,7,6462.528783688325,0.9238387764056917,0.5939608360841641,0.26603982300884954,0.2660398230088495,0.498512518729235,13.773230088495575
cicids2017,R4_holdout_Slowloris_Slowhttptest,xgb,91,8,6085.200311906007,0.9233790927516246,0.5962118416720316,0.27251324308416713,0.27251324308416724,0.4973353552859619,14.656856974690994
cicids2017,R4_holdout_Slowloris_Slowhttptest,xgb,91,9,6185.745157652916,0.9264924047723521,0.597702186431788,0.27199074074074076,0.2719907407407408,0.49764800242786844,14.410879629629628
cicids2017,R5_holdout_GoldenEye_Slowloris,mlp,12345,0,11664.267503047535,0.9336171118442056,0.8200847688175646,0.694597912829957,0.694597912829957,0.5250074324787889,7.3750767341927554
cicids2017,R5_holdout_GoldenEye_Slowloris,mlp,12345,1,11904.010381594138,0.9321911248270724,0.8137026762417541,0.6822822822822823,0.6822822822822822,0.5258733249341427,7.215615615615615
cicids2017,R5_holdout_GoldenEye_Slowloris,mlp,12345,2,11604.209215730885,0.9308077045865701,0.8161391426490237,0.6895061728395062,0.689506172839506,0.5247914047319694,7.416049382716049
cicids2017,R5_holdout_GoldenEye_Slowloris,mlp,12345,3,11767.586302772692,0.9314462062360328,0.8183791761107079,0.6932198236546062,0.6932198236546064,0.5253798974734529,7.305564001216174
cicids2017,R5_holdout_GoldenEye_Slowloris,mlp,12345,4,11584.17889367236,0.934042779610514,0.8212195872555942,0.6966604823747681,0.6966604823747682,0.5247194349843433,7.429808286951144
cicids2017,R5_holdout_GoldenEye_Slowloris,mlp,12345,5,11937.245951603365,0.9323826753219112,0.8218060955765143,0.6991017964071856,0.6991017964071856,0.525993813724367,7.1940119760479035
cicids2017,R5_holdout_GoldenEye_Slowloris,mlp,12345,6,11784.237006347552,0.9312759391295095,0.8205419721667616,0.6979356405585914,0.6979356405585913,0.5254400219724886,7.294474802671524
cicids2017,R5_holdout_GoldenEye_Slowloris,mlp,12345,7,11923.953540020524,0.934042779610514,0.8227811470631915,0.6993405275779376,0.6993405275779377,0.5259456115833123,7.2026378896882495
cicids2017,R5_holdout_GoldenEye_Slowloris,mlp,12345,8,11493.975050677234,0.9331914440778972,0.8138462394681685,0.6822575615840349,0.6822575615840347,0.5243958152496688,7.492360461490488
cicids2017,R5_holdout_GoldenEye_Slowloris,mlp,12345,9,11279.718096177696,0.932169841438757,0.8224654009573127,0.7018771874005727,0.7018771874005727,0.5236303088362757,7.644925230671333
cicids2017,R5_holdout_GoldenEye_Slowloris,mlp,1337,0,11590.856272831075,0.9281472810471427,0.7889945342202108,0.6353522867737948,0.635352286773795,0.5247434227068047,7.42521631644005
cicids2017,R5_holdout_GoldenEye_Slowloris,mlp,1337,1,11774.247038195977,0.9248483558582526,0.7844342692724644,0.6289881494986327,0.6289881494986326,0.5254039456218246,7.301124278334852
cicids2017,R5_holdout_GoldenEye_Slowloris,mlp,1337,2,11664.267503047537,0.9275726295626263,0.7884817971317456,0.6347452424800492,0.6347452424800489,0.5250074324787889,7.3750767341927554
cicids2017,R5_holdout_GoldenEye_Slowloris,mlp,1337,3,11694.278263715598,0.9275087793976801,0.7840155806147522,0.6253443526170799,0.62534435261708,0.5251155130609818,7.354759718396081
cicids2017,R5_holdout_GoldenEye_Slowloris,mlp,1337,4,11747.60046463065,0.9293178674044908,0.7876258419145856,0.6308254645141639,0.6308254645141638,0.5253077662349549,7.318915625951873
cicids2017,R5_holdout_GoldenEye_Slowloris,mlp,1337,5,12010.310921359538,0.9318293072257103,0.7874228555194658,0.627007733491969,0.6270077334919691,0.5262590835109919,7.146936347412255
cicids2017,R5_holdout_GoldenEye_Slowloris,mlp,1337,6,11814.198738708552,0.9286580823667128,0.78841146905502,0.6330608537693007,0.6330608537693005,0.5255482807563756,7.274598849530729
cicids2017,R5_holdout_GoldenEye_Slowloris,mlp,1337,7,11797.55484521179,0.9259763754389699,0.7887348117863657,0.6367495451788963,0.6367495451788963,0.5254881314807609,7.285627653123104
cicids2017,R5_holdout_GoldenEye_Slowloris,mlp,1337,8,11730.941438093065,0.9281898478237736,0.7868929069489862,0.6305674191580232,0.6305674191580233,0.5252476719976206,7.330079316656497
cicids2017,R5_holdout_GoldenEye_Slowloris,mlp,1337,9,11594.1947354845,0.9264233265935937,0.7847701515578195,0.6283595922150139,0.6283595922150139,0.5247554173905092,7.422922459067037
cicids2017,R5_holdout_GoldenEye_Slowloris,mlp,2024,0,11933.923075764078,0.9274662126210492,0.7734621471655351,0.6025756214435459,0.6025756214435458,0.5259817623608121,7.196166516921234
cicids2017,R5_holdout_GoldenEye_Slowloris,mlp,2024,1,11700.94565724811,0.9277641800574652,0.779036386184758,0.6145610278372591,0.6145610278372591,0.5251395370116205,7.350260018354236
cicids2017,R5_holdout_GoldenEye_Slowloris,mlp,2024,2,11784.237006347554,0.9242098542087901,0.774905381585123,0.6095931997571342,0.6095931997571341,0.5254400219724886,7.294474802671524
cicids2017,R5_holdout_GoldenEye_Slowloris,mlp,2024,3,11610.884779458422,0.9247845056933064,0.7704225956683705,0.5999383096853794,0.5999383096853795,0.5248153990352743,7.411474398519432
cicids2017,R5_holdout_GoldenEye_Slowloris,mlp,2024,4,11884.06177406797,0.9251250399063531,0.774745822822466,0.6080024067388689,0.608002406738869,0.5258010581525847,7.2286401925391095
cicids2017,R5_holdout_GoldenEye_Slowloris,mlp,2024,5,11734.273546043605,0.9281685644354581,0.7785414332576931,0.6129917657822507,0.6129917657822508,0.5252596897451152,7.32784385483379
cicids2017,R5_holdout_GoldenEye_Slowloris,mlp,2024,6,11930.600048553268,0.926742577418325,0.7714590704336173,0.5991611743559018,0.5991611743559019,0.5259697115494765,7.198322348711803
cicids2017,R5_holdout_GoldenEye_Slowloris,mlp,2024,7,11814.198738708552,0.9278918803873577,0.7746500251686043,0.6049046321525886,0.6049046321525885,0.5255482807563756,7.274598849530729
cicids2017,R5_holdout_GoldenEye_Slowloris,mlp,2024,8,12070.036850803477,0.9261466425454933,0.7738099210872964,0.6044378698224852,0.6044378698224852,0.5264763215227611,7.1088757396449695
cicids2017,R5_holdout_GoldenEye_Slowloris,mlp,2024,9,11804.21285662672,0.9245929551984676,0.7747472959598574,0.6087878787878788,0.6087878787878789,0.5255121895387432,7.28121212121212
cicids2017,R5_holdout_GoldenEye_Slowloris,mlp,3407,0,11960.501844004866,0.923550069171012,0.7884501991261682,0.6384822228861667,0.6384822228861669,0.5260781887345891,7.178966238422467
cicids2017,R5_holdout_GoldenEye_Slowloris,mlp,3407,1,12070.036850803477,0.9285516654251357,0.7841823332722494,0.6236686390532544,0.6236686390532543,0.5264763215227611,7.1088757396449695
cicids2017,R5_holdout_GoldenEye_Slowloris,mlp,3407,2,11890.711915354259,0.9312972225178249,0.7939355585379879,0.6416115453998797,0.6416115453998799,0.525825144872764,7.224293445580277
cicids2017,R5_holdout_GoldenEye_Slowloris,mlp,3407,3,11447.159275062246,0.9299776524422688,0.7888078739904665,0.6332602568117758,0.6332602568117757,0.5242281695286811,7.525211399937363
cicids2017,R5_holdout_GoldenEye_Slowloris,mlp,3407,4,11520.713611754702,0.9253378737895073,0.7879416598570932,0.6363919129082426,0.6363919129082428,0.524491660954992,7.473716951788492
cicids2017,R5_holdout_GoldenEye_Slowloris,mlp,3407,5,11644.253520601433,0.9289560498031286,0.7868215909170748,0.6297662976629766,0.6297662976629768,0.524935403471063,7.3886838868388685
cicids2017,R5_holdout_GoldenEye_Slowloris,mlp,3407,6,12076.670037151158,0.9302543364903693,0.7938718880509147,0.6422235363690124,0.6422235363690123,0.5265004701511364,7.104671791839148
cicids2017,R5_holdout_GoldenEye_Slowloris,mlp,3407,7,11897.361451198582,0.9286155155900819,0.7950565288908108,0.6469350961538461,0.6469350961538461,0.5258492337998488,7.2199519230769225
cicids2017,R5_holdout_GoldenEye_Slowloris,mlp,3407,8,11780.907168295935,0.9254442907310844,0.7838526349379427,0.6270877619192226,0.6270877619192226,0.5254279959718027,7.296689948375342
cicids2017,R5_holdout_GoldenEye_Slowloris,mlp,3407,9,11770.916746149325,0.927806746834096,0.7859315051207157,0.6288753799392097,0.6288753799392097,0.5253919212724568,7.303343465045592
cicids2017,R5_holdout_GoldenEye_Slowloris,mlp,42,0,11634.244486846788,0.9257848249441311,0.7776723366096971,0.6140350877192983,0.6140350877192983,0.5248993963782697,7.395506309633733
cicids2017,R5_holdout_GoldenEye_Slowloris,mlp,42,1,12000.351830835225,0.9259125252740237,0.7800500848301132,0.61804108365585,0.6180410836558499,0.5262228946041352,7.153319440309615
cicids2017,R5_holdout_GoldenEye_Slowloris,mlp,42,2,11660.932217558762,0.9275513461743109,0.7868095860608649,0.63125575683144,0.6312557568314401,0.5249954262714965,7.377341111452256
cicids2017,R5_holdout_GoldenEye_Slowloris,mlp,42,3,11504.003145552153,0.9250611897414068,0.7824727299048561,0.625233644859813,0.625233644859813,0.5244317532838378,7.485358255451713
cicids2017,R5_holdout_GoldenEye_Slowloris,mlp,42,4,11577.50090938347,0.9276577631158881,0.7836560889975738,0.624690594059406,0.6246905940594059,0.5246954494548945,7.4344059405940595
cicids2017,R5_holdout_GoldenEye_Slowloris,mlp,42,5,11943.891249164015,0.9254017239544535,0.7758190261583688,0.6098144823459006,0.6098144823459006,0.5260179181082877,7.189706762417714
cicids2017,R5_holdout_GoldenEye_Slowloris,mlp,42,6,11817.527063388296,0.9275939129509417,0.7886264088879961,0.6346852300242131,0.6346852300242128,0.5255603122639134,7.272397094430993
cicids2017,R5_holdout_GoldenEye_Slowloris,mlp,42,7,11657.596780767959,0.9273385122911567,0.7827014790759182,0.6228501228501229,0.6228501228501228,0.524983420613323,7.37960687960688
cicids2017,R5_holdout_GoldenEye_Slowloris,mlp,42,8,11687.610264941095,0.9285729488134511,0.7777672169128438,0.6110260336906586,0.6110260336906583,0.5250914913083258,7.3592649310872895
cicids2017,R5_holdout_GoldenEye_Slowloris,mlp,42,9,11407.007872643959,0.9300840693838459,0.7878633862397973,0.6312480352090537,0.6312480352090537,0.5240845584878093,7.553599497013518
cicids2017,R5_holdout_GoldenEye_Slowloris,mlp,512,0,11760.924962032852,0.9340002128338831,0.8125509915741219,0.6781259507149376,0.6781259507149375,0.5253558515263856,7.310009126863401
cicids2017,R5_holdout_GoldenEye_Slowloris,mlp,512,1,11940.568676070294,0.927806746834096,0.8008594073766575,0.6599820413049985,0.6599820413049984,0.5260058656401797,7.191858724932654
cicids2017,R5_holdout_GoldenEye_Slowloris,mlp,512,2,11820.855236726202,0.9279770139406194,0.7980708221902656,0.6541603630862329,0.654160363086233,0.5255723443223443,7.270196671709531
cicids2017,R5_holdout_GoldenEye_Slowloris,mlp,512,3,11787.566693065783,0.9318718740023412,0.8040510042981079,0.6625189681335356,0.6625189681335358,0.5254520485236897,7.292261001517451
cicids2017,R5_holdout_GoldenEye_Slowloris,mlp,512,4,11574.161690317334,0.9301692029371076,0.800508750089985,0.6573816155988857,0.6573816155988859,0.524683457512456,7.43670690188796
cicids2017,R5_holdout_GoldenEye_Slowloris,mlp,512,5,11857.455154638708,0.9297648185591146,0.8090311936474704,0.6752110977080821,0.6752110977080821,0.52570473333486,7.246079613992762
cicids2017,R5_holdout_GoldenEye_Slowloris,mlp,512,6,11840.8210985273,0.9294242843460679,0.8061686856144915,0.6695862277257626,0.6695862277257627,0.5256445482438064,7.257022047719722
cicids2017,R5_holdout_GoldenEye_Slowloris,mlp,512,7,11810.870262687817,0.9275300627859955,0.7973895893623845,0.6532404603270745,0.6532404603270744,0.5255362497996933,7.27680193821926
cicids2017,R5_holdout_GoldenEye_Slowloris,mlp,512,8,11600.871206935242,0.9299563690539534,0.8046400565167161,0.6662550169805496,0.6662550169805497,0.524779408403054,7.4183389935165165
cicids2017,R5_holdout_GoldenEye_Slowloris,mlp,512,9,12016.94955808878,0.9297435351707992,0.8074196578660402,0.6715219976218787,0.6715219976218789,0.5262832122143005,7.14268727705113
cicids2017,R5_holdout_GoldenEye_Slowloris,mlp,6021,0,11767.5863027727,0.9256145578376077,0.7783731907437634,0.6153846153846154,0.6153846153846155,0.5253798974734529,7.305564001216174
cicids2017,R5_holdout_GoldenEye_Slowloris,mlp,6021,1,11867.433772088121,0.9278705969990423,0.7854638904725667,0.6275986742994878,0.6275986742994879,0.5257408510053588,7.239529978909309
cicids2017,R5_holdout_GoldenEye_Slowloris,mlp,6021,2,11820.855236726204,0.9287644993082899,0.7858524383641478,0.6275340393343419,0.6275340393343419,0.5255723443223443,7.270196671709531
cicids2017,R5_holdout_GoldenEye_Slowloris,mlp,6021,3,11904.01038159414,0.9275300627859955,0.781494048021833,0.6195195195195196,0.6195195195195194,0.5258733249341427,7.215615615615615
cicids2017,R5_holdout_GoldenEye_Slowloris,mlp,6021,4,12030.225014828027,0.9258273917207619,0.7837568389517882,0.6258907363420427,0.6258907363420426,0.5263314762592567,7.134204275534441
cicids2017,R5_holdout_GoldenEye_Slowloris,mlp,6021,5,11714.278628560052,0.9281898478237736,0.7837056690827601,0.6238924534066606,0.6238924534066606,0.5251875915080527,7.341277115795906
cicids2017,R5_holdout_GoldenEye_Slowloris,mlp,6021,6,11744.268961967853,0.929679685005853,0.7819733698777596,0.6185252894576477,0.6185252894576476,0.5252957462874402,7.32114564290067
cicids2017,R5_holdout_GoldenEye_Slowloris,mlp,6021,7,11687.610264941095,0.928466531871874,0.7851295110061117,0.6266462480857581,0.6266462480857579,0.5250914913083258,7.3592649310872895
cicids2017,R5_holdout_GoldenEye_Slowloris,mlp,6021,8,11774.24703819598,0.9288921996381824,0.7829536635759721,0.6213916742631419,0.6213916742631419,0.5254039456218246,7.301124278334852
cicids2017,R5_holdout_GoldenEye_Slowloris,mlp,6021,9,11960.50184400487,0.9277003298925189,0.7798722647859951,0.615775321183149,0.6157753211831493,0.5260781887345891,7.178966238422467
cicids2017,R5_holdout_GoldenEye_Slowloris,mlp,7,0,11887.386920390945,0.9250824731297222,0.7645150563031473,0.5864661654135338,0.5864661654135337,0.5258131012368301,7.226466165413534
cicids2017,R5_holdout_GoldenEye_Slowloris,mlp,7,1,11784.237006347552,0.9245291050335214,0.7567764932841932,0.5710382513661202,0.5710382513661201,0.5254400219724886,7.294474802671524
cicids2017,R5_holdout_GoldenEye_Slowloris,mlp,7,2,11817.527063388297,0.9229328509098649,0.7603295411817949,0.5802058111380145,0.5802058111380144,0.5255603122639134,7.272397094430993
cicids2017,R5_holdout_GoldenEye_Slowloris,mlp,7,3,11634.244486846783,0.9229754176864957,0.7571878070993187,0.5740227762388427,0.5740227762388428,0.5248993963782697,7.395506309633733
cicids2017,R5_holdout_GoldenEye_Slowloris,mlp,7,4,11824.183258721398,0.9245929551984676,0.7657793391285957,0.5898366606170599,0.5898366606170601,0.5255843769317063,7.2679975801572905
cicids2017,R5_holdout_GoldenEye_Slowloris,mlp,7,5,11620.896990377716,0.9298073853357455,0.7698785196670657,0.5932203389830508,0.5932203389830507,0.524851394604481,7.40462249614792
cicids2017,R5_holdout_GoldenEye_Slowloris,mlp,7,6,11757.594064671348,0.9254017239544535,0.7642165103440808,0.5858186244674376,0.5858186244674376,0.5253438293782466,7.312233718807061
cicids2017,R5_holdout_GoldenEye_Slowloris,mlp,7,7,11917.306426011897,0.9256358412259231,0.7666517731120777,0.5902819436112777,0.5902819436112778,0.5259215138255711,7.206958608278344
cicids2017,R5_holdout_GoldenEye_Slowloris,mlp,7,8,11864.107717625076,0.9243801213153134,0.7607017809343802,0.5792646172393008,0.5792646172393008,0.5257288112304486,7.241711874623266
cicids2017,R5_holdout_GoldenEye_Slowloris,mlp,7,9,11930.60004855327,0.9246993721400447,0.7617217797413611,0.5808867585380467,0.5808867585380469,0.5259697115494765,7.198322348711803
cicids2017,R5_holdout_GoldenEye_Slowloris,mlp,88,0,11953.858060197466,0.9226987336383953,0.7762746270280215,0.6137518684603886,0.6137518684603886,0.5260540788267645,7.183258594917788
cicids2017,R5_holdout_GoldenEye_Slowloris,mlp,88,1,11877.411027346488,0.9281259976588273,0.7779171296614484,0.6113786875376279,0.6113786875376281,0.5257769736390079,7.232992173389524
cicids2017,R5_holdout_GoldenEye_Slowloris,mlp,88,2,11600.87120693524,0.928721932531659,0.7813976305979153,0.6187094782340229,0.6187094782340229,0.524779408403054,7.4183389935165165
cicids2017,R5_holdout_GoldenEye_Slowloris,mlp,88,3,11840.821098527294,0.9229754176864957,0.7765611006294547,0.614315916641498,0.6143159166414981,0.5256445482438064,7.257022047719722
cicids2017,R5_holdout_GoldenEye_Slowloris,mlp,88,4,12026.906377735248,0.9238693199957433,0.7711339889540243,0.6014256014256014,0.6014256014256012,0.5263194094181302,7.136323136323135
cicids2017,R5_holdout_GoldenEye_Slowloris,mlp,88,5,11900.685992077879,0.928721932531659,0.7747991399930095,0.6040853109041754,0.6040853109041753,0.5258612790910757,7.217783118053469
cicids2017,R5_holdout_GoldenEye_Slowloris,mlp,88,6,11744.268961967851,0.9236564861125891,0.7707096412322412,0.6014625228519196,0.6014625228519195,0.5252957462874402,7.32114564290067
cicids2017,R5_holdout_GoldenEye_Slowloris,mlp,88,7,11947.21367088368,0.9270192614664254,0.7727591878726671,0.6015554890816632,0.6015554890816632,0.5260299711287293,7.187556087346694
cicids2017,R5_holdout_GoldenEye_Slowloris,mlp,88,8,11830.838848680316,0.9274874960093646,0.7790424280302962,0.6145707376058042,0.6145707376058042,0.5256084438033748,7.263603385731559
cicids2017,R5_holdout_GoldenEye_Slowloris,mlp,88,9,11950.535941228454,0.92699797807811,0.7806037494253614,0.618122009569378,0.6181220095693781,0.5260420247015422,7.185406698564593
cicids2017,R5_holdout_GoldenEye_Slowloris,mlp,91,0,11857.455154638708,0.9298286687240609,0.7929021046336505,0.6411338962605548,0.6411338962605548,0.52570473333486,7.246079613992762
cicids2017,R5_holdout_GoldenEye_Slowloris,mlp,91,1,11960.501844004866,0.9288283494732361,0.7889614512707075,0.6337018225276367,0.6337018225276368,0.5260781887345891,7.178966238422467
cicids2017,R5_holdout_GoldenEye_Slowloris,mlp,91,2,12006.991375907972,0.9293604341811217,0.7925513398712343,0.6405831597738768,0.640583159773877,0.5262470199889969,7.14906277893484
cicids2017,R5_holdout_GoldenEye_Slowloris,mlp,91,3,11817.527063388297,0.9277854634457806,0.7895886535086917,0.636501210653753,0.6365012106537529,0.5255603122639134,7.272397094430993
cicids2017,R5_holdout_GoldenEye_Slowloris,mlp,91,4,11844.148212448528,0.9292540172395445,0.7916644500471304,0.6391908212560387,0.6391908212560385,0.5256565841595494,7.254830917874396
cicids2017,R5_holdout_GoldenEye_Slowloris,mlp,91,5,11770.916746149323,0.9284452484835586,0.7910274752938069,0.6389057750759879,0.6389057750759879,0.5253919212724568,7.303343465045592
cicids2017,R5_holdout_GoldenEye_Slowloris,mlp,91,6,11500.660598521597,0.9283175481536661,0.7863443256597495,0.6297912122156435,0.6297912122156435,0.5244197733918129,7.487690869429728
cicids2017,R5_holdout_GoldenEye_Slowloris,mlp,91,7,11554.123199070084,0.9317016068958178,0.793324837175014,0.6406201550387597,0.6406201550387595,0.5246115173674589,7.450542635658915
cicids2017,R5_holdout_GoldenEye_Slowloris,mlp,91,8,11647.589562591864,0.9290837501330211,0.7895749194336669,0.6354134644943129,0.635413464494313,0.5249474069331382,7.386412542268675
cicids2017,R5_holdout_GoldenEye_Slowloris,mlp,91,9,11490.63204986511,0.9278705969990423,0.789643257495994,0.6372426699937617,0.6372426699937618,0.5243838369994747,7.494697442295696
cicids2017,R5_holdout_GoldenEye_Slowloris,rf,12345,0,11854.12864611707,0.9237203362775354,0.759446481575936,0.5773755656108597,0.5773755656108596,0.5256926952141058,7.248265460030166
cicids2017,R5_holdout_GoldenEye_Slowloris,rf,12345,1,11780.90716829594,0.9249122060231989,0.7635410224811289,0.584877011843304,0.584877011843304,0.5254279959718027,7.296689948375342
cicids2017,R5_holdout_GoldenEye_Slowloris,rf,12345,2,11877.411027346488,0.927253378737895,0.7627548433680887,0.580373269114991,0.5803732691149911,0.5257769736390079,7.232992173389524
cicids2017,R5_holdout_GoldenEye_Slowloris,rf,12345,3,12050.133658037066,0.9219325316590401,0.7566370509966661,0.5729104919976289,0.5729104919976291,0.5264038889271055,7.1215174866627144
cicids2017,R5_holdout_GoldenEye_Slowloris,rf,12345,4,11800.883926588069,0.9212301798446313,0.758968442159634,0.579266444377084,0.5792664443770842,0.5255001602344,7.283419217944831
cicids2017,R5_holdout_GoldenEye_Slowloris,rf,12345,5,11767.586302772695,0.923294668511227,0.7625795331231908,0.5846761933718455,0.5846761933718457,0.5253798974734529,7.305564001216174
cicids2017,R5_holdout_GoldenEye_Slowloris,rf,12345,6,11967.145022299088,0.9226774502500799,0.7592334335673946,0.5777844132576888,0.5777844132576889,0.5261023008525071,7.1746790086593
cicids2017,R5_holdout_GoldenEye_Slowloris,rf,12345,7,11947.213670883684,0.9192508247312973,0.7647029216022384,0.5931797786419384,0.5931797786419384,0.5260299711287293,7.187556087346694
cicids2017,R5_holdout_GoldenEye_Slowloris,rf,12345,8,11957.18002778989,0.9242524209854209,0.7627029265991014,0.5833831440526002,0.5833831440526002,0.5260661335044341,7.181111775254035
cicids2017,R5_holdout_GoldenEye_Slowloris,rf,12345,9,11817.527063388292,0.9256996913908694,0.7663787402373159,0.5898910411622276,0.5898910411622275,0.5255603122639134,7.272397094430993
cicids2017,R5_holdout_GoldenEye_Slowloris,rf,1337,0,11837.493833258288,0.9238693199957433,0.7561915273725072,0.570392749244713,0.5703927492447132,0.5256325128792215,7.259214501510574
cicids2017,R5_holdout_GoldenEye_Slowloris,rf,1337,1,11740.93730798185,0.9244439714802597,0.7535546973465457,0.5644620542517526,0.5644620542517524,0.5252837268899873,7.3233770192014624
cicids2017,R5_holdout_GoldenEye_Slowloris,rf,1337,2,11880.73647638621,0.9205916781951686,0.7447602749812926,0.5498043936202227,0.5498043936202225,0.52578901561999,7.230815528137225
cicids2017,R5_holdout_GoldenEye_Slowloris,rf,1337,3,11973.787595073341,0.9237841864424816,0.7562667194681614,0.5702775290957923,0.5702775290957923,0.5261264151808224,7.170396896448821
cicids2017,R5_holdout_GoldenEye_Slowloris,rf,1337,4,11997.031831215709,0.9249973395764606,0.7565127947906481,0.5693865396069089,0.569386539606909,0.5262108327411924,7.155449672424061
cicids2017,R5_holdout_GoldenEye_Slowloris,rf,1337,5,11600.871206935248,0.9238906033840587,0.7546537281343373,0.56776782957703,0.56776782957703,0.524779408403054,7.4183389935165165
cicids2017,R5_holdout_GoldenEye_Slowloris,rf,1337,6,11947.213670883684,0.9206980951367457,0.7566738786913356,0.574633562668262,0.574633562668262,0.5260299711287293,7.187556087346694
cicids2017,R5_holdout_GoldenEye_Slowloris,rf,1337,7,11810.870262687808,0.921166329679685,0.7533810009083495,0.5675348273773471,0.567534827377347,0.5255362497996933,7.27680193821926
cicids2017,R5_holdout_GoldenEye_Slowloris,rf,1337,8,11780.90716829594,0.9255507076726615,0.7605618549803068,0.5778924992408139,0.5778924992408138,0.5254279959718027,7.296689948375342
cicids2017,R5_holdout_GoldenEye_Slowloris,rf,1337,9,11757.594064671355,0.9237841864424816,0.7593222026301982,0.5772976262933658,0.5772976262933658,0.5253438293782466,7.312233718807061
cicids2017,R5_holdout_GoldenEye_Slowloris,rf,2024,0,11667.602637233436,0.9249973395764606,0.7576003836553862,0.5725682724762197,0.5725682724762199,0.5250194392352376,7.372813746548021
cicids2017,R5_holdout_GoldenEye_Slowloris,rf,2024,1,11514.029879067108,0.9265723103118017,0.7576899899962019,0.5714285714285714,0.5714285714285716,0.5244676962441743,7.478369125427949
cicids2017,R5_holdout_GoldenEye_Slowloris,rf,2024,2,11760.924962032854,0.9211876130680005,0.7549908729077919,0.5710374201399452,0.5710374201399452,0.5253558515263856,7.310009126863401
cicids2017,R5_holdout_GoldenEye_Slowloris,rf,2024,3,11750.931815969401,0.9247206555283601,0.7544800613447781,0.5660779537149817,0.5660779537149818,0.5253197867325691,7.316686967113276
cicids2017,R5_holdout_GoldenEye_Slowloris,rf,2024,4,11447.159275062246,0.9233585186761732,0.7494278182439111,0.5577826495458816,0.5577826495458816,0.5242281695286811,7.525211399937363
cicids2017,R5_holdout_GoldenEye_Slowloris,rf,2024,5,11933.923075764073,0.9212940300095775,0.747927322912037,0.5555555555555556,0.5555555555555555,0.5259817623608121,7.196166516921234
cicids2017,R5_holdout_GoldenEye_Slowloris,rf,2024,6,11884.06177406797,0.9233585186761732,0.7494222731830754,0.5565583634175691,0.5565583634175694,0.5258010581525847,7.2286401925391095
cicids2017,R5_holdout_GoldenEye_Slowloris,rf,2024,7,11660.932217558762,0.9252527402362456,0.7565804427728305,0.5701565858151674,0.5701565858151675,0.5249954262714965,7.377341111452256
cicids2017,R5_holdout_GoldenEye_Slowloris,rf,2024,8,11770.916746149325,0.9222092157071405,0.7578897546916175,0.5759878419452887,0.5759878419452888,0.5253919212724568,7.303343465045592
cicids2017,R5_holdout_GoldenEye_Slowloris,rf,2024,9,11463.8825981214,0.9239331701606895,0.7500798906380647,0.5584740462789243,0.5584740462789245,0.5242880306940416,7.513445903689806
cicids2017,R5_holdout_GoldenEye_Slowloris,rf,3407,0,11754.263015983246,0.9189528572948813,0.7104803015374481,0.4797564687975647,0.4797564687975646,0.5253318077803204,7.314459665144597
cicids2017,R5_holdout_GoldenEye_Slowloris,rf,3407,1,11627.57104119937,0.9176120038310099,0.7135606657947028,0.4881429011395134,0.4881429011395133,0.524875394393891,7.400061595318755
cicids2017,R5_holdout_GoldenEye_Slowloris,rf,3407,2,11864.10771762508,0.9175481536660637,0.711083700806308,0.4822182037371911,0.4822182037371911,0.5257288112304486,7.241711874623266
cicids2017,R5_holdout_GoldenEye_Slowloris,rf,3407,3,11637.580982728043,0.9177397041609024,0.7135752689704318,0.488,0.48799999999999993,0.5249113981936665,7.393230769230769
cicids2017,R5_holdout_GoldenEye_Slowloris,rf,3407,4,11847.47517502113,0.9188038735766734,0.7112037565551432,0.48113492303048594,0.48113492303048605,0.5256686206264883,7.252641110775732
cicids2017,R5_holdout_GoldenEye_Slowloris,rf,3407,5,11737.605502673485,0.917463020112802,0.7159526262061402,0.4929878048780488,0.4929878048780486,0.5252717080425581,7.325609756097561
cicids2017,R5_holdout_GoldenEye_Slowloris,rf,3407,6,11697.612036137527,0.9176545706076408,0.7056627882637535,0.47123623011015914,0.47123623011015925,0.5251275247615345,7.352509179926559
cicids2017,R5_holdout_GoldenEye_Slowloris,rf,3407,7,11527.396739376492,0.9181866553155262,0.7118813512763987,0.4843021448554554,0.4843021448554553,0.5245156278559678,7.469070562635995
cicids2017,R5_holdout_GoldenEye_Slowloris,rf,3407,8,11874.085426949672,0.9159093327657764,0.710745204519005,0.4832881662149955,0.48328816621499543,0.5257649322096006,7.235170129479072
cicids2017,R5_holdout_GoldenEye_Slowloris,rf,3407,9,11614.222334388634,0.9176758539959562,0.7163505416818213,0.4939870490286771,0.4939870490286772,0.524827397009739,7.409189022510022
cicids2017,R5_holdout_GoldenEye_Slowloris,rf,42,0,11747.60046463065,0.9234649356177503,0.7528858236748789,0.5641181845872677,0.5641181845872677,0.5253077662349549,7.318915625951873
cicids2017,R5_holdout_GoldenEye_Slowloris,rf,42,1,12089.934592944139,0.924060870490582,0.7604824781149223,0.5785587714116952,0.5785587714116954,0.5265487740544508,7.096278795038394
cicids2017,R5_holdout_GoldenEye_Slowloris,rf,42,2,11844.148212448526,0.922230499095456,0.7570370513272187,0.5739734299516909,0.5739734299516908,0.5256565841595494,7.254830917874396
cicids2017,R5_holdout_GoldenEye_Slowloris,rf,42,3,12040.180017726429,0.919591358944344,0.7573196051952241,0.5769801245921091,0.5769801245921093,0.5263676801027193,7.127855235835064
cicids2017,R5_holdout_GoldenEye_Slowloris,rf,42,4,11550.782921061716,0.920612961583484,0.7554531479674496,0.5732009925558312,0.5732009925558315,0.5245995292612143,7.4528535980148884
cicids2017,R5_holdout_GoldenEye_Slowloris,rf,42,5,11790.896228449805,0.9230605512397574,0.7538332693785408,0.5664441747572816,0.5664441747572815,0.5254640756254435,7.290048543689321
cicids2017,R5_holdout_GoldenEye_Slowloris,rf,42,6,12036.861834824469,0.9222517824837714,0.7573914192842444,0.5741839762611276,0.5741839762611277,0.5263556116015132,7.129970326409495
cicids2017,R5_holdout_GoldenEye_Slowloris,rf,42,7,11670.937620115626,0.9221666489305097,0.7583661269434423,0.5773006134969325,0.5773006134969324,0.5250314465408805,7.370552147239263
cicids2017,R5_holdout_GoldenEye_Slowloris,rf,42,8,11874.085426949672,0.925529424284346,0.7627839415470012,0.5823547124360132,0.5823547124360131,0.5257649322096006,7.235170129479072
cicids2017,R5_holdout_GoldenEye_Slowloris,rf,42,9,11657.596780767959,0.9224007662019793,0.749618315161649,0.5586609336609336,0.5586609336609336,0.524983420613323,7.37960687960688
cicids2017,R5_holdout_GoldenEye_Slowloris,rf,512,0,11630.907839670275,0.9184633393636267,0.747000213772117,0.5575738916256158,0.5575738916256157,0.5248873951116904,7.397783251231526
cicids2017,R5_holdout_GoldenEye_Slowloris,rf,512,1,11600.871206935248,0.9273810790677876,0.7654352745357424,0.586600802716888,0.586600802716888,0.524779408403054,7.4183389935165165
cicids2017,R5_holdout_GoldenEye_Slowloris,rf,512,2,11987.07092403488,0.9218686814940938,0.7555186389692486,0.5707898658718331,0.570789865871833,0.5261746504698602,7.161847988077496
cicids2017,R5_holdout_GoldenEye_Slowloris,rf,512,3,11774.247038195976,0.9209322124082154,0.7502178180606004,0.5612275903980553,0.5612275903980553,0.5254039456218246,7.301124278334852
cicids2017,R5_holdout_GoldenEye_Slowloris,rf,512,4,11634.244486846788,0.9266361604767479,0.7640811418067305,0.5844875346260388,0.5844875346260388,0.5248993963782697,7.395506309633733
cicids2017,R5_holdout_GoldenEye_Slowloris,rf,512,5,11764.255708066914,0.9235926359476428,0.7564648792170708,0.5714720194647201,0.5714720194647201,0.5253678742247752,7.307785888077858
cicids2017,R5_holdout_GoldenEye_Slowloris,rf,512,6,11760.924962032856,0.9243801213153134,0.7485816528228729,0.55400060845756,0.55400060845756,0.5253558515263856,7.310009126863401
cicids2017,R5_holdout_GoldenEye_Slowloris,rf,512,7,11973.78759507334,0.9230179844631266,0.751196984939517,0.5604297224709042,0.5604297224709042,0.5261264151808224,7.170396896448821
cicids2017,R5_holdout_GoldenEye_Slowloris,rf,512,8,11667.602637233438,0.9256571246142385,0.7572180622992029,0.5710340595274624,0.5710340595274626,0.5250194392352376,7.372813746548021
cicids2017,R5_holdout_GoldenEye_Slowloris,rf,512,9,11590.856272831079,0.9232095349579653,0.750421450618367,0.5596415327564895,0.5596415327564896,0.5247434227068047,7.42521631644005
cicids2017,R5_holdout_GoldenEye_Slowloris,rf,6021,0,11874.085426949672,0.9241460040438437,0.7646269674692578,0.5877747666365553,0.5877747666365551,0.5257649322096006,7.235170129479072
cicids2017,R5_holdout_GoldenEye_Slowloris,rf,6021,1,11804.212856626717,0.9218473981057784,0.7550438807470657,0.5703030303030303,0.5703030303030303,0.5255121895387432,7.28121212121212
cicids2017,R5_holdout_GoldenEye_Slowloris,rf,6021,2,11837.493833258288,0.9249760561881452,0.7607860402245108,0.5788519637462236,0.5788519637462237,0.5256325128792215,7.259214501510574
cicids2017,R5_holdout_GoldenEye_Slowloris,rf,6021,3,11967.145022299082,0.9254017239544535,0.7636382692675769,0.5840549417736638,0.5840549417736638,0.5261023008525071,7.1746790086593
cicids2017,R5_holdout_GoldenEye_Slowloris,rf,6021,4,11940.568676070292,0.9212940300095775,0.7642356473689886,0.5899431307991619,0.5899431307991619,0.5260058656401797,7.191858724932654
cicids2017,R5_holdout_GoldenEye_Slowloris,rf,6021,5,11600.871206935248,0.9226561668617644,0.7594344985708982,0.5791911083667799,0.5791911083667799,0.524779408403054,7.4183389935165165
cicids2017,R5_holdout_GoldenEye_Slowloris,rf,6021,6,11973.78759507334,0.9240183037139512,0.7602080346445205,0.5783348254252462,0.5783348254252462,0.5261264151808224,7.170396896448821
cicids2017,R5_holdout_GoldenEye_Slowloris,rf,6021,7,12033.543500524722,0.9235713525593274,0.7646297514474348,0.5880083110715346,0.5880083110715345,0.5263435436537051,7.132086672603146
cicids2017,R5_holdout_GoldenEye_Slowloris,rf,6021,8,12010.310921359534,0.9253804405661381,0.7633152454290686,0.583283759666865,0.5832837596668651,0.5262590835109919,7.146936347412255
cicids2017,R5_holdout_GoldenEye_Slowloris,rf,6021,9,12169.471051586052,0.9215494306693626,0.7601079949753203,0.5803519061583577,0.5803519061583576,0.5268387837062536,7.0463343108504395
cicids2017,R5_holdout_GoldenEye_Slowloris,rf,7,0,12202.585499968754,0.9163562839204001,0.7023901365242724,0.46403508771929824,0.46403508771929836,0.5269597153678411,7.025730994152046
cicids2017,R5_holdout_GoldenEye_Slowloris,rf,7,1,11983.750318869987,0.914419495583697,0.694600333059772,0.4505068574836017,0.4505068574836015,0.5261625908184548,7.1639833035181875
cicids2017,R5_holdout_GoldenEye_Slowloris,rf,7,2,11864.10771762508,0.9123550069171013,0.6902002767562683,0.44394213381555153,0.4439421338155516,0.5257288112304486,7.241711874623266
cicids2017,R5_holdout_GoldenEye_Slowloris,rf,7,3,11710.945612703315,0.9130147919548792,0.6997814180354911,0.4639364303178484,0.4639364303178484,0.5251755770594561,7.343520782396088
cicids2017,R5_holdout_GoldenEye_Slowloris,rf,7,4,11790.896228449803,0.9162073002021922,0.70084929779405,0.46237864077669905,0.462378640776699,0.5254640756254435,7.290048543689321
cicids2017,R5_holdout_GoldenEye_Slowloris,rf,7,5,11897.361451198587,0.9142917952538044,0.6984786696773284,0.45913461538461536,0.4591346153846155,0.5258492337998488,7.2199519230769225
cicids2017,R5_holdout_GoldenEye_Slowloris,rf,7,6,11577.500909383474,0.915994466319038,0.6957699095919196,0.4526608910891089,0.4526608910891088,0.5246954494548945,7.4344059405940595
cicids2017,R5_holdout_GoldenEye_Slowloris,rf,7,7,11960.501844004866,0.9136958603809726,0.6959013829499092,0.4541380340603526,0.45413803406035264,0.5260781887345891,7.178966238422467
cicids2017,R5_holdout_GoldenEye_Slowloris,rf,7,8,11917.306426011899,0.9149941470682132,0.7001955714873339,0.46190761847630474,0.4619076184763049,0.5259215138255711,7.206958608278344
cicids2017,R5_holdout_GoldenEye_Slowloris,rf,7,9,11634.244486846783,0.9167181015217623,0.7034540663818907,0.4678362573099415,0.46783625730994155,0.5248993963782697,7.395506309633733
cicids2017,R5_holdout_GoldenEye_Slowloris,rf,88,0,11854.128646117068,0.9277003298925189,0.7675480584648857,0.5900452488687783,0.5900452488687782,0.5256926952141058,7.248265460030166
cicids2017,R5_holdout_GoldenEye_Slowloris,rf,88,1,11757.594064671353,0.9262104927104395,0.7566967513060426,0.5690809494826536,0.5690809494826536,0.5253438293782466,7.312233718807061
cicids2017,R5_holdout_GoldenEye_Slowloris,rf,88,2,11520.713611754698,0.924507821645206,0.7571861770562396,0.5726283048211509,0.572628304821151,0.524491660954992,7.473716951788492
cicids2017,R5_holdout_GoldenEye_Slowloris,rf,88,3,12113.1417362119,0.921315313397893,0.7617095680249893,0.5841438255231358,0.5841438255231359,0.526633327216003,7.0816386678455645
cicids2017,R5_holdout_GoldenEye_Slowloris,rf,88,4,11680.941660931392,0.9261040757688624,0.7690724895375468,0.5954642966595158,0.5954642966595158,0.5250674717533508,7.363775666564511
cicids2017,R5_holdout_GoldenEye_Slowloris,rf,88,5,11690.944339983173,0.9233798020644887,0.7640497828231976,0.5878750765462339,0.5878750765462336,0.5251035019099248,7.357011635027557
cicids2017,R5_holdout_GoldenEye_Slowloris,rf,88,6,11840.821098527296,0.9242949877620518,0.7582002781235659,0.5741467834491091,0.5741467834491091,0.5256445482438064,7.257022047719722
cicids2017,R5_holdout_GoldenEye_Slowloris,rf,88,7,11784.237006347552,0.9254442907310844,0.7693590801209182,0.5965391621129326,0.5965391621129325,0.5254400219724886,7.294474802671524
cicids2017,R5_holdout_GoldenEye_Slowloris,rf,88,8,12033.543500524725,0.9235926359476428,0.7608449537260773,0.5799940635203324,0.5799940635203323,0.5263435436537051,7.132086672603146
cicids2017,R5_holdout_GoldenEye_Slowloris,rf,88,9,11800.883926588069,0.9226561668617644,0.7566973388399316,0.5729008790542589,0.572900879054259,0.5255001602344,7.283419217944831
cicids2017,R5_holdout_GoldenEye_Slowloris,rf,91,0,11694.278263715596,0.9225071831435565,0.7489743375933824,0.5570860116314662,0.5570860116314663,0.5251155130609818,7.354759718396081
cicids2017,R5_holdout_GoldenEye_Slowloris,rf,91,1,11750.931815969403,0.923954453549005,0.7634728751024108,0.5858708891595615,0.5858708891595616,0.5253197867325691,7.316686967113276
cicids2017,R5_holdout_GoldenEye_Slowloris,rf,91,2,11930.60004855327,0.9234649356177503,0.751131784469014,0.5599161174355902,0.5599161174355903,0.5259697115494765,7.198322348711803
cicids2017,R5_holdout_GoldenEye_Slowloris,rf,91,3,11637.580982728043,0.9270831116313717,0.7640882358230573,0.584,0.584,0.5249113981936665,7.393230769230769
cicids2017,R5_holdout_GoldenEye_Slowloris,rf,91,4,11800.88392658807,0.927402362456103,0.7681090131468449,0.5916944528645044,0.5916944528645046,0.5255001602344,7.283419217944831
cicids2017,R5_holdout_GoldenEye_Slowloris,rf,91,5,11973.78759507334,0.9243162711503672,0.7508901597390734,0.5583407937928977,0.5583407937928977,0.5261264151808224,7.170396896448821
cicids2017,R5_holdout_GoldenEye_Slowloris,rf,91,6,12139.655100606155,0.9247419389166756,0.7510684984443153,0.5577771243751838,0.5577771243751836,0.5267299926578561,7.064980887974125
cicids2017,R5_holdout_GoldenEye_Slowloris,rf,91,7,11987.070924034871,0.921570714057678,0.7478766866014765,0.5549925484351714,0.5549925484351713,0.5261746504698602,7.161847988077496
cicids2017,R5_holdout_GoldenEye_Slowloris,rf,91,8,11557.46332580354,0.9245503884218368,0.7591265075569705,0.5765654060756354,0.5765654060756354,0.5246235060216184,7.44823310601364
cicids2017,R5_holdout_GoldenEye_Slowloris,rf,91,9,11697.612036137525,0.9244865382568905,0.7561855127517125,0.5700734394124847,0.5700734394124848,0.5251275247615345,7.352509179926559
cicids2017,R5_holdout_GoldenEye_Slowloris,xgb,12345,0,11754.263015983248,0.9325103756518037,0.8369558995312535,0.7312024353120243,0.7312024353120243,0.5253318077803204,7.314459665144597
cicids2017,R5_holdout_GoldenEye_Slowloris,xgb,12345,1,12070.036850803477,0.9354049164627009,0.8372442119596489,0.7281065088757397,0.7281065088757395,0.5264763215227611,7.1088757396449695
cicids2017,R5_holdout_GoldenEye_Slowloris,xgb,12345,2,11744.268961967853,0.9335106949026285,0.8328736678321497,0.7215112736136502,0.72151127361365,0.5252957462874402,7.32114564290067
cicids2017,R5_holdout_GoldenEye_Slowloris,xgb,12345,3,11960.501844004868,0.9323401085452804,0.8298894070620251,0.7161637287122796,0.7161637287122797,0.5260781887345891,7.178966238422467
cicids2017,R5_holdout_GoldenEye_Slowloris,xgb,12345,4,12070.036850803477,0.9318505906140258,0.8287884427067801,0.7142011834319527,0.7142011834319526,0.5264763215227611,7.1088757396449695
cicids2017,R5_holdout_GoldenEye_Slowloris,xgb,12345,5,11770.916746149327,0.9350430988613387,0.8309911495764303,0.71580547112462,0.7158054711246201,0.5253919212724568,7.303343465045592
cicids2017,R5_holdout_GoldenEye_Slowloris,xgb,12345,6,11910.658706534185,0.9376183888475045,0.8398461895612265,0.7313925570228091,0.731392557022809,0.525897418275949,7.211284513805522
cicids2017,R5_holdout_GoldenEye_Slowloris,xgb,12345,7,11904.010381594135,0.934042779610514,0.8337553834083093,0.7225225225225225,0.7225225225225225,0.5258733249341427,7.215615615615615
cicids2017,R5_holdout_GoldenEye_Slowloris,xgb,12345,8,11774.247038195981,0.9344258806001916,0.8347483686659241,0.7243998784563962,0.7243998784563961,0.5254039456218246,7.301124278334852
cicids2017,R5_holdout_GoldenEye_Slowloris,xgb,12345,9,11800.883926588069,0.9333617111844206,0.8297800379708052,0.7150651712640194,0.7150651712640197,0.5255001602344,7.283419217944831
cicids2017,R5_holdout_GoldenEye_Slowloris,xgb,1337,0,11720.944206325923,0.9344684473768224,0.8322064004747272,0.7190839694656489,0.7190839694656489,0.5252116220544498,7.336793893129771
cicids2017,R5_holdout_GoldenEye_Slowloris,xgb,1337,1,11777.577178911797,0.936320102160264,0.8343442514807151,0.721445929526124,0.7214459295261237,0.5254159705215938,7.298906439854192
cicids2017,R5_holdout_GoldenEye_Slowloris,xgb,1337,2,11617.559738028678,0.9341704799404065,0.8331843451884297,0.7216399506781751,0.7216399506781748,0.5248393955327953,7.406905055487053
cicids2017,R5_holdout_GoldenEye_Slowloris,xgb,1337,3,11900.685992077879,0.9342343301053527,0.833386763922325,0.721537999399219,0.7215379993992187,0.5258612790910757,7.217783118053469
cicids2017,R5_holdout_GoldenEye_Slowloris,xgb,1337,4,11580.839977168767,0.9341917633287219,0.8319822567440565,0.7191463037426539,0.7191463037426539,0.5247074419455111,7.43210640272193
cicids2017,R5_holdout_GoldenEye_Slowloris,xgb,1337,5,11770.916746149327,0.9363413855485794,0.8322502900121589,0.7170212765957447,0.7170212765957447,0.5253919212724568,7.303343465045592
cicids2017,R5_holdout_GoldenEye_Slowloris,xgb,1337,6,11710.945612703315,0.9339363626689369,0.8391978934845145,0.7344132029339854,0.7344132029339855,0.5251755770594561,7.343520782396088
cicids2017,R5_holdout_GoldenEye_Slowloris,xgb,1337,7,11777.577178911795,0.9357028838991167,0.838633165642118,0.7311664641555286,0.7311664641555284,0.5254159705215938,7.298906439854192
cicids2017,R5_holdout_GoldenEye_Slowloris,xgb,1337,8,11564.143125442291,0.9347876982015537,0.833842337349338,0.7224287484510533,0.722428748451053,0.5246474849738327,7.443618339529119
cicids2017,R5_holdout_GoldenEye_Slowloris,xgb,1337,9,11577.500909383472,0.9348941151431308,0.8348069505695961,0.724319306930693,0.724319306930693,0.5246954494548945,7.4344059405940595
cicids2017,R5_holdout_GoldenEye_Slowloris,xgb,2024,0,11483.945594465224,0.9374694051292966,0.8355345655980823,0.7231585518102372,0.7231585518102369,0.5243598821406547,7.499375780274657
cicids2017,R5_holdout_GoldenEye_Slowloris,xgb,2024,1,11370.183288827286,0.933127593912951,0.8379160173375004,0.7331230283911672,0.7331230283911673,0.5239529841378524,7.57981072555205
cicids2017,R5_holdout_GoldenEye_Slowloris,xgb,2024,2,12006.991375907975,0.934596147706715,0.8343514193039318,0.7229991074085094,0.7229991074085096,0.5262470199889969,7.14906277893484
cicids2017,R5_holdout_GoldenEye_Slowloris,xgb,2024,3,11827.511129373048,0.934702564648292,0.8341322483402444,0.7227094042939219,0.722709404293922,0.5255964100920372,7.265799818566676
cicids2017,R5_holdout_GoldenEye_Slowloris,xgb,2024,4,11590.856272831079,0.931914440778972,0.8265127639978536,0.7101359703337453,0.7101359703337455,0.5247434227068047,7.42521631644005
cicids2017,R5_holdout_GoldenEye_Slowloris,xgb,2024,5,12013.630315420083,0.9364690858784719,0.8341524527726398,0.7204876598275349,0.720487659827535,0.5262711475860804,7.1448111804936065
cicids2017,R5_holdout_GoldenEye_Slowloris,xgb,2024,6,11884.06177406797,0.9319782909439183,0.8287079416936711,0.7141997593261131,0.7141997593261133,0.5258010581525847,7.2286401925391095
cicids2017,R5_holdout_GoldenEye_Slowloris,xgb,2024,7,11844.148212448528,0.9334255613493668,0.8342451854435944,0.7243357487922706,0.7243357487922705,0.5256565841595494,7.254830917874396
cicids2017,R5_holdout_GoldenEye_Slowloris,xgb,2024,8,11627.57104119937,0.9347238480366075,0.8322876950122476,0.719125346473668,0.7191253464736679,0.524875394393891,7.400061595318755
cicids2017,R5_holdout_GoldenEye_Slowloris,xgb,2024,9,11767.586302772692,0.9344684473768224,0.8313671188506654,0.7172392824566738,0.717239282456674,0.5253798974734529,7.305564001216174
cicids2017,R5_holdout_GoldenEye_Slowloris,xgb,3407,0,11697.612036137529,0.9328934766414814,0.8284599110754939,0.7129742962056304,0.7129742962056305,0.5251275247615345,7.352509179926559
cicids2017,R5_holdout_GoldenEye_Slowloris,xgb,3407,1,11654.261192675973,0.9346599978716612,0.8312893569713313,0.7170506912442396,0.7170506912442397,0.5249714155042305,7.381874039938556
cicids2017,R5_holdout_GoldenEye_Slowloris,xgb,3407,2,11687.610264941099,0.9352984995211238,0.8384623126473667,0.7313935681470137,0.7313935681470137,0.5250914913083258,7.3592649310872895
cicids2017,R5_holdout_GoldenEye_Slowloris,xgb,3407,3,11960.501844004868,0.9342556134936681,0.8350033964294203,0.7248282043621154,0.7248282043621155,0.5260781887345891,7.178966238422467
cicids2017,R5_holdout_GoldenEye_Slowloris,xgb,3407,4,11887.386920390938,0.9361285516654252,0.8370659264441843,0.727218045112782,0.7272180451127819,0.5258131012368301,7.226466165413534
cicids2017,R5_holdout_GoldenEye_Slowloris,xgb,3407,5,11754.263015983248,0.9322549749920187,0.8272850169031933,0.7111111111111111,0.711111111111111,0.5253318077803204,7.314459665144597
cicids2017,R5_holdout_GoldenEye_Slowloris,xgb,3407,6,11510.687785825749,0.9387038416515909,0.8386031406542636,0.7282067247820673,0.7282067247820674,0.5244557147099811,7.480697384806974
cicids2017,R5_holdout_GoldenEye_Slowloris,xgb,3407,7,12000.351830835216,0.9347451314249229,0.836744372935382,0.7278952069068175,0.7278952069068174,0.5262228946041352,7.153319440309615
cicids2017,R5_holdout_GoldenEye_Slowloris,xgb,3407,8,11770.916746149325,0.9355539001809088,0.8340004181822029,0.721580547112462,0.721580547112462,0.5253919212724568,7.303343465045592
cicids2017,R5_holdout_GoldenEye_Slowloris,xgb,3407,9,11617.559738028682,0.9324039587102266,0.8389949943430254,0.7358199753390875,0.7358199753390873,0.5248393955327953,7.406905055487053
cicids2017,R5_holdout_GoldenEye_Slowloris,xgb,42,0,11787.566693065784,0.9337022453974673,0.8307924681431419,0.7168437025796661,0.7168437025796663,0.5254520485236897,7.292261001517451
cicids2017,R5_holdout_GoldenEye_Slowloris,xgb,42,1,11677.607131965446,0.933638395232521,0.8344084099421332,0.7247087676272226,0.7247087676272228,0.5250554627998995,7.3660331085223785
cicids2017,R5_holdout_GoldenEye_Slowloris,xgb,42,2,11740.937307981854,0.9354261998510163,0.8342710691352564,0.7223407497714112,0.722340749771411,0.5252837268899873,7.3233770192014624
cicids2017,R5_holdout_GoldenEye_Slowloris,xgb,42,3,11724.276768233383,0.9346599978716612,0.8375676299936786,0.7301587301587301,0.7301587301587299,0.5252236381523256,7.334554334554335
cicids2017,R5_holdout_GoldenEye_Slowloris,xgb,42,4,11697.61203613752,0.9342768968819836,0.833255057940539,0.7215422276621787,0.7215422276621788,0.5251275247615345,7.352509179926559
cicids2017,R5_holdout_GoldenEye_Slowloris,xgb,42,5,11827.51112937305,0.9324039587102266,0.8293377501492939,0.7151496824916843,0.7151496824916842,0.5255964100920372,7.265799818566676
cicids2017,R5_holdout_GoldenEye_Slowloris,xgb,42,6,11923.953540020522,0.9364690858784719,0.8374148998324236,0.7275179856115108,0.7275179856115107,0.5259456115833123,7.2026378896882495
cicids2017,R5_holdout_GoldenEye_Slowloris,xgb,42,7,11937.245951603365,0.9329573268064276,0.8286365876151955,0.712874251497006,0.7128742514970059,0.525993813724367,7.1940119760479035
cicids2017,R5_holdout_GoldenEye_Slowloris,xgb,42,8,12060.08593573704,0.9357880174523784,0.8383056165507402,0.7299378146283684,0.7299378146283682,0.5264401027334434,7.1151909979271535
cicids2017,R5_holdout_GoldenEye_Slowloris,xgb,42,9,11737.605502673487,0.9342343301053527,0.8385232298394009,0.7326219512195122,0.7326219512195121,0.5252717080425581,7.325609756097561
cicids2017,R5_holdout_GoldenEye_Slowloris,xgb,512,0,11730.941438093068,0.9342768968819836,0.8281803722408156,0.7107992678462477,0.7107992678462477,0.5252476719976206,7.330079316656497
cicids2017,R5_holdout_GoldenEye_Slowloris,xgb,512,1,12079.986403213472,0.9337448121740981,0.8327128765186547,0.720366538575229,0.7203665385752291,0.5265125452960874,7.102571681939107
cicids2017,R5_holdout_GoldenEye_Slowloris,xgb,512,2,11794.225612498756,0.9316377567308716,0.8303700560952962,0.7182286927509858,0.7182286927509859,0.5254761032777879,7.287837427964815
cicids2017,R5_holdout_GoldenEye_Slowloris,xgb,512,3,11797.55484521179,0.9379589230605513,0.8311450456472977,0.7128562765312311,0.7128562765312308,0.5254881314807609,7.285627653123104
cicids2017,R5_holdout_GoldenEye_Slowloris,xgb,512,4,11847.475175021133,0.933382994572736,0.8342647937412542,0.724418955629339,0.7244189556293391,0.5256686206264883,7.252641110775732
cicids2017,R5_holdout_GoldenEye_Slowloris,xgb,512,5,11993.711680208587,0.9344684473768224,0.8303068988277428,0.7146261543044384,0.7146261543044384,0.526198771431191,7.157581173666964
cicids2017,R5_holdout_GoldenEye_Slowloris,xgb,512,6,11887.38692039094,0.9339576460572523,0.8369227240417813,0.7293233082706767,0.7293233082706767,0.5258131012368301,7.226466165413534
cicids2017,R5_holdout_GoldenEye_Slowloris,xgb,512,7,11874.085426949672,0.9352984995211238,0.832608069635695,0.7187594098163204,0.7187594098163202,0.5257649322096006,7.235170129479072
cicids2017,R5_holdout_GoldenEye_Slowloris,xgb,512,8,11794.225612498754,0.9347876982015537,0.8331766827608831,0.7206551410373067,0.7206551410373067,0.5254761032777879,7.287837427964815
cicids2017,R5_holdout_GoldenEye_Slowloris,xgb,512,9,11727.609178822704,0.9357880174523784,0.8413889677301403,0.7369545315837657,0.7369545315837656,0.5252356548000366,7.332316142813548
cicids2017,R5_holdout_GoldenEye_Slowloris,xgb,6021,0,12063.403058830712,0.9340002128338831,0.8301151023574722,0.7146240378922439,0.7146240378922439,0.5264521751095008,7.113084665482533
cicids2017,R5_holdout_GoldenEye_Slowloris,xgb,6021,1,11790.896228449803,0.9347451314249229,0.8338313881320821,0.7220873786407767,0.7220873786407768,0.5254640756254435,7.290048543689321
cicids2017,R5_holdout_GoldenEye_Slowloris,xgb,6021,2,11953.858060197466,0.9344045972118761,0.8304647318340144,0.7150971599402093,0.7150971599402093,0.5260540788267645,7.183258594917788
cicids2017,R5_holdout_GoldenEye_Slowloris,xgb,6021,3,11750.931815969403,0.9318931573906566,0.8305195709397388,0.7183313032886723,0.7183313032886725,0.5253197867325691,7.316686967113276
cicids2017,R5_holdout_GoldenEye_Slowloris,xgb,6021,4,12013.630315420087,0.9331063105246356,0.8360452100257416,0.7282188522152839,0.7282188522152842,0.5262711475860804,7.1448111804936065
cicids2017,R5_holdout_GoldenEye_Slowloris,xgb,6021,5,11993.711680208586,0.9322975417686495,0.8281766029566853,0.7125409591897528,0.7125409591897526,0.526198771431191,7.157581173666964
cicids2017,R5_holdout_GoldenEye_Slowloris,xgb,6021,6,11870.759675196603,0.934149196552091,0.8338180306896974,0.7225903614457831,0.7225903614457831,0.5257528913317302,7.237349397590361
cicids2017,R5_holdout_GoldenEye_Slowloris,xgb,6021,7,11657.596780767959,0.9333191444077897,0.8347142320812431,0.7257371007371007,0.7257371007371007,0.524983420613323,7.37960687960688
cicids2017,R5_holdout_GoldenEye_Slowloris,xgb,6021,8,11670.937620115626,0.933893795892306,0.83751688139899,0.7309815950920245,0.7309815950920245,0.5250314465408805,7.370552147239263
cicids2017,R5_holdout_GoldenEye_Slowloris,xgb,6021,9,11810.870262687808,0.9329360434181122,0.8279627613388474,0.7116898849182314,0.7116898849182312,0.5255362497996933,7.27680193821926
cicids2017,R5_holdout_GoldenEye_Slowloris,xgb,7,0,11834.166416642349,0.9302969032670001,0.8334781139805683,0.7262012692656392,0.7262012692656391,0.525620478065757,7.261408280447264
cicids2017,R5_holdout_GoldenEye_Slowloris,xgb,7,1,11637.580982728046,0.931254655741194,0.8327903311272572,0.724,0.7240000000000001,0.5249113981936665,7.393230769230769
cicids2017,R5_holdout_GoldenEye_Slowloris,xgb,7,2,11714.278628560052,0.9371288709162499,0.8369986089373905,0.7262450351359608,0.7262450351359608,0.5251875915080527,7.341277115795906
cicids2017,R5_holdout_GoldenEye_Slowloris,xgb,7,3,11744.268961967853,0.9350005320847079,0.838718627896459,0.7321755027422303,0.7321755027422303,0.5252957462874402,7.32114564290067
cicids2017,R5_holdout_GoldenEye_Slowloris,xgb,7,4,11667.602637233438,0.9365967862083644,0.8368539398255301,0.7266032525314514,0.7266032525314516,0.5250194392352376,7.372813746548021
cicids2017,R5_holdout_GoldenEye_Slowloris,xgb,7,5,11870.759675196605,0.9308077045865701,0.8270616386143939,0.7120481927710843,0.7120481927710841,0.5257528913317302,7.237349397590361
cicids2017,R5_holdout_GoldenEye_Slowloris,xgb,7,6,12066.720030519806,0.9349792486963925,0.8362788029314157,0.726546315477952,0.7265463154779521,0.5264642480392606,7.110979579757324
cicids2017,R5_holdout_GoldenEye_Slowloris,xgb,7,7,11463.882598121398,0.9377035224007662,0.8374773674796901,0.7270168855534709,0.727016885553471,0.5242880306940416,7.513445903689806
cicids2017,R5_holdout_GoldenEye_Slowloris,xgb,7,8,11947.213670883682,0.932425242098542,0.8273525399017456,0.71073885731379,0.7107388573137902,0.5260299711287293,7.187556087346694
cicids2017,R5_holdout_GoldenEye_Slowloris,xgb,7,9,11800.883926588069,0.932425242098542,0.8341781914434422,0.7253713246438315,0.7253713246438316,0.5255001602344,7.283419217944831
cicids2017,R5_holdout_GoldenEye_Slowloris,xgb,88,0,11794.225612498756,0.9316164733425562,0.8317981318033646,0.7212617531088868,0.7212617531088868,0.5254761032777879,7.287837427964815
cicids2017,R5_holdout_GoldenEye_Slowloris,xgb,88,1,11804.212856626718,0.9330424603596893,0.8303747837734703,0.7166666666666667,0.7166666666666667,0.5255121895387432,7.28121212121212
cicids2017,R5_holdout_GoldenEye_Slowloris,xgb,88,2,11490.632049865111,0.9347451314249229,0.8335998666263846,0.7220835932626326,0.7220835932626326,0.5243838369994747,7.494697442295696
cicids2017,R5_holdout_GoldenEye_Slowloris,xgb,88,3,11820.855236726202,0.934298180270299,0.8303898410344913,0.7152798789712557,0.7152798789712557,0.5255723443223443,7.270196671709531
cicids2017,R5_holdout_GoldenEye_Slowloris,xgb,88,4,12023.587589247209,0.9324890922634883,0.8321835766608132,0.720736779560309,0.720736779560309,0.5263073431302873,7.138443256090315
cicids2017,R5_holdout_GoldenEye_Slowloris,xgb,88,5,11837.493833258288,0.9346599978716612,0.82936408884266,0.7126888217522659,0.7126888217522659,0.5256325128792215,7.259214501510574
cicids2017,R5_holdout_GoldenEye_Slowloris,xgb,88,6,11744.268961967853,0.9346387144833458,0.8336108504319122,0.7218159658744668,0.7218159658744666,0.5252957462874402,7.32114564290067
cicids2017,R5_holdout_GoldenEye_Slowloris,xgb,88,7,11597.533046852845,0.932425242098542,0.8289259639686047,0.7146386658431131,0.714638665843113,0.5247674126225799,7.420630018529956
cicids2017,R5_holdout_GoldenEye_Slowloris,xgb,88,8,11534.079261925703,0.9343833138235607,0.8348630725262899,0.7250698974836906,0.7250698974836907,0.5245395969474022,7.464429947188568
cicids2017,R5_holdout_GoldenEye_Slowloris,xgb,88,9,11814.198738708552,0.9333191444077897,0.8363958066901613,0.7290342113230397,0.7290342113230397,0.5255482807563756,7.274598849530729
cicids2017,R5_holdout_GoldenEye_Slowloris,xgb,91,0,11750.931815969405,0.9343833138235607,0.8286477466783646,0.71163215590743,0.7116321559074302,0.5253197867325691,7.316686967113276
cicids2017,R5_holdout_GoldenEye_Slowloris,xgb,91,1,11837.493833258288,0.9334255613493668,0.8311515573551583,0.7178247734138973,0.7178247734138974,0.5256325128792215,7.259214501510574
cicids2017,R5_holdout_GoldenEye_Slowloris,xgb,91,2,11947.21367088368,0.9345322975417687,0.8329978693230655,0.7203110978163326,0.7203110978163327,0.5260299711287293,7.187556087346694
cicids2017,R5_holdout_GoldenEye_Slowloris,xgb,91,3,11604.209215730883,0.9345748643183995,0.8335163942468932,0.7219135802469135,0.7219135802469134,0.5247914047319694,7.416049382716049
cicids2017,R5_holdout_GoldenEye_Slowloris,xgb,91,4,11644.253520601436,0.9344258806001916,0.8310346210221113,0.716789667896679,0.7167896678966791,0.524935403471063,7.3886838868388685
cicids2017,R5_holdout_GoldenEye_Slowloris,xgb,91,5,11830.838848680316,0.9332127274662126,0.8312403834727667,0.7182587666263603,0.7182587666263602,0.5256084438033748,7.263603385731559
cicids2017,R5_holdout_GoldenEye_Slowloris,xgb,91,6,11857.455154638708,0.9307225710333085,0.8297022497541604,0.7177322074788902,0.7177322074788902,0.52570473333486,7.246079613992762
cicids2017,R5_holdout_GoldenEye_Slowloris,xgb,91,7,11840.821098527296,0.9342343301053527,0.831619703339707,0.7179099969797644,0.7179099969797644,0.5256445482438064,7.257022047719722
cicids2017,R5_holdout_GoldenEye_Slowloris,xgb,91,8,11830.838848680321,0.9345535809300841,0.8305110737471164,0.7152357920193471,0.715235792019347,0.5256084438033748,7.263603385731559
cicids2017,R5_holdout_GoldenEye_Slowloris,xgb,91,9,11857.455154638708,0.9342130467170373,0.8353990827443634,0.7258745476477684,0.7258745476477685,0.52570473333486,7.246079613992762
