dataset,realization,seed,arch,protocol,class,alpha,coverage,set_size,nominal
cicids2017,R1_holdout_Slowhttptest,42,rf,REC,Benign,0.05,0.9504,0.9509,0.95
cicids2017,R1_holdout_Slowhttptest,42,rf,REC,DoS,0.05,0.9514,1.2014,0.95
cicids2017,R1_holdout_Slowhttptest,42,rf,REC,Benign,0.1,0.9009,0.9011,0.9
cicids2017,R1_holdout_Slowhttptest,42,rf,REC,DoS,0.1,0.8964,1.142,0.9
cicids2017,R1_holdout_Slowhttptest,42,rf,REC,Benign,0.2,0.8002,0.8003,0.8
cicids2017,R1_holdout_Slowhttptest,42,rf,REC,DoS,0.2,0.7951,1.0271,0.8
cicids2017,R1_holdout_Slowhttptest,42,rf,TSC,Benign,0.05,0.9499,0.9504,0.95
cicids2017,R1_holdout_Slowhttptest,42,rf,TSC,DoS,0.05,0.9525,1.2024,0.95
cicids2017,R1_holdout_Slowhttptest,42,rf,TSC,Benign,0.1,0.9004,0.9007,0.9
cicids2017,R1_holdout_Slowhttptest,42,rf,TSC,DoS,0.1,0.9036,1.149,0.9
cicids2017,R1_holdout_Slowhttptest,42,rf,TSC,Benign,0.2,0.8004,0.8005,0.8
cicids2017,R1_holdout_Slowhttptest,42,rf,TSC,DoS,0.2,0.7951,1.0273,0.8
cicids2017,R1_holdout_Slowhttptest,42,rf,SHC,Benign,0.05,0.9507,0.951,0.95
cicids2017,R1_holdout_Slowhttptest,42,rf,SHC,DoS,0.05,0.911,1.1614,0.95
cicids2017,R1_holdout_Slowhttptest,42,rf,SHC,Benign,0.1,0.9004,0.9005,0.9
cicids2017,R1_holdout_Slowhttptest,42,rf,SHC,DoS,0.1,0.8267,1.0721,0.9
cicids2017,R1_holdout_Slowhttptest,42,rf,SHC,Benign,0.2,0.7998,0.8,0.8
cicids2017,R1_holdout_Slowhttptest,42,rf,SHC,DoS,0.2,0.6865,0.9183,0.8
cicids2017,R1_holdout_Slowhttptest,42,xgb,REC,Benign,0.05,0.9489,0.9491,0.95
cicids2017,R1_holdout_Slowhttptest,42,xgb,REC,DoS,0.05,0.9511,0.9802,0.95
cicids2017,R1_holdout_Slowhttptest,42,xgb,REC,Benign,0.1,0.9,0.9002,0.9
cicids2017,R1_holdout_Slowhttptest,42,xgb,REC,DoS,0.1,0.894,0.9218,0.9
cicids2017,R1_holdout_Slowhttptest,42,xgb,REC,Benign,0.2,0.7999,0.8,0.8
cicids2017,R1_holdout_Slowhttptest,42,xgb,REC,DoS,0.2,0.7922,0.8171,0.8
cicids2017,R1_holdout_Slowhttptest,42,xgb,TSC,Benign,0.05,0.95,0.9501,0.95
cicids2017,R1_holdout_Slowhttptest,42,xgb,TSC,DoS,0.05,0.9553,0.9844,0.95
cicids2017,R1_holdout_Slowhttptest,42,xgb,TSC,Benign,0.1,0.9001,0.9002,0.9
cicids2017,R1_holdout_Slowhttptest,42,xgb,TSC,DoS,0.1,0.9019,0.9297,0.9
cicids2017,R1_holdout_Slowhttptest,42,xgb,TSC,Benign,0.2,0.7995,0.7995,0.8
cicids2017,R1_holdout_Slowhttptest,42,xgb,TSC,DoS,0.2,0.7959,0.8208,0.8
cicids2017,R1_holdout_Slowhttptest,42,xgb,SHC,Benign,0.05,0.9496,0.9498,0.95
cicids2017,R1_holdout_Slowhttptest,42,xgb,SHC,DoS,0.05,0.9265,0.9556,0.95
cicids2017,R1_holdout_Slowhttptest,42,xgb,SHC,Benign,0.1,0.9002,0.9003,0.9
cicids2017,R1_holdout_Slowhttptest,42,xgb,SHC,DoS,0.1,0.8739,0.9016,0.9
cicids2017,R1_holdout_Slowhttptest,42,xgb,SHC,Benign,0.2,0.7997,0.7998,0.8
cicids2017,R1_holdout_Slowhttptest,42,xgb,SHC,DoS,0.2,0.7782,0.8031,0.8
cicids2017,R1_holdout_Slowhttptest,42,mlp,REC,Benign,0.05,0.9507,1.001,0.95
cicids2017,R1_holdout_Slowhttptest,42,mlp,REC,DoS,0.05,0.9499,1.2775,0.95
cicids2017,R1_holdout_Slowhttptest,42,mlp,REC,Benign,0.1,0.901,0.9216,0.9
cicids2017,R1_holdout_Slowhttptest,42,mlp,REC,DoS,0.1,0.9027,1.2194,0.9
cicids2017,R1_holdout_Slowhttptest,42,mlp,REC,Benign,0.2,0.8011,0.8021,0.8
cicids2017,R1_holdout_Slowhttptest,42,mlp,REC,DoS,0.2,0.8009,1.0809,0.8
cicids2017,R1_holdout_Slowhttptest,42,mlp,TSC,Benign,0.05,0.9507,1.1913,0.95
cicids2017,R1_holdout_Slowhttptest,42,mlp,TSC,DoS,0.05,0.9573,1.2847,0.95
cicids2017,R1_holdout_Slowhttptest,42,mlp,TSC,Benign,0.1,0.9008,0.9229,0.9
cicids2017,R1_holdout_Slowhttptest,42,mlp,TSC,DoS,0.1,0.9053,1.2219,0.9
cicids2017,R1_holdout_Slowhttptest,42,mlp,TSC,Benign,0.2,0.8014,0.8024,0.8
cicids2017,R1_holdout_Slowhttptest,42,mlp,TSC,DoS,0.2,0.8014,1.0817,0.8
cicids2017,R1_holdout_Slowhttptest,42,mlp,SHC,Benign,0.05,0.9502,0.9508,0.95
cicids2017,R1_holdout_Slowhttptest,42,mlp,SHC,DoS,0.05,0.7151,1.0426,0.95
cicids2017,R1_holdout_Slowhttptest,42,mlp,SHC,Benign,0.1,0.8994,0.8995,0.9
cicids2017,R1_holdout_Slowhttptest,42,mlp,SHC,DoS,0.1,0.6054,0.9216,0.9
cicids2017,R1_holdout_Slowhttptest,42,mlp,SHC,Benign,0.2,0.7996,0.7998,0.8
cicids2017,R1_holdout_Slowhttptest,42,mlp,SHC,DoS,0.2,0.535,0.8143,0.8
cicids2017,R1_holdout_Slowhttptest,1337,rf,REC,Benign,0.05,0.9492,0.9498,0.95
cicids2017,R1_holdout_Slowhttptest,1337,rf,REC,DoS,0.05,0.9538,1.1926,0.95
cicids2017,R1_holdout_Slowhttptest,1337,rf,REC,Benign,0.1,0.8994,0.8995,0.9
cicids2017,R1_holdout_Slowhttptest,1337,rf,REC,DoS,0.1,0.9034,1.1333,0.9
cicids2017,R1_holdout_Slowhttptest,1337,rf,REC,Benign,0.2,0.8,0.8002,0.8
cicids2017,R1_holdout_Slowhttptest,1337,rf,REC,DoS,0.2,0.7982,1.0094,0.8
cicids2017,R1_holdout_Slowhttptest,1337,rf,TSC,Benign,0.05,0.9497,0.9504,0.95
cicids2017,R1_holdout_Slowhttptest,1337,rf,TSC,DoS,0.05,0.9564,1.1952,0.95
cicids2017,R1_holdout_Slowhttptest,1337,rf,TSC,Benign,0.1,0.9001,0.9002,0.9
cicids2017,R1_holdout_Slowhttptest,1337,rf,TSC,DoS,0.1,0.9017,1.1316,0.9
cicids2017,R1_holdout_Slowhttptest,1337,rf,TSC,Benign,0.2,0.8005,0.8006,0.8
cicids2017,R1_holdout_Slowhttptest,1337,rf,TSC,DoS,0.2,0.7991,1.0105,0.8
cicids2017,R1_holdout_Slowhttptest,1337,rf,SHC,Benign,0.05,0.95,0.9502,0.95
cicids2017,R1_holdout_Slowhttptest,1337,rf,SHC,DoS,0.05,0.9018,1.1408,0.95
cicids2017,R1_holdout_Slowhttptest,1337,rf,SHC,Benign,0.1,0.9002,0.9003,0.9
cicids2017,R1_holdout_Slowhttptest,1337,rf,SHC,DoS,0.1,0.83,1.0599,0.9
cicids2017,R1_holdout_Slowhttptest,1337,rf,SHC,Benign,0.2,0.8003,0.8004,0.8
cicids2017,R1_holdout_Slowhttptest,1337,rf,SHC,DoS,0.2,0.7022,0.9132,0.8
cicids2017,R1_holdout_Slowhttptest,1337,xgb,REC,Benign,0.05,0.9499,0.9501,0.95
cicids2017,R1_holdout_Slowhttptest,1337,xgb,REC,DoS,0.05,0.9505,0.9776,0.95
cicids2017,R1_holdout_Slowhttptest,1337,xgb,REC,Benign,0.1,0.8998,0.8999,0.9
cicids2017,R1_holdout_Slowhttptest,1337,xgb,REC,DoS,0.1,0.8971,0.9227,0.9
cicids2017,R1_holdout_Slowhttptest,1337,xgb,REC,Benign,0.2,0.7996,0.7997,0.8
cicids2017,R1_holdout_Slowhttptest,1337,xgb,REC,DoS,0.2,0.7888,0.8118,0.8
cicids2017,R1_holdout_Slowhttptest,1337,xgb,TSC,Benign,0.05,0.9508,0.951,0.95
cicids2017,R1_holdout_Slowhttptest,1337,xgb,TSC,DoS,0.05,0.9572,0.9841,0.95
cicids2017,R1_holdout_Slowhttptest,1337,xgb,TSC,Benign,0.1,0.9007,0.9008,0.9
cicids2017,R1_holdout_Slowhttptest,1337,xgb,TSC,DoS,0.1,0.9085,0.9341,0.9
cicids2017,R1_holdout_Slowhttptest,1337,xgb,TSC,Benign,0.2,0.7996,0.7997,0.8
cicids2017,R1_holdout_Slowhttptest,1337,xgb,TSC,DoS,0.2,0.8069,0.83,0.8
cicids2017,R1_holdout_Slowhttptest,1337,xgb,SHC,Benign,0.05,0.9495,0.9497,0.95
cicids2017,R1_holdout_Slowhttptest,1337,xgb,SHC,DoS,0.05,0.9302,0.9571,0.95
cicids2017,R1_holdout_Slowhttptest,1337,xgb,SHC,Benign,0.1,0.8987,0.8988,0.9
cicids2017,R1_holdout_Slowhttptest,1337,xgb,SHC,DoS,0.1,0.8816,0.9072,0.9
cicids2017,R1_holdout_Slowhttptest,1337,xgb,SHC,Benign,0.2,0.7981,0.7982,0.8
cicids2017,R1_holdout_Slowhttptest,1337,xgb,SHC,DoS,0.2,0.7793,0.8023,0.8
cicids2017,R1_holdout_Slowhttptest,1337,mlp,REC,Benign,0.05,0.9509,0.9569,0.95
cicids2017,R1_holdout_Slowhttptest,1337,mlp,REC,DoS,0.05,0.9514,1.1652,0.95
cicids2017,R1_holdout_Slowhttptest,1337,mlp,REC,Benign,0.1,0.9004,0.9026,0.9
cicids2017,R1_holdout_Slowhttptest,1337,mlp,REC,DoS,0.1,0.9071,1.1153,0.9
cicids2017,R1_holdout_Slowhttptest,1337,mlp,REC,Benign,0.2,0.8007,0.8012,0.8
cicids2017,R1_holdout_Slowhttptest,1337,mlp,REC,DoS,0.2,0.796,0.9901,0.8
cicids2017,R1_holdout_Slowhttptest,1337,mlp,TSC,Benign,0.05,0.9504,0.9566,0.95
cicids2017,R1_holdout_Slowhttptest,1337,mlp,TSC,DoS,0.05,0.9536,1.1672,0.95
cicids2017,R1_holdout_Slowhttptest,1337,mlp,TSC,Benign,0.1,0.9003,0.9026,0.9
cicids2017,R1_holdout_Slowhttptest,1337,mlp,TSC,DoS,0.1,0.9085,1.1165,0.9
cicids2017,R1_holdout_Slowhttptest,1337,mlp,TSC,Benign,0.2,0.8005,0.801,0.8
cicids2017,R1_holdout_Slowhttptest,1337,mlp,TSC,DoS,0.2,0.8004,0.9946,0.8
cicids2017,R1_holdout_Slowhttptest,1337,mlp,SHC,Benign,0.05,0.9505,0.951,0.95
cicids2017,R1_holdout_Slowhttptest,1337,mlp,SHC,DoS,0.05,0.8358,1.0496,0.95
cicids2017,R1_holdout_Slowhttptest,1337,mlp,SHC,Benign,0.1,0.9,0.9004,0.9
cicids2017,R1_holdout_Slowhttptest,1337,mlp,SHC,DoS,0.1,0.7703,0.9784,0.9
cicids2017,R1_holdout_Slowhttptest,1337,mlp,SHC,Benign,0.2,0.8008,0.8011,0.8
cicids2017,R1_holdout_Slowhttptest,1337,mlp,SHC,DoS,0.2,0.6459,0.8399,0.8
cicids2017,R1_holdout_Slowhttptest,2024,rf,REC,Benign,0.05,0.9495,0.9502,0.95
cicids2017,R1_holdout_Slowhttptest,2024,rf,REC,DoS,0.05,0.9498,1.1975,0.95
cicids2017,R1_holdout_Slowhttptest,2024,rf,REC,Benign,0.1,0.899,0.8994,0.9
cicids2017,R1_holdout_Slowhttptest,2024,rf,REC,DoS,0.1,0.9085,1.1433,0.9
cicids2017,R1_holdout_Slowhttptest,2024,rf,REC,Benign,0.2,0.7994,0.7995,0.8
cicids2017,R1_holdout_Slowhttptest,2024,rf,REC,DoS,0.2,0.8026,1.0093,0.8
cicids2017,R1_holdout_Slowhttptest,2024,rf,TSC,Benign,0.05,0.9502,0.9509,0.95
cicids2017,R1_holdout_Slowhttptest,2024,rf,TSC,DoS,0.05,0.957,1.2048,0.95
cicids2017,R1_holdout_Slowhttptest,2024,rf,TSC,Benign,0.1,0.9003,0.9007,0.9
cicids2017,R1_holdout_Slowhttptest,2024,rf,TSC,DoS,0.1,0.9097,1.1449,0.9
cicids2017,R1_holdout_Slowhttptest,2024,rf,TSC,Benign,0.2,0.801,0.8012,0.8
cicids2017,R1_holdout_Slowhttptest,2024,rf,TSC,DoS,0.2,0.8037,1.0109,0.8
cicids2017,R1_holdout_Slowhttptest,2024,rf,SHC,Benign,0.05,0.9495,0.9498,0.95
cicids2017,R1_holdout_Slowhttptest,2024,rf,SHC,DoS,0.05,0.8805,1.1282,0.95
cicids2017,R1_holdout_Slowhttptest,2024,rf,SHC,Benign,0.1,0.8986,0.8988,0.9
cicids2017,R1_holdout_Slowhttptest,2024,rf,SHC,DoS,0.1,0.7909,1.0261,0.9
cicids2017,R1_holdout_Slowhttptest,2024,rf,SHC,Benign,0.2,0.7994,0.7996,0.8
cicids2017,R1_holdout_Slowhttptest,2024,rf,SHC,DoS,0.2,0.6693,0.8757,0.8
cicids2017,R1_holdout_Slowhttptest,2024,xgb,REC,Benign,0.05,0.95,0.9502,0.95
cicids2017,R1_holdout_Slowhttptest,2024,xgb,REC,DoS,0.05,0.9511,0.9839,0.95
cicids2017,R1_holdout_Slowhttptest,2024,xgb,REC,Benign,0.1,0.8994,0.8995,0.9
cicids2017,R1_holdout_Slowhttptest,2024,xgb,REC,DoS,0.1,0.8932,0.9239,0.9
cicids2017,R1_holdout_Slowhttptest,2024,xgb,REC,Benign,0.2,0.7993,0.7993,0.8
cicids2017,R1_holdout_Slowhttptest,2024,xgb,REC,DoS,0.2,0.7948,0.8224,0.8
cicids2017,R1_holdout_Slowhttptest,2024,xgb,TSC,Benign,0.05,0.9503,0.9504,0.95
cicids2017,R1_holdout_Slowhttptest,2024,xgb,TSC,DoS,0.05,0.9475,0.9803,0.95
cicids2017,R1_holdout_Slowhttptest,2024,xgb,TSC,Benign,0.1,0.8997,0.8998,0.9
cicids2017,R1_holdout_Slowhttptest,2024,xgb,TSC,DoS,0.1,0.8972,0.928,0.9
cicids2017,R1_holdout_Slowhttptest,2024,xgb,TSC,Benign,0.2,0.8003,0.8004,0.8
cicids2017,R1_holdout_Slowhttptest,2024,xgb,TSC,DoS,0.2,0.8035,0.8311,0.8
cicids2017,R1_holdout_Slowhttptest,2024,xgb,SHC,Benign,0.05,0.9498,0.9499,0.95
cicids2017,R1_holdout_Slowhttptest,2024,xgb,SHC,DoS,0.05,0.921,0.9538,0.95
cicids2017,R1_holdout_Slowhttptest,2024,xgb,SHC,Benign,0.1,0.8986,0.8987,0.9
cicids2017,R1_holdout_Slowhttptest,2024,xgb,SHC,DoS,0.1,0.8739,0.9047,0.9
cicids2017,R1_holdout_Slowhttptest,2024,xgb,SHC,Benign,0.2,0.7986,0.7987,0.8
cicids2017,R1_holdout_Slowhttptest,2024,xgb,SHC,DoS,0.2,0.7742,0.8018,0.8
cicids2017,R1_holdout_Slowhttptest,2024,mlp,REC,Benign,0.05,0.9499,0.9665,0.95
cicids2017,R1_holdout_Slowhttptest,2024,mlp,REC,DoS,0.05,0.9465,1.2115,0.95
cicids2017,R1_holdout_Slowhttptest,2024,mlp,REC,Benign,0.1,0.8998,0.9127,0.9
cicids2017,R1_holdout_Slowhttptest,2024,mlp,REC,DoS,0.1,0.9,1.1499,0.9
cicids2017,R1_holdout_Slowhttptest,2024,mlp,REC,Benign,0.2,0.8003,0.8064,0.8
cicids2017,R1_holdout_Slowhttptest,2024,mlp,REC,DoS,0.2,0.8046,1.0268,0.8
cicids2017,R1_holdout_Slowhttptest,2024,mlp,TSC,Benign,0.05,0.9497,0.9666,0.95
cicids2017,R1_holdout_Slowhttptest,2024,mlp,TSC,DoS,0.05,0.9565,1.2216,0.95
cicids2017,R1_holdout_Slowhttptest,2024,mlp,TSC,Benign,0.1,0.8997,0.9125,0.9
cicids2017,R1_holdout_Slowhttptest,2024,mlp,TSC,DoS,0.1,0.899,1.1485,0.9
cicids2017,R1_holdout_Slowhttptest,2024,mlp,TSC,Benign,0.2,0.7992,0.8048,0.8
cicids2017,R1_holdout_Slowhttptest,2024,mlp,TSC,DoS,0.2,0.7959,1.0188,0.8
cicids2017,R1_holdout_Slowhttptest,2024,mlp,SHC,Benign,0.05,0.9496,0.95,0.95
cicids2017,R1_holdout_Slowhttptest,2024,mlp,SHC,DoS,0.05,0.684,0.9487,0.95
cicids2017,R1_holdout_Slowhttptest,2024,mlp,SHC,Benign,0.1,0.8992,0.8996,0.9
cicids2017,R1_holdout_Slowhttptest,2024,mlp,SHC,DoS,0.1,0.65,0.8998,0.9
cicids2017,R1_holdout_Slowhttptest,2024,mlp,SHC,Benign,0.2,0.7998,0.8001,0.8
cicids2017,R1_holdout_Slowhttptest,2024,mlp,SHC,DoS,0.2,0.5809,0.8029,0.8
cicids2017,R1_holdout_Slowhttptest,7,rf,REC,Benign,0.05,0.9495,0.95,0.95
cicids2017,R1_holdout_Slowhttptest,7,rf,REC,DoS,0.05,0.9554,1.1644,0.95
cicids2017,R1_holdout_Slowhttptest,7,rf,REC,Benign,0.1,0.8994,0.8997,0.9
cicids2017,R1_holdout_Slowhttptest,7,rf,REC,DoS,0.1,0.9058,1.0899,0.9
cicids2017,R1_holdout_Slowhttptest,7,rf,REC,Benign,0.2,0.7992,0.7994,0.8
cicids2017,R1_holdout_Slowhttptest,7,rf,REC,DoS,0.2,0.7983,0.9432,0.8
cicids2017,R1_holdout_Slowhttptest,7,rf,TSC,Benign,0.05,0.9498,0.9502,0.95
cicids2017,R1_holdout_Slowhttptest,7,rf,TSC,DoS,0.05,0.9551,1.1643,0.95
cicids2017,R1_holdout_Slowhttptest,7,rf,TSC,Benign,0.1,0.8994,0.8996,0.9
cicids2017,R1_holdout_Slowhttptest,7,rf,TSC,DoS,0.1,0.9074,1.0916,0.9
cicids2017,R1_holdout_Slowhttptest,7,rf,TSC,Benign,0.2,0.7988,0.7989,0.8
cicids2017,R1_holdout_Slowhttptest,7,rf,TSC,DoS,0.2,0.7987,0.944,0.8
cicids2017,R1_holdout_Slowhttptest,7,rf,SHC,Benign,0.05,0.95,0.9503,0.95
cicids2017,R1_holdout_Slowhttptest,7,rf,SHC,DoS,0.05,0.9236,1.1332,0.95
cicids2017,R1_holdout_Slowhttptest,7,rf,SHC,Benign,0.1,0.8996,0.8998,0.9
cicids2017,R1_holdout_Slowhttptest,7,rf,SHC,DoS,0.1,0.8539,1.0373,0.9
cicids2017,R1_holdout_Slowhttptest,7,rf,SHC,Benign,0.2,0.8,0.8002,0.8
cicids2017,R1_holdout_Slowhttptest,7,rf,SHC,DoS,0.2,0.7434,0.8887,0.8
cicids2017,R1_holdout_Slowhttptest,7,xgb,REC,Benign,0.05,0.9508,0.9509,0.95
cicids2017,R1_holdout_Slowhttptest,7,xgb,REC,DoS,0.05,0.9482,0.9788,0.95
cicids2017,R1_holdout_Slowhttptest,7,xgb,REC,Benign,0.1,0.901,0.9011,0.9
cicids2017,R1_holdout_Slowhttptest,7,xgb,REC,DoS,0.1,0.901,0.9303,0.9
cicids2017,R1_holdout_Slowhttptest,7,xgb,REC,Benign,0.2,0.8014,0.8015,0.8
cicids2017,R1_holdout_Slowhttptest,7,xgb,REC,DoS,0.2,0.8015,0.8278,0.8
cicids2017,R1_holdout_Slowhttptest,7,xgb,TSC,Benign,0.05,0.9504,0.9505,0.95
cicids2017,R1_holdout_Slowhttptest,7,xgb,TSC,DoS,0.05,0.9521,0.9825,0.95
cicids2017,R1_holdout_Slowhttptest,7,xgb,TSC,Benign,0.1,0.9005,0.9006,0.9
cicids2017,R1_holdout_Slowhttptest,7,xgb,TSC,DoS,0.1,0.9026,0.9319,0.9
cicids2017,R1_holdout_Slowhttptest,7,xgb,TSC,Benign,0.2,0.8004,0.8005,0.8
cicids2017,R1_holdout_Slowhttptest,7,xgb,TSC,DoS,0.2,0.8163,0.8426,0.8
cicids2017,R1_holdout_Slowhttptest,7,xgb,SHC,Benign,0.05,0.951,0.9511,0.95
cicids2017,R1_holdout_Slowhttptest,7,xgb,SHC,DoS,0.05,0.9233,0.9537,0.95
cicids2017,R1_holdout_Slowhttptest,7,xgb,SHC,Benign,0.1,0.9013,0.9014,0.9
cicids2017,R1_holdout_Slowhttptest,7,xgb,SHC,DoS,0.1,0.8748,0.9041,0.9
cicids2017,R1_holdout_Slowhttptest,7,xgb,SHC,Benign,0.2,0.8011,0.8012,0.8
cicids2017,R1_holdout_Slowhttptest,7,xgb,SHC,DoS,0.2,0.782,0.8081,0.8
cicids2017,R1_holdout_Slowhttptest,7,mlp,REC,Benign,0.05,0.9501,0.9732,0.95
cicids2017,R1_holdout_Slowhttptest,7,mlp,REC,DoS,0.05,0.9528,1.2042,0.95
cicids2017,R1_holdout_Slowhttptest,7,mlp,REC,Benign,0.1,0.8999,0.9039,0.9
cicids2017,R1_holdout_Slowhttptest,7,mlp,REC,DoS,0.1,0.903,1.1269,0.9
cicids2017,R1_holdout_Slowhttptest,7,mlp,REC,Benign,0.2,0.8003,0.8006,0.8
cicids2017,R1_holdout_Slowhttptest,7,mlp,REC,DoS,0.2,0.798,0.9639,0.8
cicids2017,R1_holdout_Slowhttptest,7,mlp,TSC,Benign,0.05,0.9501,0.972,0.95
cicids2017,R1_holdout_Slowhttptest,7,mlp,TSC,DoS,0.05,0.9523,1.2039,0.95
cicids2017,R1_holdout_Slowhttptest,7,mlp,TSC,Benign,0.1,0.8999,0.9042,0.9
cicids2017,R1_holdout_Slowhttptest,7,mlp,TSC,DoS,0.1,0.8991,1.1231,0.9
cicids2017,R1_holdout_Slowhttptest,7,mlp,TSC,Benign,0.2,0.8008,0.8011,0.8
cicids2017,R1_holdout_Slowhttptest,7,mlp,TSC,DoS,0.2,0.7894,0.9556,0.8
cicids2017,R1_holdout_Slowhttptest,7,mlp,SHC,Benign,0.05,0.95,0.9504,0.95
cicids2017,R1_holdout_Slowhttptest,7,mlp,SHC,DoS,0.05,0.8564,1.1082,0.95
cicids2017,R1_holdout_Slowhttptest,7,mlp,SHC,Benign,0.1,0.9003,0.9007,0.9
cicids2017,R1_holdout_Slowhttptest,7,mlp,SHC,DoS,0.1,0.8171,1.0415,0.9
cicids2017,R1_holdout_Slowhttptest,7,mlp,SHC,Benign,0.2,0.8013,0.8016,0.8
cicids2017,R1_holdout_Slowhttptest,7,mlp,SHC,DoS,0.2,0.7457,0.912,0.8
cicids2017,R1_holdout_Slowhttptest,91,rf,REC,Benign,0.05,0.9498,0.9505,0.95
cicids2017,R1_holdout_Slowhttptest,91,rf,REC,DoS,0.05,0.9589,1.1964,0.95
cicids2017,R1_holdout_Slowhttptest,91,rf,REC,Benign,0.1,0.9008,0.9012,0.9
cicids2017,R1_holdout_Slowhttptest,91,rf,REC,DoS,0.1,0.9047,1.1262,0.9
cicids2017,R1_holdout_Slowhttptest,91,rf,REC,Benign,0.2,0.8013,0.8014,0.8
cicids2017,R1_holdout_Slowhttptest,91,rf,REC,DoS,0.2,0.7986,0.9873,0.8
cicids2017,R1_holdout_Slowhttptest,91,rf,TSC,Benign,0.05,0.9498,0.9504,0.95
cicids2017,R1_holdout_Slowhttptest,91,rf,TSC,DoS,0.05,0.9484,1.1857,0.95
cicids2017,R1_holdout_Slowhttptest,91,rf,TSC,Benign,0.1,0.9003,0.9008,0.9
cicids2017,R1_holdout_Slowhttptest,91,rf,TSC,DoS,0.1,0.9079,1.1292,0.9
cicids2017,R1_holdout_Slowhttptest,91,rf,TSC,Benign,0.2,0.8,0.8001,0.8
cicids2017,R1_holdout_Slowhttptest,91,rf,TSC,DoS,0.2,0.8162,1.0042,0.8
cicids2017,R1_holdout_Slowhttptest,91,rf,SHC,Benign,0.05,0.9506,0.9508,0.95
cicids2017,R1_holdout_Slowhttptest,91,rf,SHC,DoS,0.05,0.8736,1.1112,0.95
cicids2017,R1_holdout_Slowhttptest,91,rf,SHC,Benign,0.1,0.9016,0.9017,0.9
cicids2017,R1_holdout_Slowhttptest,91,rf,SHC,DoS,0.1,0.8053,1.027,0.9
cicids2017,R1_holdout_Slowhttptest,91,rf,SHC,Benign,0.2,0.8017,0.8018,0.8
cicids2017,R1_holdout_Slowhttptest,91,rf,SHC,DoS,0.2,0.7176,0.9066,0.8
cicids2017,R1_holdout_Slowhttptest,91,xgb,REC,Benign,0.05,0.95,0.9502,0.95
cicids2017,R1_holdout_Slowhttptest,91,xgb,REC,DoS,0.05,0.9567,0.9879,0.95
cicids2017,R1_holdout_Slowhttptest,91,xgb,REC,Benign,0.1,0.9003,0.9005,0.9
cicids2017,R1_holdout_Slowhttptest,91,xgb,REC,DoS,0.1,0.9039,0.9339,0.9
cicids2017,R1_holdout_Slowhttptest,91,xgb,REC,Benign,0.2,0.8,0.8001,0.8
cicids2017,R1_holdout_Slowhttptest,91,xgb,REC,DoS,0.2,0.7919,0.8186,0.8
cicids2017,R1_holdout_Slowhttptest,91,xgb,TSC,Benign,0.05,0.9505,0.9506,0.95
cicids2017,R1_holdout_Slowhttptest,91,xgb,TSC,DoS,0.05,0.9536,0.9848,0.95
cicids2017,R1_holdout_Slowhttptest,91,xgb,TSC,Benign,0.1,0.9009,0.901,0.9
cicids2017,R1_holdout_Slowhttptest,91,xgb,TSC,DoS,0.1,0.9004,0.9303,0.9
cicids2017,R1_holdout_Slowhttptest,91,xgb,TSC,Benign,0.2,0.8006,0.8007,0.8
cicids2017,R1_holdout_Slowhttptest,91,xgb,TSC,DoS,0.2,0.8034,0.8301,0.8
cicids2017,R1_holdout_Slowhttptest,91,xgb,SHC,Benign,0.05,0.9503,0.9504,0.95
cicids2017,R1_holdout_Slowhttptest,91,xgb,SHC,DoS,0.05,0.9296,0.9608,0.95
cicids2017,R1_holdout_Slowhttptest,91,xgb,SHC,Benign,0.1,0.9001,0.9002,0.9
cicids2017,R1_holdout_Slowhttptest,91,xgb,SHC,DoS,0.1,0.8791,0.909,0.9
cicids2017,R1_holdout_Slowhttptest,91,xgb,SHC,Benign,0.2,0.8,0.8,0.8
cicids2017,R1_holdout_Slowhttptest,91,xgb,SHC,DoS,0.2,0.7797,0.8064,0.8
cicids2017,R1_holdout_Slowhttptest,91,mlp,REC,Benign,0.05,0.9502,0.9612,0.95
cicids2017,R1_holdout_Slowhttptest,91,mlp,REC,DoS,0.05,0.9535,1.1014,0.95
cicids2017,R1_holdout_Slowhttptest,91,mlp,REC,Benign,0.1,0.9003,0.9009,0.9
cicids2017,R1_holdout_Slowhttptest,91,mlp,REC,DoS,0.1,0.9036,1.0383,0.9
cicids2017,R1_holdout_Slowhttptest,91,mlp,REC,Benign,0.2,0.8005,0.8008,0.8
cicids2017,R1_holdout_Slowhttptest,91,mlp,REC,DoS,0.2,0.8017,0.9253,0.8
cicids2017,R1_holdout_Slowhttptest,91,mlp,TSC,Benign,0.05,0.95,0.9623,0.95
cicids2017,R1_holdout_Slowhttptest,91,mlp,TSC,DoS,0.05,0.956,1.1041,0.95
cicids2017,R1_holdout_Slowhttptest,91,mlp,TSC,Benign,0.1,0.9007,0.9013,0.9
cicids2017,R1_holdout_Slowhttptest,91,mlp,TSC,DoS,0.1,0.9068,1.0418,0.9
cicids2017,R1_holdout_Slowhttptest,91,mlp,TSC,Benign,0.2,0.8001,0.8005,0.8
cicids2017,R1_holdout_Slowhttptest,91,mlp,TSC,DoS,0.2,0.807,0.9306,0.8
cicids2017,R1_holdout_Slowhttptest,91,mlp,SHC,Benign,0.05,0.9506,0.9511,0.95
cicids2017,R1_holdout_Slowhttptest,91,mlp,SHC,DoS,0.05,0.8604,1.009,0.95
cicids2017,R1_holdout_Slowhttptest,91,mlp,SHC,Benign,0.1,0.9007,0.901,0.9
cicids2017,R1_holdout_Slowhttptest,91,mlp,SHC,DoS,0.1,0.8112,0.946,0.9
cicids2017,R1_holdout_Slowhttptest,91,mlp,SHC,Benign,0.2,0.8012,0.8015,0.8
cicids2017,R1_holdout_Slowhttptest,91,mlp,SHC,DoS,0.2,0.7171,0.8409,0.8
cicids2017,R1_holdout_Slowhttptest,512,rf,REC,Benign,0.05,0.9497,0.9503,0.95
cicids2017,R1_holdout_Slowhttptest,512,rf,REC,DoS,0.05,0.9474,1.1887,0.95
cicids2017,R1_holdout_Slowhttptest,512,rf,REC,Benign,0.1,0.8994,0.8997,0.9
cicids2017,R1_holdout_Slowhttptest,512,rf,REC,DoS,0.1,0.9003,1.1254,0.9
cicids2017,R1_holdout_Slowhttptest,512,rf,REC,Benign,0.2,0.7993,0.7994,0.8
cicids2017,R1_holdout_Slowhttptest,512,rf,REC,DoS,0.2,0.7958,0.988,0.8
cicids2017,R1_holdout_Slowhttptest,512,rf,TSC,Benign,0.05,0.9504,0.951,0.95
cicids2017,R1_holdout_Slowhttptest,512,rf,TSC,DoS,0.05,0.9533,1.1945,0.95
cicids2017,R1_holdout_Slowhttptest,512,rf,TSC,Benign,0.1,0.9003,0.9006,0.9
cicids2017,R1_holdout_Slowhttptest,512,rf,TSC,DoS,0.1,0.8995,1.1247,0.9
cicids2017,R1_holdout_Slowhttptest,512,rf,TSC,Benign,0.2,0.7997,0.7998,0.8
cicids2017,R1_holdout_Slowhttptest,512,rf,TSC,DoS,0.2,0.7998,0.9923,0.8
cicids2017,R1_holdout_Slowhttptest,512,rf,SHC,Benign,0.05,0.9497,0.9499,0.95
cicids2017,R1_holdout_Slowhttptest,512,rf,SHC,DoS,0.05,0.9035,1.1448,0.95
cicids2017,R1_holdout_Slowhttptest,512,rf,SHC,Benign,0.1,0.8995,0.8996,0.9
cicids2017,R1_holdout_Slowhttptest,512,rf,SHC,DoS,0.1,0.8266,1.0511,0.9
cicids2017,R1_holdout_Slowhttptest,512,rf,SHC,Benign,0.2,0.7983,0.7984,0.8
cicids2017,R1_holdout_Slowhttptest,512,rf,SHC,DoS,0.2,0.6927,0.8845,0.8
cicids2017,R1_holdout_Slowhttptest,512,xgb,REC,Benign,0.05,0.9502,0.9504,0.95
cicids2017,R1_holdout_Slowhttptest,512,xgb,REC,DoS,0.05,0.952,0.9822,0.95
cicids2017,R1_holdout_Slowhttptest,512,xgb,REC,Benign,0.1,0.901,0.9011,0.9
cicids2017,R1_holdout_Slowhttptest,512,xgb,REC,DoS,0.1,0.9021,0.9312,0.9
cicids2017,R1_holdout_Slowhttptest,512,xgb,REC,Benign,0.2,0.8015,0.8016,0.8
cicids2017,R1_holdout_Slowhttptest,512,xgb,REC,DoS,0.2,0.8091,0.8366,0.8
cicids2017,R1_holdout_Slowhttptest,512,xgb,TSC,Benign,0.05,0.9497,0.9499,0.95
cicids2017,R1_holdout_Slowhttptest,512,xgb,TSC,DoS,0.05,0.9466,0.9768,0.95
cicids2017,R1_holdout_Slowhttptest,512,xgb,TSC,Benign,0.1,0.8995,0.8997,0.9
cicids2017,R1_holdout_Slowhttptest,512,xgb,TSC,DoS,0.1,0.8983,0.9273,0.9
cicids2017,R1_holdout_Slowhttptest,512,xgb,TSC,Benign,0.2,0.8005,0.8006,0.8
cicids2017,R1_holdout_Slowhttptest,512,xgb,TSC,DoS,0.2,0.7918,0.8192,0.8
cicids2017,R1_holdout_Slowhttptest,512,xgb,SHC,Benign,0.05,0.95,0.9501,0.95
cicids2017,R1_holdout_Slowhttptest,512,xgb,SHC,DoS,0.05,0.9243,0.9544,0.95
cicids2017,R1_holdout_Slowhttptest,512,xgb,SHC,Benign,0.1,0.8996,0.8997,0.9
cicids2017,R1_holdout_Slowhttptest,512,xgb,SHC,DoS,0.1,0.8779,0.9069,0.9
cicids2017,R1_holdout_Slowhttptest,512,xgb,SHC,Benign,0.2,0.8002,0.8003,0.8
cicids2017,R1_holdout_Slowhttptest,512,xgb,SHC,DoS,0.2,0.78,0.8073,0.8
cicids2017,R1_holdout_Slowhttptest,512,mlp,REC,Benign,0.05,0.9502,1.9502,0.95
cicids2017,R1_holdout_Slowhttptest,512,mlp,REC,DoS,0.05,1.0,1.254,0.95
cicids2017,R1_holdout_Slowhttptest,512,mlp,REC,Benign,0.1,0.9003,0.9123,0.9
cicids2017,R1_holdout_Slowhttptest,512,mlp,REC,DoS,0.1,0.9025,1.1459,0.9
cicids2017,R1_holdout_Slowhttptest,512,mlp,REC,Benign,0.2,0.8009,0.8016,0.8
cicids2017,R1_holdout_Slowhttptest,512,mlp,REC,DoS,0.2,0.8027,1.021,0.8
cicids2017,R1_holdout_Slowhttptest,512,mlp,TSC,Benign,0.05,0.9497,1.9497,0.95
cicids2017,R1_holdout_Slowhttptest,512,mlp,TSC,DoS,0.05,1.0,1.2531,0.95
cicids2017,R1_holdout_Slowhttptest,512,mlp,TSC,Benign,0.1,0.9001,0.9121,0.9
cicids2017,R1_holdout_Slowhttptest,512,mlp,TSC,DoS,0.1,0.9017,1.1451,0.9
cicids2017,R1_holdout_Slowhttptest,512,mlp,TSC,Benign,0.2,0.8008,0.8014,0.8
cicids2017,R1_holdout_Slowhttptest,512,mlp,TSC,DoS,0.2,0.8009,1.0193,0.8
cicids2017,R1_holdout_Slowhttptest,512,mlp,SHC,Benign,0.05,0.9496,0.9501,0.95
cicids2017,R1_holdout_Slowhttptest,512,mlp,SHC,DoS,0.05,0.7422,0.9955,0.95
cicids2017,R1_holdout_Slowhttptest,512,mlp,SHC,Benign,0.1,0.8994,0.8996,0.9
cicids2017,R1_holdout_Slowhttptest,512,mlp,SHC,DoS,0.1,0.6601,0.903,0.9
cicids2017,R1_holdout_Slowhttptest,512,mlp,SHC,Benign,0.2,0.8003,0.8004,0.8
cicids2017,R1_holdout_Slowhttptest,512,mlp,SHC,DoS,0.2,0.5861,0.8043,0.8
cicids2017,R1_holdout_Slowhttptest,6021,rf,REC,Benign,0.05,0.9497,0.9505,0.95
cicids2017,R1_holdout_Slowhttptest,6021,rf,REC,DoS,0.05,0.9516,1.1997,0.95
cicids2017,R1_holdout_Slowhttptest,6021,rf,REC,Benign,0.1,0.8993,0.8998,0.9
cicids2017,R1_holdout_Slowhttptest,6021,rf,REC,DoS,0.1,0.8967,1.1344,0.9
cicids2017,R1_holdout_Slowhttptest,6021,rf,REC,Benign,0.2,0.7996,0.7997,0.8
cicids2017,R1_holdout_Slowhttptest,6021,rf,REC,DoS,0.2,0.8056,1.0257,0.8
cicids2017,R1_holdout_Slowhttptest,6021,rf,TSC,Benign,0.05,0.9499,0.9507,0.95
cicids2017,R1_holdout_Slowhttptest,6021,rf,TSC,DoS,0.05,0.9544,1.2029,0.95
cicids2017,R1_holdout_Slowhttptest,6021,rf,TSC,Benign,0.1,0.8997,0.9003,0.9
cicids2017,R1_holdout_Slowhttptest,6021,rf,TSC,DoS,0.1,0.9053,1.1431,0.9
cicids2017,R1_holdout_Slowhttptest,6021,rf,TSC,Benign,0.2,0.7998,0.7999,0.8
cicids2017,R1_holdout_Slowhttptest,6021,rf,TSC,DoS,0.2,0.8075,1.0272,0.8
cicids2017,R1_holdout_Slowhttptest,6021,rf,SHC,Benign,0.05,0.9497,0.9498,0.95
cicids2017,R1_holdout_Slowhttptest,6021,rf,SHC,DoS,0.05,0.818,1.0664,0.95
cicids2017,R1_holdout_Slowhttptest,6021,rf,SHC,Benign,0.1,0.8998,0.9,0.9
cicids2017,R1_holdout_Slowhttptest,6021,rf,SHC,DoS,0.1,0.7385,0.9765,0.9
cicids2017,R1_holdout_Slowhttptest,6021,rf,SHC,Benign,0.2,0.7998,0.7999,0.8
cicids2017,R1_holdout_Slowhttptest,6021,rf,SHC,DoS,0.2,0.6372,0.8571,0.8
cicids2017,R1_holdout_Slowhttptest,6021,xgb,REC,Benign,0.05,0.9499,0.95,0.95
cicids2017,R1_holdout_Slowhttptest,6021,xgb,REC,DoS,0.05,0.9546,0.9876,0.95
cicids2017,R1_holdout_Slowhttptest,6021,xgb,REC,Benign,0.1,0.8996,0.8997,0.9
cicids2017,R1_holdout_Slowhttptest,6021,xgb,REC,DoS,0.1,0.9068,0.9382,0.9
cicids2017,R1_holdout_Slowhttptest,6021,xgb,REC,Benign,0.2,0.7989,0.799,0.8
cicids2017,R1_holdout_Slowhttptest,6021,xgb,REC,DoS,0.2,0.8085,0.8355,0.8
cicids2017,R1_holdout_Slowhttptest,6021,xgb,TSC,Benign,0.05,0.9505,0.9506,0.95
cicids2017,R1_holdout_Slowhttptest,6021,xgb,TSC,DoS,0.05,0.9479,0.9809,0.95
cicids2017,R1_holdout_Slowhttptest,6021,xgb,TSC,Benign,0.1,0.9005,0.9006,0.9
cicids2017,R1_holdout_Slowhttptest,6021,xgb,TSC,DoS,0.1,0.8996,0.9309,0.9
cicids2017,R1_holdout_Slowhttptest,6021,xgb,TSC,Benign,0.2,0.7999,0.8,0.8
cicids2017,R1_holdout_Slowhttptest,6021,xgb,TSC,DoS,0.2,0.8079,0.8349,0.8
cicids2017,R1_holdout_Slowhttptest,6021,xgb,SHC,Benign,0.05,0.9499,0.95,0.95
cicids2017,R1_holdout_Slowhttptest,6021,xgb,SHC,DoS,0.05,0.9275,0.9605,0.95
cicids2017,R1_holdout_Slowhttptest,6021,xgb,SHC,Benign,0.1,0.8995,0.8996,0.9
cicids2017,R1_holdout_Slowhttptest,6021,xgb,SHC,DoS,0.1,0.8816,0.913,0.9
cicids2017,R1_holdout_Slowhttptest,6021,xgb,SHC,Benign,0.2,0.8003,0.8004,0.8
cicids2017,R1_holdout_Slowhttptest,6021,xgb,SHC,DoS,0.2,0.7862,0.8132,0.8
cicids2017,R1_holdout_Slowhttptest,6021,mlp,REC,Benign,0.05,0.9504,0.9657,0.95
cicids2017,R1_holdout_Slowhttptest,6021,mlp,REC,DoS,0.05,0.9486,1.2198,0.95
cicids2017,R1_holdout_Slowhttptest,6021,mlp,REC,Benign,0.1,0.9004,0.9011,0.9
cicids2017,R1_holdout_Slowhttptest,6021,mlp,REC,DoS,0.1,0.9005,1.1646,0.9
cicids2017,R1_holdout_Slowhttptest,6021,mlp,REC,Benign,0.2,0.8011,0.8015,0.8
cicids2017,R1_holdout_Slowhttptest,6021,mlp,REC,DoS,0.2,0.8108,1.0583,0.8
cicids2017,R1_holdout_Slowhttptest,6021,mlp,TSC,Benign,0.05,0.9504,0.9656,0.95
cicids2017,R1_holdout_Slowhttptest,6021,mlp,TSC,DoS,0.05,0.9491,1.2203,0.95
cicids2017,R1_holdout_Slowhttptest,6021,mlp,TSC,Benign,0.1,0.9002,0.9011,0.9
cicids2017,R1_holdout_Slowhttptest,6021,mlp,TSC,DoS,0.1,0.8952,1.1597,0.9
cicids2017,R1_holdout_Slowhttptest,6021,mlp,TSC,Benign,0.2,0.8001,0.8005,0.8
cicids2017,R1_holdout_Slowhttptest,6021,mlp,TSC,DoS,0.2,0.7922,1.0389,0.8
cicids2017,R1_holdout_Slowhttptest,6021,mlp,SHC,Benign,0.05,0.9501,0.9505,0.95
cicids2017,R1_holdout_Slowhttptest,6021,mlp,SHC,DoS,0.05,0.8309,1.1021,0.95
cicids2017,R1_holdout_Slowhttptest,6021,mlp,SHC,Benign,0.1,0.8998,0.9002,0.9
cicids2017,R1_holdout_Slowhttptest,6021,mlp,SHC,DoS,0.1,0.7527,1.0168,0.9
cicids2017,R1_holdout_Slowhttptest,6021,mlp,SHC,Benign,0.2,0.7998,0.8001,0.8
cicids2017,R1_holdout_Slowhttptest,6021,mlp,SHC,DoS,0.2,0.6268,0.8735,0.8
cicids2017,R1_holdout_Slowhttptest,88,rf,REC,Benign,0.05,0.9497,0.9503,0.95
cicids2017,R1_holdout_Slowhttptest,88,rf,REC,DoS,0.05,0.9541,1.2024,0.95
cicids2017,R1_holdout_Slowhttptest,88,rf,REC,Benign,0.1,0.8994,0.8998,0.9
cicids2017,R1_holdout_Slowhttptest,88,rf,REC,DoS,0.1,0.9036,1.142,0.9
cicids2017,R1_holdout_Slowhttptest,88,rf,REC,Benign,0.2,0.7999,0.8,0.8
cicids2017,R1_holdout_Slowhttptest,88,rf,REC,DoS,0.2,0.801,1.0225,0.8
cicids2017,R1_holdout_Slowhttptest,88,rf,TSC,Benign,0.05,0.9496,0.9501,0.95
cicids2017,R1_holdout_Slowhttptest,88,rf,TSC,DoS,0.05,0.955,1.2032,0.95
cicids2017,R1_holdout_Slowhttptest,88,rf,TSC,Benign,0.1,0.8988,0.8993,0.9
cicids2017,R1_holdout_Slowhttptest,88,rf,TSC,DoS,0.1,0.9079,1.146,0.9
cicids2017,R1_holdout_Slowhttptest,88,rf,TSC,Benign,0.2,0.799,0.7992,0.8
cicids2017,R1_holdout_Slowhttptest,88,rf,TSC,DoS,0.2,0.8047,1.0261,0.8
cicids2017,R1_holdout_Slowhttptest,88,rf,SHC,Benign,0.05,0.9503,0.9505,0.95
cicids2017,R1_holdout_Slowhttptest,88,rf,SHC,DoS,0.05,0.8203,1.0685,0.95
cicids2017,R1_holdout_Slowhttptest,88,rf,SHC,Benign,0.1,0.9,0.9001,0.9
cicids2017,R1_holdout_Slowhttptest,88,rf,SHC,DoS,0.1,0.7415,0.9797,0.9
cicids2017,R1_holdout_Slowhttptest,88,rf,SHC,Benign,0.2,0.8014,0.8015,0.8
cicids2017,R1_holdout_Slowhttptest,88,rf,SHC,DoS,0.2,0.6314,0.8531,0.8
cicids2017,R1_holdout_Slowhttptest,88,xgb,REC,Benign,0.05,0.9504,0.9505,0.95
cicids2017,R1_holdout_Slowhttptest,88,xgb,REC,DoS,0.05,0.9576,0.9878,0.95
cicids2017,R1_holdout_Slowhttptest,88,xgb,REC,Benign,0.1,0.9006,0.9008,0.9
cicids2017,R1_holdout_Slowhttptest,88,xgb,REC,DoS,0.1,0.9075,0.9368,0.9
cicids2017,R1_holdout_Slowhttptest,88,xgb,REC,Benign,0.2,0.8009,0.801,0.8
cicids2017,R1_holdout_Slowhttptest,88,xgb,REC,DoS,0.2,0.8076,0.8338,0.8
cicids2017,R1_holdout_Slowhttptest,88,xgb,TSC,Benign,0.05,0.9496,0.9497,0.95
cicids2017,R1_holdout_Slowhttptest,88,xgb,TSC,DoS,0.05,0.9581,0.9884,0.95
cicids2017,R1_holdout_Slowhttptest,88,xgb,TSC,Benign,0.1,0.8995,0.8996,0.9
cicids2017,R1_holdout_Slowhttptest,88,xgb,TSC,DoS,0.1,0.9072,0.9365,0.9
cicids2017,R1_holdout_Slowhttptest,88,xgb,TSC,Benign,0.2,0.7992,0.7993,0.8
cicids2017,R1_holdout_Slowhttptest,88,xgb,TSC,DoS,0.2,0.8027,0.8289,0.8
cicids2017,R1_holdout_Slowhttptest,88,xgb,SHC,Benign,0.05,0.9495,0.9496,0.95
cicids2017,R1_holdout_Slowhttptest,88,xgb,SHC,DoS,0.05,0.9299,0.9601,0.95
cicids2017,R1_holdout_Slowhttptest,88,xgb,SHC,Benign,0.1,0.8995,0.8997,0.9
cicids2017,R1_holdout_Slowhttptest,88,xgb,SHC,DoS,0.1,0.8781,0.9075,0.9
cicids2017,R1_holdout_Slowhttptest,88,xgb,SHC,Benign,0.2,0.7992,0.7993,0.8
cicids2017,R1_holdout_Slowhttptest,88,xgb,SHC,DoS,0.2,0.7788,0.805,0.8
cicids2017,R1_holdout_Slowhttptest,88,mlp,REC,Benign,0.05,0.95,0.9626,0.95
cicids2017,R1_holdout_Slowhttptest,88,mlp,REC,DoS,0.05,0.9486,1.22,0.95
cicids2017,R1_holdout_Slowhttptest,88,mlp,REC,Benign,0.1,0.8996,0.9088,0.9
cicids2017,R1_holdout_Slowhttptest,88,mlp,REC,DoS,0.1,0.9006,1.1575,0.9
cicids2017,R1_holdout_Slowhttptest,88,mlp,REC,Benign,0.2,0.8002,0.8029,0.8
cicids2017,R1_holdout_Slowhttptest,88,mlp,REC,DoS,0.2,0.8088,1.0341,0.8
cicids2017,R1_holdout_Slowhttptest,88,mlp,TSC,Benign,0.05,0.95,0.9628,0.95
cicids2017,R1_holdout_Slowhttptest,88,mlp,TSC,DoS,0.05,0.9498,1.2212,0.95
cicids2017,R1_holdout_Slowhttptest,88,mlp,TSC,Benign,0.1,0.8996,0.9085,0.9
cicids2017,R1_holdout_Slowhttptest,88,mlp,TSC,DoS,0.1,0.8974,1.154,0.9
cicids2017,R1_holdout_Slowhttptest,88,mlp,TSC,Benign,0.2,0.7997,0.8019,0.8
cicids2017,R1_holdout_Slowhttptest,88,mlp,TSC,DoS,0.2,0.8025,1.0276,0.8
cicids2017,R1_holdout_Slowhttptest,88,mlp,SHC,Benign,0.05,0.9506,0.9509,0.95
cicids2017,R1_holdout_Slowhttptest,88,mlp,SHC,DoS,0.05,0.6893,0.9607,0.95
cicids2017,R1_holdout_Slowhttptest,88,mlp,SHC,Benign,0.1,0.9006,0.9008,0.9
cicids2017,R1_holdout_Slowhttptest,88,mlp,SHC,DoS,0.1,0.6476,0.9052,0.9
cicids2017,R1_holdout_Slowhttptest,88,mlp,SHC,Benign,0.2,0.8015,0.8017,0.8
cicids2017,R1_holdout_Slowhttptest,88,mlp,SHC,DoS,0.2,0.5734,0.7994,0.8
cicids2017,R1_holdout_Slowhttptest,3407,rf,REC,Benign,0.05,0.9491,0.9495,0.95
cicids2017,R1_holdout_Slowhttptest,3407,rf,REC,DoS,0.05,0.952,1.1953,0.95
cicids2017,R1_holdout_Slowhttptest,3407,rf,REC,Benign,0.1,0.8988,0.8991,0.9
cicids2017,R1_holdout_Slowhttptest,3407,rf,REC,DoS,0.1,0.9025,1.1379,0.9
cicids2017,R1_holdout_Slowhttptest,3407,rf,REC,Benign,0.2,0.8001,0.8002,0.8
cicids2017,R1_holdout_Slowhttptest,3407,rf,REC,DoS,0.2,0.8087,1.0238,0.8
cicids2017,R1_holdout_Slowhttptest,3407,rf,TSC,Benign,0.05,0.9496,0.9501,0.95
cicids2017,R1_holdout_Slowhttptest,3407,rf,TSC,DoS,0.05,0.9575,1.2009,0.95
cicids2017,R1_holdout_Slowhttptest,3407,rf,TSC,Benign,0.1,0.8991,0.8994,0.9
cicids2017,R1_holdout_Slowhttptest,3407,rf,TSC,DoS,0.1,0.9057,1.1415,0.9
cicids2017,R1_holdout_Slowhttptest,3407,rf,TSC,Benign,0.2,0.8004,0.8005,0.8
cicids2017,R1_holdout_Slowhttptest,3407,rf,TSC,DoS,0.2,0.8043,1.0194,0.8
cicids2017,R1_holdout_Slowhttptest,3407,rf,SHC,Benign,0.05,0.9502,0.9504,0.95
cicids2017,R1_holdout_Slowhttptest,3407,rf,SHC,DoS,0.05,0.8951,1.1387,0.95
cicids2017,R1_holdout_Slowhttptest,3407,rf,SHC,Benign,0.1,0.9001,0.9002,0.9
cicids2017,R1_holdout_Slowhttptest,3407,rf,SHC,DoS,0.1,0.8057,1.0415,0.9
cicids2017,R1_holdout_Slowhttptest,3407,rf,SHC,Benign,0.2,0.7995,0.7996,0.8
cicids2017,R1_holdout_Slowhttptest,3407,rf,SHC,DoS,0.2,0.679,0.8941,0.8
cicids2017,R1_holdout_Slowhttptest,3407,xgb,REC,Benign,0.05,0.9501,0.9503,0.95
cicids2017,R1_holdout_Slowhttptest,3407,xgb,REC,DoS,0.05,0.9504,0.9799,0.95
cicids2017,R1_holdout_Slowhttptest,3407,xgb,REC,Benign,0.1,0.8997,0.8998,0.9
cicids2017,R1_holdout_Slowhttptest,3407,xgb,REC,DoS,0.1,0.9016,0.9296,0.9
cicids2017,R1_holdout_Slowhttptest,3407,xgb,REC,Benign,0.2,0.8001,0.8002,0.8
cicids2017,R1_holdout_Slowhttptest,3407,xgb,REC,DoS,0.2,0.8011,0.8271,0.8
cicids2017,R1_holdout_Slowhttptest,3407,xgb,TSC,Benign,0.05,0.9497,0.9499,0.95
cicids2017,R1_holdout_Slowhttptest,3407,xgb,TSC,DoS,0.05,0.9561,0.9856,0.95
cicids2017,R1_holdout_Slowhttptest,3407,xgb,TSC,Benign,0.1,0.8996,0.8998,0.9
cicids2017,R1_holdout_Slowhttptest,3407,xgb,TSC,DoS,0.1,0.9017,0.9296,0.9
cicids2017,R1_holdout_Slowhttptest,3407,xgb,TSC,Benign,0.2,0.8,0.8001,0.8
cicids2017,R1_holdout_Slowhttptest,3407,xgb,TSC,DoS,0.2,0.8018,0.8277,0.8
cicids2017,R1_holdout_Slowhttptest,3407,xgb,SHC,Benign,0.05,0.9497,0.9499,0.95
cicids2017,R1_holdout_Slowhttptest,3407,xgb,SHC,DoS,0.05,0.9279,0.9575,0.95
cicids2017,R1_holdout_Slowhttptest,3407,xgb,SHC,Benign,0.1,0.8987,0.8988,0.9
cicids2017,R1_holdout_Slowhttptest,3407,xgb,SHC,DoS,0.1,0.8811,0.9088,0.9
cicids2017,R1_holdout_Slowhttptest,3407,xgb,SHC,Benign,0.2,0.798,0.7981,0.8
cicids2017,R1_holdout_Slowhttptest,3407,xgb,SHC,DoS,0.2,0.7809,0.8069,0.8
cicids2017,R1_holdout_Slowhttptest,3407,mlp,REC,Benign,0.05,0.9503,0.9719,0.95
cicids2017,R1_holdout_Slowhttptest,3407,mlp,REC,DoS,0.05,0.9516,1.2678,0.95
cicids2017,R1_holdout_Slowhttptest,3407,mlp,REC,Benign,0.1,0.9,0.9141,0.9
cicids2017,R1_holdout_Slowhttptest,3407,mlp,REC,DoS,0.1,0.9037,1.2112,0.9
cicids2017,R1_holdout_Slowhttptest,3407,mlp,REC,Benign,0.2,0.7994,0.8001,0.8
cicids2017,R1_holdout_Slowhttptest,3407,mlp,REC,DoS,0.2,0.8027,1.0756,0.8
cicids2017,R1_holdout_Slowhttptest,3407,mlp,TSC,Benign,0.05,0.9495,0.9714,0.95
cicids2017,R1_holdout_Slowhttptest,3407,mlp,TSC,DoS,0.05,0.9528,1.2687,0.95
cicids2017,R1_holdout_Slowhttptest,3407,mlp,TSC,Benign,0.1,0.9001,0.9149,0.9
cicids2017,R1_holdout_Slowhttptest,3407,mlp,TSC,DoS,0.1,0.9057,1.2128,0.9
cicids2017,R1_holdout_Slowhttptest,3407,mlp,TSC,Benign,0.2,0.7997,0.8009,0.8
cicids2017,R1_holdout_Slowhttptest,3407,mlp,TSC,DoS,0.2,0.8107,1.0833,0.8
cicids2017,R1_holdout_Slowhttptest,3407,mlp,SHC,Benign,0.05,0.9497,0.9501,0.95
cicids2017,R1_holdout_Slowhttptest,3407,mlp,SHC,DoS,0.05,0.7152,1.0313,0.95
cicids2017,R1_holdout_Slowhttptest,3407,mlp,SHC,Benign,0.1,0.8994,0.8995,0.9
cicids2017,R1_holdout_Slowhttptest,3407,mlp,SHC,DoS,0.1,0.6116,0.9181,0.9
cicids2017,R1_holdout_Slowhttptest,3407,mlp,SHC,Benign,0.2,0.7997,0.7998,0.8
cicids2017,R1_holdout_Slowhttptest,3407,mlp,SHC,DoS,0.2,0.5464,0.819,0.8
cicids2017,R1_holdout_Slowhttptest,12345,rf,REC,Benign,0.05,0.9506,0.9513,0.95
cicids2017,R1_holdout_Slowhttptest,12345,rf,REC,DoS,0.05,0.9513,1.2048,0.95
cicids2017,R1_holdout_Slowhttptest,12345,rf,REC,Benign,0.1,0.9006,0.901,0.9
cicids2017,R1_holdout_Slowhttptest,12345,rf,REC,DoS,0.1,0.8976,1.1438,0.9
cicids2017,R1_holdout_Slowhttptest,12345,rf,REC,Benign,0.2,0.7998,0.7999,0.8
cicids2017,R1_holdout_Slowhttptest,12345,rf,REC,DoS,0.2,0.7921,1.0227,0.8
cicids2017,R1_holdout_Slowhttptest,12345,rf,TSC,Benign,0.05,0.9508,0.9515,0.95
cicids2017,R1_holdout_Slowhttptest,12345,rf,TSC,DoS,0.05,0.9501,1.2036,0.95
cicids2017,R1_holdout_Slowhttptest,12345,rf,TSC,Benign,0.1,0.9005,0.9009,0.9
cicids2017,R1_holdout_Slowhttptest,12345,rf,TSC,DoS,0.1,0.8975,1.1433,0.9
cicids2017,R1_holdout_Slowhttptest,12345,rf,TSC,Benign,0.2,0.8004,0.8005,0.8
cicids2017,R1_holdout_Slowhttptest,12345,rf,TSC,DoS,0.2,0.7901,1.0209,0.8
cicids2017,R1_holdout_Slowhttptest,12345,rf,SHC,Benign,0.05,0.95,0.9502,0.95
cicids2017,R1_holdout_Slowhttptest,12345,rf,SHC,DoS,0.05,0.8288,1.0823,0.95
cicids2017,R1_holdout_Slowhttptest,12345,rf,SHC,Benign,0.1,0.8994,0.8995,0.9
cicids2017,R1_holdout_Slowhttptest,12345,rf,SHC,DoS,0.1,0.7501,0.9957,0.9
cicids2017,R1_holdout_Slowhttptest,12345,rf,SHC,Benign,0.2,0.7993,0.7994,0.8
cicids2017,R1_holdout_Slowhttptest,12345,rf,SHC,DoS,0.2,0.6196,0.85,0.8
cicids2017,R1_holdout_Slowhttptest,12345,xgb,REC,Benign,0.05,0.9506,0.9508,0.95
cicids2017,R1_holdout_Slowhttptest,12345,xgb,REC,DoS,0.05,0.9534,0.9886,0.95
cicids2017,R1_holdout_Slowhttptest,12345,xgb,REC,Benign,0.1,0.9001,0.9003,0.9
cicids2017,R1_holdout_Slowhttptest,12345,xgb,REC,DoS,0.1,0.9086,0.9417,0.9
cicids2017,R1_holdout_Slowhttptest,12345,xgb,REC,Benign,0.2,0.8002,0.8003,0.8
cicids2017,R1_holdout_Slowhttptest,12345,xgb,REC,DoS,0.2,0.8155,0.8458,0.8
cicids2017,R1_holdout_Slowhttptest,12345,xgb,TSC,Benign,0.05,0.9507,0.9509,0.95
cicids2017,R1_holdout_Slowhttptest,12345,xgb,TSC,DoS,0.05,0.9466,0.9818,0.95
cicids2017,R1_holdout_Slowhttptest,12345,xgb,TSC,Benign,0.1,0.9008,0.9009,0.9
cicids2017,R1_holdout_Slowhttptest,12345,xgb,TSC,DoS,0.1,0.8994,0.9327,0.9
cicids2017,R1_holdout_Slowhttptest,12345,xgb,TSC,Benign,0.2,0.8008,0.8009,0.8
cicids2017,R1_holdout_Slowhttptest,12345,xgb,TSC,DoS,0.2,0.8065,0.8369,0.8
cicids2017,R1_holdout_Slowhttptest,12345,xgb,SHC,Benign,0.05,0.9517,0.9518,0.95
cicids2017,R1_holdout_Slowhttptest,12345,xgb,SHC,DoS,0.05,0.9233,0.9585,0.95
cicids2017,R1_holdout_Slowhttptest,12345,xgb,SHC,Benign,0.1,0.9013,0.9015,0.9
cicids2017,R1_holdout_Slowhttptest,12345,xgb,SHC,DoS,0.1,0.8803,0.9136,0.9
cicids2017,R1_holdout_Slowhttptest,12345,xgb,SHC,Benign,0.2,0.8025,0.8026,0.8
cicids2017,R1_holdout_Slowhttptest,12345,xgb,SHC,DoS,0.2,0.7887,0.819,0.8
cicids2017,R1_holdout_Slowhttptest,12345,mlp,REC,Benign,0.05,0.9503,1.0084,0.95
cicids2017,R1_holdout_Slowhttptest,12345,mlp,REC,DoS,0.05,0.9524,1.2789,0.95
cicids2017,R1_holdout_Slowhttptest,12345,mlp,REC,Benign,0.1,0.9008,0.93,0.9
cicids2017,R1_holdout_Slowhttptest,12345,mlp,REC,DoS,0.1,0.9037,1.2206,0.9
cicids2017,R1_holdout_Slowhttptest,12345,mlp,REC,Benign,0.2,0.8001,0.801,0.8
cicids2017,R1_holdout_Slowhttptest,12345,mlp,REC,DoS,0.2,0.8014,1.0795,0.8
cicids2017,R1_holdout_Slowhttptest,12345,mlp,TSC,Benign,0.05,0.9502,1.0087,0.95
cicids2017,R1_holdout_Slowhttptest,12345,mlp,TSC,DoS,0.05,0.9527,1.2792,0.95
cicids2017,R1_holdout_Slowhttptest,12345,mlp,TSC,Benign,0.1,0.9005,0.9292,0.9
cicids2017,R1_holdout_Slowhttptest,12345,mlp,TSC,DoS,0.1,0.9006,1.2172,0.9
cicids2017,R1_holdout_Slowhttptest,12345,mlp,TSC,Benign,0.2,0.7999,0.8008,0.8
cicids2017,R1_holdout_Slowhttptest,12345,mlp,TSC,DoS,0.2,0.8007,1.0783,0.8
cicids2017,R1_holdout_Slowhttptest,12345,mlp,SHC,Benign,0.05,0.9504,0.9509,0.95
cicids2017,R1_holdout_Slowhttptest,12345,mlp,SHC,DoS,0.05,0.6944,1.0209,0.95
cicids2017,R1_holdout_Slowhttptest,12345,mlp,SHC,Benign,0.1,0.9006,0.9007,0.9
cicids2017,R1_holdout_Slowhttptest,12345,mlp,SHC,DoS,0.1,0.5967,0.913,0.9
cicids2017,R1_holdout_Slowhttptest,12345,mlp,SHC,Benign,0.2,0.8012,0.8013,0.8
cicids2017,R1_holdout_Slowhttptest,12345,mlp,SHC,DoS,0.2,0.5302,0.8082,0.8
cicids2017,R2_holdout_Slowloris,42,rf,REC,Benign,0.05,0.9504,1.9504,0.95
cicids2017,R2_holdout_Slowloris,42,rf,REC,DoS,0.05,1.0,1.518,0.95
cicids2017,R2_holdout_Slowloris,42,rf,REC,Benign,0.1,0.9004,1.9004,0.9
cicids2017,R2_holdout_Slowloris,42,rf,REC,DoS,0.1,1.0,1.4904,0.9
cicids2017,R2_holdout_Slowloris,42,rf,REC,Benign,0.2,0.8011,1.8011,0.8
cicids2017,R2_holdout_Slowloris,42,rf,REC,DoS,0.2,1.0,1.4366,0.8
cicids2017,R2_holdout_Slowloris,42,rf,TSC,Benign,0.05,0.9508,1.9508,0.95
cicids2017,R2_holdout_Slowloris,42,rf,TSC,DoS,0.05,1.0,1.5181,0.95
cicids2017,R2_holdout_Slowloris,42,rf,TSC,Benign,0.1,0.901,1.901,0.9
cicids2017,R2_holdout_Slowloris,42,rf,TSC,DoS,0.1,1.0,1.4905,0.9
cicids2017,R2_holdout_Slowloris,42,rf,TSC,Benign,0.2,0.8018,1.8018,0.8
cicids2017,R2_holdout_Slowloris,42,rf,TSC,DoS,0.2,1.0,1.4373,0.8
cicids2017,R2_holdout_Slowloris,42,rf,SHC,Benign,0.05,0.9494,0.9497,0.95
cicids2017,R2_holdout_Slowloris,42,rf,SHC,DoS,0.05,0.4407,0.9582,0.95
cicids2017,R2_holdout_Slowloris,42,rf,SHC,Benign,0.1,0.8992,0.8994,0.9
cicids2017,R2_holdout_Slowloris,42,rf,SHC,DoS,0.1,0.4125,0.9026,0.9
cicids2017,R2_holdout_Slowloris,42,rf,SHC,Benign,0.2,0.7996,0.7998,0.8
cicids2017,R2_holdout_Slowloris,42,rf,SHC,DoS,0.2,0.3613,0.7968,0.8
cicids2017,R2_holdout_Slowloris,42,xgb,REC,Benign,0.05,0.9507,1.9507,0.95
cicids2017,R2_holdout_Slowloris,42,xgb,REC,DoS,0.05,1.0,1.4855,0.95
cicids2017,R2_holdout_Slowloris,42,xgb,REC,Benign,0.1,0.9007,1.9007,0.9
cicids2017,R2_holdout_Slowloris,42,xgb,REC,DoS,0.1,1.0,1.4383,0.9
cicids2017,R2_holdout_Slowloris,42,xgb,REC,Benign,0.2,0.7998,1.7998,0.8
cicids2017,R2_holdout_Slowloris,42,xgb,REC,DoS,0.2,1.0,1.3491,0.8
cicids2017,R2_holdout_Slowloris,42,xgb,TSC,Benign,0.05,0.9501,1.9501,0.95
cicids2017,R2_holdout_Slowloris,42,xgb,TSC,DoS,0.05,1.0,1.485,0.95
cicids2017,R2_holdout_Slowloris,42,xgb,TSC,Benign,0.1,0.9,1.9,0.9
cicids2017,R2_holdout_Slowloris,42,xgb,TSC,DoS,0.1,1.0,1.4378,0.9
cicids2017,R2_holdout_Slowloris,42,xgb,TSC,Benign,0.2,0.7993,1.7993,0.8
cicids2017,R2_holdout_Slowloris,42,xgb,TSC,DoS,0.2,1.0,1.3495,0.8
cicids2017,R2_holdout_Slowloris,42,xgb,SHC,Benign,0.05,0.9497,0.9498,0.95
cicids2017,R2_holdout_Slowloris,42,xgb,SHC,DoS,0.05,0.5481,1.0323,0.95
cicids2017,R2_holdout_Slowloris,42,xgb,SHC,Benign,0.1,0.8998,0.9,0.9
cicids2017,R2_holdout_Slowloris,42,xgb,SHC,DoS,0.1,0.5259,0.9635,0.9
cicids2017,R2_holdout_Slowloris,42,xgb,SHC,Benign,0.2,0.7995,0.7996,0.8
cicids2017,R2_holdout_Slowloris,42,xgb,SHC,DoS,0.2,0.4767,0.8257,0.8
cicids2017,R2_holdout_Slowloris,42,mlp,REC,Benign,0.05,0.9506,1.9506,0.95
cicids2017,R2_holdout_Slowloris,42,mlp,REC,DoS,0.05,1.0,1.472,0.95
cicids2017,R2_holdout_Slowloris,42,mlp,REC,Benign,0.1,0.9007,1.9007,0.9
cicids2017,R2_holdout_Slowloris,42,mlp,REC,DoS,0.1,1.0,1.4471,0.9
cicids2017,R2_holdout_Slowloris,42,mlp,REC,Benign,0.2,0.8009,1.8009,0.8
cicids2017,R2_holdout_Slowloris,42,mlp,REC,DoS,0.2,1.0,1.3981,0.8
cicids2017,R2_holdout_Slowloris,42,mlp,TSC,Benign,0.05,0.9507,1.9507,0.95
cicids2017,R2_holdout_Slowloris,42,mlp,TSC,DoS,0.05,1.0,1.4716,0.95
cicids2017,R2_holdout_Slowloris,42,mlp,TSC,Benign,0.1,0.9001,1.9001,0.9
cicids2017,R2_holdout_Slowloris,42,mlp,TSC,DoS,0.1,1.0,1.4467,0.9
cicids2017,R2_holdout_Slowloris,42,mlp,TSC,Benign,0.2,0.8011,1.8011,0.8
cicids2017,R2_holdout_Slowloris,42,mlp,TSC,DoS,0.2,1.0,1.3984,0.8
cicids2017,R2_holdout_Slowloris,42,mlp,SHC,Benign,0.05,0.9498,0.95,0.95
cicids2017,R2_holdout_Slowloris,42,mlp,SHC,DoS,0.05,0.4917,0.9633,0.95
cicids2017,R2_holdout_Slowloris,42,mlp,SHC,Benign,0.1,0.8998,0.9,0.9
cicids2017,R2_holdout_Slowloris,42,mlp,SHC,DoS,0.1,0.465,0.9115,0.9
cicids2017,R2_holdout_Slowloris,42,mlp,SHC,Benign,0.2,0.8001,0.8003,0.8
cicids2017,R2_holdout_Slowloris,42,mlp,SHC,DoS,0.2,0.4131,0.811,0.8
cicids2017,R2_holdout_Slowloris,1337,rf,REC,Benign,0.05,0.949,1.949,0.95
cicids2017,R2_holdout_Slowloris,1337,rf,REC,DoS,0.05,1.0,1.5197,0.95
cicids2017,R2_holdout_Slowloris,1337,rf,REC,Benign,0.1,0.899,1.899,0.9
cicids2017,R2_holdout_Slowloris,1337,rf,REC,DoS,0.1,1.0,1.4946,0.9
cicids2017,R2_holdout_Slowloris,1337,rf,REC,Benign,0.2,0.7998,1.7998,0.8
cicids2017,R2_holdout_Slowloris,1337,rf,REC,DoS,0.2,1.0,1.4412,0.8
cicids2017,R2_holdout_Slowloris,1337,rf,TSC,Benign,0.05,0.9497,1.9497,0.95
cicids2017,R2_holdout_Slowloris,1337,rf,TSC,DoS,0.05,1.0,1.5203,0.95
cicids2017,R2_holdout_Slowloris,1337,rf,TSC,Benign,0.1,0.8992,1.8992,0.9
cicids2017,R2_holdout_Slowloris,1337,rf,TSC,DoS,0.1,1.0,1.4948,0.9
cicids2017,R2_holdout_Slowloris,1337,rf,TSC,Benign,0.2,0.7999,1.7999,0.8
cicids2017,R2_holdout_Slowloris,1337,rf,TSC,DoS,0.2,1.0,1.4409,0.8
cicids2017,R2_holdout_Slowloris,1337,rf,SHC,Benign,0.05,0.95,0.9502,0.95
cicids2017,R2_holdout_Slowloris,1337,rf,SHC,DoS,0.05,0.4469,0.9673,0.95
cicids2017,R2_holdout_Slowloris,1337,rf,SHC,Benign,0.1,0.9001,0.9003,0.9
cicids2017,R2_holdout_Slowloris,1337,rf,SHC,DoS,0.1,0.4237,0.9189,0.9
cicids2017,R2_holdout_Slowloris,1337,rf,SHC,Benign,0.2,0.8017,0.8018,0.8
cicids2017,R2_holdout_Slowloris,1337,rf,SHC,DoS,0.2,0.372,0.8141,0.8
cicids2017,R2_holdout_Slowloris,1337,xgb,REC,Benign,0.05,0.9494,1.9494,0.95
cicids2017,R2_holdout_Slowloris,1337,xgb,REC,DoS,0.05,1.0,1.4911,0.95
cicids2017,R2_holdout_Slowloris,1337,xgb,REC,Benign,0.1,0.8985,1.8985,0.9
cicids2017,R2_holdout_Slowloris,1337,xgb,REC,DoS,0.1,1.0,1.4474,0.9
cicids2017,R2_holdout_Slowloris,1337,xgb,REC,Benign,0.2,0.7989,1.7989,0.8
cicids2017,R2_holdout_Slowloris,1337,xgb,REC,DoS,0.2,1.0,1.3576,0.8
cicids2017,R2_holdout_Slowloris,1337,xgb,TSC,Benign,0.05,0.95,1.95,0.95
cicids2017,R2_holdout_Slowloris,1337,xgb,TSC,DoS,0.05,1.0,1.4917,0.95
cicids2017,R2_holdout_Slowloris,1337,xgb,TSC,Benign,0.1,0.8993,1.8993,0.9
cicids2017,R2_holdout_Slowloris,1337,xgb,TSC,DoS,0.1,1.0,1.4481,0.9
cicids2017,R2_holdout_Slowloris,1337,xgb,TSC,Benign,0.2,0.799,1.799,0.8
cicids2017,R2_holdout_Slowloris,1337,xgb,TSC,DoS,0.2,1.0,1.358,0.8
cicids2017,R2_holdout_Slowloris,1337,xgb,SHC,Benign,0.05,0.9485,0.9487,0.95
cicids2017,R2_holdout_Slowloris,1337,xgb,SHC,DoS,0.05,0.5392,1.0283,0.95
cicids2017,R2_holdout_Slowloris,1337,xgb,SHC,Benign,0.1,0.8979,0.898,0.9
cicids2017,R2_holdout_Slowloris,1337,xgb,SHC,DoS,0.1,0.5161,0.9634,0.9
cicids2017,R2_holdout_Slowloris,1337,xgb,SHC,Benign,0.2,0.7976,0.7977,0.8
cicids2017,R2_holdout_Slowloris,1337,xgb,SHC,DoS,0.2,0.4675,0.8256,0.8
cicids2017,R2_holdout_Slowloris,1337,mlp,REC,Benign,0.05,0.9498,1.9498,0.95
cicids2017,R2_holdout_Slowloris,1337,mlp,REC,DoS,0.05,1.0,1.4316,0.95
cicids2017,R2_holdout_Slowloris,1337,mlp,REC,Benign,0.1,0.899,1.899,0.9
cicids2017,R2_holdout_Slowloris,1337,mlp,REC,DoS,0.1,1.0,1.4064,0.9
cicids2017,R2_holdout_Slowloris,1337,mlp,REC,Benign,0.2,0.7988,1.7988,0.8
cicids2017,R2_holdout_Slowloris,1337,mlp,REC,DoS,0.2,1.0,1.3596,0.8
cicids2017,R2_holdout_Slowloris,1337,mlp,TSC,Benign,0.05,0.95,1.95,0.95
cicids2017,R2_holdout_Slowloris,1337,mlp,TSC,DoS,0.05,1.0,1.4319,0.95
cicids2017,R2_holdout_Slowloris,1337,mlp,TSC,Benign,0.1,0.9004,1.9004,0.9
cicids2017,R2_holdout_Slowloris,1337,mlp,TSC,DoS,0.1,1.0,1.4074,0.9
cicids2017,R2_holdout_Slowloris,1337,mlp,TSC,Benign,0.2,0.7996,1.7996,0.8
cicids2017,R2_holdout_Slowloris,1337,mlp,TSC,DoS,0.2,1.0,1.3595,0.8
cicids2017,R2_holdout_Slowloris,1337,mlp,SHC,Benign,0.05,0.9498,0.95,0.95
cicids2017,R2_holdout_Slowloris,1337,mlp,SHC,DoS,0.05,0.5251,0.9564,0.95
cicids2017,R2_holdout_Slowloris,1337,mlp,SHC,Benign,0.1,0.8994,0.8996,0.9
cicids2017,R2_holdout_Slowloris,1337,mlp,SHC,DoS,0.1,0.4977,0.9043,0.9
cicids2017,R2_holdout_Slowloris,1337,mlp,SHC,Benign,0.2,0.7989,0.7991,0.8
cicids2017,R2_holdout_Slowloris,1337,mlp,SHC,DoS,0.2,0.441,0.8001,0.8
cicids2017,R2_holdout_Slowloris,2024,rf,REC,Benign,0.05,0.9503,1.9503,0.95
cicids2017,R2_holdout_Slowloris,2024,rf,REC,DoS,0.05,1.0,1.5283,0.95
cicids2017,R2_holdout_Slowloris,2024,rf,REC,Benign,0.1,0.9007,1.9007,0.9
cicids2017,R2_holdout_Slowloris,2024,rf,REC,DoS,0.1,1.0,1.4994,0.9
cicids2017,R2_holdout_Slowloris,2024,rf,REC,Benign,0.2,0.8004,1.8004,0.8
cicids2017,R2_holdout_Slowloris,2024,rf,REC,DoS,0.2,1.0,1.4415,0.8
cicids2017,R2_holdout_Slowloris,2024,rf,TSC,Benign,0.05,0.9501,1.9501,0.95
cicids2017,R2_holdout_Slowloris,2024,rf,TSC,DoS,0.05,1.0,1.5284,0.95
cicids2017,R2_holdout_Slowloris,2024,rf,TSC,Benign,0.1,0.9001,1.9001,0.9
cicids2017,R2_holdout_Slowloris,2024,rf,TSC,DoS,0.1,1.0,1.4984,0.9
cicids2017,R2_holdout_Slowloris,2024,rf,TSC,Benign,0.2,0.7997,1.7997,0.8
cicids2017,R2_holdout_Slowloris,2024,rf,TSC,DoS,0.2,1.0,1.4411,0.8
cicids2017,R2_holdout_Slowloris,2024,rf,SHC,Benign,0.05,0.9504,0.9506,0.95
cicids2017,R2_holdout_Slowloris,2024,rf,SHC,DoS,0.05,0.4401,0.9684,0.95
cicids2017,R2_holdout_Slowloris,2024,rf,SHC,Benign,0.1,0.9006,0.9007,0.9
cicids2017,R2_holdout_Slowloris,2024,rf,SHC,DoS,0.1,0.4194,0.9185,0.9
cicids2017,R2_holdout_Slowloris,2024,rf,SHC,Benign,0.2,0.7997,0.7998,0.8
cicids2017,R2_holdout_Slowloris,2024,rf,SHC,DoS,0.2,0.3723,0.8137,0.8
cicids2017,R2_holdout_Slowloris,2024,xgb,REC,Benign,0.05,0.95,1.95,0.95
cicids2017,R2_holdout_Slowloris,2024,xgb,REC,DoS,0.05,1.0,1.4856,0.95
cicids2017,R2_holdout_Slowloris,2024,xgb,REC,Benign,0.1,0.9009,1.9009,0.9
cicids2017,R2_holdout_Slowloris,2024,xgb,REC,DoS,0.1,1.0,1.4383,0.9
cicids2017,R2_holdout_Slowloris,2024,xgb,REC,Benign,0.2,0.8022,1.8022,0.8
cicids2017,R2_holdout_Slowloris,2024,xgb,REC,DoS,0.2,1.0,1.3498,0.8
cicids2017,R2_holdout_Slowloris,2024,xgb,TSC,Benign,0.05,0.9494,1.9494,0.95
cicids2017,R2_holdout_Slowloris,2024,xgb,TSC,DoS,0.05,1.0,1.4851,0.95
cicids2017,R2_holdout_Slowloris,2024,xgb,TSC,Benign,0.1,0.9002,1.9002,0.9
cicids2017,R2_holdout_Slowloris,2024,xgb,TSC,DoS,0.1,1.0,1.4374,0.9
cicids2017,R2_holdout_Slowloris,2024,xgb,TSC,Benign,0.2,0.8007,1.8007,0.8
cicids2017,R2_holdout_Slowloris,2024,xgb,TSC,DoS,0.2,1.0,1.3489,0.8
cicids2017,R2_holdout_Slowloris,2024,xgb,SHC,Benign,0.05,0.9504,0.9506,0.95
cicids2017,R2_holdout_Slowloris,2024,xgb,SHC,DoS,0.05,0.5427,1.0289,0.95
cicids2017,R2_holdout_Slowloris,2024,xgb,SHC,Benign,0.1,0.9006,0.9008,0.9
cicids2017,R2_holdout_Slowloris,2024,xgb,SHC,DoS,0.1,0.5192,0.9573,0.9
cicids2017,R2_holdout_Slowloris,2024,xgb,SHC,Benign,0.2,0.8009,0.8011,0.8
cicids2017,R2_holdout_Slowloris,2024,xgb,SHC,DoS,0.2,0.4692,0.8177,0.8
cicids2017,R2_holdout_Slowloris,2024,mlp,REC,Benign,0.05,0.9497,1.9497,0.95
cicids2017,R2_holdout_Slowloris,2024,mlp,REC,DoS,0.05,1.0,1.4671,0.95
cicids2017,R2_holdout_Slowloris,2024,mlp,REC,Benign,0.1,0.8997,1.8997,0.9
cicids2017,R2_holdout_Slowloris,2024,mlp,REC,DoS,0.1,1.0,1.4443,0.9
cicids2017,R2_holdout_Slowloris,2024,mlp,REC,Benign,0.2,0.7997,1.7997,0.8
cicids2017,R2_holdout_Slowloris,2024,mlp,REC,DoS,0.2,1.0,1.3948,0.8
cicids2017,R2_holdout_Slowloris,2024,mlp,TSC,Benign,0.05,0.9494,1.9494,0.95
cicids2017,R2_holdout_Slowloris,2024,mlp,TSC,DoS,0.05,1.0,1.4673,0.95
cicids2017,R2_holdout_Slowloris,2024,mlp,TSC,Benign,0.1,0.8995,1.8995,0.9
cicids2017,R2_holdout_Slowloris,2024,mlp,TSC,DoS,0.1,1.0,1.4442,0.9
cicids2017,R2_holdout_Slowloris,2024,mlp,TSC,Benign,0.2,0.7997,1.7997,0.8
cicids2017,R2_holdout_Slowloris,2024,mlp,TSC,DoS,0.2,1.0,1.3949,0.8
cicids2017,R2_holdout_Slowloris,2024,mlp,SHC,Benign,0.05,0.9494,0.9497,0.95
cicids2017,R2_holdout_Slowloris,2024,mlp,SHC,DoS,0.05,0.4889,0.9559,0.95
cicids2017,R2_holdout_Slowloris,2024,mlp,SHC,Benign,0.1,0.8998,0.9,0.9
cicids2017,R2_holdout_Slowloris,2024,mlp,SHC,DoS,0.1,0.462,0.9065,0.9
cicids2017,R2_holdout_Slowloris,2024,mlp,SHC,Benign,0.2,0.7991,0.7993,0.8
cicids2017,R2_holdout_Slowloris,2024,mlp,SHC,DoS,0.2,0.4091,0.8035,0.8
cicids2017,R2_holdout_Slowloris,7,rf,REC,Benign,0.05,0.9497,1.9497,0.95
cicids2017,R2_holdout_Slowloris,7,rf,REC,DoS,0.05,1.0,1.5258,0.95
cicids2017,R2_holdout_Slowloris,7,rf,REC,Benign,0.1,0.8994,1.8994,0.9
cicids2017,R2_holdout_Slowloris,7,rf,REC,DoS,0.1,1.0,1.5002,0.9
cicids2017,R2_holdout_Slowloris,7,rf,REC,Benign,0.2,0.8,1.8,0.8
cicids2017,R2_holdout_Slowloris,7,rf,REC,DoS,0.2,1.0,1.4442,0.8
cicids2017,R2_holdout_Slowloris,7,rf,TSC,Benign,0.05,0.9499,1.9499,0.95
cicids2017,R2_holdout_Slowloris,7,rf,TSC,DoS,0.05,1.0,1.5262,0.95
cicids2017,R2_holdout_Slowloris,7,rf,TSC,Benign,0.1,0.8996,1.8996,0.9
cicids2017,R2_holdout_Slowloris,7,rf,TSC,DoS,0.1,1.0,1.5004,0.9
cicids2017,R2_holdout_Slowloris,7,rf,TSC,Benign,0.2,0.8002,1.8002,0.8
cicids2017,R2_holdout_Slowloris,7,rf,TSC,DoS,0.2,1.0,1.4441,0.8
cicids2017,R2_holdout_Slowloris,7,rf,SHC,Benign,0.05,0.95,0.9503,0.95
cicids2017,R2_holdout_Slowloris,7,rf,SHC,DoS,0.05,0.4387,0.9648,0.95
cicids2017,R2_holdout_Slowloris,7,rf,SHC,Benign,0.1,0.9,0.9002,0.9
cicids2017,R2_holdout_Slowloris,7,rf,SHC,DoS,0.1,0.4163,0.9166,0.9
cicids2017,R2_holdout_Slowloris,7,rf,SHC,Benign,0.2,0.7996,0.7998,0.8
cicids2017,R2_holdout_Slowloris,7,rf,SHC,DoS,0.2,0.3683,0.8131,0.8
cicids2017,R2_holdout_Slowloris,7,xgb,REC,Benign,0.05,0.9502,1.9502,0.95
cicids2017,R2_holdout_Slowloris,7,xgb,REC,DoS,0.05,1.0,1.4851,0.95
cicids2017,R2_holdout_Slowloris,7,xgb,REC,Benign,0.1,0.9003,1.9003,0.9
cicids2017,R2_holdout_Slowloris,7,xgb,REC,DoS,0.1,1.0,1.4424,0.9
cicids2017,R2_holdout_Slowloris,7,xgb,REC,Benign,0.2,0.8007,1.8007,0.8
cicids2017,R2_holdout_Slowloris,7,xgb,REC,DoS,0.2,1.0,1.3467,0.8
cicids2017,R2_holdout_Slowloris,7,xgb,TSC,Benign,0.05,0.9506,1.9506,0.95
cicids2017,R2_holdout_Slowloris,7,xgb,TSC,DoS,0.05,1.0,1.4855,0.95
cicids2017,R2_holdout_Slowloris,7,xgb,TSC,Benign,0.1,0.9003,1.9003,0.9
cicids2017,R2_holdout_Slowloris,7,xgb,TSC,DoS,0.1,1.0,1.4429,0.9
cicids2017,R2_holdout_Slowloris,7,xgb,TSC,Benign,0.2,0.8009,1.8009,0.8
cicids2017,R2_holdout_Slowloris,7,xgb,TSC,DoS,0.2,1.0,1.3472,0.8
cicids2017,R2_holdout_Slowloris,7,xgb,SHC,Benign,0.05,0.9502,0.9504,0.95
cicids2017,R2_holdout_Slowloris,7,xgb,SHC,DoS,0.05,0.5526,1.0377,0.95
cicids2017,R2_holdout_Slowloris,7,xgb,SHC,Benign,0.1,0.9003,0.9004,0.9
cicids2017,R2_holdout_Slowloris,7,xgb,SHC,DoS,0.1,0.5288,0.9708,0.9
cicids2017,R2_holdout_Slowloris,7,xgb,SHC,Benign,0.2,0.8014,0.8015,0.8
cicids2017,R2_holdout_Slowloris,7,xgb,SHC,DoS,0.2,0.479,0.8264,0.8
cicids2017,R2_holdout_Slowloris,7,mlp,REC,Benign,0.05,0.9497,1.9497,0.95
cicids2017,R2_holdout_Slowloris,7,mlp,REC,DoS,0.05,1.0,1.4459,0.95
cicids2017,R2_holdout_Slowloris,7,mlp,REC,Benign,0.1,0.8989,1.8989,0.9
cicids2017,R2_holdout_Slowloris,7,mlp,REC,DoS,0.1,1.0,1.4205,0.9
cicids2017,R2_holdout_Slowloris,7,mlp,REC,Benign,0.2,0.7983,1.7983,0.8
cicids2017,R2_holdout_Slowloris,7,mlp,REC,DoS,0.2,1.0,1.3711,0.8
cicids2017,R2_holdout_Slowloris,7,mlp,TSC,Benign,0.05,0.9491,1.9491,0.95
cicids2017,R2_holdout_Slowloris,7,mlp,TSC,DoS,0.05,1.0,1.4457,0.95
cicids2017,R2_holdout_Slowloris,7,mlp,TSC,Benign,0.1,0.899,1.899,0.9
cicids2017,R2_holdout_Slowloris,7,mlp,TSC,DoS,0.1,1.0,1.4206,0.9
cicids2017,R2_holdout_Slowloris,7,mlp,TSC,Benign,0.2,0.799,1.799,0.8
cicids2017,R2_holdout_Slowloris,7,mlp,TSC,DoS,0.2,1.0,1.3715,0.8
cicids2017,R2_holdout_Slowloris,7,mlp,SHC,Benign,0.05,0.9494,0.9499,0.95
cicids2017,R2_holdout_Slowloris,7,mlp,SHC,DoS,0.05,0.5409,0.9866,0.95
cicids2017,R2_holdout_Slowloris,7,mlp,SHC,Benign,0.1,0.8992,0.8995,0.9
cicids2017,R2_holdout_Slowloris,7,mlp,SHC,DoS,0.1,0.5047,0.9252,0.9
cicids2017,R2_holdout_Slowloris,7,mlp,SHC,Benign,0.2,0.7981,0.7982,0.8
cicids2017,R2_holdout_Slowloris,7,mlp,SHC,DoS,0.2,0.446,0.8165,0.8
cicids2017,R2_holdout_Slowloris,91,rf,REC,Benign,0.05,0.9497,1.9497,0.95
cicids2017,R2_holdout_Slowloris,91,rf,REC,DoS,0.05,1.0,1.5281,0.95
cicids2017,R2_holdout_Slowloris,91,rf,REC,Benign,0.1,0.8991,1.8991,0.9
cicids2017,R2_holdout_Slowloris,91,rf,REC,DoS,0.1,1.0,1.4984,0.9
cicids2017,R2_holdout_Slowloris,91,rf,REC,Benign,0.2,0.7989,1.7989,0.8
cicids2017,R2_holdout_Slowloris,91,rf,REC,DoS,0.2,1.0,1.4436,0.8
cicids2017,R2_holdout_Slowloris,91,rf,TSC,Benign,0.05,0.9495,1.9495,0.95
cicids2017,R2_holdout_Slowloris,91,rf,TSC,DoS,0.05,1.0,1.5276,0.95
cicids2017,R2_holdout_Slowloris,91,rf,TSC,Benign,0.1,0.8988,1.8988,0.9
cicids2017,R2_holdout_Slowloris,91,rf,TSC,DoS,0.1,1.0,1.4982,0.9
cicids2017,R2_holdout_Slowloris,91,rf,TSC,Benign,0.2,0.7988,1.7988,0.8
cicids2017,R2_holdout_Slowloris,91,rf,TSC,DoS,0.2,1.0,1.4442,0.8
cicids2017,R2_holdout_Slowloris,91,rf,SHC,Benign,0.05,0.9499,0.9502,0.95
cicids2017,R2_holdout_Slowloris,91,rf,SHC,DoS,0.05,0.4387,0.9667,0.95
cicids2017,R2_holdout_Slowloris,91,rf,SHC,Benign,0.1,0.8999,0.9001,0.9
cicids2017,R2_holdout_Slowloris,91,rf,SHC,DoS,0.1,0.4151,0.914,0.9
cicids2017,R2_holdout_Slowloris,91,rf,SHC,Benign,0.2,0.8,0.8002,0.8
cicids2017,R2_holdout_Slowloris,91,rf,SHC,DoS,0.2,0.3699,0.8149,0.8
cicids2017,R2_holdout_Slowloris,91,xgb,REC,Benign,0.05,0.9506,1.9506,0.95
cicids2017,R2_holdout_Slowloris,91,xgb,REC,DoS,0.05,1.0,1.4838,0.95
cicids2017,R2_holdout_Slowloris,91,xgb,REC,Benign,0.1,0.9008,1.9008,0.9
cicids2017,R2_holdout_Slowloris,91,xgb,REC,DoS,0.1,1.0,1.4378,0.9
cicids2017,R2_holdout_Slowloris,91,xgb,REC,Benign,0.2,0.8005,1.8005,0.8
cicids2017,R2_holdout_Slowloris,91,xgb,REC,DoS,0.2,1.0,1.3517,0.8
cicids2017,R2_holdout_Slowloris,91,xgb,TSC,Benign,0.05,0.9502,1.9502,0.95
cicids2017,R2_holdout_Slowloris,91,xgb,TSC,DoS,0.05,1.0,1.4831,0.95
cicids2017,R2_holdout_Slowloris,91,xgb,TSC,Benign,0.1,0.9001,1.9001,0.9
cicids2017,R2_holdout_Slowloris,91,xgb,TSC,DoS,0.1,1.0,1.4378,0.9
cicids2017,R2_holdout_Slowloris,91,xgb,TSC,Benign,0.2,0.8,1.8,0.8
cicids2017,R2_holdout_Slowloris,91,xgb,TSC,DoS,0.2,1.0,1.3511,0.8
cicids2017,R2_holdout_Slowloris,91,xgb,SHC,Benign,0.05,0.9506,0.9508,0.95
cicids2017,R2_holdout_Slowloris,91,xgb,SHC,DoS,0.05,0.5473,1.0308,0.95
cicids2017,R2_holdout_Slowloris,91,xgb,SHC,Benign,0.1,0.9008,0.901,0.9
cicids2017,R2_holdout_Slowloris,91,xgb,SHC,DoS,0.1,0.5246,0.9629,0.9
cicids2017,R2_holdout_Slowloris,91,xgb,SHC,Benign,0.2,0.8007,0.8008,0.8
cicids2017,R2_holdout_Slowloris,91,xgb,SHC,DoS,0.2,0.4802,0.8322,0.8
cicids2017,R2_holdout_Slowloris,91,mlp,REC,Benign,0.05,0.9499,1.9499,0.95
cicids2017,R2_holdout_Slowloris,91,mlp,REC,DoS,0.05,1.0,1.4713,0.95
cicids2017,R2_holdout_Slowloris,91,mlp,REC,Benign,0.1,0.8996,1.8996,0.9
cicids2017,R2_holdout_Slowloris,91,mlp,REC,DoS,0.1,1.0,1.446,0.9
cicids2017,R2_holdout_Slowloris,91,mlp,REC,Benign,0.2,0.7992,1.7992,0.8
cicids2017,R2_holdout_Slowloris,91,mlp,REC,DoS,0.2,1.0,1.3983,0.8
cicids2017,R2_holdout_Slowloris,91,mlp,TSC,Benign,0.05,0.9501,1.9501,0.95
cicids2017,R2_holdout_Slowloris,91,mlp,TSC,DoS,0.05,1.0,1.4713,0.95
cicids2017,R2_holdout_Slowloris,91,mlp,TSC,Benign,0.1,0.8992,1.8992,0.9
cicids2017,R2_holdout_Slowloris,91,mlp,TSC,DoS,0.1,1.0,1.4459,0.9
cicids2017,R2_holdout_Slowloris,91,mlp,TSC,Benign,0.2,0.7987,1.7987,0.8
cicids2017,R2_holdout_Slowloris,91,mlp,TSC,DoS,0.2,1.0,1.3978,0.8
cicids2017,R2_holdout_Slowloris,91,mlp,SHC,Benign,0.05,0.9498,0.95,0.95
cicids2017,R2_holdout_Slowloris,91,mlp,SHC,DoS,0.05,0.4871,0.9582,0.95
cicids2017,R2_holdout_Slowloris,91,mlp,SHC,Benign,0.1,0.8989,0.8991,0.9
cicids2017,R2_holdout_Slowloris,91,mlp,SHC,DoS,0.1,0.4599,0.9058,0.9
cicids2017,R2_holdout_Slowloris,91,mlp,SHC,Benign,0.2,0.7978,0.798,0.8
cicids2017,R2_holdout_Slowloris,91,mlp,SHC,DoS,0.2,0.407,0.804,0.8
cicids2017,R2_holdout_Slowloris,512,rf,REC,Benign,0.05,0.95,1.95,0.95
cicids2017,R2_holdout_Slowloris,512,rf,REC,DoS,0.05,1.0,1.5327,0.95
cicids2017,R2_holdout_Slowloris,512,rf,REC,Benign,0.1,0.8994,1.8994,0.9
cicids2017,R2_holdout_Slowloris,512,rf,REC,DoS,0.1,1.0,1.5032,0.9
cicids2017,R2_holdout_Slowloris,512,rf,REC,Benign,0.2,0.7992,1.7992,0.8
cicids2017,R2_holdout_Slowloris,512,rf,REC,DoS,0.2,1.0,1.4413,0.8
cicids2017,R2_holdout_Slowloris,512,rf,TSC,Benign,0.05,0.9504,1.9504,0.95
cicids2017,R2_holdout_Slowloris,512,rf,TSC,DoS,0.05,1.0,1.5327,0.95
cicids2017,R2_holdout_Slowloris,512,rf,TSC,Benign,0.1,0.9005,1.9005,0.9
cicids2017,R2_holdout_Slowloris,512,rf,TSC,DoS,0.1,1.0,1.5037,0.9
cicids2017,R2_holdout_Slowloris,512,rf,TSC,Benign,0.2,0.8003,1.8003,0.8
cicids2017,R2_holdout_Slowloris,512,rf,TSC,DoS,0.2,1.0,1.4422,0.8
cicids2017,R2_holdout_Slowloris,512,rf,SHC,Benign,0.05,0.9504,0.9506,0.95
cicids2017,R2_holdout_Slowloris,512,rf,SHC,DoS,0.05,0.4407,0.9736,0.95
cicids2017,R2_holdout_Slowloris,512,rf,SHC,Benign,0.1,0.9002,0.9004,0.9
cicids2017,R2_holdout_Slowloris,512,rf,SHC,DoS,0.1,0.4181,0.9218,0.9
cicids2017,R2_holdout_Slowloris,512,rf,SHC,Benign,0.2,0.7997,0.8,0.8
cicids2017,R2_holdout_Slowloris,512,rf,SHC,DoS,0.2,0.374,0.8158,0.8
cicids2017,R2_holdout_Slowloris,512,xgb,REC,Benign,0.05,0.9501,1.9501,0.95
cicids2017,R2_holdout_Slowloris,512,xgb,REC,DoS,0.05,1.0,1.4846,0.95
cicids2017,R2_holdout_Slowloris,512,xgb,REC,Benign,0.1,0.9004,1.9004,0.9
cicids2017,R2_holdout_Slowloris,512,xgb,REC,DoS,0.1,1.0,1.4366,0.9
cicids2017,R2_holdout_Slowloris,512,xgb,REC,Benign,0.2,0.8012,1.8012,0.8
cicids2017,R2_holdout_Slowloris,512,xgb,REC,DoS,0.2,1.0,1.3458,0.8
cicids2017,R2_holdout_Slowloris,512,xgb,TSC,Benign,0.05,0.9504,1.9504,0.95
cicids2017,R2_holdout_Slowloris,512,xgb,TSC,DoS,0.05,1.0,1.4849,0.95
cicids2017,R2_holdout_Slowloris,512,xgb,TSC,Benign,0.1,0.9006,1.9006,0.9
cicids2017,R2_holdout_Slowloris,512,xgb,TSC,DoS,0.1,1.0,1.4371,0.9
cicids2017,R2_holdout_Slowloris,512,xgb,TSC,Benign,0.2,0.8003,1.8003,0.8
cicids2017,R2_holdout_Slowloris,512,xgb,TSC,DoS,0.2,1.0,1.3453,0.8
cicids2017,R2_holdout_Slowloris,512,xgb,SHC,Benign,0.05,0.9503,0.9504,0.95
cicids2017,R2_holdout_Slowloris,512,xgb,SHC,DoS,0.05,0.5446,1.0294,0.95
cicids2017,R2_holdout_Slowloris,512,xgb,SHC,Benign,0.1,0.9003,0.9004,0.9
cicids2017,R2_holdout_Slowloris,512,xgb,SHC,DoS,0.1,0.5215,0.958,0.9
cicids2017,R2_holdout_Slowloris,512,xgb,SHC,Benign,0.2,0.8009,0.801,0.8
cicids2017,R2_holdout_Slowloris,512,xgb,SHC,DoS,0.2,0.475,0.8209,0.8
cicids2017,R2_holdout_Slowloris,512,mlp,REC,Benign,0.05,0.9499,1.9499,0.95
cicids2017,R2_holdout_Slowloris,512,mlp,REC,DoS,0.05,1.0,1.4442,0.95
cicids2017,R2_holdout_Slowloris,512,mlp,REC,Benign,0.1,0.8998,1.8998,0.9
cicids2017,R2_holdout_Slowloris,512,mlp,REC,DoS,0.1,1.0,1.4189,0.9
cicids2017,R2_holdout_Slowloris,512,mlp,REC,Benign,0.2,0.7995,1.7995,0.8
cicids2017,R2_holdout_Slowloris,512,mlp,REC,DoS,0.2,1.0,1.3689,0.8
cicids2017,R2_holdout_Slowloris,512,mlp,TSC,Benign,0.05,0.9502,1.9502,0.95
cicids2017,R2_holdout_Slowloris,512,mlp,TSC,DoS,0.05,1.0,1.4443,0.95
cicids2017,R2_holdout_Slowloris,512,mlp,TSC,Benign,0.1,0.9002,1.9002,0.9
cicids2017,R2_holdout_Slowloris,512,mlp,TSC,DoS,0.1,1.0,1.4191,0.9
cicids2017,R2_holdout_Slowloris,512,mlp,TSC,Benign,0.2,0.8009,1.8009,0.8
cicids2017,R2_holdout_Slowloris,512,mlp,TSC,DoS,0.2,1.0,1.3693,0.8
cicids2017,R2_holdout_Slowloris,512,mlp,SHC,Benign,0.05,0.9495,0.9497,0.95
cicids2017,R2_holdout_Slowloris,512,mlp,SHC,DoS,0.05,0.5065,0.9504,0.95
cicids2017,R2_holdout_Slowloris,512,mlp,SHC,Benign,0.1,0.8994,0.8996,0.9
cicids2017,R2_holdout_Slowloris,512,mlp,SHC,DoS,0.1,0.4802,0.8991,0.9
cicids2017,R2_holdout_Slowloris,512,mlp,SHC,Benign,0.2,0.8,0.8002,0.8
cicids2017,R2_holdout_Slowloris,512,mlp,SHC,DoS,0.2,0.4261,0.7952,0.8
cicids2017,R2_holdout_Slowloris,6021,rf,REC,Benign,0.05,0.9499,1.9499,0.95
cicids2017,R2_holdout_Slowloris,6021,rf,REC,DoS,0.05,1.0,1.5221,0.95
cicids2017,R2_holdout_Slowloris,6021,rf,REC,Benign,0.1,0.8999,1.8999,0.9
cicids2017,R2_holdout_Slowloris,6021,rf,REC,DoS,0.1,1.0,1.4944,0.9
cicids2017,R2_holdout_Slowloris,6021,rf,REC,Benign,0.2,0.7996,1.7996,0.8
cicids2017,R2_holdout_Slowloris,6021,rf,REC,DoS,0.2,1.0,1.4395,0.8
cicids2017,R2_holdout_Slowloris,6021,rf,TSC,Benign,0.05,0.9495,1.9495,0.95
cicids2017,R2_holdout_Slowloris,6021,rf,TSC,DoS,0.05,1.0,1.522,0.95
cicids2017,R2_holdout_Slowloris,6021,rf,TSC,Benign,0.1,0.9003,1.9003,0.9
cicids2017,R2_holdout_Slowloris,6021,rf,TSC,DoS,0.1,1.0,1.4946,0.9
cicids2017,R2_holdout_Slowloris,6021,rf,TSC,Benign,0.2,0.8009,1.8009,0.8
cicids2017,R2_holdout_Slowloris,6021,rf,TSC,DoS,0.2,1.0,1.4402,0.8
cicids2017,R2_holdout_Slowloris,6021,rf,SHC,Benign,0.05,0.9497,0.95,0.95
cicids2017,R2_holdout_Slowloris,6021,rf,SHC,DoS,0.05,0.4359,0.9578,0.95
cicids2017,R2_holdout_Slowloris,6021,rf,SHC,Benign,0.1,0.8998,0.9,0.9
cicids2017,R2_holdout_Slowloris,6021,rf,SHC,DoS,0.1,0.4093,0.903,0.9
cicids2017,R2_holdout_Slowloris,6021,rf,SHC,Benign,0.2,0.8,0.8001,0.8
cicids2017,R2_holdout_Slowloris,6021,rf,SHC,DoS,0.2,0.3622,0.8026,0.8
cicids2017,R2_holdout_Slowloris,6021,xgb,REC,Benign,0.05,0.9497,1.9497,0.95
cicids2017,R2_holdout_Slowloris,6021,xgb,REC,DoS,0.05,1.0,1.4868,0.95
cicids2017,R2_holdout_Slowloris,6021,xgb,REC,Benign,0.1,0.899,1.899,0.9
cicids2017,R2_holdout_Slowloris,6021,xgb,REC,DoS,0.1,1.0,1.4398,0.9
cicids2017,R2_holdout_Slowloris,6021,xgb,REC,Benign,0.2,0.7992,1.7992,0.8
cicids2017,R2_holdout_Slowloris,6021,xgb,REC,DoS,0.2,1.0,1.3448,0.8
cicids2017,R2_holdout_Slowloris,6021,xgb,TSC,Benign,0.05,0.95,1.95,0.95
cicids2017,R2_holdout_Slowloris,6021,xgb,TSC,DoS,0.05,1.0,1.487,0.95
cicids2017,R2_holdout_Slowloris,6021,xgb,TSC,Benign,0.1,0.8998,1.8998,0.9
cicids2017,R2_holdout_Slowloris,6021,xgb,TSC,DoS,0.1,1.0,1.4408,0.9
cicids2017,R2_holdout_Slowloris,6021,xgb,TSC,Benign,0.2,0.7994,1.7994,0.8
cicids2017,R2_holdout_Slowloris,6021,xgb,TSC,DoS,0.2,1.0,1.3448,0.8
cicids2017,R2_holdout_Slowloris,6021,xgb,SHC,Benign,0.05,0.9494,0.9495,0.95
cicids2017,R2_holdout_Slowloris,6021,xgb,SHC,DoS,0.05,0.5473,1.0338,0.95
cicids2017,R2_holdout_Slowloris,6021,xgb,SHC,Benign,0.1,0.8997,0.8998,0.9
cicids2017,R2_holdout_Slowloris,6021,xgb,SHC,DoS,0.1,0.5201,0.9606,0.9
cicids2017,R2_holdout_Slowloris,6021,xgb,SHC,Benign,0.2,0.7989,0.799,0.8
cicids2017,R2_holdout_Slowloris,6021,xgb,SHC,DoS,0.2,0.4703,0.8149,0.8
cicids2017,R2_holdout_Slowloris,6021,mlp,REC,Benign,0.05,0.9505,1.9505,0.95
cicids2017,R2_holdout_Slowloris,6021,mlp,REC,DoS,0.05,1.0,1.4699,0.95
cicids2017,R2_holdout_Slowloris,6021,mlp,REC,Benign,0.1,0.9009,1.9009,0.9
cicids2017,R2_holdout_Slowloris,6021,mlp,REC,DoS,0.1,1.0,1.4473,0.9
cicids2017,R2_holdout_Slowloris,6021,mlp,REC,Benign,0.2,0.8013,1.8013,0.8
cicids2017,R2_holdout_Slowloris,6021,mlp,REC,DoS,0.2,1.0,1.3975,0.8
cicids2017,R2_holdout_Slowloris,6021,mlp,TSC,Benign,0.05,0.9504,1.9504,0.95
cicids2017,R2_holdout_Slowloris,6021,mlp,TSC,DoS,0.05,1.0,1.4698,0.95
cicids2017,R2_holdout_Slowloris,6021,mlp,TSC,Benign,0.1,0.9003,1.9003,0.9
cicids2017,R2_holdout_Slowloris,6021,mlp,TSC,DoS,0.1,1.0,1.4475,0.9
cicids2017,R2_holdout_Slowloris,6021,mlp,TSC,Benign,0.2,0.8015,1.8015,0.8
cicids2017,R2_holdout_Slowloris,6021,mlp,TSC,DoS,0.2,1.0,1.3976,0.8
cicids2017,R2_holdout_Slowloris,6021,mlp,SHC,Benign,0.05,0.9498,0.95,0.95
cicids2017,R2_holdout_Slowloris,6021,mlp,SHC,DoS,0.05,0.505,0.9746,0.95
cicids2017,R2_holdout_Slowloris,6021,mlp,SHC,Benign,0.1,0.8992,0.8993,0.9
cicids2017,R2_holdout_Slowloris,6021,mlp,SHC,DoS,0.1,0.4747,0.9208,0.9
cicids2017,R2_holdout_Slowloris,6021,mlp,SHC,Benign,0.2,0.7996,0.7997,0.8
cicids2017,R2_holdout_Slowloris,6021,mlp,SHC,DoS,0.2,0.4185,0.8154,0.8
cicids2017,R2_holdout_Slowloris,88,rf,REC,Benign,0.05,0.9503,1.9503,0.95
cicids2017,R2_holdout_Slowloris,88,rf,REC,DoS,0.05,1.0,1.5322,0.95
cicids2017,R2_holdout_Slowloris,88,rf,REC,Benign,0.1,0.9,1.9,0.9
cicids2017,R2_holdout_Slowloris,88,rf,REC,DoS,0.1,1.0,1.5029,0.9
cicids2017,R2_holdout_Slowloris,88,rf,REC,Benign,0.2,0.8012,1.8012,0.8
cicids2017,R2_holdout_Slowloris,88,rf,REC,DoS,0.2,1.0,1.4457,0.8
cicids2017,R2_holdout_Slowloris,88,rf,TSC,Benign,0.05,0.9501,1.9501,0.95
cicids2017,R2_holdout_Slowloris,88,rf,TSC,DoS,0.05,1.0,1.532,0.95
cicids2017,R2_holdout_Slowloris,88,rf,TSC,Benign,0.1,0.9,1.9,0.9
cicids2017,R2_holdout_Slowloris,88,rf,TSC,DoS,0.1,1.0,1.5026,0.9
cicids2017,R2_holdout_Slowloris,88,rf,TSC,Benign,0.2,0.8008,1.8008,0.8
cicids2017,R2_holdout_Slowloris,88,rf,TSC,DoS,0.2,1.0,1.4462,0.8
cicids2017,R2_holdout_Slowloris,88,rf,SHC,Benign,0.05,0.9493,0.9496,0.95
cicids2017,R2_holdout_Slowloris,88,rf,SHC,DoS,0.05,0.4383,0.9697,0.95
cicids2017,R2_holdout_Slowloris,88,rf,SHC,Benign,0.1,0.8986,0.8988,0.9
cicids2017,R2_holdout_Slowloris,88,rf,SHC,DoS,0.1,0.4121,0.9142,0.9
cicids2017,R2_holdout_Slowloris,88,rf,SHC,Benign,0.2,0.7988,0.799,0.8
cicids2017,R2_holdout_Slowloris,88,rf,SHC,DoS,0.2,0.361,0.8061,0.8
cicids2017,R2_holdout_Slowloris,88,xgb,REC,Benign,0.05,0.9499,1.9499,0.95
cicids2017,R2_holdout_Slowloris,88,xgb,REC,DoS,0.05,1.0,1.4878,0.95
cicids2017,R2_holdout_Slowloris,88,xgb,REC,Benign,0.1,0.8994,1.8994,0.9
cicids2017,R2_holdout_Slowloris,88,xgb,REC,DoS,0.1,1.0,1.4437,0.9
cicids2017,R2_holdout_Slowloris,88,xgb,REC,Benign,0.2,0.8004,1.8004,0.8
cicids2017,R2_holdout_Slowloris,88,xgb,REC,DoS,0.2,1.0,1.3549,0.8
cicids2017,R2_holdout_Slowloris,88,xgb,TSC,Benign,0.05,0.9497,1.9497,0.95
cicids2017,R2_holdout_Slowloris,88,xgb,TSC,DoS,0.05,1.0,1.4881,0.95
cicids2017,R2_holdout_Slowloris,88,xgb,TSC,Benign,0.1,0.8999,1.8999,0.9
cicids2017,R2_holdout_Slowloris,88,xgb,TSC,DoS,0.1,1.0,1.4441,0.9
cicids2017,R2_holdout_Slowloris,88,xgb,TSC,Benign,0.2,0.7997,1.7997,0.8
cicids2017,R2_holdout_Slowloris,88,xgb,TSC,DoS,0.2,1.0,1.3549,0.8
cicids2017,R2_holdout_Slowloris,88,xgb,SHC,Benign,0.05,0.9502,0.9503,0.95
cicids2017,R2_holdout_Slowloris,88,xgb,SHC,DoS,0.05,0.5408,1.029,0.95
cicids2017,R2_holdout_Slowloris,88,xgb,SHC,Benign,0.1,0.9002,0.9003,0.9
cicids2017,R2_holdout_Slowloris,88,xgb,SHC,DoS,0.1,0.5169,0.9616,0.9
cicids2017,R2_holdout_Slowloris,88,xgb,SHC,Benign,0.2,0.8002,0.8002,0.8
cicids2017,R2_holdout_Slowloris,88,xgb,SHC,DoS,0.2,0.4692,0.824,0.8
cicids2017,R2_holdout_Slowloris,88,mlp,REC,Benign,0.05,0.9506,1.9506,0.95
cicids2017,R2_holdout_Slowloris,88,mlp,REC,DoS,0.05,1.0,1.4536,0.95
cicids2017,R2_holdout_Slowloris,88,mlp,REC,Benign,0.1,0.9,1.9,0.9
cicids2017,R2_holdout_Slowloris,88,mlp,REC,DoS,0.1,1.0,1.421,0.9
cicids2017,R2_holdout_Slowloris,88,mlp,REC,Benign,0.2,0.8001,1.8001,0.8
cicids2017,R2_holdout_Slowloris,88,mlp,REC,DoS,0.2,1.0,1.3691,0.8
cicids2017,R2_holdout_Slowloris,88,mlp,TSC,Benign,0.05,0.9503,1.9503,0.95
cicids2017,R2_holdout_Slowloris,88,mlp,TSC,DoS,0.05,1.0,1.4535,0.95
cicids2017,R2_holdout_Slowloris,88,mlp,TSC,Benign,0.1,0.9003,1.9003,0.9
cicids2017,R2_holdout_Slowloris,88,mlp,TSC,DoS,0.1,1.0,1.4211,0.9
cicids2017,R2_holdout_Slowloris,88,mlp,TSC,Benign,0.2,0.8003,1.8003,0.8
cicids2017,R2_holdout_Slowloris,88,mlp,TSC,DoS,0.2,1.0,1.3694,0.8
cicids2017,R2_holdout_Slowloris,88,mlp,SHC,Benign,0.05,0.9496,0.9498,0.95
cicids2017,R2_holdout_Slowloris,88,mlp,SHC,DoS,0.05,0.5278,0.981,0.95
cicids2017,R2_holdout_Slowloris,88,mlp,SHC,Benign,0.1,0.8988,0.8991,0.9
cicids2017,R2_holdout_Slowloris,88,mlp,SHC,DoS,0.1,0.5015,0.9221,0.9
cicids2017,R2_holdout_Slowloris,88,mlp,SHC,Benign,0.2,0.799,0.7992,0.8
cicids2017,R2_holdout_Slowloris,88,mlp,SHC,DoS,0.2,0.4481,0.8167,0.8
cicids2017,R2_holdout_Slowloris,3407,rf,REC,Benign,0.05,0.9502,1.9502,0.95
cicids2017,R2_holdout_Slowloris,3407,rf,REC,DoS,0.05,1.0,1.5314,0.95
cicids2017,R2_holdout_Slowloris,3407,rf,REC,Benign,0.1,0.9009,1.9009,0.9
cicids2017,R2_holdout_Slowloris,3407,rf,REC,DoS,0.1,1.0,1.5011,0.9
cicids2017,R2_holdout_Slowloris,3407,rf,REC,Benign,0.2,0.8008,1.8008,0.8
cicids2017,R2_holdout_Slowloris,3407,rf,REC,DoS,0.2,1.0,1.444,0.8
cicids2017,R2_holdout_Slowloris,3407,rf,TSC,Benign,0.05,0.9506,1.9506,0.95
cicids2017,R2_holdout_Slowloris,3407,rf,TSC,DoS,0.05,1.0,1.5313,0.95
cicids2017,R2_holdout_Slowloris,3407,rf,TSC,Benign,0.1,0.9009,1.9009,0.9
cicids2017,R2_holdout_Slowloris,3407,rf,TSC,DoS,0.1,1.0,1.5011,0.9
cicids2017,R2_holdout_Slowloris,3407,rf,TSC,Benign,0.2,0.8006,1.8006,0.8
cicids2017,R2_holdout_Slowloris,3407,rf,TSC,DoS,0.2,1.0,1.4441,0.8
cicids2017,R2_holdout_Slowloris,3407,rf,SHC,Benign,0.05,0.9499,0.9501,0.95
cicids2017,R2_holdout_Slowloris,3407,rf,SHC,DoS,0.05,0.4397,0.9707,0.95
cicids2017,R2_holdout_Slowloris,3407,rf,SHC,Benign,0.1,0.9006,0.9008,0.9
cicids2017,R2_holdout_Slowloris,3407,rf,SHC,DoS,0.1,0.4185,0.9197,0.9
cicids2017,R2_holdout_Slowloris,3407,rf,SHC,Benign,0.2,0.8001,0.8003,0.8
cicids2017,R2_holdout_Slowloris,3407,rf,SHC,DoS,0.2,0.3718,0.8152,0.8
cicids2017,R2_holdout_Slowloris,3407,xgb,REC,Benign,0.05,0.9498,1.9498,0.95
cicids2017,R2_holdout_Slowloris,3407,xgb,REC,DoS,0.05,1.0,1.4826,0.95
cicids2017,R2_holdout_Slowloris,3407,xgb,REC,Benign,0.1,0.9001,1.9001,0.9
cicids2017,R2_holdout_Slowloris,3407,xgb,REC,DoS,0.1,1.0,1.435,0.9
cicids2017,R2_holdout_Slowloris,3407,xgb,REC,Benign,0.2,0.7997,1.7997,0.8
cicids2017,R2_holdout_Slowloris,3407,xgb,REC,DoS,0.2,1.0,1.341,0.8
cicids2017,R2_holdout_Slowloris,3407,xgb,TSC,Benign,0.05,0.9502,1.9502,0.95
cicids2017,R2_holdout_Slowloris,3407,xgb,TSC,DoS,0.05,1.0,1.4832,0.95
cicids2017,R2_holdout_Slowloris,3407,xgb,TSC,Benign,0.1,0.9005,1.9005,0.9
cicids2017,R2_holdout_Slowloris,3407,xgb,TSC,DoS,0.1,1.0,1.4354,0.9
cicids2017,R2_holdout_Slowloris,3407,xgb,TSC,Benign,0.2,0.8003,1.8003,0.8
cicids2017,R2_holdout_Slowloris,3407,xgb,TSC,DoS,0.2,1.0,1.3417,0.8
cicids2017,R2_holdout_Slowloris,3407,xgb,SHC,Benign,0.05,0.9505,0.9506,0.95
cicids2017,R2_holdout_Slowloris,3407,xgb,SHC,DoS,0.05,0.5511,1.0348,0.95
cicids2017,R2_holdout_Slowloris,3407,xgb,SHC,Benign,0.1,0.8999,0.9,0.9
cicids2017,R2_holdout_Slowloris,3407,xgb,SHC,DoS,0.1,0.5278,0.9625,0.9
cicids2017,R2_holdout_Slowloris,3407,xgb,SHC,Benign,0.2,0.8007,0.8008,0.8
cicids2017,R2_holdout_Slowloris,3407,xgb,SHC,DoS,0.2,0.4785,0.8203,0.8
cicids2017,R2_holdout_Slowloris,3407,mlp,REC,Benign,0.05,0.9495,1.9495,0.95
cicids2017,R2_holdout_Slowloris,3407,mlp,REC,DoS,0.05,1.0,1.4482,0.95
cicids2017,R2_holdout_Slowloris,3407,mlp,REC,Benign,0.1,0.8992,1.8992,0.9
cicids2017,R2_holdout_Slowloris,3407,mlp,REC,DoS,0.1,1.0,1.4228,0.9
cicids2017,R2_holdout_Slowloris,3407,mlp,REC,Benign,0.2,0.7995,1.7995,0.8
cicids2017,R2_holdout_Slowloris,3407,mlp,REC,DoS,0.2,1.0,1.3731,0.8
cicids2017,R2_holdout_Slowloris,3407,mlp,TSC,Benign,0.05,0.95,1.95,0.95
cicids2017,R2_holdout_Slowloris,3407,mlp,TSC,DoS,0.05,1.0,1.4482,0.95
cicids2017,R2_holdout_Slowloris,3407,mlp,TSC,Benign,0.1,0.9003,1.9003,0.9
cicids2017,R2_holdout_Slowloris,3407,mlp,TSC,DoS,0.1,1.0,1.4229,0.9
cicids2017,R2_holdout_Slowloris,3407,mlp,TSC,Benign,0.2,0.8011,1.8011,0.8
cicids2017,R2_holdout_Slowloris,3407,mlp,TSC,DoS,0.2,1.0,1.3742,0.8
cicids2017,R2_holdout_Slowloris,3407,mlp,SHC,Benign,0.05,0.9495,0.9496,0.95
cicids2017,R2_holdout_Slowloris,3407,mlp,SHC,DoS,0.05,0.502,0.9499,0.95
cicids2017,R2_holdout_Slowloris,3407,mlp,SHC,Benign,0.1,0.8996,0.8997,0.9
cicids2017,R2_holdout_Slowloris,3407,mlp,SHC,DoS,0.1,0.4753,0.8982,0.9
cicids2017,R2_holdout_Slowloris,3407,mlp,SHC,Benign,0.2,0.7996,0.7997,0.8
cicids2017,R2_holdout_Slowloris,3407,mlp,SHC,DoS,0.2,0.4231,0.7962,0.8
cicids2017,R2_holdout_Slowloris,12345,rf,REC,Benign,0.05,0.9503,1.9503,0.95
cicids2017,R2_holdout_Slowloris,12345,rf,REC,DoS,0.05,1.0,1.5284,0.95
cicids2017,R2_holdout_Slowloris,12345,rf,REC,Benign,0.1,0.9012,1.9012,0.9
cicids2017,R2_holdout_Slowloris,12345,rf,REC,DoS,0.1,1.0,1.5009,0.9
cicids2017,R2_holdout_Slowloris,12345,rf,REC,Benign,0.2,0.8009,1.8009,0.8
cicids2017,R2_holdout_Slowloris,12345,rf,REC,DoS,0.2,1.0,1.4464,0.8
cicids2017,R2_holdout_Slowloris,12345,rf,TSC,Benign,0.05,0.9494,1.9494,0.95
cicids2017,R2_holdout_Slowloris,12345,rf,TSC,DoS,0.05,1.0,1.5279,0.95
cicids2017,R2_holdout_Slowloris,12345,rf,TSC,Benign,0.1,0.9002,1.9002,0.9
cicids2017,R2_holdout_Slowloris,12345,rf,TSC,DoS,0.1,1.0,1.5003,0.9
cicids2017,R2_holdout_Slowloris,12345,rf,TSC,Benign,0.2,0.8002,1.8002,0.8
cicids2017,R2_holdout_Slowloris,12345,rf,TSC,DoS,0.2,1.0,1.4462,0.8
cicids2017,R2_holdout_Slowloris,12345,rf,SHC,Benign,0.05,0.9503,0.9506,0.95
cicids2017,R2_holdout_Slowloris,12345,rf,SHC,DoS,0.05,0.4439,0.9724,0.95
cicids2017,R2_holdout_Slowloris,12345,rf,SHC,Benign,0.1,0.9015,0.9017,0.9
cicids2017,R2_holdout_Slowloris,12345,rf,SHC,DoS,0.1,0.4187,0.9201,0.9
cicids2017,R2_holdout_Slowloris,12345,rf,SHC,Benign,0.2,0.8018,0.802,0.8
cicids2017,R2_holdout_Slowloris,12345,rf,SHC,DoS,0.2,0.3702,0.8175,0.8
cicids2017,R2_holdout_Slowloris,12345,xgb,REC,Benign,0.05,0.9502,1.9502,0.95
cicids2017,R2_holdout_Slowloris,12345,xgb,REC,DoS,0.05,1.0,1.4828,0.95
cicids2017,R2_holdout_Slowloris,12345,xgb,REC,Benign,0.1,0.9003,1.9003,0.9
cicids2017,R2_holdout_Slowloris,12345,xgb,REC,DoS,0.1,1.0,1.4351,0.9
cicids2017,R2_holdout_Slowloris,12345,xgb,REC,Benign,0.2,0.8004,1.8004,0.8
cicids2017,R2_holdout_Slowloris,12345,xgb,REC,DoS,0.2,1.0,1.3428,0.8
cicids2017,R2_holdout_Slowloris,12345,xgb,TSC,Benign,0.05,0.9504,1.9504,0.95
cicids2017,R2_holdout_Slowloris,12345,xgb,TSC,DoS,0.05,1.0,1.483,0.95
cicids2017,R2_holdout_Slowloris,12345,xgb,TSC,Benign,0.1,0.9009,1.9009,0.9
cicids2017,R2_holdout_Slowloris,12345,xgb,TSC,DoS,0.1,1.0,1.4357,0.9
cicids2017,R2_holdout_Slowloris,12345,xgb,TSC,Benign,0.2,0.801,1.801,0.8
cicids2017,R2_holdout_Slowloris,12345,xgb,TSC,DoS,0.2,1.0,1.3435,0.8
cicids2017,R2_holdout_Slowloris,12345,xgb,SHC,Benign,0.05,0.9504,0.9505,0.95
cicids2017,R2_holdout_Slowloris,12345,xgb,SHC,DoS,0.05,0.5501,1.0328,0.95
cicids2017,R2_holdout_Slowloris,12345,xgb,SHC,Benign,0.1,0.9004,0.9006,0.9
cicids2017,R2_holdout_Slowloris,12345,xgb,SHC,DoS,0.1,0.5248,0.96,0.9
cicids2017,R2_holdout_Slowloris,12345,xgb,SHC,Benign,0.2,0.7988,0.7989,0.8
cicids2017,R2_holdout_Slowloris,12345,xgb,SHC,DoS,0.2,0.4732,0.8153,0.8
cicids2017,R2_holdout_Slowloris,12345,mlp,REC,Benign,0.05,0.9506,1.9506,0.95
cicids2017,R2_holdout_Slowloris,12345,mlp,REC,DoS,0.05,1.0,1.4712,0.95
cicids2017,R2_holdout_Slowloris,12345,mlp,REC,Benign,0.1,0.901,1.901,0.9
cicids2017,R2_holdout_Slowloris,12345,mlp,REC,DoS,0.1,1.0,1.4472,0.9
cicids2017,R2_holdout_Slowloris,12345,mlp,REC,Benign,0.2,0.8005,1.8005,0.8
cicids2017,R2_holdout_Slowloris,12345,mlp,REC,DoS,0.2,1.0,1.3967,0.8
cicids2017,R2_holdout_Slowloris,12345,mlp,TSC,Benign,0.05,0.9507,1.9507,0.95
cicids2017,R2_holdout_Slowloris,12345,mlp,TSC,DoS,0.05,1.0,1.471,0.95
cicids2017,R2_holdout_Slowloris,12345,mlp,TSC,Benign,0.1,0.901,1.901,0.9
cicids2017,R2_holdout_Slowloris,12345,mlp,TSC,DoS,0.1,1.0,1.4476,0.9
cicids2017,R2_holdout_Slowloris,12345,mlp,TSC,Benign,0.2,0.8005,1.8005,0.8
cicids2017,R2_holdout_Slowloris,12345,mlp,TSC,DoS,0.2,1.0,1.3966,0.8
cicids2017,R2_holdout_Slowloris,12345,mlp,SHC,Benign,0.05,0.9501,0.9503,0.95
cicids2017,R2_holdout_Slowloris,12345,mlp,SHC,DoS,0.05,0.4911,0.9618,0.95
cicids2017,R2_holdout_Slowloris,12345,mlp,SHC,Benign,0.1,0.9001,0.9003,0.9
cicids2017,R2_holdout_Slowloris,12345,mlp,SHC,DoS,0.1,0.465,0.912,0.9
cicids2017,R2_holdout_Slowloris,12345,mlp,SHC,Benign,0.2,0.8001,0.8003,0.8
cicids2017,R2_holdout_Slowloris,12345,mlp,SHC,DoS,0.2,0.4126,0.8092,0.8
cicids2017,R3_holdout_GoldenEye,42,rf,REC,Benign,0.05,0.9506,1.9506,0.95
cicids2017,R3_holdout_GoldenEye,42,rf,REC,DoS,0.05,1.0,1.292,0.95
cicids2017,R3_holdout_GoldenEye,42,rf,REC,Benign,0.1,0.9002,1.9002,0.9
cicids2017,R3_holdout_GoldenEye,42,rf,REC,DoS,0.1,1.0,1.2663,0.9
cicids2017,R3_holdout_GoldenEye,42,rf,REC,Benign,0.2,0.7997,1.7997,0.8
cicids2017,R3_holdout_GoldenEye,42,rf,REC,DoS,0.2,1.0,1.2315,0.8
cicids2017,R3_holdout_GoldenEye,42,rf,TSC,Benign,0.05,0.9496,1.9496,0.95
cicids2017,R3_holdout_GoldenEye,42,rf,TSC,DoS,0.05,1.0,1.2917,0.95
cicids2017,R3_holdout_GoldenEye,42,rf,TSC,Benign,0.1,0.8998,1.8998,0.9
cicids2017,R3_holdout_GoldenEye,42,rf,TSC,DoS,0.1,1.0,1.266,0.9
cicids2017,R3_holdout_GoldenEye,42,rf,TSC,Benign,0.2,0.7987,1.7987,0.8
cicids2017,R3_holdout_GoldenEye,42,rf,TSC,DoS,0.2,1.0,1.231,0.8
cicids2017,R3_holdout_GoldenEye,42,rf,SHC,Benign,0.05,0.9501,0.9503,0.95
cicids2017,R3_holdout_GoldenEye,42,rf,SHC,DoS,0.05,0.6964,0.9883,0.95
cicids2017,R3_holdout_GoldenEye,42,rf,SHC,Benign,0.1,0.9001,0.9002,0.9
cicids2017,R3_holdout_GoldenEye,42,rf,SHC,DoS,0.1,0.6572,0.9234,0.9
cicids2017,R3_holdout_GoldenEye,42,rf,SHC,Benign,0.2,0.7995,0.7996,0.8
cicids2017,R3_holdout_GoldenEye,42,rf,SHC,DoS,0.2,0.5821,0.8133,0.8
cicids2017,R3_holdout_GoldenEye,42,xgb,REC,Benign,0.05,0.9498,0.95,0.95
cicids2017,R3_holdout_GoldenEye,42,xgb,REC,DoS,0.05,0.9514,1.2276,0.95
cicids2017,R3_holdout_GoldenEye,42,xgb,REC,Benign,0.1,0.9003,0.9004,0.9
cicids2017,R3_holdout_GoldenEye,42,xgb,REC,DoS,0.1,0.9029,1.1622,0.9
cicids2017,R3_holdout_GoldenEye,42,xgb,REC,Benign,0.2,0.8007,0.8008,0.8
cicids2017,R3_holdout_GoldenEye,42,xgb,REC,DoS,0.2,0.8015,1.031,0.8
cicids2017,R3_holdout_GoldenEye,42,xgb,TSC,Benign,0.05,0.9491,0.9493,0.95
cicids2017,R3_holdout_GoldenEye,42,xgb,TSC,DoS,0.05,0.9514,1.2274,0.95
cicids2017,R3_holdout_GoldenEye,42,xgb,TSC,Benign,0.1,0.8993,0.8995,0.9
cicids2017,R3_holdout_GoldenEye,42,xgb,TSC,DoS,0.1,0.9009,1.1598,0.9
cicids2017,R3_holdout_GoldenEye,42,xgb,TSC,Benign,0.2,0.8002,0.8003,0.8
cicids2017,R3_holdout_GoldenEye,42,xgb,TSC,DoS,0.2,0.8011,1.0308,0.8
cicids2017,R3_holdout_GoldenEye,42,xgb,SHC,Benign,0.05,0.9497,0.9498,0.95
cicids2017,R3_holdout_GoldenEye,42,xgb,SHC,DoS,0.05,0.8136,1.0896,0.95
cicids2017,R3_holdout_GoldenEye,42,xgb,SHC,Benign,0.1,0.8993,0.8994,0.9
cicids2017,R3_holdout_GoldenEye,42,xgb,SHC,DoS,0.1,0.7377,0.9966,0.9
cicids2017,R3_holdout_GoldenEye,42,xgb,SHC,Benign,0.2,0.801,0.8011,0.8
cicids2017,R3_holdout_GoldenEye,42,xgb,SHC,DoS,0.2,0.6343,0.8638,0.8
cicids2017,R3_holdout_GoldenEye,42,mlp,REC,Benign,0.05,0.9494,1.9494,0.95
cicids2017,R3_holdout_GoldenEye,42,mlp,REC,DoS,0.05,1.0,1.3911,0.95
cicids2017,R3_holdout_GoldenEye,42,mlp,REC,Benign,0.1,0.9001,1.9001,0.9
cicids2017,R3_holdout_GoldenEye,42,mlp,REC,DoS,0.1,1.0,1.3691,0.9
cicids2017,R3_holdout_GoldenEye,42,mlp,REC,Benign,0.2,0.7988,1.7988,0.8
cicids2017,R3_holdout_GoldenEye,42,mlp,REC,DoS,0.2,1.0,1.326,0.8
cicids2017,R3_holdout_GoldenEye,42,mlp,TSC,Benign,0.05,0.9502,1.9502,0.95
cicids2017,R3_holdout_GoldenEye,42,mlp,TSC,DoS,0.05,1.0,1.3914,0.95
cicids2017,R3_holdout_GoldenEye,42,mlp,TSC,Benign,0.1,0.9007,1.9007,0.9
cicids2017,R3_holdout_GoldenEye,42,mlp,TSC,DoS,0.1,1.0,1.3693,0.9
cicids2017,R3_holdout_GoldenEye,42,mlp,TSC,Benign,0.2,0.7996,1.7996,0.8
cicids2017,R3_holdout_GoldenEye,42,mlp,TSC,DoS,0.2,1.0,1.3263,0.8
cicids2017,R3_holdout_GoldenEye,42,mlp,SHC,Benign,0.05,0.9494,0.9495,0.95
cicids2017,R3_holdout_GoldenEye,42,mlp,SHC,DoS,0.05,0.595,0.9865,0.95
cicids2017,R3_holdout_GoldenEye,42,mlp,SHC,Benign,0.1,0.8999,0.9001,0.9
cicids2017,R3_holdout_GoldenEye,42,mlp,SHC,DoS,0.1,0.5589,0.9276,0.9
cicids2017,R3_holdout_GoldenEye,42,mlp,SHC,Benign,0.2,0.7989,0.799,0.8
cicids2017,R3_holdout_GoldenEye,42,mlp,SHC,DoS,0.2,0.4966,0.8222,0.8
cicids2017,R3_holdout_GoldenEye,1337,rf,REC,Benign,0.05,0.9497,1.9497,0.95
cicids2017,R3_holdout_GoldenEye,1337,rf,REC,DoS,0.05,1.0,1.2817,0.95
cicids2017,R3_holdout_GoldenEye,1337,rf,REC,Benign,0.1,0.8997,1.8997,0.9
cicids2017,R3_holdout_GoldenEye,1337,rf,REC,DoS,0.1,1.0,1.2623,0.9
cicids2017,R3_holdout_GoldenEye,1337,rf,REC,Benign,0.2,0.7993,1.7993,0.8
cicids2017,R3_holdout_GoldenEye,1337,rf,REC,DoS,0.2,1.0,1.231,0.8
cicids2017,R3_holdout_GoldenEye,1337,rf,TSC,Benign,0.05,0.949,1.949,0.95
cicids2017,R3_holdout_GoldenEye,1337,rf,TSC,DoS,0.05,1.0,1.2816,0.95
cicids2017,R3_holdout_GoldenEye,1337,rf,TSC,Benign,0.1,0.8995,1.8995,0.9
cicids2017,R3_holdout_GoldenEye,1337,rf,TSC,DoS,0.1,1.0,1.2623,0.9
cicids2017,R3_holdout_GoldenEye,1337,rf,TSC,Benign,0.2,0.7993,1.7993,0.8
cicids2017,R3_holdout_GoldenEye,1337,rf,TSC,DoS,0.2,1.0,1.2308,0.8
cicids2017,R3_holdout_GoldenEye,1337,rf,SHC,Benign,0.05,0.95,0.9501,0.95
cicids2017,R3_holdout_GoldenEye,1337,rf,SHC,DoS,0.05,0.6901,0.972,0.95
cicids2017,R3_holdout_GoldenEye,1337,rf,SHC,Benign,0.1,0.8995,0.8996,0.9
cicids2017,R3_holdout_GoldenEye,1337,rf,SHC,DoS,0.1,0.6528,0.9149,0.9
cicids2017,R3_holdout_GoldenEye,1337,rf,SHC,Benign,0.2,0.8003,0.8004,0.8
cicids2017,R3_holdout_GoldenEye,1337,rf,SHC,DoS,0.2,0.5801,0.8116,0.8
cicids2017,R3_holdout_GoldenEye,1337,xgb,REC,Benign,0.05,0.9501,0.9503,0.95
cicids2017,R3_holdout_GoldenEye,1337,xgb,REC,DoS,0.05,0.9517,1.2253,0.95
cicids2017,R3_holdout_GoldenEye,1337,xgb,REC,Benign,0.1,0.9009,0.901,0.9
cicids2017,R3_holdout_GoldenEye,1337,xgb,REC,DoS,0.1,0.8992,1.1568,0.9
cicids2017,R3_holdout_GoldenEye,1337,xgb,REC,Benign,0.2,0.8018,0.8019,0.8
cicids2017,R3_holdout_GoldenEye,1337,xgb,REC,DoS,0.2,0.8023,1.032,0.8
cicids2017,R3_holdout_GoldenEye,1337,xgb,TSC,Benign,0.05,0.9497,0.9499,0.95
cicids2017,R3_holdout_GoldenEye,1337,xgb,TSC,DoS,0.05,0.9504,1.2238,0.95
cicids2017,R3_holdout_GoldenEye,1337,xgb,TSC,Benign,0.1,0.8998,0.8999,0.9
cicids2017,R3_holdout_GoldenEye,1337,xgb,TSC,DoS,0.1,0.8994,1.1569,0.9
cicids2017,R3_holdout_GoldenEye,1337,xgb,TSC,Benign,0.2,0.8011,0.8012,0.8
cicids2017,R3_holdout_GoldenEye,1337,xgb,TSC,DoS,0.2,0.7975,1.027,0.8
cicids2017,R3_holdout_GoldenEye,1337,xgb,SHC,Benign,0.05,0.9509,0.951,0.95
cicids2017,R3_holdout_GoldenEye,1337,xgb,SHC,DoS,0.05,0.8099,1.0836,0.95
cicids2017,R3_holdout_GoldenEye,1337,xgb,SHC,Benign,0.1,0.9013,0.9014,0.9
cicids2017,R3_holdout_GoldenEye,1337,xgb,SHC,DoS,0.1,0.7367,0.9947,0.9
cicids2017,R3_holdout_GoldenEye,1337,xgb,SHC,Benign,0.2,0.8015,0.8016,0.8
cicids2017,R3_holdout_GoldenEye,1337,xgb,SHC,DoS,0.2,0.631,0.8606,0.8
cicids2017,R3_holdout_GoldenEye,1337,mlp,REC,Benign,0.05,0.9499,1.9499,0.95
cicids2017,R3_holdout_GoldenEye,1337,mlp,REC,DoS,0.05,1.0,1.5277,0.95
cicids2017,R3_holdout_GoldenEye,1337,mlp,REC,Benign,0.1,0.9001,1.9001,0.9
cicids2017,R3_holdout_GoldenEye,1337,mlp,REC,DoS,0.1,1.0,1.4747,0.9
cicids2017,R3_holdout_GoldenEye,1337,mlp,REC,Benign,0.2,0.7998,0.8059,0.8
cicids2017,R3_holdout_GoldenEye,1337,mlp,REC,DoS,0.2,0.7982,1.1733,0.8
cicids2017,R3_holdout_GoldenEye,1337,mlp,TSC,Benign,0.05,0.9501,1.9501,0.95
cicids2017,R3_holdout_GoldenEye,1337,mlp,TSC,DoS,0.05,1.0,1.528,0.95
cicids2017,R3_holdout_GoldenEye,1337,mlp,TSC,Benign,0.1,0.9003,1.9003,0.9
cicids2017,R3_holdout_GoldenEye,1337,mlp,TSC,DoS,0.1,1.0,1.4749,0.9
cicids2017,R3_holdout_GoldenEye,1337,mlp,TSC,Benign,0.2,0.7991,0.8054,0.8
cicids2017,R3_holdout_GoldenEye,1337,mlp,TSC,DoS,0.2,0.8091,1.1843,0.8
cicids2017,R3_holdout_GoldenEye,1337,mlp,SHC,Benign,0.05,0.9506,0.9507,0.95
cicids2017,R3_holdout_GoldenEye,1337,mlp,SHC,DoS,0.05,0.5348,1.0635,0.95
cicids2017,R3_holdout_GoldenEye,1337,mlp,SHC,Benign,0.1,0.9012,0.9013,0.9
cicids2017,R3_holdout_GoldenEye,1337,mlp,SHC,DoS,0.1,0.511,0.9863,0.9
cicids2017,R3_holdout_GoldenEye,1337,mlp,SHC,Benign,0.2,0.8016,0.8017,0.8
cicids2017,R3_holdout_GoldenEye,1337,mlp,SHC,DoS,0.2,0.4618,0.8389,0.8
cicids2017,R3_holdout_GoldenEye,2024,rf,REC,Benign,0.05,0.9499,1.9499,0.95
cicids2017,R3_holdout_GoldenEye,2024,rf,REC,DoS,0.05,1.0,1.2729,0.95
cicids2017,R3_holdout_GoldenEye,2024,rf,REC,Benign,0.1,0.9003,1.9003,0.9
cicids2017,R3_holdout_GoldenEye,2024,rf,REC,DoS,0.1,1.0,1.2565,0.9
cicids2017,R3_holdout_GoldenEye,2024,rf,REC,Benign,0.2,0.7989,1.7989,0.8
cicids2017,R3_holdout_GoldenEye,2024,rf,REC,DoS,0.2,1.0,1.2246,0.8
cicids2017,R3_holdout_GoldenEye,2024,rf,TSC,Benign,0.05,0.9503,1.9503,0.95
cicids2017,R3_holdout_GoldenEye,2024,rf,TSC,DoS,0.05,1.0,1.2731,0.95
cicids2017,R3_holdout_GoldenEye,2024,rf,TSC,Benign,0.1,0.9007,1.9007,0.9
cicids2017,R3_holdout_GoldenEye,2024,rf,TSC,DoS,0.1,1.0,1.2565,0.9
cicids2017,R3_holdout_GoldenEye,2024,rf,TSC,Benign,0.2,0.8,1.8,0.8
cicids2017,R3_holdout_GoldenEye,2024,rf,TSC,DoS,0.2,1.0,1.2246,0.8
cicids2017,R3_holdout_GoldenEye,2024,rf,SHC,Benign,0.05,0.95,0.9501,0.95
cicids2017,R3_holdout_GoldenEye,2024,rf,SHC,DoS,0.05,0.6918,0.9649,0.95
cicids2017,R3_holdout_GoldenEye,2024,rf,SHC,Benign,0.1,0.9,0.9002,0.9
cicids2017,R3_holdout_GoldenEye,2024,rf,SHC,DoS,0.1,0.6535,0.9099,0.9
cicids2017,R3_holdout_GoldenEye,2024,rf,SHC,Benign,0.2,0.7996,0.7997,0.8
cicids2017,R3_holdout_GoldenEye,2024,rf,SHC,DoS,0.2,0.5796,0.8041,0.8
cicids2017,R3_holdout_GoldenEye,2024,xgb,REC,Benign,0.05,0.9499,0.9501,0.95
cicids2017,R3_holdout_GoldenEye,2024,xgb,REC,DoS,0.05,0.9509,1.2253,0.95
cicids2017,R3_holdout_GoldenEye,2024,xgb,REC,Benign,0.1,0.9007,0.9009,0.9
cicids2017,R3_holdout_GoldenEye,2024,xgb,REC,DoS,0.1,0.9007,1.1601,0.9
cicids2017,R3_holdout_GoldenEye,2024,xgb,REC,Benign,0.2,0.8,0.8001,0.8
cicids2017,R3_holdout_GoldenEye,2024,xgb,REC,DoS,0.2,0.7987,1.0254,0.8
cicids2017,R3_holdout_GoldenEye,2024,xgb,TSC,Benign,0.05,0.9497,0.95,0.95
cicids2017,R3_holdout_GoldenEye,2024,xgb,TSC,DoS,0.05,0.9506,1.2253,0.95
cicids2017,R3_holdout_GoldenEye,2024,xgb,TSC,Benign,0.1,0.8994,0.8996,0.9
cicids2017,R3_holdout_GoldenEye,2024,xgb,TSC,DoS,0.1,0.9013,1.1604,0.9
cicids2017,R3_holdout_GoldenEye,2024,xgb,TSC,Benign,0.2,0.798,0.7981,0.8
cicids2017,R3_holdout_GoldenEye,2024,xgb,TSC,DoS,0.2,0.8005,1.0269,0.8
cicids2017,R3_holdout_GoldenEye,2024,xgb,SHC,Benign,0.05,0.9501,0.9502,0.95
cicids2017,R3_holdout_GoldenEye,2024,xgb,SHC,DoS,0.05,0.8091,1.0837,0.95
cicids2017,R3_holdout_GoldenEye,2024,xgb,SHC,Benign,0.1,0.9006,0.9007,0.9
cicids2017,R3_holdout_GoldenEye,2024,xgb,SHC,DoS,0.1,0.7333,0.9927,0.9
cicids2017,R3_holdout_GoldenEye,2024,xgb,SHC,Benign,0.2,0.7992,0.7993,0.8
cicids2017,R3_holdout_GoldenEye,2024,xgb,SHC,DoS,0.2,0.6304,0.8568,0.8
cicids2017,R3_holdout_GoldenEye,2024,mlp,REC,Benign,0.05,0.9493,1.9493,0.95
cicids2017,R3_holdout_GoldenEye,2024,mlp,REC,DoS,0.05,1.0,1.3433,0.95
cicids2017,R3_holdout_GoldenEye,2024,mlp,REC,Benign,0.1,0.9,1.9,0.9
cicids2017,R3_holdout_GoldenEye,2024,mlp,REC,DoS,0.1,1.0,1.3244,0.9
cicids2017,R3_holdout_GoldenEye,2024,mlp,REC,Benign,0.2,0.7999,1.7999,0.8
cicids2017,R3_holdout_GoldenEye,2024,mlp,REC,DoS,0.2,1.0,1.288,0.8
cicids2017,R3_holdout_GoldenEye,2024,mlp,TSC,Benign,0.05,0.9494,1.9494,0.95
cicids2017,R3_holdout_GoldenEye,2024,mlp,TSC,DoS,0.05,1.0,1.3434,0.95
cicids2017,R3_holdout_GoldenEye,2024,mlp,TSC,Benign,0.1,0.8997,1.8997,0.9
cicids2017,R3_holdout_GoldenEye,2024,mlp,TSC,DoS,0.1,1.0,1.3243,0.9
cicids2017,R3_holdout_GoldenEye,2024,mlp,TSC,Benign,0.2,0.8006,1.8006,0.8
cicids2017,R3_holdout_GoldenEye,2024,mlp,TSC,DoS,0.2,1.0,1.288,0.8
cicids2017,R3_holdout_GoldenEye,2024,mlp,SHC,Benign,0.05,0.9496,0.9499,0.95
cicids2017,R3_holdout_GoldenEye,2024,mlp,SHC,DoS,0.05,0.6785,1.0219,0.95
cicids2017,R3_holdout_GoldenEye,2024,mlp,SHC,Benign,0.1,0.8994,0.8997,0.9
cicids2017,R3_holdout_GoldenEye,2024,mlp,SHC,DoS,0.1,0.6413,0.9654,0.9
cicids2017,R3_holdout_GoldenEye,2024,mlp,SHC,Benign,0.2,0.8001,0.8003,0.8
cicids2017,R3_holdout_GoldenEye,2024,mlp,SHC,DoS,0.2,0.5585,0.8464,0.8
cicids2017,R3_holdout_GoldenEye,7,rf,REC,Benign,0.05,0.9493,1.9493,0.95
cicids2017,R3_holdout_GoldenEye,7,rf,REC,DoS,0.05,1.0,1.2968,0.95
cicids2017,R3_holdout_GoldenEye,7,rf,REC,Benign,0.1,0.8995,1.8995,0.9
cicids2017,R3_holdout_GoldenEye,7,rf,REC,DoS,0.1,1.0,1.2681,0.9
cicids2017,R3_holdout_GoldenEye,7,rf,REC,Benign,0.2,0.7989,1.7989,0.8
cicids2017,R3_holdout_GoldenEye,7,rf,REC,DoS,0.2,1.0,1.2305,0.8
cicids2017,R3_holdout_GoldenEye,7,rf,TSC,Benign,0.05,0.9492,1.9492,0.95
cicids2017,R3_holdout_GoldenEye,7,rf,TSC,DoS,0.05,1.0,1.2968,0.95
cicids2017,R3_holdout_GoldenEye,7,rf,TSC,Benign,0.1,0.8999,1.8999,0.9
cicids2017,R3_holdout_GoldenEye,7,rf,TSC,DoS,0.1,1.0,1.2683,0.9
cicids2017,R3_holdout_GoldenEye,7,rf,TSC,Benign,0.2,0.7994,1.7994,0.8
cicids2017,R3_holdout_GoldenEye,7,rf,TSC,DoS,0.2,1.0,1.2302,0.8
cicids2017,R3_holdout_GoldenEye,7,rf,SHC,Benign,0.05,0.95,0.9502,0.95
cicids2017,R3_holdout_GoldenEye,7,rf,SHC,DoS,0.05,0.6985,0.9962,0.95
cicids2017,R3_holdout_GoldenEye,7,rf,SHC,Benign,0.1,0.8998,0.8999,0.9
cicids2017,R3_holdout_GoldenEye,7,rf,SHC,DoS,0.1,0.6606,0.9287,0.9
cicids2017,R3_holdout_GoldenEye,7,rf,SHC,Benign,0.2,0.7992,0.7993,0.8
cicids2017,R3_holdout_GoldenEye,7,rf,SHC,DoS,0.2,0.5879,0.8181,0.8
cicids2017,R3_holdout_GoldenEye,7,xgb,REC,Benign,0.05,0.9508,0.951,0.95
cicids2017,R3_holdout_GoldenEye,7,xgb,REC,DoS,0.05,0.9525,1.229,0.95
cicids2017,R3_holdout_GoldenEye,7,xgb,REC,Benign,0.1,0.9004,0.9006,0.9
cicids2017,R3_holdout_GoldenEye,7,xgb,REC,DoS,0.1,0.902,1.1626,0.9
cicids2017,R3_holdout_GoldenEye,7,xgb,REC,Benign,0.2,0.8006,0.8007,0.8
cicids2017,R3_holdout_GoldenEye,7,xgb,REC,DoS,0.2,0.7987,1.0292,0.8
cicids2017,R3_holdout_GoldenEye,7,xgb,TSC,Benign,0.05,0.9509,0.9511,0.95
cicids2017,R3_holdout_GoldenEye,7,xgb,TSC,DoS,0.05,0.945,1.2216,0.95
cicids2017,R3_holdout_GoldenEye,7,xgb,TSC,Benign,0.1,0.9005,0.9007,0.9
cicids2017,R3_holdout_GoldenEye,7,xgb,TSC,DoS,0.1,0.8932,1.1539,0.9
cicids2017,R3_holdout_GoldenEye,7,xgb,TSC,Benign,0.2,0.8014,0.8015,0.8
cicids2017,R3_holdout_GoldenEye,7,xgb,TSC,DoS,0.2,0.7948,1.0256,0.8
cicids2017,R3_holdout_GoldenEye,7,xgb,SHC,Benign,0.05,0.9501,0.9502,0.95
cicids2017,R3_holdout_GoldenEye,7,xgb,SHC,DoS,0.05,0.8082,1.0843,0.95
cicids2017,R3_holdout_GoldenEye,7,xgb,SHC,Benign,0.1,0.9006,0.9007,0.9
cicids2017,R3_holdout_GoldenEye,7,xgb,SHC,DoS,0.1,0.7348,0.9953,0.9
cicids2017,R3_holdout_GoldenEye,7,xgb,SHC,Benign,0.2,0.8004,0.8005,0.8
cicids2017,R3_holdout_GoldenEye,7,xgb,SHC,DoS,0.2,0.6328,0.863,0.8
cicids2017,R3_holdout_GoldenEye,7,mlp,REC,Benign,0.05,0.9503,1.9503,0.95
cicids2017,R3_holdout_GoldenEye,7,mlp,REC,DoS,0.05,1.0,1.3468,0.95
cicids2017,R3_holdout_GoldenEye,7,mlp,REC,Benign,0.1,0.8991,1.8991,0.9
cicids2017,R3_holdout_GoldenEye,7,mlp,REC,DoS,0.1,1.0,1.3099,0.9
cicids2017,R3_holdout_GoldenEye,7,mlp,REC,Benign,0.2,0.799,0.7991,0.8
cicids2017,R3_holdout_GoldenEye,7,mlp,REC,DoS,0.2,0.8061,1.0621,0.8
cicids2017,R3_holdout_GoldenEye,7,mlp,TSC,Benign,0.05,0.9502,1.9502,0.95
cicids2017,R3_holdout_GoldenEye,7,mlp,TSC,DoS,0.05,1.0,1.3466,0.95
cicids2017,R3_holdout_GoldenEye,7,mlp,TSC,Benign,0.1,0.8996,1.8996,0.9
cicids2017,R3_holdout_GoldenEye,7,mlp,TSC,DoS,0.1,1.0,1.3103,0.9
cicids2017,R3_holdout_GoldenEye,7,mlp,TSC,Benign,0.2,0.7998,0.8,0.8
cicids2017,R3_holdout_GoldenEye,7,mlp,TSC,DoS,0.2,0.8056,1.0616,0.8
cicids2017,R3_holdout_GoldenEye,7,mlp,SHC,Benign,0.05,0.9504,0.9506,0.95
cicids2017,R3_holdout_GoldenEye,7,mlp,SHC,DoS,0.05,0.8136,1.1604,0.95
cicids2017,R3_holdout_GoldenEye,7,mlp,SHC,Benign,0.1,0.9003,0.9005,0.9
cicids2017,R3_holdout_GoldenEye,7,mlp,SHC,DoS,0.1,0.7584,1.0688,0.9
cicids2017,R3_holdout_GoldenEye,7,mlp,SHC,Benign,0.2,0.801,0.8011,0.8
cicids2017,R3_holdout_GoldenEye,7,mlp,SHC,DoS,0.2,0.6643,0.9213,0.8
cicids2017,R3_holdout_GoldenEye,91,rf,REC,Benign,0.05,0.9503,1.9503,0.95
cicids2017,R3_holdout_GoldenEye,91,rf,REC,DoS,0.05,1.0,1.2871,0.95
cicids2017,R3_holdout_GoldenEye,91,rf,REC,Benign,0.1,0.9004,1.9004,0.9
cicids2017,R3_holdout_GoldenEye,91,rf,REC,DoS,0.1,1.0,1.2579,0.9
cicids2017,R3_holdout_GoldenEye,91,rf,REC,Benign,0.2,0.8008,1.8008,0.8
cicids2017,R3_holdout_GoldenEye,91,rf,REC,DoS,0.2,1.0,1.2215,0.8
cicids2017,R3_holdout_GoldenEye,91,rf,TSC,Benign,0.05,0.9501,1.9501,0.95
cicids2017,R3_holdout_GoldenEye,91,rf,TSC,DoS,0.05,1.0,1.2866,0.95
cicids2017,R3_holdout_GoldenEye,91,rf,TSC,Benign,0.1,0.8999,1.8999,0.9
cicids2017,R3_holdout_GoldenEye,91,rf,TSC,DoS,0.1,1.0,1.2579,0.9
cicids2017,R3_holdout_GoldenEye,91,rf,TSC,Benign,0.2,0.7999,1.7999,0.8
cicids2017,R3_holdout_GoldenEye,91,rf,TSC,DoS,0.2,1.0,1.2215,0.8
cicids2017,R3_holdout_GoldenEye,91,rf,SHC,Benign,0.05,0.9506,0.9509,0.95
cicids2017,R3_holdout_GoldenEye,91,rf,SHC,DoS,0.05,0.7023,0.9898,0.95
cicids2017,R3_holdout_GoldenEye,91,rf,SHC,Benign,0.1,0.9005,0.9007,0.9
cicids2017,R3_holdout_GoldenEye,91,rf,SHC,DoS,0.1,0.6663,0.9245,0.9
cicids2017,R3_holdout_GoldenEye,91,rf,SHC,Benign,0.2,0.8011,0.8013,0.8
cicids2017,R3_holdout_GoldenEye,91,rf,SHC,DoS,0.2,0.5911,0.8127,0.8
cicids2017,R3_holdout_GoldenEye,91,xgb,REC,Benign,0.05,0.9502,0.9504,0.95
cicids2017,R3_holdout_GoldenEye,91,xgb,REC,DoS,0.05,0.951,1.2209,0.95
cicids2017,R3_holdout_GoldenEye,91,xgb,REC,Benign,0.1,0.9004,0.9006,0.9
cicids2017,R3_holdout_GoldenEye,91,xgb,REC,DoS,0.1,0.9009,1.1559,0.9
cicids2017,R3_holdout_GoldenEye,91,xgb,REC,Benign,0.2,0.801,0.8011,0.8
cicids2017,R3_holdout_GoldenEye,91,xgb,REC,DoS,0.2,0.8009,1.0239,0.8
cicids2017,R3_holdout_GoldenEye,91,xgb,TSC,Benign,0.05,0.9502,0.9504,0.95
cicids2017,R3_holdout_GoldenEye,91,xgb,TSC,DoS,0.05,0.9515,1.2213,0.95
cicids2017,R3_holdout_GoldenEye,91,xgb,TSC,Benign,0.1,0.9002,0.9003,0.9
cicids2017,R3_holdout_GoldenEye,91,xgb,TSC,DoS,0.1,0.9044,1.1592,0.9
cicids2017,R3_holdout_GoldenEye,91,xgb,TSC,Benign,0.2,0.8006,0.8007,0.8
cicids2017,R3_holdout_GoldenEye,91,xgb,TSC,DoS,0.2,0.8078,1.0305,0.8
cicids2017,R3_holdout_GoldenEye,91,xgb,SHC,Benign,0.05,0.9506,0.9507,0.95
cicids2017,R3_holdout_GoldenEye,91,xgb,SHC,DoS,0.05,0.8163,1.0863,0.95
cicids2017,R3_holdout_GoldenEye,91,xgb,SHC,Benign,0.1,0.9009,0.9009,0.9
cicids2017,R3_holdout_GoldenEye,91,xgb,SHC,DoS,0.1,0.7438,0.9987,0.9
cicids2017,R3_holdout_GoldenEye,91,xgb,SHC,Benign,0.2,0.8019,0.8019,0.8
cicids2017,R3_holdout_GoldenEye,91,xgb,SHC,DoS,0.2,0.641,0.8643,0.8
cicids2017,R3_holdout_GoldenEye,91,mlp,REC,Benign,0.05,0.9501,1.9501,0.95
cicids2017,R3_holdout_GoldenEye,91,mlp,REC,DoS,0.05,1.0,1.3211,0.95
cicids2017,R3_holdout_GoldenEye,91,mlp,REC,Benign,0.1,0.9004,0.901,0.9
cicids2017,R3_holdout_GoldenEye,91,mlp,REC,DoS,0.1,0.9014,1.1906,0.9
cicids2017,R3_holdout_GoldenEye,91,mlp,REC,Benign,0.2,0.8011,0.8014,0.8
cicids2017,R3_holdout_GoldenEye,91,mlp,REC,DoS,0.2,0.7995,1.0256,0.8
cicids2017,R3_holdout_GoldenEye,91,mlp,TSC,Benign,0.05,0.95,1.95,0.95
cicids2017,R3_holdout_GoldenEye,91,mlp,TSC,DoS,0.05,1.0,1.3209,0.95
cicids2017,R3_holdout_GoldenEye,91,mlp,TSC,Benign,0.1,0.8998,0.9004,0.9
cicids2017,R3_holdout_GoldenEye,91,mlp,TSC,DoS,0.1,0.9018,1.1907,0.9
cicids2017,R3_holdout_GoldenEye,91,mlp,TSC,Benign,0.2,0.8003,0.8006,0.8
cicids2017,R3_holdout_GoldenEye,91,mlp,TSC,DoS,0.2,0.8006,1.0262,0.8
cicids2017,R3_holdout_GoldenEye,91,mlp,SHC,Benign,0.05,0.9508,0.951,0.95
cicids2017,R3_holdout_GoldenEye,91,mlp,SHC,DoS,0.05,0.7941,1.1152,0.95
cicids2017,R3_holdout_GoldenEye,91,mlp,SHC,Benign,0.1,0.9018,0.902,0.9
cicids2017,R3_holdout_GoldenEye,91,mlp,SHC,DoS,0.1,0.7429,1.0328,0.9
cicids2017,R3_holdout_GoldenEye,91,mlp,SHC,Benign,0.2,0.8022,0.8023,0.8
cicids2017,R3_holdout_GoldenEye,91,mlp,SHC,DoS,0.2,0.676,0.9028,0.8
cicids2017,R3_holdout_GoldenEye,512,rf,REC,Benign,0.05,0.95,1.95,0.95
cicids2017,R3_holdout_GoldenEye,512,rf,REC,DoS,0.05,1.0,1.4156,0.95
cicids2017,R3_holdout_GoldenEye,512,rf,REC,Benign,0.1,0.8997,1.8997,0.9
cicids2017,R3_holdout_GoldenEye,512,rf,REC,DoS,0.1,1.0,1.3245,0.9
cicids2017,R3_holdout_GoldenEye,512,rf,REC,Benign,0.2,0.8009,1.8009,0.8
cicids2017,R3_holdout_GoldenEye,512,rf,REC,DoS,0.2,1.0,1.2465,0.8
cicids2017,R3_holdout_GoldenEye,512,rf,TSC,Benign,0.05,0.9498,1.9498,0.95
cicids2017,R3_holdout_GoldenEye,512,rf,TSC,DoS,0.05,1.0,1.4148,0.95
cicids2017,R3_holdout_GoldenEye,512,rf,TSC,Benign,0.1,0.8993,1.8993,0.9
cicids2017,R3_holdout_GoldenEye,512,rf,TSC,DoS,0.1,1.0,1.3239,0.9
cicids2017,R3_holdout_GoldenEye,512,rf,TSC,Benign,0.2,0.7996,1.7996,0.8
cicids2017,R3_holdout_GoldenEye,512,rf,TSC,DoS,0.2,1.0,1.2457,0.8
cicids2017,R3_holdout_GoldenEye,512,rf,SHC,Benign,0.05,0.9501,0.9503,0.95
cicids2017,R3_holdout_GoldenEye,512,rf,SHC,DoS,0.05,0.7084,1.1236,0.95
cicids2017,R3_holdout_GoldenEye,512,rf,SHC,Benign,0.1,0.8989,0.8991,0.9
cicids2017,R3_holdout_GoldenEye,512,rf,SHC,DoS,0.1,0.6795,1.0037,0.9
cicids2017,R3_holdout_GoldenEye,512,rf,SHC,Benign,0.2,0.7995,0.7996,0.8
cicids2017,R3_holdout_GoldenEye,512,rf,SHC,DoS,0.2,0.6128,0.8588,0.8
cicids2017,R3_holdout_GoldenEye,512,xgb,REC,Benign,0.05,0.9505,0.9507,0.95
cicids2017,R3_holdout_GoldenEye,512,xgb,REC,DoS,0.05,0.9505,1.2247,0.95
cicids2017,R3_holdout_GoldenEye,512,xgb,REC,Benign,0.1,0.9008,0.9009,0.9
cicids2017,R3_holdout_GoldenEye,512,xgb,REC,DoS,0.1,0.8979,1.1565,0.9
cicids2017,R3_holdout_GoldenEye,512,xgb,REC,Benign,0.2,0.8022,0.8023,0.8
cicids2017,R3_holdout_GoldenEye,512,xgb,REC,DoS,0.2,0.8012,1.0289,0.8
cicids2017,R3_holdout_GoldenEye,512,xgb,TSC,Benign,0.05,0.9504,0.9505,0.95
cicids2017,R3_holdout_GoldenEye,512,xgb,TSC,DoS,0.05,0.9497,1.2236,0.95
cicids2017,R3_holdout_GoldenEye,512,xgb,TSC,Benign,0.1,0.9007,0.9009,0.9
cicids2017,R3_holdout_GoldenEye,512,xgb,TSC,DoS,0.1,0.8997,1.1585,0.9
cicids2017,R3_holdout_GoldenEye,512,xgb,TSC,Benign,0.2,0.8017,0.8018,0.8
cicids2017,R3_holdout_GoldenEye,512,xgb,TSC,DoS,0.2,0.8021,1.0295,0.8
cicids2017,R3_holdout_GoldenEye,512,xgb,SHC,Benign,0.05,0.9499,0.95,0.95
cicids2017,R3_holdout_GoldenEye,512,xgb,SHC,DoS,0.05,0.813,1.0867,0.95
cicids2017,R3_holdout_GoldenEye,512,xgb,SHC,Benign,0.1,0.9003,0.9003,0.9
cicids2017,R3_holdout_GoldenEye,512,xgb,SHC,DoS,0.1,0.7368,0.9953,0.9
cicids2017,R3_holdout_GoldenEye,512,xgb,SHC,Benign,0.2,0.7999,0.7999,0.8
cicids2017,R3_holdout_GoldenEye,512,xgb,SHC,DoS,0.2,0.6337,0.8604,0.8
cicids2017,R3_holdout_GoldenEye,512,mlp,REC,Benign,0.05,0.949,1.949,0.95
cicids2017,R3_holdout_GoldenEye,512,mlp,REC,DoS,0.05,1.0,1.5494,0.95
cicids2017,R3_holdout_GoldenEye,512,mlp,REC,Benign,0.1,0.8989,1.8989,0.9
cicids2017,R3_holdout_GoldenEye,512,mlp,REC,DoS,0.1,1.0,1.5241,0.9
cicids2017,R3_holdout_GoldenEye,512,mlp,REC,Benign,0.2,0.7989,1.7989,0.8
cicids2017,R3_holdout_GoldenEye,512,mlp,REC,DoS,0.2,1.0,1.4744,0.8
cicids2017,R3_holdout_GoldenEye,512,mlp,TSC,Benign,0.05,0.9496,1.9496,0.95
cicids2017,R3_holdout_GoldenEye,512,mlp,TSC,DoS,0.05,1.0,1.5495,0.95
cicids2017,R3_holdout_GoldenEye,512,mlp,TSC,Benign,0.1,0.9002,1.9002,0.9
cicids2017,R3_holdout_GoldenEye,512,mlp,TSC,DoS,0.1,1.0,1.5247,0.9
cicids2017,R3_holdout_GoldenEye,512,mlp,TSC,Benign,0.2,0.8003,1.8003,0.8
cicids2017,R3_holdout_GoldenEye,512,mlp,TSC,DoS,0.2,1.0,1.4752,0.8
cicids2017,R3_holdout_GoldenEye,512,mlp,SHC,Benign,0.05,0.9497,0.9499,0.95
cicids2017,R3_holdout_GoldenEye,512,mlp,SHC,DoS,0.05,0.5657,1.1153,0.95
cicids2017,R3_holdout_GoldenEye,512,mlp,SHC,Benign,0.1,0.9004,0.9005,0.9
cicids2017,R3_holdout_GoldenEye,512,mlp,SHC,DoS,0.1,0.4973,1.0223,0.9
cicids2017,R3_holdout_GoldenEye,512,mlp,SHC,Benign,0.2,0.7996,0.7997,0.8
cicids2017,R3_holdout_GoldenEye,512,mlp,SHC,DoS,0.2,0.399,0.8733,0.8
cicids2017,R3_holdout_GoldenEye,6021,rf,REC,Benign,0.05,0.9503,1.9503,0.95
cicids2017,R3_holdout_GoldenEye,6021,rf,REC,DoS,0.05,1.0,1.2945,0.95
cicids2017,R3_holdout_GoldenEye,6021,rf,REC,Benign,0.1,0.9001,1.9001,0.9
cicids2017,R3_holdout_GoldenEye,6021,rf,REC,DoS,0.1,1.0,1.2676,0.9
cicids2017,R3_holdout_GoldenEye,6021,rf,REC,Benign,0.2,0.8001,1.8001,0.8
cicids2017,R3_holdout_GoldenEye,6021,rf,REC,DoS,0.2,1.0,1.2311,0.8
cicids2017,R3_holdout_GoldenEye,6021,rf,TSC,Benign,0.05,0.9502,1.9502,0.95
cicids2017,R3_holdout_GoldenEye,6021,rf,TSC,DoS,0.05,1.0,1.2943,0.95
cicids2017,R3_holdout_GoldenEye,6021,rf,TSC,Benign,0.1,0.9007,1.9007,0.9
cicids2017,R3_holdout_GoldenEye,6021,rf,TSC,DoS,0.1,1.0,1.2676,0.9
cicids2017,R3_holdout_GoldenEye,6021,rf,TSC,Benign,0.2,0.8004,1.8004,0.8
cicids2017,R3_holdout_GoldenEye,6021,rf,TSC,DoS,0.2,1.0,1.2314,0.8
cicids2017,R3_holdout_GoldenEye,6021,rf,SHC,Benign,0.05,0.9496,0.9498,0.95
cicids2017,R3_holdout_GoldenEye,6021,rf,SHC,DoS,0.05,0.7021,0.9958,0.95
cicids2017,R3_holdout_GoldenEye,6021,rf,SHC,Benign,0.1,0.8998,0.8999,0.9
cicids2017,R3_holdout_GoldenEye,6021,rf,SHC,DoS,0.1,0.6641,0.9312,0.9
cicids2017,R3_holdout_GoldenEye,6021,rf,SHC,Benign,0.2,0.7997,0.7998,0.8
cicids2017,R3_holdout_GoldenEye,6021,rf,SHC,DoS,0.2,0.5918,0.8232,0.8
cicids2017,R3_holdout_GoldenEye,6021,xgb,REC,Benign,0.05,0.9496,0.9498,0.95
cicids2017,R3_holdout_GoldenEye,6021,xgb,REC,DoS,0.05,0.9501,1.2224,0.95
cicids2017,R3_holdout_GoldenEye,6021,xgb,REC,Benign,0.1,0.8995,0.8996,0.9
cicids2017,R3_holdout_GoldenEye,6021,xgb,REC,DoS,0.1,0.8995,1.1563,0.9
cicids2017,R3_holdout_GoldenEye,6021,xgb,REC,Benign,0.2,0.7998,0.7999,0.8
cicids2017,R3_holdout_GoldenEye,6021,xgb,REC,DoS,0.2,0.7983,1.0213,0.8
cicids2017,R3_holdout_GoldenEye,6021,xgb,TSC,Benign,0.05,0.9495,0.9496,0.95
cicids2017,R3_holdout_GoldenEye,6021,xgb,TSC,DoS,0.05,0.948,1.2203,0.95
cicids2017,R3_holdout_GoldenEye,6021,xgb,TSC,Benign,0.1,0.8999,0.9,0.9
cicids2017,R3_holdout_GoldenEye,6021,xgb,TSC,DoS,0.1,0.8989,1.1559,0.9
cicids2017,R3_holdout_GoldenEye,6021,xgb,TSC,Benign,0.2,0.8003,0.8004,0.8
cicids2017,R3_holdout_GoldenEye,6021,xgb,TSC,DoS,0.2,0.7979,1.021,0.8
cicids2017,R3_holdout_GoldenEye,6021,xgb,SHC,Benign,0.05,0.9501,0.9502,0.95
cicids2017,R3_holdout_GoldenEye,6021,xgb,SHC,DoS,0.05,0.813,1.0856,0.95
cicids2017,R3_holdout_GoldenEye,6021,xgb,SHC,Benign,0.1,0.9004,0.9005,0.9
cicids2017,R3_holdout_GoldenEye,6021,xgb,SHC,DoS,0.1,0.7383,0.9954,0.9
cicids2017,R3_holdout_GoldenEye,6021,xgb,SHC,Benign,0.2,0.8009,0.801,0.8
cicids2017,R3_holdout_GoldenEye,6021,xgb,SHC,DoS,0.2,0.634,0.8572,0.8
cicids2017,R3_holdout_GoldenEye,6021,mlp,REC,Benign,0.05,0.95,1.95,0.95
cicids2017,R3_holdout_GoldenEye,6021,mlp,REC,DoS,0.05,1.0,1.2775,0.95
cicids2017,R3_holdout_GoldenEye,6021,mlp,REC,Benign,0.1,0.8995,1.8995,0.9
cicids2017,R3_holdout_GoldenEye,6021,mlp,REC,DoS,0.1,1.0,1.2699,0.9
cicids2017,R3_holdout_GoldenEye,6021,mlp,REC,Benign,0.2,0.8008,0.801,0.8
cicids2017,R3_holdout_GoldenEye,6021,mlp,REC,DoS,0.2,0.7995,1.0538,0.8
cicids2017,R3_holdout_GoldenEye,6021,mlp,TSC,Benign,0.05,0.9495,1.9495,0.95
cicids2017,R3_holdout_GoldenEye,6021,mlp,TSC,DoS,0.05,1.0,1.2774,0.95
cicids2017,R3_holdout_GoldenEye,6021,mlp,TSC,Benign,0.1,0.8991,1.8991,0.9
cicids2017,R3_holdout_GoldenEye,6021,mlp,TSC,DoS,0.1,1.0,1.2701,0.9
cicids2017,R3_holdout_GoldenEye,6021,mlp,TSC,Benign,0.2,0.7999,0.8,0.8
cicids2017,R3_holdout_GoldenEye,6021,mlp,TSC,DoS,0.2,0.7992,1.0535,0.8
cicids2017,R3_holdout_GoldenEye,6021,mlp,SHC,Benign,0.05,0.9495,0.9497,0.95
cicids2017,R3_holdout_GoldenEye,6021,mlp,SHC,DoS,0.05,0.8079,1.0856,0.95
cicids2017,R3_holdout_GoldenEye,6021,mlp,SHC,Benign,0.1,0.8993,0.8994,0.9
cicids2017,R3_holdout_GoldenEye,6021,mlp,SHC,DoS,0.1,0.754,1.024,0.9
cicids2017,R3_holdout_GoldenEye,6021,mlp,SHC,Benign,0.2,0.7997,0.7999,0.8
cicids2017,R3_holdout_GoldenEye,6021,mlp,SHC,DoS,0.2,0.6515,0.9056,0.8
cicids2017,R3_holdout_GoldenEye,88,rf,REC,Benign,0.05,0.9502,1.9502,0.95
cicids2017,R3_holdout_GoldenEye,88,rf,REC,DoS,0.05,1.0,1.2763,0.95
cicids2017,R3_holdout_GoldenEye,88,rf,REC,Benign,0.1,0.9005,1.9005,0.9
cicids2017,R3_holdout_GoldenEye,88,rf,REC,DoS,0.1,1.0,1.2606,0.9
cicids2017,R3_holdout_GoldenEye,88,rf,REC,Benign,0.2,0.8013,1.8013,0.8
cicids2017,R3_holdout_GoldenEye,88,rf,REC,DoS,0.2,1.0,1.2295,0.8
cicids2017,R3_holdout_GoldenEye,88,rf,TSC,Benign,0.05,0.9495,1.9495,0.95
cicids2017,R3_holdout_GoldenEye,88,rf,TSC,DoS,0.05,1.0,1.2764,0.95
cicids2017,R3_holdout_GoldenEye,88,rf,TSC,Benign,0.1,0.8998,1.8998,0.9
cicids2017,R3_holdout_GoldenEye,88,rf,TSC,DoS,0.1,1.0,1.2605,0.9
cicids2017,R3_holdout_GoldenEye,88,rf,TSC,Benign,0.2,0.8008,1.8008,0.8
cicids2017,R3_holdout_GoldenEye,88,rf,TSC,DoS,0.2,1.0,1.2294,0.8
cicids2017,R3_holdout_GoldenEye,88,rf,SHC,Benign,0.05,0.9503,0.9504,0.95
cicids2017,R3_holdout_GoldenEye,88,rf,SHC,DoS,0.05,0.6871,0.9639,0.95
cicids2017,R3_holdout_GoldenEye,88,rf,SHC,Benign,0.1,0.9007,0.9008,0.9
cicids2017,R3_holdout_GoldenEye,88,rf,SHC,DoS,0.1,0.6504,0.9109,0.9
cicids2017,R3_holdout_GoldenEye,88,rf,SHC,Benign,0.2,0.8009,0.801,0.8
cicids2017,R3_holdout_GoldenEye,88,rf,SHC,DoS,0.2,0.5785,0.8079,0.8
cicids2017,R3_holdout_GoldenEye,88,xgb,REC,Benign,0.05,0.9492,0.9494,0.95
cicids2017,R3_holdout_GoldenEye,88,xgb,REC,DoS,0.05,0.9509,1.2251,0.95
cicids2017,R3_holdout_GoldenEye,88,xgb,REC,Benign,0.1,0.8988,0.8989,0.9
cicids2017,R3_holdout_GoldenEye,88,xgb,REC,DoS,0.1,0.9005,1.1582,0.9
cicids2017,R3_holdout_GoldenEye,88,xgb,REC,Benign,0.2,0.799,0.7991,0.8
cicids2017,R3_holdout_GoldenEye,88,xgb,REC,DoS,0.2,0.8043,1.0319,0.8
cicids2017,R3_holdout_GoldenEye,88,xgb,TSC,Benign,0.05,0.9497,0.9499,0.95
cicids2017,R3_holdout_GoldenEye,88,xgb,TSC,DoS,0.05,0.9535,1.2276,0.95
cicids2017,R3_holdout_GoldenEye,88,xgb,TSC,Benign,0.1,0.8996,0.8998,0.9
cicids2017,R3_holdout_GoldenEye,88,xgb,TSC,DoS,0.1,0.9031,1.161,0.9
cicids2017,R3_holdout_GoldenEye,88,xgb,TSC,Benign,0.2,0.8003,0.8004,0.8
cicids2017,R3_holdout_GoldenEye,88,xgb,TSC,DoS,0.2,0.8054,1.0337,0.8
cicids2017,R3_holdout_GoldenEye,88,xgb,SHC,Benign,0.05,0.95,0.9501,0.95
cicids2017,R3_holdout_GoldenEye,88,xgb,SHC,DoS,0.05,0.8141,1.0885,0.95
cicids2017,R3_holdout_GoldenEye,88,xgb,SHC,Benign,0.1,0.8999,0.9,0.9
cicids2017,R3_holdout_GoldenEye,88,xgb,SHC,DoS,0.1,0.7401,0.9981,0.9
cicids2017,R3_holdout_GoldenEye,88,xgb,SHC,Benign,0.2,0.8001,0.8002,0.8
cicids2017,R3_holdout_GoldenEye,88,xgb,SHC,DoS,0.2,0.6344,0.8622,0.8
cicids2017,R3_holdout_GoldenEye,88,mlp,REC,Benign,0.05,0.9504,1.9504,0.95
cicids2017,R3_holdout_GoldenEye,88,mlp,REC,DoS,0.05,1.0,1.3862,0.95
cicids2017,R3_holdout_GoldenEye,88,mlp,REC,Benign,0.1,0.9007,1.9007,0.9
cicids2017,R3_holdout_GoldenEye,88,mlp,REC,DoS,0.1,1.0,1.3615,0.9
cicids2017,R3_holdout_GoldenEye,88,mlp,REC,Benign,0.2,0.7999,0.8001,0.8
cicids2017,R3_holdout_GoldenEye,88,mlp,REC,DoS,0.2,0.8003,1.1192,0.8
cicids2017,R3_holdout_GoldenEye,88,mlp,TSC,Benign,0.05,0.9499,1.9499,0.95
cicids2017,R3_holdout_GoldenEye,88,mlp,TSC,DoS,0.05,1.0,1.386,0.95
cicids2017,R3_holdout_GoldenEye,88,mlp,TSC,Benign,0.1,0.9001,1.9001,0.9
cicids2017,R3_holdout_GoldenEye,88,mlp,TSC,DoS,0.1,1.0,1.3611,0.9
cicids2017,R3_holdout_GoldenEye,88,mlp,TSC,Benign,0.2,0.7994,0.7995,0.8
cicids2017,R3_holdout_GoldenEye,88,mlp,TSC,DoS,0.2,0.7986,1.1175,0.8
cicids2017,R3_holdout_GoldenEye,88,mlp,SHC,Benign,0.05,0.9502,0.9503,0.95
cicids2017,R3_holdout_GoldenEye,88,mlp,SHC,DoS,0.05,0.7662,1.1526,0.95
cicids2017,R3_holdout_GoldenEye,88,mlp,SHC,Benign,0.1,0.9004,0.9005,0.9
cicids2017,R3_holdout_GoldenEye,88,mlp,SHC,DoS,0.1,0.722,1.0835,0.9
cicids2017,R3_holdout_GoldenEye,88,mlp,SHC,Benign,0.2,0.7997,0.7998,0.8
cicids2017,R3_holdout_GoldenEye,88,mlp,SHC,DoS,0.2,0.6278,0.947,0.8
cicids2017,R3_holdout_GoldenEye,3407,rf,REC,Benign,0.05,0.9513,1.9513,0.95
cicids2017,R3_holdout_GoldenEye,3407,rf,REC,DoS,0.05,1.0,1.3606,0.95
cicids2017,R3_holdout_GoldenEye,3407,rf,REC,Benign,0.1,0.9009,1.9009,0.9
cicids2017,R3_holdout_GoldenEye,3407,rf,REC,DoS,0.1,1.0,1.2948,0.9
cicids2017,R3_holdout_GoldenEye,3407,rf,REC,Benign,0.2,0.8018,1.8018,0.8
cicids2017,R3_holdout_GoldenEye,3407,rf,REC,DoS,0.2,1.0,1.2367,0.8
cicids2017,R3_holdout_GoldenEye,3407,rf,TSC,Benign,0.05,0.9507,1.9507,0.95
cicids2017,R3_holdout_GoldenEye,3407,rf,TSC,DoS,0.05,1.0,1.3594,0.95
cicids2017,R3_holdout_GoldenEye,3407,rf,TSC,Benign,0.1,0.9009,1.9009,0.9
cicids2017,R3_holdout_GoldenEye,3407,rf,TSC,DoS,0.1,1.0,1.2947,0.9
cicids2017,R3_holdout_GoldenEye,3407,rf,TSC,Benign,0.2,0.8006,1.8006,0.8
cicids2017,R3_holdout_GoldenEye,3407,rf,TSC,DoS,0.2,1.0,1.2362,0.8
cicids2017,R3_holdout_GoldenEye,3407,rf,SHC,Benign,0.05,0.9513,0.9515,0.95
cicids2017,R3_holdout_GoldenEye,3407,rf,SHC,DoS,0.05,0.7037,1.0645,0.95
cicids2017,R3_holdout_GoldenEye,3407,rf,SHC,Benign,0.1,0.9013,0.9015,0.9
cicids2017,R3_holdout_GoldenEye,3407,rf,SHC,DoS,0.1,0.6699,0.9651,0.9
cicids2017,R3_holdout_GoldenEye,3407,rf,SHC,Benign,0.2,0.8009,0.801,0.8
cicids2017,R3_holdout_GoldenEye,3407,rf,SHC,DoS,0.2,0.5971,0.8333,0.8
cicids2017,R3_holdout_GoldenEye,3407,xgb,REC,Benign,0.05,0.9489,0.9491,0.95
cicids2017,R3_holdout_GoldenEye,3407,xgb,REC,DoS,0.05,0.9511,1.2236,0.95
cicids2017,R3_holdout_GoldenEye,3407,xgb,REC,Benign,0.1,0.8992,0.8993,0.9
cicids2017,R3_holdout_GoldenEye,3407,xgb,REC,DoS,0.1,0.9021,1.1599,0.9
cicids2017,R3_holdout_GoldenEye,3407,xgb,REC,Benign,0.2,0.7981,0.7982,0.8
cicids2017,R3_holdout_GoldenEye,3407,xgb,REC,DoS,0.2,0.801,1.0281,0.8
cicids2017,R3_holdout_GoldenEye,3407,xgb,TSC,Benign,0.05,0.9496,0.9498,0.95
cicids2017,R3_holdout_GoldenEye,3407,xgb,TSC,DoS,0.05,0.9505,1.2234,0.95
cicids2017,R3_holdout_GoldenEye,3407,xgb,TSC,Benign,0.1,0.9,0.9002,0.9
cicids2017,R3_holdout_GoldenEye,3407,xgb,TSC,DoS,0.1,0.8988,1.1568,0.9
cicids2017,R3_holdout_GoldenEye,3407,xgb,TSC,Benign,0.2,0.7995,0.7996,0.8
cicids2017,R3_holdout_GoldenEye,3407,xgb,TSC,DoS,0.2,0.8048,1.0323,0.8
cicids2017,R3_holdout_GoldenEye,3407,xgb,SHC,Benign,0.05,0.9494,0.9495,0.95
cicids2017,R3_holdout_GoldenEye,3407,xgb,SHC,DoS,0.05,0.8168,1.0895,0.95
cicids2017,R3_holdout_GoldenEye,3407,xgb,SHC,Benign,0.1,0.8991,0.8992,0.9
cicids2017,R3_holdout_GoldenEye,3407,xgb,SHC,DoS,0.1,0.7402,0.9977,0.9
cicids2017,R3_holdout_GoldenEye,3407,xgb,SHC,Benign,0.2,0.7982,0.7983,0.8
cicids2017,R3_holdout_GoldenEye,3407,xgb,SHC,DoS,0.2,0.6358,0.8631,0.8
cicids2017,R3_holdout_GoldenEye,3407,mlp,REC,Benign,0.05,0.9499,1.9499,0.95
cicids2017,R3_holdout_GoldenEye,3407,mlp,REC,DoS,0.05,1.0,1.2506,0.95
cicids2017,R3_holdout_GoldenEye,3407,mlp,REC,Benign,0.1,0.9,1.9,0.9
cicids2017,R3_holdout_GoldenEye,3407,mlp,REC,DoS,0.1,1.0,1.2315,0.9
cicids2017,R3_holdout_GoldenEye,3407,mlp,REC,Benign,0.2,0.7992,0.9993,0.8
cicids2017,R3_holdout_GoldenEye,3407,mlp,REC,DoS,0.2,0.8411,1.0424,0.8
cicids2017,R3_holdout_GoldenEye,3407,mlp,TSC,Benign,0.05,0.95,1.95,0.95
cicids2017,R3_holdout_GoldenEye,3407,mlp,TSC,DoS,0.05,1.0,1.2507,0.95
cicids2017,R3_holdout_GoldenEye,3407,mlp,TSC,Benign,0.1,0.9011,1.9011,0.9
cicids2017,R3_holdout_GoldenEye,3407,mlp,TSC,DoS,0.1,1.0,1.2319,0.9
cicids2017,R3_holdout_GoldenEye,3407,mlp,TSC,Benign,0.2,0.8008,1.1009,0.8
cicids2017,R3_holdout_GoldenEye,3407,mlp,TSC,DoS,0.2,0.8563,1.058,0.8
cicids2017,R3_holdout_GoldenEye,3407,mlp,SHC,Benign,0.05,0.9501,0.9502,0.95
cicids2017,R3_holdout_GoldenEye,3407,mlp,SHC,DoS,0.05,0.7551,1.0058,0.95
cicids2017,R3_holdout_GoldenEye,3407,mlp,SHC,Benign,0.1,0.9005,0.9007,0.9
cicids2017,R3_holdout_GoldenEye,3407,mlp,SHC,DoS,0.1,0.7121,0.9437,0.9
cicids2017,R3_holdout_GoldenEye,3407,mlp,SHC,Benign,0.2,0.8012,0.8013,0.8
cicids2017,R3_holdout_GoldenEye,3407,mlp,SHC,DoS,0.2,0.6274,0.8293,0.8
cicids2017,R3_holdout_GoldenEye,12345,rf,REC,Benign,0.05,0.9507,1.9507,0.95
cicids2017,R3_holdout_GoldenEye,12345,rf,REC,DoS,0.05,1.0,1.3689,0.95
cicids2017,R3_holdout_GoldenEye,12345,rf,REC,Benign,0.1,0.9006,1.9006,0.9
cicids2017,R3_holdout_GoldenEye,12345,rf,REC,DoS,0.1,1.0,1.2998,0.9
cicids2017,R3_holdout_GoldenEye,12345,rf,REC,Benign,0.2,0.8012,1.8012,0.8
cicids2017,R3_holdout_GoldenEye,12345,rf,REC,DoS,0.2,1.0,1.2397,0.8
cicids2017,R3_holdout_GoldenEye,12345,rf,TSC,Benign,0.05,0.9498,1.9498,0.95
cicids2017,R3_holdout_GoldenEye,12345,rf,TSC,DoS,0.05,1.0,1.3668,0.95
cicids2017,R3_holdout_GoldenEye,12345,rf,TSC,Benign,0.1,0.9001,1.9001,0.9
cicids2017,R3_holdout_GoldenEye,12345,rf,TSC,DoS,0.1,1.0,1.2989,0.9
cicids2017,R3_holdout_GoldenEye,12345,rf,TSC,Benign,0.2,0.8007,1.8007,0.8
cicids2017,R3_holdout_GoldenEye,12345,rf,TSC,DoS,0.2,1.0,1.2399,0.8
cicids2017,R3_holdout_GoldenEye,12345,rf,SHC,Benign,0.05,0.9501,0.9502,0.95
cicids2017,R3_holdout_GoldenEye,12345,rf,SHC,DoS,0.05,0.7017,1.0691,0.95
cicids2017,R3_holdout_GoldenEye,12345,rf,SHC,Benign,0.1,0.8999,0.9,0.9
cicids2017,R3_holdout_GoldenEye,12345,rf,SHC,DoS,0.1,0.6695,0.9685,0.9
cicids2017,R3_holdout_GoldenEye,12345,rf,SHC,Benign,0.2,0.8008,0.8009,0.8
cicids2017,R3_holdout_GoldenEye,12345,rf,SHC,DoS,0.2,0.5985,0.8386,0.8
cicids2017,R3_holdout_GoldenEye,12345,xgb,REC,Benign,0.05,0.9488,0.949,0.95
cicids2017,R3_holdout_GoldenEye,12345,xgb,REC,DoS,0.05,0.9514,1.2266,0.95
cicids2017,R3_holdout_GoldenEye,12345,xgb,REC,Benign,0.1,0.8982,0.8983,0.9
cicids2017,R3_holdout_GoldenEye,12345,xgb,REC,DoS,0.1,0.9025,1.1625,0.9
cicids2017,R3_holdout_GoldenEye,12345,xgb,REC,Benign,0.2,0.7977,0.7978,0.8
cicids2017,R3_holdout_GoldenEye,12345,xgb,REC,DoS,0.2,0.8012,1.0307,0.8
cicids2017,R3_holdout_GoldenEye,12345,xgb,TSC,Benign,0.05,0.9494,0.9495,0.95
cicids2017,R3_holdout_GoldenEye,12345,xgb,TSC,DoS,0.05,0.9487,1.2241,0.95
cicids2017,R3_holdout_GoldenEye,12345,xgb,TSC,Benign,0.1,0.8984,0.8985,0.9
cicids2017,R3_holdout_GoldenEye,12345,xgb,TSC,DoS,0.1,0.898,1.158,0.9
cicids2017,R3_holdout_GoldenEye,12345,xgb,TSC,Benign,0.2,0.7979,0.7979,0.8
cicids2017,R3_holdout_GoldenEye,12345,xgb,TSC,DoS,0.2,0.7957,1.0256,0.8
cicids2017,R3_holdout_GoldenEye,12345,xgb,SHC,Benign,0.05,0.9497,0.9498,0.95
cicids2017,R3_holdout_GoldenEye,12345,xgb,SHC,DoS,0.05,0.8109,1.0863,0.95
cicids2017,R3_holdout_GoldenEye,12345,xgb,SHC,Benign,0.1,0.8988,0.8989,0.9
cicids2017,R3_holdout_GoldenEye,12345,xgb,SHC,DoS,0.1,0.7366,0.9968,0.9
cicids2017,R3_holdout_GoldenEye,12345,xgb,SHC,Benign,0.2,0.7985,0.7986,0.8
cicids2017,R3_holdout_GoldenEye,12345,xgb,SHC,DoS,0.2,0.6361,0.8661,0.8
cicids2017,R3_holdout_GoldenEye,12345,mlp,REC,Benign,0.05,0.95,1.95,0.95
cicids2017,R3_holdout_GoldenEye,12345,mlp,REC,DoS,0.05,1.0,1.3526,0.95
cicids2017,R3_holdout_GoldenEye,12345,mlp,REC,Benign,0.1,0.9007,1.9007,0.9
cicids2017,R3_holdout_GoldenEye,12345,mlp,REC,DoS,0.1,1.0,1.2757,0.9
cicids2017,R3_holdout_GoldenEye,12345,mlp,REC,Benign,0.2,0.8011,0.8015,0.8
cicids2017,R3_holdout_GoldenEye,12345,mlp,REC,DoS,0.2,0.8006,1.048,0.8
cicids2017,R3_holdout_GoldenEye,12345,mlp,TSC,Benign,0.05,0.9502,1.9502,0.95
cicids2017,R3_holdout_GoldenEye,12345,mlp,TSC,DoS,0.05,1.0,1.353,0.95
cicids2017,R3_holdout_GoldenEye,12345,mlp,TSC,Benign,0.1,0.9005,1.9005,0.9
cicids2017,R3_holdout_GoldenEye,12345,mlp,TSC,DoS,0.1,1.0,1.2754,0.9
cicids2017,R3_holdout_GoldenEye,12345,mlp,TSC,Benign,0.2,0.7994,0.7998,0.8
cicids2017,R3_holdout_GoldenEye,12345,mlp,TSC,DoS,0.2,0.8008,1.0475,0.8
cicids2017,R3_holdout_GoldenEye,12345,mlp,SHC,Benign,0.05,0.9504,0.9507,0.95
cicids2017,R3_holdout_GoldenEye,12345,mlp,SHC,DoS,0.05,0.7662,1.119,0.95
cicids2017,R3_holdout_GoldenEye,12345,mlp,SHC,Benign,0.1,0.9009,0.9012,0.9
cicids2017,R3_holdout_GoldenEye,12345,mlp,SHC,DoS,0.1,0.7168,0.9925,0.9
cicids2017,R3_holdout_GoldenEye,12345,mlp,SHC,Benign,0.2,0.8015,0.8017,0.8
cicids2017,R3_holdout_GoldenEye,12345,mlp,SHC,DoS,0.2,0.6027,0.8498,0.8
cicids2017,R4_holdout_Slowloris_Slowhttptest,42,rf,REC,Benign,0.05,0.9499,1.9499,0.95
cicids2017,R4_holdout_Slowloris_Slowhttptest,42,rf,REC,DoS,0.05,1.0,1.8893,0.95
cicids2017,R4_holdout_Slowloris_Slowhttptest,42,rf,REC,Benign,0.1,0.8996,1.8996,0.9
cicids2017,R4_holdout_Slowloris_Slowhttptest,42,rf,REC,DoS,0.1,1.0,1.8174,0.9
cicids2017,R4_holdout_Slowloris_Slowhttptest,42,rf,REC,Benign,0.2,0.7986,1.7986,0.8
cicids2017,R4_holdout_Slowloris_Slowhttptest,42,rf,REC,DoS,0.2,1.0,1.67,0.8
cicids2017,R4_holdout_Slowloris_Slowhttptest,42,rf,TSC,Benign,0.05,0.9498,1.9498,0.95
cicids2017,R4_holdout_Slowloris_Slowhttptest,42,rf,TSC,DoS,0.05,1.0,1.8896,0.95
cicids2017,R4_holdout_Slowloris_Slowhttptest,42,rf,TSC,Benign,0.1,0.8992,1.8992,0.9
cicids2017,R4_holdout_Slowloris_Slowhttptest,42,rf,TSC,DoS,0.1,1.0,1.8173,0.9
cicids2017,R4_holdout_Slowloris_Slowhttptest,42,rf,TSC,Benign,0.2,0.7989,1.7989,0.8
cicids2017,R4_holdout_Slowloris_Slowhttptest,42,rf,TSC,DoS,0.2,1.0,1.6704,0.8
cicids2017,R4_holdout_Slowloris_Slowhttptest,42,rf,SHC,Benign,0.05,0.95,0.9502,0.95
cicids2017,R4_holdout_Slowloris_Slowhttptest,42,rf,SHC,DoS,0.05,0.3519,1.2414,0.95
cicids2017,R4_holdout_Slowloris_Slowhttptest,42,rf,SHC,Benign,0.1,0.8996,0.8998,0.9
cicids2017,R4_holdout_Slowloris_Slowhttptest,42,rf,SHC,DoS,0.1,0.3389,1.1565,0.9
cicids2017,R4_holdout_Slowloris_Slowhttptest,42,rf,SHC,Benign,0.2,0.7995,0.7996,0.8
cicids2017,R4_holdout_Slowloris_Slowhttptest,42,rf,SHC,DoS,0.2,0.3251,0.9964,0.8
cicids2017,R4_holdout_Slowloris_Slowhttptest,42,xgb,REC,Benign,0.05,0.9502,1.9502,0.95
cicids2017,R4_holdout_Slowloris_Slowhttptest,42,xgb,REC,DoS,0.05,1.0,1.9324,0.95
cicids2017,R4_holdout_Slowloris_Slowhttptest,42,xgb,REC,Benign,0.1,0.9004,1.9004,0.9
cicids2017,R4_holdout_Slowloris_Slowhttptest,42,xgb,REC,DoS,0.1,1.0,1.9005,0.9
cicids2017,R4_holdout_Slowloris_Slowhttptest,42,xgb,REC,Benign,0.2,0.7992,1.7992,0.8
cicids2017,R4_holdout_Slowloris_Slowhttptest,42,xgb,REC,DoS,0.2,1.0,1.8261,0.8
cicids2017,R4_holdout_Slowloris_Slowhttptest,42,xgb,TSC,Benign,0.05,0.9501,1.9501,0.95
cicids2017,R4_holdout_Slowloris_Slowhttptest,42,xgb,TSC,DoS,0.05,1.0,1.9325,0.95
cicids2017,R4_holdout_Slowloris_Slowhttptest,42,xgb,TSC,Benign,0.1,0.9003,1.9003,0.9
cicids2017,R4_holdout_Slowloris_Slowhttptest,42,xgb,TSC,DoS,0.1,1.0,1.9005,0.9
cicids2017,R4_holdout_Slowloris_Slowhttptest,42,xgb,TSC,Benign,0.2,0.8005,1.8005,0.8
cicids2017,R4_holdout_Slowloris_Slowhttptest,42,xgb,TSC,DoS,0.2,1.0,1.8268,0.8
cicids2017,R4_holdout_Slowloris_Slowhttptest,42,xgb,SHC,Benign,0.05,0.951,0.9512,0.95
cicids2017,R4_holdout_Slowloris_Slowhttptest,42,xgb,SHC,DoS,0.05,0.2718,1.2046,0.95
cicids2017,R4_holdout_Slowloris_Slowhttptest,42,xgb,SHC,Benign,0.1,0.9016,0.9018,0.9
cicids2017,R4_holdout_Slowloris_Slowhttptest,42,xgb,SHC,DoS,0.1,0.1737,1.0753,0.9
cicids2017,R4_holdout_Slowloris_Slowhttptest,42,xgb,SHC,Benign,0.2,0.8007,0.8008,0.8
cicids2017,R4_holdout_Slowloris_Slowhttptest,42,xgb,SHC,DoS,0.2,0.0384,0.8663,0.8
cicids2017,R4_holdout_Slowloris_Slowhttptest,42,mlp,REC,Benign,0.05,0.9507,1.9507,0.95
cicids2017,R4_holdout_Slowloris_Slowhttptest,42,mlp,REC,DoS,0.05,1.0,1.6212,0.95
cicids2017,R4_holdout_Slowloris_Slowhttptest,42,mlp,REC,Benign,0.1,0.9012,1.9012,0.9
cicids2017,R4_holdout_Slowloris_Slowhttptest,42,mlp,REC,DoS,0.1,1.0,1.5881,0.9
cicids2017,R4_holdout_Slowloris_Slowhttptest,42,mlp,REC,Benign,0.2,0.8002,1.8002,0.8
cicids2017,R4_holdout_Slowloris_Slowhttptest,42,mlp,REC,DoS,0.2,1.0,1.5237,0.8
cicids2017,R4_holdout_Slowloris_Slowhttptest,42,mlp,TSC,Benign,0.05,0.9504,1.9504,0.95
cicids2017,R4_holdout_Slowloris_Slowhttptest,42,mlp,TSC,DoS,0.05,1.0,1.6211,0.95
cicids2017,R4_holdout_Slowloris_Slowhttptest,42,mlp,TSC,Benign,0.1,0.9007,1.9007,0.9
cicids2017,R4_holdout_Slowloris_Slowhttptest,42,mlp,TSC,DoS,0.1,1.0,1.5879,0.9
cicids2017,R4_holdout_Slowloris_Slowhttptest,42,mlp,TSC,Benign,0.2,0.7998,1.7998,0.8
cicids2017,R4_holdout_Slowloris_Slowhttptest,42,mlp,TSC,DoS,0.2,1.0,1.5239,0.8
cicids2017,R4_holdout_Slowloris_Slowhttptest,42,mlp,SHC,Benign,0.05,0.9507,0.9508,0.95
cicids2017,R4_holdout_Slowloris_Slowhttptest,42,mlp,SHC,DoS,0.05,0.3266,0.9477,0.95
cicids2017,R4_holdout_Slowloris_Slowhttptest,42,mlp,SHC,Benign,0.1,0.9017,0.9018,0.9
cicids2017,R4_holdout_Slowloris_Slowhttptest,42,mlp,SHC,DoS,0.1,0.3088,0.8971,0.9
cicids2017,R4_holdout_Slowloris_Slowhttptest,42,mlp,SHC,Benign,0.2,0.8012,0.8013,0.8
cicids2017,R4_holdout_Slowloris_Slowhttptest,42,mlp,SHC,DoS,0.2,0.2755,0.8005,0.8
cicids2017,R4_holdout_Slowloris_Slowhttptest,1337,rf,REC,Benign,0.05,0.9491,1.9491,0.95
cicids2017,R4_holdout_Slowloris_Slowhttptest,1337,rf,REC,DoS,0.05,1.0,1.8322,0.95
cicids2017,R4_holdout_Slowloris_Slowhttptest,1337,rf,REC,Benign,0.1,0.8979,1.8979,0.9
cicids2017,R4_holdout_Slowloris_Slowhttptest,1337,rf,REC,DoS,0.1,1.0,1.7503,0.9
cicids2017,R4_holdout_Slowloris_Slowhttptest,1337,rf,REC,Benign,0.2,0.7981,1.7981,0.8
cicids2017,R4_holdout_Slowloris_Slowhttptest,1337,rf,REC,DoS,0.2,1.0,1.61,0.8
cicids2017,R4_holdout_Slowloris_Slowhttptest,1337,rf,TSC,Benign,0.05,0.9491,1.9491,0.95
cicids2017,R4_holdout_Slowloris_Slowhttptest,1337,rf,TSC,DoS,0.05,1.0,1.8318,0.95
cicids2017,R4_holdout_Slowloris_Slowhttptest,1337,rf,TSC,Benign,0.1,0.8991,1.8991,0.9
cicids2017,R4_holdout_Slowloris_Slowhttptest,1337,rf,TSC,DoS,0.1,1.0,1.7515,0.9
cicids2017,R4_holdout_Slowloris_Slowhttptest,1337,rf,TSC,Benign,0.2,0.799,1.799,0.8
cicids2017,R4_holdout_Slowloris_Slowhttptest,1337,rf,TSC,DoS,0.2,1.0,1.6111,0.8
cicids2017,R4_holdout_Slowloris_Slowhttptest,1337,rf,SHC,Benign,0.05,0.9492,0.9494,0.95
cicids2017,R4_holdout_Slowloris_Slowhttptest,1337,rf,SHC,DoS,0.05,0.3399,1.172,0.95
cicids2017,R4_holdout_Slowloris_Slowhttptest,1337,rf,SHC,Benign,0.1,0.8986,0.8987,0.9
cicids2017,R4_holdout_Slowloris_Slowhttptest,1337,rf,SHC,DoS,0.1,0.331,1.0821,0.9
cicids2017,R4_holdout_Slowloris_Slowhttptest,1337,rf,SHC,Benign,0.2,0.7988,0.7989,0.8
cicids2017,R4_holdout_Slowloris_Slowhttptest,1337,rf,SHC,DoS,0.2,0.3155,0.9264,0.8
cicids2017,R4_holdout_Slowloris_Slowhttptest,1337,xgb,REC,Benign,0.05,0.9496,1.9496,0.95
cicids2017,R4_holdout_Slowloris_Slowhttptest,1337,xgb,REC,DoS,0.05,1.0,1.928,0.95
cicids2017,R4_holdout_Slowloris_Slowhttptest,1337,xgb,REC,Benign,0.1,0.9002,1.9002,0.9
cicids2017,R4_holdout_Slowloris_Slowhttptest,1337,xgb,REC,DoS,0.1,1.0,1.8951,0.9
cicids2017,R4_holdout_Slowloris_Slowhttptest,1337,xgb,REC,Benign,0.2,0.8004,1.8004,0.8
cicids2017,R4_holdout_Slowloris_Slowhttptest,1337,xgb,REC,DoS,0.2,1.0,1.8189,0.8
cicids2017,R4_holdout_Slowloris_Slowhttptest,1337,xgb,TSC,Benign,0.05,0.9503,1.9503,0.95
cicids2017,R4_holdout_Slowloris_Slowhttptest,1337,xgb,TSC,DoS,0.05,1.0,1.9283,0.95
cicids2017,R4_holdout_Slowloris_Slowhttptest,1337,xgb,TSC,Benign,0.1,0.9004,1.9004,0.9
cicids2017,R4_holdout_Slowloris_Slowhttptest,1337,xgb,TSC,DoS,0.1,1.0,1.8954,0.9
cicids2017,R4_holdout_Slowloris_Slowhttptest,1337,xgb,TSC,Benign,0.2,0.8012,1.8012,0.8
cicids2017,R4_holdout_Slowloris_Slowhttptest,1337,xgb,TSC,DoS,0.2,1.0,1.8204,0.8
cicids2017,R4_holdout_Slowloris_Slowhttptest,1337,xgb,SHC,Benign,0.05,0.9494,0.9497,0.95
cicids2017,R4_holdout_Slowloris_Slowhttptest,1337,xgb,SHC,DoS,0.05,0.273,1.2008,0.95
cicids2017,R4_holdout_Slowloris_Slowhttptest,1337,xgb,SHC,Benign,0.1,0.8994,0.8996,0.9
cicids2017,R4_holdout_Slowloris_Slowhttptest,1337,xgb,SHC,DoS,0.1,0.1754,1.0701,0.9
cicids2017,R4_holdout_Slowloris_Slowhttptest,1337,xgb,SHC,Benign,0.2,0.7999,0.8,0.8
cicids2017,R4_holdout_Slowloris_Slowhttptest,1337,xgb,SHC,DoS,0.2,0.0412,0.8597,0.8
cicids2017,R4_holdout_Slowloris_Slowhttptest,1337,mlp,REC,Benign,0.05,0.9509,1.9509,0.95
cicids2017,R4_holdout_Slowloris_Slowhttptest,1337,mlp,REC,DoS,0.05,1.0,1.8853,0.95
cicids2017,R4_holdout_Slowloris_Slowhttptest,1337,mlp,REC,Benign,0.1,0.9004,1.9004,0.9
cicids2017,R4_holdout_Slowloris_Slowhttptest,1337,mlp,REC,DoS,0.1,1.0,1.8203,0.9
cicids2017,R4_holdout_Slowloris_Slowhttptest,1337,mlp,REC,Benign,0.2,0.8006,1.8006,0.8
cicids2017,R4_holdout_Slowloris_Slowhttptest,1337,mlp,REC,DoS,0.2,1.0,1.6971,0.8
cicids2017,R4_holdout_Slowloris_Slowhttptest,1337,mlp,TSC,Benign,0.05,0.9503,1.9503,0.95
cicids2017,R4_holdout_Slowloris_Slowhttptest,1337,mlp,TSC,DoS,0.05,1.0,1.8848,0.95
cicids2017,R4_holdout_Slowloris_Slowhttptest,1337,mlp,TSC,Benign,0.1,0.9004,1.9004,0.9
cicids2017,R4_holdout_Slowloris_Slowhttptest,1337,mlp,TSC,DoS,0.1,1.0,1.8198,0.9
cicids2017,R4_holdout_Slowloris_Slowhttptest,1337,mlp,TSC,Benign,0.2,0.7997,1.7997,0.8
cicids2017,R4_holdout_Slowloris_Slowhttptest,1337,mlp,TSC,DoS,0.2,1.0,1.6959,0.8
cicids2017,R4_holdout_Slowloris_Slowhttptest,1337,mlp,SHC,Benign,0.05,0.9502,0.9504,0.95
cicids2017,R4_holdout_Slowloris_Slowhttptest,1337,mlp,SHC,DoS,0.05,0.1288,1.0136,0.95
cicids2017,R4_holdout_Slowloris_Slowhttptest,1337,mlp,SHC,Benign,0.1,0.8999,0.9,0.9
cicids2017,R4_holdout_Slowloris_Slowhttptest,1337,mlp,SHC,DoS,0.1,0.1272,0.9467,0.9
cicids2017,R4_holdout_Slowloris_Slowhttptest,1337,mlp,SHC,Benign,0.2,0.8005,0.8006,0.8
cicids2017,R4_holdout_Slowloris_Slowhttptest,1337,mlp,SHC,DoS,0.2,0.1217,0.8193,0.8
cicids2017,R4_holdout_Slowloris_Slowhttptest,2024,rf,REC,Benign,0.05,0.9507,1.9507,0.95
cicids2017,R4_holdout_Slowloris_Slowhttptest,2024,rf,REC,DoS,0.05,1.0,1.9008,0.95
cicids2017,R4_holdout_Slowloris_Slowhttptest,2024,rf,REC,Benign,0.1,0.901,1.901,0.9
cicids2017,R4_holdout_Slowloris_Slowhttptest,2024,rf,REC,DoS,0.1,1.0,1.8444,0.9
cicids2017,R4_holdout_Slowloris_Slowhttptest,2024,rf,REC,Benign,0.2,0.8013,1.8013,0.8
cicids2017,R4_holdout_Slowloris_Slowhttptest,2024,rf,REC,DoS,0.2,1.0,1.733,0.8
cicids2017,R4_holdout_Slowloris_Slowhttptest,2024,rf,TSC,Benign,0.05,0.9503,1.9503,0.95
cicids2017,R4_holdout_Slowloris_Slowhttptest,2024,rf,TSC,DoS,0.05,1.0,1.9,0.95
cicids2017,R4_holdout_Slowloris_Slowhttptest,2024,rf,TSC,Benign,0.1,0.9002,1.9002,0.9
cicids2017,R4_holdout_Slowloris_Slowhttptest,2024,rf,TSC,DoS,0.1,1.0,1.8438,0.9
cicids2017,R4_holdout_Slowloris_Slowhttptest,2024,rf,TSC,Benign,0.2,0.8003,1.8003,0.8
cicids2017,R4_holdout_Slowloris_Slowhttptest,2024,rf,TSC,DoS,0.2,1.0,1.7322,0.8
cicids2017,R4_holdout_Slowloris_Slowhttptest,2024,rf,SHC,Benign,0.05,0.9501,0.9502,0.95
cicids2017,R4_holdout_Slowloris_Slowhttptest,2024,rf,SHC,DoS,0.05,0.3387,1.2384,0.95
cicids2017,R4_holdout_Slowloris_Slowhttptest,2024,rf,SHC,Benign,0.1,0.9003,0.9004,0.9
cicids2017,R4_holdout_Slowloris_Slowhttptest,2024,rf,SHC,DoS,0.1,0.3133,1.1572,0.9
cicids2017,R4_holdout_Slowloris_Slowhttptest,2024,rf,SHC,Benign,0.2,0.8001,0.8002,0.8
cicids2017,R4_holdout_Slowloris_Slowhttptest,2024,rf,SHC,DoS,0.2,0.2658,0.9974,0.8
cicids2017,R4_holdout_Slowloris_Slowhttptest,2024,xgb,REC,Benign,0.05,0.9505,1.9505,0.95
cicids2017,R4_holdout_Slowloris_Slowhttptest,2024,xgb,REC,DoS,0.05,1.0,1.9306,0.95
cicids2017,R4_holdout_Slowloris_Slowhttptest,2024,xgb,REC,Benign,0.1,0.9001,1.9001,0.9
cicids2017,R4_holdout_Slowloris_Slowhttptest,2024,xgb,REC,DoS,0.1,1.0,1.8965,0.9
cicids2017,R4_holdout_Slowloris_Slowhttptest,2024,xgb,REC,Benign,0.2,0.8015,1.8015,0.8
cicids2017,R4_holdout_Slowloris_Slowhttptest,2024,xgb,REC,DoS,0.2,1.0,1.8224,0.8
cicids2017,R4_holdout_Slowloris_Slowhttptest,2024,xgb,TSC,Benign,0.05,0.9507,1.9507,0.95
cicids2017,R4_holdout_Slowloris_Slowhttptest,2024,xgb,TSC,DoS,0.05,1.0,1.9307,0.95
cicids2017,R4_holdout_Slowloris_Slowhttptest,2024,xgb,TSC,Benign,0.1,0.9007,1.9007,0.9
cicids2017,R4_holdout_Slowloris_Slowhttptest,2024,xgb,TSC,DoS,0.1,1.0,1.897,0.9
cicids2017,R4_holdout_Slowloris_Slowhttptest,2024,xgb,TSC,Benign,0.2,0.8009,1.8009,0.8
cicids2017,R4_holdout_Slowloris_Slowhttptest,2024,xgb,TSC,DoS,0.2,1.0,1.8212,0.8
cicids2017,R4_holdout_Slowloris_Slowhttptest,2024,xgb,SHC,Benign,0.05,0.9497,0.95,0.95
cicids2017,R4_holdout_Slowloris_Slowhttptest,2024,xgb,SHC,DoS,0.05,0.2696,1.1996,0.95
cicids2017,R4_holdout_Slowloris_Slowhttptest,2024,xgb,SHC,Benign,0.1,0.8998,0.9,0.9
cicids2017,R4_holdout_Slowloris_Slowhttptest,2024,xgb,SHC,DoS,0.1,0.1708,1.0669,0.9
cicids2017,R4_holdout_Slowloris_Slowhttptest,2024,xgb,SHC,Benign,0.2,0.8011,0.8012,0.8
cicids2017,R4_holdout_Slowloris_Slowhttptest,2024,xgb,SHC,DoS,0.2,0.0394,0.8612,0.8
cicids2017,R4_holdout_Slowloris_Slowhttptest,2024,mlp,REC,Benign,0.05,0.9503,1.9503,0.95
cicids2017,R4_holdout_Slowloris_Slowhttptest,2024,mlp,REC,DoS,0.05,1.0,1.6229,0.95
cicids2017,R4_holdout_Slowloris_Slowhttptest,2024,mlp,REC,Benign,0.1,0.9004,1.9004,0.9
cicids2017,R4_holdout_Slowloris_Slowhttptest,2024,mlp,REC,DoS,0.1,1.0,1.5837,0.9
cicids2017,R4_holdout_Slowloris_Slowhttptest,2024,mlp,REC,Benign,0.2,0.8003,1.8003,0.8
cicids2017,R4_holdout_Slowloris_Slowhttptest,2024,mlp,REC,DoS,0.2,1.0,1.5159,0.8
cicids2017,R4_holdout_Slowloris_Slowhttptest,2024,mlp,TSC,Benign,0.05,0.951,1.951,0.95
cicids2017,R4_holdout_Slowloris_Slowhttptest,2024,mlp,TSC,DoS,0.05,1.0,1.6233,0.95
cicids2017,R4_holdout_Slowloris_Slowhttptest,2024,mlp,TSC,Benign,0.1,0.9008,1.9008,0.9
cicids2017,R4_holdout_Slowloris_Slowhttptest,2024,mlp,TSC,DoS,0.1,1.0,1.5844,0.9
cicids2017,R4_holdout_Slowloris_Slowhttptest,2024,mlp,TSC,Benign,0.2,0.8005,1.8005,0.8
cicids2017,R4_holdout_Slowloris_Slowhttptest,2024,mlp,TSC,DoS,0.2,1.0,1.5163,0.8
cicids2017,R4_holdout_Slowloris_Slowhttptest,2024,mlp,SHC,Benign,0.05,0.9514,0.9518,0.95
cicids2017,R4_holdout_Slowloris_Slowhttptest,2024,mlp,SHC,DoS,0.05,0.3479,0.972,0.95
cicids2017,R4_holdout_Slowloris_Slowhttptest,2024,mlp,SHC,Benign,0.1,0.9015,0.9019,0.9
cicids2017,R4_holdout_Slowloris_Slowhttptest,2024,mlp,SHC,DoS,0.1,0.3286,0.9135,0.9
cicids2017,R4_holdout_Slowloris_Slowhttptest,2024,mlp,SHC,Benign,0.2,0.8018,0.8021,0.8
cicids2017,R4_holdout_Slowloris_Slowhttptest,2024,mlp,SHC,DoS,0.2,0.291,0.8077,0.8
cicids2017,R4_holdout_Slowloris_Slowhttptest,7,rf,REC,Benign,0.05,0.9496,1.9496,0.95
cicids2017,R4_holdout_Slowloris_Slowhttptest,7,rf,REC,DoS,0.05,1.0,1.8907,0.95
cicids2017,R4_holdout_Slowloris_Slowhttptest,7,rf,REC,Benign,0.1,0.8986,1.8986,0.9
cicids2017,R4_holdout_Slowloris_Slowhttptest,7,rf,REC,DoS,0.1,1.0,1.8197,0.9
cicids2017,R4_holdout_Slowloris_Slowhttptest,7,rf,REC,Benign,0.2,0.7986,1.7986,0.8
cicids2017,R4_holdout_Slowloris_Slowhttptest,7,rf,REC,DoS,0.2,1.0,1.6832,0.8
cicids2017,R4_holdout_Slowloris_Slowhttptest,7,rf,TSC,Benign,0.05,0.9493,1.9493,0.95
cicids2017,R4_holdout_Slowloris_Slowhttptest,7,rf,TSC,DoS,0.05,1.0,1.89,0.95
cicids2017,R4_holdout_Slowloris_Slowhttptest,7,rf,TSC,Benign,0.1,0.8994,1.8994,0.9
cicids2017,R4_holdout_Slowloris_Slowhttptest,7,rf,TSC,DoS,0.1,1.0,1.8207,0.9
cicids2017,R4_holdout_Slowloris_Slowhttptest,7,rf,TSC,Benign,0.2,0.7986,1.7986,0.8
cicids2017,R4_holdout_Slowloris_Slowhttptest,7,rf,TSC,DoS,0.2,1.0,1.6831,0.8
cicids2017,R4_holdout_Slowloris_Slowhttptest,7,rf,SHC,Benign,0.05,0.9488,0.9489,0.95
cicids2017,R4_holdout_Slowloris_Slowhttptest,7,rf,SHC,DoS,0.05,0.3234,1.2132,0.95
cicids2017,R4_holdout_Slowloris_Slowhttptest,7,rf,SHC,Benign,0.1,0.8983,0.8984,0.9
cicids2017,R4_holdout_Slowloris_Slowhttptest,7,rf,SHC,DoS,0.1,0.3042,1.1235,0.9
cicids2017,R4_holdout_Slowloris_Slowhttptest,7,rf,SHC,Benign,0.2,0.7981,0.7982,0.8
cicids2017,R4_holdout_Slowloris_Slowhttptest,7,rf,SHC,DoS,0.2,0.2681,0.9507,0.8
cicids2017,R4_holdout_Slowloris_Slowhttptest,7,xgb,REC,Benign,0.05,0.9501,1.9501,0.95
cicids2017,R4_holdout_Slowloris_Slowhttptest,7,xgb,REC,DoS,0.05,1.0,1.9293,0.95
cicids2017,R4_holdout_Slowloris_Slowhttptest,7,xgb,REC,Benign,0.1,0.8997,1.8997,0.9
cicids2017,R4_holdout_Slowloris_Slowhttptest,7,xgb,REC,DoS,0.1,1.0,1.8962,0.9
cicids2017,R4_holdout_Slowloris_Slowhttptest,7,xgb,REC,Benign,0.2,0.801,1.801,0.8
cicids2017,R4_holdout_Slowloris_Slowhttptest,7,xgb,REC,DoS,0.2,1.0,1.8188,0.8
cicids2017,R4_holdout_Slowloris_Slowhttptest,7,xgb,TSC,Benign,0.05,0.9499,1.9499,0.95
cicids2017,R4_holdout_Slowloris_Slowhttptest,7,xgb,TSC,DoS,0.05,1.0,1.9291,0.95
cicids2017,R4_holdout_Slowloris_Slowhttptest,7,xgb,TSC,Benign,0.1,0.8991,1.8991,0.9
cicids2017,R4_holdout_Slowloris_Slowhttptest,7,xgb,TSC,DoS,0.1,1.0,1.8958,0.9
cicids2017,R4_holdout_Slowloris_Slowhttptest,7,xgb,TSC,Benign,0.2,0.7997,1.7997,0.8
cicids2017,R4_holdout_Slowloris_Slowhttptest,7,xgb,TSC,DoS,0.2,1.0,1.8177,0.8
cicids2017,R4_holdout_Slowloris_Slowhttptest,7,xgb,SHC,Benign,0.05,0.9506,0.9508,0.95
cicids2017,R4_holdout_Slowloris_Slowhttptest,7,xgb,SHC,DoS,0.05,0.2657,1.1947,0.95
cicids2017,R4_holdout_Slowloris_Slowhttptest,7,xgb,SHC,Benign,0.1,0.9006,0.9008,0.9
cicids2017,R4_holdout_Slowloris_Slowhttptest,7,xgb,SHC,DoS,0.1,0.1679,1.0649,0.9
cicids2017,R4_holdout_Slowloris_Slowhttptest,7,xgb,SHC,Benign,0.2,0.8012,0.8013,0.8
cicids2017,R4_holdout_Slowloris_Slowhttptest,7,xgb,SHC,DoS,0.2,0.0393,0.8583,0.8
cicids2017,R4_holdout_Slowloris_Slowhttptest,7,mlp,REC,Benign,0.05,0.9498,1.9498,0.95
cicids2017,R4_holdout_Slowloris_Slowhttptest,7,mlp,REC,DoS,0.05,1.0,1.8752,0.95
cicids2017,R4_holdout_Slowloris_Slowhttptest,7,mlp,REC,Benign,0.1,0.9003,1.9003,0.9
cicids2017,R4_holdout_Slowloris_Slowhttptest,7,mlp,REC,DoS,0.1,1.0,1.8083,0.9
cicids2017,R4_holdout_Slowloris_Slowhttptest,7,mlp,REC,Benign,0.2,0.8012,1.8012,0.8
cicids2017,R4_holdout_Slowloris_Slowhttptest,7,mlp,REC,DoS,0.2,1.0,1.6713,0.8
cicids2017,R4_holdout_Slowloris_Slowhttptest,7,mlp,TSC,Benign,0.05,0.9501,1.9501,0.95
cicids2017,R4_holdout_Slowloris_Slowhttptest,7,mlp,TSC,DoS,0.05,1.0,1.8755,0.95
cicids2017,R4_holdout_Slowloris_Slowhttptest,7,mlp,TSC,Benign,0.1,0.9002,1.9002,0.9
cicids2017,R4_holdout_Slowloris_Slowhttptest,7,mlp,TSC,DoS,0.1,1.0,1.8082,0.9
cicids2017,R4_holdout_Slowloris_Slowhttptest,7,mlp,TSC,Benign,0.2,0.8007,1.8007,0.8
cicids2017,R4_holdout_Slowloris_Slowhttptest,7,mlp,TSC,DoS,0.2,1.0,1.6705,0.8
cicids2017,R4_holdout_Slowloris_Slowhttptest,7,mlp,SHC,Benign,0.05,0.9508,0.9512,0.95
cicids2017,R4_holdout_Slowloris_Slowhttptest,7,mlp,SHC,DoS,0.05,0.3406,1.2173,0.95
cicids2017,R4_holdout_Slowloris_Slowhttptest,7,mlp,SHC,Benign,0.1,0.9,0.9003,0.9
cicids2017,R4_holdout_Slowloris_Slowhttptest,7,mlp,SHC,DoS,0.1,0.3334,1.1415,0.9
cicids2017,R4_holdout_Slowloris_Slowhttptest,7,mlp,SHC,Benign,0.2,0.8012,0.8015,0.8
cicids2017,R4_holdout_Slowloris_Slowhttptest,7,mlp,SHC,DoS,0.2,0.3235,0.9946,0.8
cicids2017,R4_holdout_Slowloris_Slowhttptest,91,rf,REC,Benign,0.05,0.9504,1.9504,0.95
cicids2017,R4_holdout_Slowloris_Slowhttptest,91,rf,REC,DoS,0.05,1.0,1.8907,0.95
cicids2017,R4_holdout_Slowloris_Slowhttptest,91,rf,REC,Benign,0.1,0.9007,1.9007,0.9
cicids2017,R4_holdout_Slowloris_Slowhttptest,91,rf,REC,DoS,0.1,1.0,1.8165,0.9
cicids2017,R4_holdout_Slowloris_Slowhttptest,91,rf,REC,Benign,0.2,0.8004,1.8004,0.8
cicids2017,R4_holdout_Slowloris_Slowhttptest,91,rf,REC,DoS,0.2,1.0,1.6713,0.8
cicids2017,R4_holdout_Slowloris_Slowhttptest,91,rf,TSC,Benign,0.05,0.9509,1.9509,0.95
cicids2017,R4_holdout_Slowloris_Slowhttptest,91,rf,TSC,DoS,0.05,1.0,1.8916,0.95
cicids2017,R4_holdout_Slowloris_Slowhttptest,91,rf,TSC,Benign,0.1,0.9007,1.9007,0.9
cicids2017,R4_holdout_Slowloris_Slowhttptest,91,rf,TSC,DoS,0.1,1.0,1.8163,0.9
cicids2017,R4_holdout_Slowloris_Slowhttptest,91,rf,TSC,Benign,0.2,0.7999,1.7999,0.8
cicids2017,R4_holdout_Slowloris_Slowhttptest,91,rf,TSC,DoS,0.2,1.0,1.6708,0.8
cicids2017,R4_holdout_Slowloris_Slowhttptest,91,rf,SHC,Benign,0.05,0.9501,0.9502,0.95
cicids2017,R4_holdout_Slowloris_Slowhttptest,91,rf,SHC,DoS,0.05,0.3401,1.2303,0.95
cicids2017,R4_holdout_Slowloris_Slowhttptest,91,rf,SHC,Benign,0.1,0.8998,0.8999,0.9
cicids2017,R4_holdout_Slowloris_Slowhttptest,91,rf,SHC,DoS,0.1,0.3336,1.1488,0.9
cicids2017,R4_holdout_Slowloris_Slowhttptest,91,rf,SHC,Benign,0.2,0.8009,0.801,0.8
cicids2017,R4_holdout_Slowloris_Slowhttptest,91,rf,SHC,DoS,0.2,0.3225,0.9942,0.8
cicids2017,R4_holdout_Slowloris_Slowhttptest,91,xgb,REC,Benign,0.05,0.9503,1.9503,0.95
cicids2017,R4_holdout_Slowloris_Slowhttptest,91,xgb,REC,DoS,0.05,1.0,1.9326,0.95
cicids2017,R4_holdout_Slowloris_Slowhttptest,91,xgb,REC,Benign,0.1,0.9003,1.9003,0.9
cicids2017,R4_holdout_Slowloris_Slowhttptest,91,xgb,REC,DoS,0.1,1.0,1.9007,0.9
cicids2017,R4_holdout_Slowloris_Slowhttptest,91,xgb,REC,Benign,0.2,0.801,1.801,0.8
cicids2017,R4_holdout_Slowloris_Slowhttptest,91,xgb,REC,DoS,0.2,1.0,1.8223,0.8
cicids2017,R4_holdout_Slowloris_Slowhttptest,91,xgb,TSC,Benign,0.05,0.9495,1.9495,0.95
cicids2017,R4_holdout_Slowloris_Slowhttptest,91,xgb,TSC,DoS,0.05,1.0,1.9319,0.95
cicids2017,R4_holdout_Slowloris_Slowhttptest,91,xgb,TSC,Benign,0.1,0.899,1.899,0.9
cicids2017,R4_holdout_Slowloris_Slowhttptest,91,xgb,TSC,DoS,0.1,1.0,1.9001,0.9
cicids2017,R4_holdout_Slowloris_Slowhttptest,91,xgb,TSC,Benign,0.2,0.7991,1.7991,0.8
cicids2017,R4_holdout_Slowloris_Slowhttptest,91,xgb,TSC,DoS,0.2,1.0,1.8202,0.8
cicids2017,R4_holdout_Slowloris_Slowhttptest,91,xgb,SHC,Benign,0.05,0.95,0.9503,0.95
cicids2017,R4_holdout_Slowloris_Slowhttptest,91,xgb,SHC,DoS,0.05,0.2707,1.2028,0.95
cicids2017,R4_holdout_Slowloris_Slowhttptest,91,xgb,SHC,Benign,0.1,0.9001,0.9003,0.9
cicids2017,R4_holdout_Slowloris_Slowhttptest,91,xgb,SHC,DoS,0.1,0.1738,1.0746,0.9
cicids2017,R4_holdout_Slowloris_Slowhttptest,91,xgb,SHC,Benign,0.2,0.7995,0.7996,0.8
cicids2017,R4_holdout_Slowloris_Slowhttptest,91,xgb,SHC,DoS,0.2,0.0381,0.8595,0.8
cicids2017,R4_holdout_Slowloris_Slowhttptest,91,mlp,REC,Benign,0.05,0.95,1.95,0.95
cicids2017,R4_holdout_Slowloris_Slowhttptest,91,mlp,REC,DoS,0.05,1.0,1.6514,0.95
cicids2017,R4_holdout_Slowloris_Slowhttptest,91,mlp,REC,Benign,0.1,0.9,1.9,0.9
cicids2017,R4_holdout_Slowloris_Slowhttptest,91,mlp,REC,DoS,0.1,1.0,1.5775,0.9
cicids2017,R4_holdout_Slowloris_Slowhttptest,91,mlp,REC,Benign,0.2,0.7994,1.7994,0.8
cicids2017,R4_holdout_Slowloris_Slowhttptest,91,mlp,REC,DoS,0.2,1.0,1.5116,0.8
cicids2017,R4_holdout_Slowloris_Slowhttptest,91,mlp,TSC,Benign,0.05,0.9503,1.9503,0.95
cicids2017,R4_holdout_Slowloris_Slowhttptest,91,mlp,TSC,DoS,0.05,1.0,1.6518,0.95
cicids2017,R4_holdout_Slowloris_Slowhttptest,91,mlp,TSC,Benign,0.1,0.9004,1.9004,0.9
cicids2017,R4_holdout_Slowloris_Slowhttptest,91,mlp,TSC,DoS,0.1,1.0,1.5776,0.9
cicids2017,R4_holdout_Slowloris_Slowhttptest,91,mlp,TSC,Benign,0.2,0.7996,1.7996,0.8
cicids2017,R4_holdout_Slowloris_Slowhttptest,91,mlp,TSC,DoS,0.2,1.0,1.5119,0.8
cicids2017,R4_holdout_Slowloris_Slowhttptest,91,mlp,SHC,Benign,0.05,0.95,0.9502,0.95
cicids2017,R4_holdout_Slowloris_Slowhttptest,91,mlp,SHC,DoS,0.05,0.3717,1.0232,0.95
cicids2017,R4_holdout_Slowloris_Slowhttptest,91,mlp,SHC,Benign,0.1,0.8992,0.8994,0.9
cicids2017,R4_holdout_Slowloris_Slowhttptest,91,mlp,SHC,DoS,0.1,0.3453,0.9221,0.9
cicids2017,R4_holdout_Slowloris_Slowhttptest,91,mlp,SHC,Benign,0.2,0.7981,0.7983,0.8
cicids2017,R4_holdout_Slowloris_Slowhttptest,91,mlp,SHC,DoS,0.2,0.3003,0.8114,0.8
cicids2017,R4_holdout_Slowloris_Slowhttptest,512,rf,REC,Benign,0.05,0.9505,1.9505,0.95
cicids2017,R4_holdout_Slowloris_Slowhttptest,512,rf,REC,DoS,0.05,1.0,1.8762,0.95
cicids2017,R4_holdout_Slowloris_Slowhttptest,512,rf,REC,Benign,0.1,0.8998,1.8998,0.9
cicids2017,R4_holdout_Slowloris_Slowhttptest,512,rf,REC,DoS,0.1,1.0,1.7951,0.9
cicids2017,R4_holdout_Slowloris_Slowhttptest,512,rf,REC,Benign,0.2,0.8,1.8,0.8
cicids2017,R4_holdout_Slowloris_Slowhttptest,512,rf,REC,DoS,0.2,1.0,1.6356,0.8
cicids2017,R4_holdout_Slowloris_Slowhttptest,512,rf,TSC,Benign,0.05,0.9503,1.9503,0.95
cicids2017,R4_holdout_Slowloris_Slowhttptest,512,rf,TSC,DoS,0.05,1.0,1.8754,0.95
cicids2017,R4_holdout_Slowloris_Slowhttptest,512,rf,TSC,Benign,0.1,0.8993,1.8993,0.9
cicids2017,R4_holdout_Slowloris_Slowhttptest,512,rf,TSC,DoS,0.1,1.0,1.7945,0.9
cicids2017,R4_holdout_Slowloris_Slowhttptest,512,rf,TSC,Benign,0.2,0.7993,1.7993,0.8
cicids2017,R4_holdout_Slowloris_Slowhttptest,512,rf,TSC,DoS,0.2,1.0,1.6346,0.8
cicids2017,R4_holdout_Slowloris_Slowhttptest,512,rf,SHC,Benign,0.05,0.9511,0.9512,0.95
cicids2017,R4_holdout_Slowloris_Slowhttptest,512,rf,SHC,DoS,0.05,0.3569,1.2339,0.95
cicids2017,R4_holdout_Slowloris_Slowhttptest,512,rf,SHC,Benign,0.1,0.9009,0.901,0.9
cicids2017,R4_holdout_Slowloris_Slowhttptest,512,rf,SHC,DoS,0.1,0.3475,1.1437,0.9
cicids2017,R4_holdout_Slowloris_Slowhttptest,512,rf,SHC,Benign,0.2,0.8014,0.8014,0.8
cicids2017,R4_holdout_Slowloris_Slowhttptest,512,rf,SHC,DoS,0.2,0.3317,0.9697,0.8
cicids2017,R4_holdout_Slowloris_Slowhttptest,512,xgb,REC,Benign,0.05,0.9505,1.9505,0.95
cicids2017,R4_holdout_Slowloris_Slowhttptest,512,xgb,REC,DoS,0.05,1.0,1.9316,0.95
cicids2017,R4_holdout_Slowloris_Slowhttptest,512,xgb,REC,Benign,0.1,0.9008,1.9008,0.9
cicids2017,R4_holdout_Slowloris_Slowhttptest,512,xgb,REC,DoS,0.1,1.0,1.8981,0.9
cicids2017,R4_holdout_Slowloris_Slowhttptest,512,xgb,REC,Benign,0.2,0.8013,1.8013,0.8
cicids2017,R4_holdout_Slowloris_Slowhttptest,512,xgb,REC,DoS,0.2,1.0,1.8211,0.8
cicids2017,R4_holdout_Slowloris_Slowhttptest,512,xgb,TSC,Benign,0.05,0.9501,1.9501,0.95
cicids2017,R4_holdout_Slowloris_Slowhttptest,512,xgb,TSC,DoS,0.05,1.0,1.9313,0.95
cicids2017,R4_holdout_Slowloris_Slowhttptest,512,xgb,TSC,Benign,0.1,0.9008,1.9008,0.9
cicids2017,R4_holdout_Slowloris_Slowhttptest,512,xgb,TSC,DoS,0.1,1.0,1.8981,0.9
cicids2017,R4_holdout_Slowloris_Slowhttptest,512,xgb,TSC,Benign,0.2,0.8005,1.8005,0.8
cicids2017,R4_holdout_Slowloris_Slowhttptest,512,xgb,TSC,DoS,0.2,1.0,1.8203,0.8
cicids2017,R4_holdout_Slowloris_Slowhttptest,512,xgb,SHC,Benign,0.05,0.9496,0.9499,0.95
cicids2017,R4_holdout_Slowloris_Slowhttptest,512,xgb,SHC,DoS,0.05,0.2674,1.1987,0.95
cicids2017,R4_holdout_Slowloris_Slowhttptest,512,xgb,SHC,Benign,0.1,0.8997,0.8999,0.9
cicids2017,R4_holdout_Slowloris_Slowhttptest,512,xgb,SHC,DoS,0.1,0.1748,1.0724,0.9
cicids2017,R4_holdout_Slowloris_Slowhttptest,512,xgb,SHC,Benign,0.2,0.7995,0.7997,0.8
cicids2017,R4_holdout_Slowloris_Slowhttptest,512,xgb,SHC,DoS,0.2,0.0394,0.8585,0.8
cicids2017,R4_holdout_Slowloris_Slowhttptest,512,mlp,REC,Benign,0.05,0.9504,1.9504,0.95
cicids2017,R4_holdout_Slowloris_Slowhttptest,512,mlp,REC,DoS,0.05,1.0,1.6137,0.95
cicids2017,R4_holdout_Slowloris_Slowhttptest,512,mlp,REC,Benign,0.1,0.901,1.901,0.9
cicids2017,R4_holdout_Slowloris_Slowhttptest,512,mlp,REC,DoS,0.1,1.0,1.5809,0.9
cicids2017,R4_holdout_Slowloris_Slowhttptest,512,mlp,REC,Benign,0.2,0.8011,1.8011,0.8
cicids2017,R4_holdout_Slowloris_Slowhttptest,512,mlp,REC,DoS,0.2,1.0,1.5164,0.8
cicids2017,R4_holdout_Slowloris_Slowhttptest,512,mlp,TSC,Benign,0.05,0.9493,1.9493,0.95
cicids2017,R4_holdout_Slowloris_Slowhttptest,512,mlp,TSC,DoS,0.05,1.0,1.6133,0.95
cicids2017,R4_holdout_Slowloris_Slowhttptest,512,mlp,TSC,Benign,0.1,0.8998,1.8998,0.9
cicids2017,R4_holdout_Slowloris_Slowhttptest,512,mlp,TSC,DoS,0.1,1.0,1.5804,0.9
cicids2017,R4_holdout_Slowloris_Slowhttptest,512,mlp,TSC,Benign,0.2,0.8003,1.8003,0.8
cicids2017,R4_holdout_Slowloris_Slowhttptest,512,mlp,TSC,DoS,0.2,1.0,1.5157,0.8
cicids2017,R4_holdout_Slowloris_Slowhttptest,512,mlp,SHC,Benign,0.05,0.9496,0.9499,0.95
cicids2017,R4_holdout_Slowloris_Slowhttptest,512,mlp,SHC,DoS,0.05,0.3545,0.9673,0.95
cicids2017,R4_holdout_Slowloris_Slowhttptest,512,mlp,SHC,Benign,0.1,0.8999,0.9001,0.9
cicids2017,R4_holdout_Slowloris_Slowhttptest,512,mlp,SHC,DoS,0.1,0.3346,0.9149,0.9
cicids2017,R4_holdout_Slowloris_Slowhttptest,512,mlp,SHC,Benign,0.2,0.801,0.8012,0.8
cicids2017,R4_holdout_Slowloris_Slowhttptest,512,mlp,SHC,DoS,0.2,0.2935,0.8093,0.8
cicids2017,R4_holdout_Slowloris_Slowhttptest,6021,rf,REC,Benign,0.05,0.9503,1.9503,0.95
cicids2017,R4_holdout_Slowloris_Slowhttptest,6021,rf,REC,DoS,0.05,1.0,1.9146,0.95
cicids2017,R4_holdout_Slowloris_Slowhttptest,6021,rf,REC,Benign,0.1,0.9,1.9,0.9
cicids2017,R4_holdout_Slowloris_Slowhttptest,6021,rf,REC,DoS,0.1,1.0,1.8618,0.9
cicids2017,R4_holdout_Slowloris_Slowhttptest,6021,rf,REC,Benign,0.2,0.7994,1.7994,0.8
cicids2017,R4_holdout_Slowloris_Slowhttptest,6021,rf,REC,DoS,0.2,1.0,1.7546,0.8
cicids2017,R4_holdout_Slowloris_Slowhttptest,6021,rf,TSC,Benign,0.05,0.95,1.95,0.95
cicids2017,R4_holdout_Slowloris_Slowhttptest,6021,rf,TSC,DoS,0.05,1.0,1.9145,0.95
cicids2017,R4_holdout_Slowloris_Slowhttptest,6021,rf,TSC,Benign,0.1,0.8993,1.8993,0.9
cicids2017,R4_holdout_Slowloris_Slowhttptest,6021,rf,TSC,DoS,0.1,1.0,1.8604,0.9
cicids2017,R4_holdout_Slowloris_Slowhttptest,6021,rf,TSC,Benign,0.2,0.7989,1.7989,0.8
cicids2017,R4_holdout_Slowloris_Slowhttptest,6021,rf,TSC,DoS,0.2,1.0,1.7537,0.8
cicids2017,R4_holdout_Slowloris_Slowhttptest,6021,rf,SHC,Benign,0.05,0.9506,0.9507,0.95
cicids2017,R4_holdout_Slowloris_Slowhttptest,6021,rf,SHC,DoS,0.05,0.3235,1.2387,0.95
cicids2017,R4_holdout_Slowloris_Slowhttptest,6021,rf,SHC,Benign,0.1,0.9002,0.9003,0.9
cicids2017,R4_holdout_Slowloris_Slowhttptest,6021,rf,SHC,DoS,0.1,0.2949,1.1562,0.9
cicids2017,R4_holdout_Slowloris_Slowhttptest,6021,rf,SHC,Benign,0.2,0.8002,0.8003,0.8
cicids2017,R4_holdout_Slowloris_Slowhttptest,6021,rf,SHC,DoS,0.2,0.2492,1.0048,0.8
cicids2017,R4_holdout_Slowloris_Slowhttptest,6021,xgb,REC,Benign,0.05,0.9502,1.9502,0.95
cicids2017,R4_holdout_Slowloris_Slowhttptest,6021,xgb,REC,DoS,0.05,1.0,1.9284,0.95
cicids2017,R4_holdout_Slowloris_Slowhttptest,6021,xgb,REC,Benign,0.1,0.9003,1.9003,0.9
cicids2017,R4_holdout_Slowloris_Slowhttptest,6021,xgb,REC,DoS,0.1,1.0,1.8965,0.9
cicids2017,R4_holdout_Slowloris_Slowhttptest,6021,xgb,REC,Benign,0.2,0.8008,1.8008,0.8
cicids2017,R4_holdout_Slowloris_Slowhttptest,6021,xgb,REC,DoS,0.2,1.0,1.8223,0.8
cicids2017,R4_holdout_Slowloris_Slowhttptest,6021,xgb,TSC,Benign,0.05,0.9494,1.9494,0.95
cicids2017,R4_holdout_Slowloris_Slowhttptest,6021,xgb,TSC,DoS,0.05,1.0,1.928,0.95
cicids2017,R4_holdout_Slowloris_Slowhttptest,6021,xgb,TSC,Benign,0.1,0.8993,1.8993,0.9
cicids2017,R4_holdout_Slowloris_Slowhttptest,6021,xgb,TSC,DoS,0.1,1.0,1.8962,0.9
cicids2017,R4_holdout_Slowloris_Slowhttptest,6021,xgb,TSC,Benign,0.2,0.7998,1.7998,0.8
cicids2017,R4_holdout_Slowloris_Slowhttptest,6021,xgb,TSC,DoS,0.2,1.0,1.8206,0.8
cicids2017,R4_holdout_Slowloris_Slowhttptest,6021,xgb,SHC,Benign,0.05,0.95,0.9502,0.95
cicids2017,R4_holdout_Slowloris_Slowhttptest,6021,xgb,SHC,DoS,0.05,0.2744,1.2026,0.95
cicids2017,R4_holdout_Slowloris_Slowhttptest,6021,xgb,SHC,Benign,0.1,0.8998,0.9,0.9
cicids2017,R4_holdout_Slowloris_Slowhttptest,6021,xgb,SHC,DoS,0.1,0.1776,1.074,0.9
cicids2017,R4_holdout_Slowloris_Slowhttptest,6021,xgb,SHC,Benign,0.2,0.7999,0.8,0.8
cicids2017,R4_holdout_Slowloris_Slowhttptest,6021,xgb,SHC,DoS,0.2,0.0431,0.8646,0.8
cicids2017,R4_holdout_Slowloris_Slowhttptest,6021,mlp,REC,Benign,0.05,0.9499,1.9499,0.95
cicids2017,R4_holdout_Slowloris_Slowhttptest,6021,mlp,REC,DoS,0.05,1.0,1.9121,0.95
cicids2017,R4_holdout_Slowloris_Slowhttptest,6021,mlp,REC,Benign,0.1,0.9002,1.9002,0.9
cicids2017,R4_holdout_Slowloris_Slowhttptest,6021,mlp,REC,DoS,0.1,1.0,1.8781,0.9
cicids2017,R4_holdout_Slowloris_Slowhttptest,6021,mlp,REC,Benign,0.2,0.8008,1.8008,0.8
cicids2017,R4_holdout_Slowloris_Slowhttptest,6021,mlp,REC,DoS,0.2,1.0,1.8144,0.8
cicids2017,R4_holdout_Slowloris_Slowhttptest,6021,mlp,TSC,Benign,0.05,0.9491,1.9491,0.95
cicids2017,R4_holdout_Slowloris_Slowhttptest,6021,mlp,TSC,DoS,0.05,1.0,1.9114,0.95
cicids2017,R4_holdout_Slowloris_Slowhttptest,6021,mlp,TSC,Benign,0.1,0.8992,1.8992,0.9
cicids2017,R4_holdout_Slowloris_Slowhttptest,6021,mlp,TSC,DoS,0.1,1.0,1.8774,0.9
cicids2017,R4_holdout_Slowloris_Slowhttptest,6021,mlp,TSC,Benign,0.2,0.7994,1.7994,0.8
cicids2017,R4_holdout_Slowloris_Slowhttptest,6021,mlp,TSC,DoS,0.2,1.0,1.8137,0.8
cicids2017,R4_holdout_Slowloris_Slowhttptest,6021,mlp,SHC,Benign,0.05,0.9505,0.9507,0.95
cicids2017,R4_holdout_Slowloris_Slowhttptest,6021,mlp,SHC,DoS,0.05,0.3107,1.2232,0.95
cicids2017,R4_holdout_Slowloris_Slowhttptest,6021,mlp,SHC,Benign,0.1,0.9004,0.9006,0.9
cicids2017,R4_holdout_Slowloris_Slowhttptest,6021,mlp,SHC,DoS,0.1,0.2726,1.151,0.9
cicids2017,R4_holdout_Slowloris_Slowhttptest,6021,mlp,SHC,Benign,0.2,0.7997,0.7999,0.8
cicids2017,R4_holdout_Slowloris_Slowhttptest,6021,mlp,SHC,DoS,0.2,0.2119,1.0257,0.8
cicids2017,R4_holdout_Slowloris_Slowhttptest,88,rf,REC,Benign,0.05,0.9505,1.9505,0.95
cicids2017,R4_holdout_Slowloris_Slowhttptest,88,rf,REC,DoS,0.05,1.0,1.924,0.95
cicids2017,R4_holdout_Slowloris_Slowhttptest,88,rf,REC,Benign,0.1,0.9005,1.9005,0.9
cicids2017,R4_holdout_Slowloris_Slowhttptest,88,rf,REC,DoS,0.1,1.0,1.8826,0.9
cicids2017,R4_holdout_Slowloris_Slowhttptest,88,rf,REC,Benign,0.2,0.8005,1.8005,0.8
cicids2017,R4_holdout_Slowloris_Slowhttptest,88,rf,REC,DoS,0.2,1.0,1.7907,0.8
cicids2017,R4_holdout_Slowloris_Slowhttptest,88,rf,TSC,Benign,0.05,0.9504,1.9504,0.95
cicids2017,R4_holdout_Slowloris_Slowhttptest,88,rf,TSC,DoS,0.05,1.0,1.9239,0.95
cicids2017,R4_holdout_Slowloris_Slowhttptest,88,rf,TSC,Benign,0.1,0.9005,1.9005,0.9
cicids2017,R4_holdout_Slowloris_Slowhttptest,88,rf,TSC,DoS,0.1,1.0,1.8827,0.9
cicids2017,R4_holdout_Slowloris_Slowhttptest,88,rf,TSC,Benign,0.2,0.8004,1.8004,0.8
cicids2017,R4_holdout_Slowloris_Slowhttptest,88,rf,TSC,DoS,0.2,1.0,1.7905,0.8
cicids2017,R4_holdout_Slowloris_Slowhttptest,88,rf,SHC,Benign,0.05,0.9501,0.9503,0.95
cicids2017,R4_holdout_Slowloris_Slowhttptest,88,rf,SHC,DoS,0.05,0.1532,1.0766,0.95
cicids2017,R4_holdout_Slowloris_Slowhttptest,88,rf,SHC,Benign,0.1,0.8999,0.9,0.9
cicids2017,R4_holdout_Slowloris_Slowhttptest,88,rf,SHC,DoS,0.1,0.0768,0.9589,0.9
cicids2017,R4_holdout_Slowloris_Slowhttptest,88,rf,SHC,Benign,0.2,0.7991,0.7992,0.8
cicids2017,R4_holdout_Slowloris_Slowhttptest,88,rf,SHC,DoS,0.2,0.0375,0.827,0.8
cicids2017,R4_holdout_Slowloris_Slowhttptest,88,xgb,REC,Benign,0.05,0.95,1.95,0.95
cicids2017,R4_holdout_Slowloris_Slowhttptest,88,xgb,REC,DoS,0.05,1.0,1.9299,0.95
cicids2017,R4_holdout_Slowloris_Slowhttptest,88,xgb,REC,Benign,0.1,0.8997,1.8997,0.9
cicids2017,R4_holdout_Slowloris_Slowhttptest,88,xgb,REC,DoS,0.1,1.0,1.8958,0.9
cicids2017,R4_holdout_Slowloris_Slowhttptest,88,xgb,REC,Benign,0.2,0.7998,1.7998,0.8
cicids2017,R4_holdout_Slowloris_Slowhttptest,88,xgb,REC,DoS,0.2,1.0,1.8188,0.8
cicids2017,R4_holdout_Slowloris_Slowhttptest,88,xgb,TSC,Benign,0.05,0.9503,1.9503,0.95
cicids2017,R4_holdout_Slowloris_Slowhttptest,88,xgb,TSC,DoS,0.05,1.0,1.93,0.95
cicids2017,R4_holdout_Slowloris_Slowhttptest,88,xgb,TSC,Benign,0.1,0.9005,1.9005,0.9
cicids2017,R4_holdout_Slowloris_Slowhttptest,88,xgb,TSC,DoS,0.1,1.0,1.8961,0.9
cicids2017,R4_holdout_Slowloris_Slowhttptest,88,xgb,TSC,Benign,0.2,0.8003,1.8003,0.8
cicids2017,R4_holdout_Slowloris_Slowhttptest,88,xgb,TSC,DoS,0.2,1.0,1.8192,0.8
cicids2017,R4_holdout_Slowloris_Slowhttptest,88,xgb,SHC,Benign,0.05,0.9497,0.9499,0.95
cicids2017,R4_holdout_Slowloris_Slowhttptest,88,xgb,SHC,DoS,0.05,0.274,1.2033,0.95
cicids2017,R4_holdout_Slowloris_Slowhttptest,88,xgb,SHC,Benign,0.1,0.8993,0.8995,0.9
cicids2017,R4_holdout_Slowloris_Slowhttptest,88,xgb,SHC,DoS,0.1,0.1775,1.0728,0.9
cicids2017,R4_holdout_Slowloris_Slowhttptest,88,xgb,SHC,Benign,0.2,0.7987,0.7988,0.8
cicids2017,R4_holdout_Slowloris_Slowhttptest,88,xgb,SHC,DoS,0.2,0.0393,0.8572,0.8
cicids2017,R4_holdout_Slowloris_Slowhttptest,88,mlp,REC,Benign,0.05,0.9487,1.9487,0.95
cicids2017,R4_holdout_Slowloris_Slowhttptest,88,mlp,REC,DoS,0.05,1.0,1.6323,0.95
cicids2017,R4_holdout_Slowloris_Slowhttptest,88,mlp,REC,Benign,0.1,0.8983,1.8983,0.9
cicids2017,R4_holdout_Slowloris_Slowhttptest,88,mlp,REC,DoS,0.1,1.0,1.596,0.9
cicids2017,R4_holdout_Slowloris_Slowhttptest,88,mlp,REC,Benign,0.2,0.7981,1.7981,0.8
cicids2017,R4_holdout_Slowloris_Slowhttptest,88,mlp,REC,DoS,0.2,1.0,1.5323,0.8
cicids2017,R4_holdout_Slowloris_Slowhttptest,88,mlp,TSC,Benign,0.05,0.9491,1.9491,0.95
cicids2017,R4_holdout_Slowloris_Slowhttptest,88,mlp,TSC,DoS,0.05,1.0,1.6328,0.95
cicids2017,R4_holdout_Slowloris_Slowhttptest,88,mlp,TSC,Benign,0.1,0.899,1.899,0.9
cicids2017,R4_holdout_Slowloris_Slowhttptest,88,mlp,TSC,DoS,0.1,1.0,1.5967,0.9
cicids2017,R4_holdout_Slowloris_Slowhttptest,88,mlp,TSC,Benign,0.2,0.7994,1.7994,0.8
cicids2017,R4_holdout_Slowloris_Slowhttptest,88,mlp,TSC,DoS,0.2,1.0,1.5326,0.8
cicids2017,R4_holdout_Slowloris_Slowhttptest,88,mlp,SHC,Benign,0.05,0.9508,0.9511,0.95
cicids2017,R4_holdout_Slowloris_Slowhttptest,88,mlp,SHC,DoS,0.05,0.3373,0.9715,0.95
cicids2017,R4_holdout_Slowloris_Slowhttptest,88,mlp,SHC,Benign,0.1,0.901,0.9013,0.9
cicids2017,R4_holdout_Slowloris_Slowhttptest,88,mlp,SHC,DoS,0.1,0.3182,0.9163,0.9
cicids2017,R4_holdout_Slowloris_Slowhttptest,88,mlp,SHC,Benign,0.2,0.7998,0.8,0.8
cicids2017,R4_holdout_Slowloris_Slowhttptest,88,mlp,SHC,DoS,0.2,0.2817,0.8149,0.8
cicids2017,R4_holdout_Slowloris_Slowhttptest,3407,rf,REC,Benign,0.05,0.9498,1.9498,0.95
cicids2017,R4_holdout_Slowloris_Slowhttptest,3407,rf,REC,DoS,0.05,1.0,1.9009,0.95
cicids2017,R4_holdout_Slowloris_Slowhttptest,3407,rf,REC,Benign,0.1,0.8999,1.8999,0.9
cicids2017,R4_holdout_Slowloris_Slowhttptest,3407,rf,REC,DoS,0.1,1.0,1.8396,0.9
cicids2017,R4_holdout_Slowloris_Slowhttptest,3407,rf,REC,Benign,0.2,0.7995,1.7995,0.8
cicids2017,R4_holdout_Slowloris_Slowhttptest,3407,rf,REC,DoS,0.2,1.0,1.7221,0.8
cicids2017,R4_holdout_Slowloris_Slowhttptest,3407,rf,TSC,Benign,0.05,0.9502,1.9502,0.95
cicids2017,R4_holdout_Slowloris_Slowhttptest,3407,rf,TSC,DoS,0.05,1.0,1.901,0.95
cicids2017,R4_holdout_Slowloris_Slowhttptest,3407,rf,TSC,Benign,0.1,0.9,1.9,0.9
cicids2017,R4_holdout_Slowloris_Slowhttptest,3407,rf,TSC,DoS,0.1,1.0,1.8399,0.9
cicids2017,R4_holdout_Slowloris_Slowhttptest,3407,rf,TSC,Benign,0.2,0.7996,1.7996,0.8
cicids2017,R4_holdout_Slowloris_Slowhttptest,3407,rf,TSC,DoS,0.2,1.0,1.7225,0.8
cicids2017,R4_holdout_Slowloris_Slowhttptest,3407,rf,SHC,Benign,0.05,0.9498,0.9499,0.95
cicids2017,R4_holdout_Slowloris_Slowhttptest,3407,rf,SHC,DoS,0.05,0.3451,1.2454,0.95
cicids2017,R4_holdout_Slowloris_Slowhttptest,3407,rf,SHC,Benign,0.1,0.8997,0.8998,0.9
cicids2017,R4_holdout_Slowloris_Slowhttptest,3407,rf,SHC,DoS,0.1,0.3293,1.1688,0.9
cicids2017,R4_holdout_Slowloris_Slowhttptest,3407,rf,SHC,Benign,0.2,0.8004,0.8005,0.8
cicids2017,R4_holdout_Slowloris_Slowhttptest,3407,rf,SHC,DoS,0.2,0.3052,1.0285,0.8
cicids2017,R4_holdout_Slowloris_Slowhttptest,3407,xgb,REC,Benign,0.05,0.9498,1.9498,0.95
cicids2017,R4_holdout_Slowloris_Slowhttptest,3407,xgb,REC,DoS,0.05,1.0,1.9276,0.95
cicids2017,R4_holdout_Slowloris_Slowhttptest,3407,xgb,REC,Benign,0.1,0.8996,1.8996,0.9
cicids2017,R4_holdout_Slowloris_Slowhttptest,3407,xgb,REC,DoS,0.1,1.0,1.8962,0.9
cicids2017,R4_holdout_Slowloris_Slowhttptest,3407,xgb,REC,Benign,0.2,0.7995,1.7995,0.8
cicids2017,R4_holdout_Slowloris_Slowhttptest,3407,xgb,REC,DoS,0.2,1.0,1.8193,0.8
cicids2017,R4_holdout_Slowloris_Slowhttptest,3407,xgb,TSC,Benign,0.05,0.9502,1.9502,0.95
cicids2017,R4_holdout_Slowloris_Slowhttptest,3407,xgb,TSC,DoS,0.05,1.0,1.9274,0.95
cicids2017,R4_holdout_Slowloris_Slowhttptest,3407,xgb,TSC,Benign,0.1,0.9002,1.9002,0.9
cicids2017,R4_holdout_Slowloris_Slowhttptest,3407,xgb,TSC,DoS,0.1,1.0,1.8969,0.9
cicids2017,R4_holdout_Slowloris_Slowhttptest,3407,xgb,TSC,Benign,0.2,0.8005,1.8005,0.8
cicids2017,R4_holdout_Slowloris_Slowhttptest,3407,xgb,TSC,DoS,0.2,1.0,1.8197,0.8
cicids2017,R4_holdout_Slowloris_Slowhttptest,3407,xgb,SHC,Benign,0.05,0.9496,0.9499,0.95
cicids2017,R4_holdout_Slowloris_Slowhttptest,3407,xgb,SHC,DoS,0.05,0.2653,1.1927,0.95
cicids2017,R4_holdout_Slowloris_Slowhttptest,3407,xgb,SHC,Benign,0.1,0.8996,0.8998,0.9
cicids2017,R4_holdout_Slowloris_Slowhttptest,3407,xgb,SHC,DoS,0.1,0.172,1.0685,0.9
cicids2017,R4_holdout_Slowloris_Slowhttptest,3407,xgb,SHC,Benign,0.2,0.7991,0.7992,0.8
cicids2017,R4_holdout_Slowloris_Slowhttptest,3407,xgb,SHC,DoS,0.2,0.0416,0.8605,0.8
cicids2017,R4_holdout_Slowloris_Slowhttptest,3407,mlp,REC,Benign,0.05,0.9513,1.9513,0.95
cicids2017,R4_holdout_Slowloris_Slowhttptest,3407,mlp,REC,DoS,0.05,1.0,1.9002,0.95
cicids2017,R4_holdout_Slowloris_Slowhttptest,3407,mlp,REC,Benign,0.1,0.9011,1.9011,0.9
cicids2017,R4_holdout_Slowloris_Slowhttptest,3407,mlp,REC,DoS,0.1,1.0,1.8533,0.9
cicids2017,R4_holdout_Slowloris_Slowhttptest,3407,mlp,REC,Benign,0.2,0.802,1.802,0.8
cicids2017,R4_holdout_Slowloris_Slowhttptest,3407,mlp,REC,DoS,0.2,1.0,1.76,0.8
cicids2017,R4_holdout_Slowloris_Slowhttptest,3407,mlp,TSC,Benign,0.05,0.9503,1.9503,0.95
cicids2017,R4_holdout_Slowloris_Slowhttptest,3407,mlp,TSC,DoS,0.05,1.0,1.8993,0.95
cicids2017,R4_holdout_Slowloris_Slowhttptest,3407,mlp,TSC,Benign,0.1,0.9001,1.9001,0.9
cicids2017,R4_holdout_Slowloris_Slowhttptest,3407,mlp,TSC,DoS,0.1,1.0,1.8526,0.9
cicids2017,R4_holdout_Slowloris_Slowhttptest,3407,mlp,TSC,Benign,0.2,0.8015,1.8015,0.8
cicids2017,R4_holdout_Slowloris_Slowhttptest,3407,mlp,TSC,DoS,0.2,1.0,1.7593,0.8
cicids2017,R4_holdout_Slowloris_Slowhttptest,3407,mlp,SHC,Benign,0.05,0.9501,0.9502,0.95
cicids2017,R4_holdout_Slowloris_Slowhttptest,3407,mlp,SHC,DoS,0.05,0.0529,0.9522,0.95
cicids2017,R4_holdout_Slowloris_Slowhttptest,3407,mlp,SHC,Benign,0.1,0.8992,0.8993,0.9
cicids2017,R4_holdout_Slowloris_Slowhttptest,3407,mlp,SHC,DoS,0.1,0.0492,0.9006,0.9
cicids2017,R4_holdout_Slowloris_Slowhttptest,3407,mlp,SHC,Benign,0.2,0.8014,0.8016,0.8
cicids2017,R4_holdout_Slowloris_Slowhttptest,3407,mlp,SHC,DoS,0.2,0.0428,0.8027,0.8
cicids2017,R4_holdout_Slowloris_Slowhttptest,12345,rf,REC,Benign,0.05,0.9505,1.9505,0.95
cicids2017,R4_holdout_Slowloris_Slowhttptest,12345,rf,REC,DoS,0.05,1.0,1.9289,0.95
cicids2017,R4_holdout_Slowloris_Slowhttptest,12345,rf,REC,Benign,0.1,0.8999,1.8999,0.9
cicids2017,R4_holdout_Slowloris_Slowhttptest,12345,rf,REC,DoS,0.1,1.0,1.8949,0.9
cicids2017,R4_holdout_Slowloris_Slowhttptest,12345,rf,REC,Benign,0.2,0.7988,1.7988,0.8
cicids2017,R4_holdout_Slowloris_Slowhttptest,12345,rf,REC,DoS,0.2,1.0,1.8201,0.8
cicids2017,R4_holdout_Slowloris_Slowhttptest,12345,rf,TSC,Benign,0.05,0.9508,1.9508,0.95
cicids2017,R4_holdout_Slowloris_Slowhttptest,12345,rf,TSC,DoS,0.05,1.0,1.9294,0.95
cicids2017,R4_holdout_Slowloris_Slowhttptest,12345,rf,TSC,Benign,0.1,0.9009,1.9009,0.9
cicids2017,R4_holdout_Slowloris_Slowhttptest,12345,rf,TSC,DoS,0.1,1.0,1.8954,0.9
cicids2017,R4_holdout_Slowloris_Slowhttptest,12345,rf,TSC,Benign,0.2,0.8011,1.8011,0.8
cicids2017,R4_holdout_Slowloris_Slowhttptest,12345,rf,TSC,DoS,0.2,1.0,1.8219,0.8
cicids2017,R4_holdout_Slowloris_Slowhttptest,12345,rf,SHC,Benign,0.05,0.9509,0.951,0.95
cicids2017,R4_holdout_Slowloris_Slowhttptest,12345,rf,SHC,DoS,0.05,0.2707,1.1998,0.95
cicids2017,R4_holdout_Slowloris_Slowhttptest,12345,rf,SHC,Benign,0.1,0.9013,0.9014,0.9
cicids2017,R4_holdout_Slowloris_Slowhttptest,12345,rf,SHC,DoS,0.1,0.2169,1.1128,0.9
cicids2017,R4_holdout_Slowloris_Slowhttptest,12345,rf,SHC,Benign,0.2,0.8011,0.8012,0.8
cicids2017,R4_holdout_Slowloris_Slowhttptest,12345,rf,SHC,DoS,0.2,0.1218,0.9434,0.8
cicids2017,R4_holdout_Slowloris_Slowhttptest,12345,xgb,REC,Benign,0.05,0.9497,1.9497,0.95
cicids2017,R4_holdout_Slowloris_Slowhttptest,12345,xgb,REC,DoS,0.05,1.0,1.9275,0.95
cicids2017,R4_holdout_Slowloris_Slowhttptest,12345,xgb,REC,Benign,0.1,0.8991,1.8991,0.9
cicids2017,R4_holdout_Slowloris_Slowhttptest,12345,xgb,REC,DoS,0.1,1.0,1.8945,0.9
cicids2017,R4_holdout_Slowloris_Slowhttptest,12345,xgb,REC,Benign,0.2,0.7996,1.7996,0.8
cicids2017,R4_holdout_Slowloris_Slowhttptest,12345,xgb,REC,DoS,0.2,1.0,1.8182,0.8
cicids2017,R4_holdout_Slowloris_Slowhttptest,12345,xgb,TSC,Benign,0.05,0.9501,1.9501,0.95
cicids2017,R4_holdout_Slowloris_Slowhttptest,12345,xgb,TSC,DoS,0.05,1.0,1.9279,0.95
cicids2017,R4_holdout_Slowloris_Slowhttptest,12345,xgb,TSC,Benign,0.1,0.9002,1.9002,0.9
cicids2017,R4_holdout_Slowloris_Slowhttptest,12345,xgb,TSC,DoS,0.1,1.0,1.8952,0.9
cicids2017,R4_holdout_Slowloris_Slowhttptest,12345,xgb,TSC,Benign,0.2,0.8006,1.8006,0.8
cicids2017,R4_holdout_Slowloris_Slowhttptest,12345,xgb,TSC,DoS,0.2,1.0,1.8189,0.8
cicids2017,R4_holdout_Slowloris_Slowhttptest,12345,xgb,SHC,Benign,0.05,0.9494,0.9496,0.95
cicids2017,R4_holdout_Slowloris_Slowhttptest,12345,xgb,SHC,DoS,0.05,0.2697,1.1968,0.95
cicids2017,R4_holdout_Slowloris_Slowhttptest,12345,xgb,SHC,Benign,0.1,0.8994,0.8996,0.9
cicids2017,R4_holdout_Slowloris_Slowhttptest,12345,xgb,SHC,DoS,0.1,0.1705,1.0655,0.9
cicids2017,R4_holdout_Slowloris_Slowhttptest,12345,xgb,SHC,Benign,0.2,0.7993,0.7994,0.8
cicids2017,R4_holdout_Slowloris_Slowhttptest,12345,xgb,SHC,DoS,0.2,0.0397,0.8575,0.8
cicids2017,R4_holdout_Slowloris_Slowhttptest,12345,mlp,REC,Benign,0.05,0.9507,1.9507,0.95
cicids2017,R4_holdout_Slowloris_Slowhttptest,12345,mlp,REC,DoS,0.05,1.0,1.6019,0.95
cicids2017,R4_holdout_Slowloris_Slowhttptest,12345,mlp,REC,Benign,0.1,0.9005,1.9005,0.9
cicids2017,R4_holdout_Slowloris_Slowhttptest,12345,mlp,REC,DoS,0.1,1.0,1.572,0.9
cicids2017,R4_holdout_Slowloris_Slowhttptest,12345,mlp,REC,Benign,0.2,0.8002,1.8002,0.8
cicids2017,R4_holdout_Slowloris_Slowhttptest,12345,mlp,REC,DoS,0.2,1.0,1.5092,0.8
cicids2017,R4_holdout_Slowloris_Slowhttptest,12345,mlp,TSC,Benign,0.05,0.9506,1.9506,0.95
cicids2017,R4_holdout_Slowloris_Slowhttptest,12345,mlp,TSC,DoS,0.05,1.0,1.6017,0.95
cicids2017,R4_holdout_Slowloris_Slowhttptest,12345,mlp,TSC,Benign,0.1,0.9002,1.9002,0.9
cicids2017,R4_holdout_Slowloris_Slowhttptest,12345,mlp,TSC,DoS,0.1,1.0,1.5716,0.9
cicids2017,R4_holdout_Slowloris_Slowhttptest,12345,mlp,TSC,Benign,0.2,0.799,1.799,0.8
cicids2017,R4_holdout_Slowloris_Slowhttptest,12345,mlp,TSC,DoS,0.2,1.0,1.5081,0.8
cicids2017,R4_holdout_Slowloris_Slowhttptest,12345,mlp,SHC,Benign,0.05,0.9502,0.9504,0.95
cicids2017,R4_holdout_Slowloris_Slowhttptest,12345,mlp,SHC,DoS,0.05,0.3522,0.9537,0.95
cicids2017,R4_holdout_Slowloris_Slowhttptest,12345,mlp,SHC,Benign,0.1,0.9003,0.9005,0.9
cicids2017,R4_holdout_Slowloris_Slowhttptest,12345,mlp,SHC,DoS,0.1,0.3354,0.9072,0.9
cicids2017,R4_holdout_Slowloris_Slowhttptest,12345,mlp,SHC,Benign,0.2,0.7992,0.7994,0.8
cicids2017,R4_holdout_Slowloris_Slowhttptest,12345,mlp,SHC,DoS,0.2,0.298,0.8065,0.8
cicids2017,R5_holdout_GoldenEye_Slowloris,42,rf,REC,Benign,0.05,0.9498,1.9498,0.95
cicids2017,R5_holdout_GoldenEye_Slowloris,42,rf,REC,DoS,0.05,1.0,1.672,0.95
cicids2017,R5_holdout_GoldenEye_Slowloris,42,rf,REC,Benign,0.1,0.8994,1.8994,0.9
cicids2017,R5_holdout_GoldenEye_Slowloris,42,rf,REC,DoS,0.1,1.0,1.6533,0.9
cicids2017,R5_holdout_GoldenEye_Slowloris,42,rf,REC,Benign,0.2,0.7996,1.7996,0.8
cicids2017,R5_holdout_GoldenEye_Slowloris,42,rf,REC,DoS,0.2,1.0,1.6147,0.8
cicids2017,R5_holdout_GoldenEye_Slowloris,42,rf,TSC,Benign,0.05,0.9505,1.9505,0.95
cicids2017,R5_holdout_GoldenEye_Slowloris,42,rf,TSC,DoS,0.05,1.0,1.672,0.95
cicids2017,R5_holdout_GoldenEye_Slowloris,42,rf,TSC,Benign,0.1,0.9005,1.9005,0.9
cicids2017,R5_holdout_GoldenEye_Slowloris,42,rf,TSC,DoS,0.1,1.0,1.6537,0.9
cicids2017,R5_holdout_GoldenEye_Slowloris,42,rf,TSC,Benign,0.2,0.8016,1.8016,0.8
cicids2017,R5_holdout_GoldenEye_Slowloris,42,rf,TSC,DoS,0.2,1.0,1.6154,0.8
cicids2017,R5_holdout_GoldenEye_Slowloris,42,rf,SHC,Benign,0.05,0.949,0.9492,0.95
cicids2017,R5_holdout_GoldenEye_Slowloris,42,rf,SHC,DoS,0.05,0.5726,1.2444,0.95
cicids2017,R5_holdout_GoldenEye_Slowloris,42,rf,SHC,Benign,0.1,0.8992,0.8993,0.9
cicids2017,R5_holdout_GoldenEye_Slowloris,42,rf,SHC,DoS,0.1,0.5151,1.1684,0.9
cicids2017,R5_holdout_GoldenEye_Slowloris,42,rf,SHC,Benign,0.2,0.801,0.8011,0.8
cicids2017,R5_holdout_GoldenEye_Slowloris,42,rf,SHC,DoS,0.2,0.4022,1.0172,0.8
cicids2017,R5_holdout_GoldenEye_Slowloris,42,xgb,REC,Benign,0.05,0.9495,1.9495,0.95
cicids2017,R5_holdout_GoldenEye_Slowloris,42,xgb,REC,DoS,0.05,1.0,1.3571,0.95
cicids2017,R5_holdout_GoldenEye_Slowloris,42,xgb,REC,Benign,0.1,0.8998,1.8998,0.9
cicids2017,R5_holdout_GoldenEye_Slowloris,42,xgb,REC,DoS,0.1,1.0,1.341,0.9
cicids2017,R5_holdout_GoldenEye_Slowloris,42,xgb,REC,Benign,0.2,0.8013,1.1014,0.8
cicids2017,R5_holdout_GoldenEye_Slowloris,42,xgb,REC,DoS,0.2,0.8609,1.1726,0.8
cicids2017,R5_holdout_GoldenEye_Slowloris,42,xgb,TSC,Benign,0.05,0.9495,1.9495,0.95
cicids2017,R5_holdout_GoldenEye_Slowloris,42,xgb,TSC,DoS,0.05,1.0,1.357,0.95
cicids2017,R5_holdout_GoldenEye_Slowloris,42,xgb,TSC,Benign,0.1,0.9001,1.9001,0.9
cicids2017,R5_holdout_GoldenEye_Slowloris,42,xgb,TSC,DoS,0.1,1.0,1.341,0.9
cicids2017,R5_holdout_GoldenEye_Slowloris,42,xgb,TSC,Benign,0.2,0.8008,1.3009,0.8
cicids2017,R5_holdout_GoldenEye_Slowloris,42,xgb,TSC,DoS,0.2,0.8963,1.2077,0.8
cicids2017,R5_holdout_GoldenEye_Slowloris,42,xgb,SHC,Benign,0.05,0.9503,0.9504,0.95
cicids2017,R5_holdout_GoldenEye_Slowloris,42,xgb,SHC,DoS,0.05,0.7234,1.0807,0.95
cicids2017,R5_holdout_GoldenEye_Slowloris,42,xgb,SHC,Benign,0.1,0.9008,0.9009,0.9
cicids2017,R5_holdout_GoldenEye_Slowloris,42,xgb,SHC,DoS,0.1,0.6673,1.0086,0.9
cicids2017,R5_holdout_GoldenEye_Slowloris,42,xgb,SHC,Benign,0.2,0.8011,0.8011,0.8
cicids2017,R5_holdout_GoldenEye_Slowloris,42,xgb,SHC,DoS,0.2,0.5702,0.8818,0.8
cicids2017,R5_holdout_GoldenEye_Slowloris,42,mlp,REC,Benign,0.05,0.9495,1.9495,0.95
cicids2017,R5_holdout_GoldenEye_Slowloris,42,mlp,REC,DoS,0.05,1.0,1.3931,0.95
cicids2017,R5_holdout_GoldenEye_Slowloris,42,mlp,REC,Benign,0.1,0.8984,1.8984,0.9
cicids2017,R5_holdout_GoldenEye_Slowloris,42,mlp,REC,DoS,0.1,1.0,1.3662,0.9
cicids2017,R5_holdout_GoldenEye_Slowloris,42,mlp,REC,Benign,0.2,0.7982,1.7982,0.8
cicids2017,R5_holdout_GoldenEye_Slowloris,42,mlp,REC,DoS,0.2,1.0,1.3153,0.8
cicids2017,R5_holdout_GoldenEye_Slowloris,42,mlp,TSC,Benign,0.05,0.9493,1.9493,0.95
cicids2017,R5_holdout_GoldenEye_Slowloris,42,mlp,TSC,DoS,0.05,1.0,1.3931,0.95
cicids2017,R5_holdout_GoldenEye_Slowloris,42,mlp,TSC,Benign,0.1,0.8989,1.8989,0.9
cicids2017,R5_holdout_GoldenEye_Slowloris,42,mlp,TSC,DoS,0.1,1.0,1.3668,0.9
cicids2017,R5_holdout_GoldenEye_Slowloris,42,mlp,TSC,Benign,0.2,0.7983,1.7983,0.8
cicids2017,R5_holdout_GoldenEye_Slowloris,42,mlp,TSC,DoS,0.2,1.0,1.3156,0.8
cicids2017,R5_holdout_GoldenEye_Slowloris,42,mlp,SHC,Benign,0.05,0.9499,0.9501,0.95
cicids2017,R5_holdout_GoldenEye_Slowloris,42,mlp,SHC,DoS,0.05,0.6223,1.0155,0.95
cicids2017,R5_holdout_GoldenEye_Slowloris,42,mlp,SHC,Benign,0.1,0.9,0.9001,0.9
cicids2017,R5_holdout_GoldenEye_Slowloris,42,mlp,SHC,DoS,0.1,0.5905,0.9575,0.9
cicids2017,R5_holdout_GoldenEye_Slowloris,42,mlp,SHC,Benign,0.2,0.7998,0.8,0.8
cicids2017,R5_holdout_GoldenEye_Slowloris,42,mlp,SHC,DoS,0.2,0.5252,0.8414,0.8
cicids2017,R5_holdout_GoldenEye_Slowloris,1337,rf,REC,Benign,0.05,0.9498,1.9498,0.95
cicids2017,R5_holdout_GoldenEye_Slowloris,1337,rf,REC,DoS,0.05,1.0,1.6798,0.95
cicids2017,R5_holdout_GoldenEye_Slowloris,1337,rf,REC,Benign,0.1,0.9001,1.9001,0.9
cicids2017,R5_holdout_GoldenEye_Slowloris,1337,rf,REC,DoS,0.1,1.0,1.6586,0.9
cicids2017,R5_holdout_GoldenEye_Slowloris,1337,rf,REC,Benign,0.2,0.8007,1.8007,0.8
cicids2017,R5_holdout_GoldenEye_Slowloris,1337,rf,REC,DoS,0.2,1.0,1.6189,0.8
cicids2017,R5_holdout_GoldenEye_Slowloris,1337,rf,TSC,Benign,0.05,0.9498,1.9498,0.95
cicids2017,R5_holdout_GoldenEye_Slowloris,1337,rf,TSC,DoS,0.05,1.0,1.6798,0.95
cicids2017,R5_holdout_GoldenEye_Slowloris,1337,rf,TSC,Benign,0.1,0.8995,1.8995,0.9
cicids2017,R5_holdout_GoldenEye_Slowloris,1337,rf,TSC,DoS,0.1,1.0,1.6585,0.9
cicids2017,R5_holdout_GoldenEye_Slowloris,1337,rf,TSC,Benign,0.2,0.8007,1.8007,0.8
cicids2017,R5_holdout_GoldenEye_Slowloris,1337,rf,TSC,DoS,0.2,1.0,1.619,0.8
cicids2017,R5_holdout_GoldenEye_Slowloris,1337,rf,SHC,Benign,0.05,0.9501,0.9502,0.95
cicids2017,R5_holdout_GoldenEye_Slowloris,1337,rf,SHC,DoS,0.05,0.5689,1.2489,0.95
cicids2017,R5_holdout_GoldenEye_Slowloris,1337,rf,SHC,Benign,0.1,0.9001,0.9002,0.9
cicids2017,R5_holdout_GoldenEye_Slowloris,1337,rf,SHC,DoS,0.1,0.5191,1.1777,0.9
cicids2017,R5_holdout_GoldenEye_Slowloris,1337,rf,SHC,Benign,0.2,0.7996,0.7997,0.8
cicids2017,R5_holdout_GoldenEye_Slowloris,1337,rf,SHC,DoS,0.2,0.4202,1.0389,0.8
cicids2017,R5_holdout_GoldenEye_Slowloris,1337,xgb,REC,Benign,0.05,0.9501,1.9501,0.95
cicids2017,R5_holdout_GoldenEye_Slowloris,1337,xgb,REC,DoS,0.05,1.0,1.3553,0.95
cicids2017,R5_holdout_GoldenEye_Slowloris,1337,xgb,REC,Benign,0.1,0.9,1.9,0.9
cicids2017,R5_holdout_GoldenEye_Slowloris,1337,xgb,REC,DoS,0.1,1.0,1.3401,0.9
cicids2017,R5_holdout_GoldenEye_Slowloris,1337,xgb,REC,Benign,0.2,0.7998,1.0,0.8
cicids2017,R5_holdout_GoldenEye_Slowloris,1337,xgb,REC,DoS,0.2,0.8401,1.1497,0.8
cicids2017,R5_holdout_GoldenEye_Slowloris,1337,xgb,TSC,Benign,0.05,0.9499,1.9499,0.95
cicids2017,R5_holdout_GoldenEye_Slowloris,1337,xgb,TSC,DoS,0.05,1.0,1.3552,0.95
cicids2017,R5_holdout_GoldenEye_Slowloris,1337,xgb,TSC,Benign,0.1,0.9005,1.9005,0.9
cicids2017,R5_holdout_GoldenEye_Slowloris,1337,xgb,TSC,DoS,0.1,1.0,1.3401,0.9
cicids2017,R5_holdout_GoldenEye_Slowloris,1337,xgb,TSC,Benign,0.2,0.8002,1.4002,0.8
cicids2017,R5_holdout_GoldenEye_Slowloris,1337,xgb,TSC,DoS,0.2,0.9198,1.2294,0.8
cicids2017,R5_holdout_GoldenEye_Slowloris,1337,xgb,SHC,Benign,0.05,0.9507,0.9509,0.95
cicids2017,R5_holdout_GoldenEye_Slowloris,1337,xgb,SHC,DoS,0.05,0.7232,1.0787,0.95
cicids2017,R5_holdout_GoldenEye_Slowloris,1337,xgb,SHC,Benign,0.1,0.9013,0.9014,0.9
cicids2017,R5_holdout_GoldenEye_Slowloris,1337,xgb,SHC,DoS,0.1,0.6676,1.0079,0.9
cicids2017,R5_holdout_GoldenEye_Slowloris,1337,xgb,SHC,Benign,0.2,0.8015,0.8016,0.8
cicids2017,R5_holdout_GoldenEye_Slowloris,1337,xgb,SHC,DoS,0.2,0.5738,0.8838,0.8
cicids2017,R5_holdout_GoldenEye_Slowloris,1337,mlp,REC,Benign,0.05,0.9496,1.9496,0.95
cicids2017,R5_holdout_GoldenEye_Slowloris,1337,mlp,REC,DoS,0.05,1.0,1.4251,0.95
cicids2017,R5_holdout_GoldenEye_Slowloris,1337,mlp,REC,Benign,0.1,0.8996,1.8996,0.9
cicids2017,R5_holdout_GoldenEye_Slowloris,1337,mlp,REC,DoS,0.1,1.0,1.4057,0.9
cicids2017,R5_holdout_GoldenEye_Slowloris,1337,mlp,REC,Benign,0.2,0.7996,1.7996,0.8
cicids2017,R5_holdout_GoldenEye_Slowloris,1337,mlp,REC,DoS,0.2,1.0,1.3653,0.8
cicids2017,R5_holdout_GoldenEye_Slowloris,1337,mlp,TSC,Benign,0.05,0.9499,1.9499,0.95
cicids2017,R5_holdout_GoldenEye_Slowloris,1337,mlp,TSC,DoS,0.05,1.0,1.4254,0.95
cicids2017,R5_holdout_GoldenEye_Slowloris,1337,mlp,TSC,Benign,0.1,0.9007,1.9007,0.9
cicids2017,R5_holdout_GoldenEye_Slowloris,1337,mlp,TSC,DoS,0.1,1.0,1.4058,0.9
cicids2017,R5_holdout_GoldenEye_Slowloris,1337,mlp,TSC,Benign,0.2,0.8011,1.8011,0.8
cicids2017,R5_holdout_GoldenEye_Slowloris,1337,mlp,TSC,DoS,0.2,1.0,1.3658,0.8
cicids2017,R5_holdout_GoldenEye_Slowloris,1337,mlp,SHC,Benign,0.05,0.9501,0.9503,0.95
cicids2017,R5_holdout_GoldenEye_Slowloris,1337,mlp,SHC,DoS,0.05,0.6311,1.0565,0.95
cicids2017,R5_holdout_GoldenEye_Slowloris,1337,mlp,SHC,Benign,0.1,0.9001,0.9003,0.9
cicids2017,R5_holdout_GoldenEye_Slowloris,1337,mlp,SHC,DoS,0.1,0.5877,0.9934,0.9
cicids2017,R5_holdout_GoldenEye_Slowloris,1337,mlp,SHC,Benign,0.2,0.7995,0.7997,0.8
cicids2017,R5_holdout_GoldenEye_Slowloris,1337,mlp,SHC,DoS,0.2,0.5092,0.8744,0.8
cicids2017,R5_holdout_GoldenEye_Slowloris,2024,rf,REC,Benign,0.05,0.9508,1.9508,0.95
cicids2017,R5_holdout_GoldenEye_Slowloris,2024,rf,REC,DoS,0.05,1.0,1.6553,0.95
cicids2017,R5_holdout_GoldenEye_Slowloris,2024,rf,REC,Benign,0.1,0.9004,1.9004,0.9
cicids2017,R5_holdout_GoldenEye_Slowloris,2024,rf,REC,DoS,0.1,1.0,1.6313,0.9
cicids2017,R5_holdout_GoldenEye_Slowloris,2024,rf,REC,Benign,0.2,0.8005,1.8005,0.8
cicids2017,R5_holdout_GoldenEye_Slowloris,2024,rf,REC,DoS,0.2,1.0,1.5854,0.8
cicids2017,R5_holdout_GoldenEye_Slowloris,2024,rf,TSC,Benign,0.05,0.9505,1.9505,0.95
cicids2017,R5_holdout_GoldenEye_Slowloris,2024,rf,TSC,DoS,0.05,1.0,1.655,0.95
cicids2017,R5_holdout_GoldenEye_Slowloris,2024,rf,TSC,Benign,0.1,0.9,1.9,0.9
cicids2017,R5_holdout_GoldenEye_Slowloris,2024,rf,TSC,DoS,0.1,1.0,1.6312,0.9
cicids2017,R5_holdout_GoldenEye_Slowloris,2024,rf,TSC,Benign,0.2,0.7992,1.7992,0.8
cicids2017,R5_holdout_GoldenEye_Slowloris,2024,rf,TSC,DoS,0.2,1.0,1.5845,0.8
cicids2017,R5_holdout_GoldenEye_Slowloris,2024,rf,SHC,Benign,0.05,0.9504,0.9506,0.95
cicids2017,R5_holdout_GoldenEye_Slowloris,2024,rf,SHC,DoS,0.05,0.5656,1.2209,0.95
cicids2017,R5_holdout_GoldenEye_Slowloris,2024,rf,SHC,Benign,0.1,0.9005,0.9007,0.9
cicids2017,R5_holdout_GoldenEye_Slowloris,2024,rf,SHC,DoS,0.1,0.5064,1.1378,0.9
cicids2017,R5_holdout_GoldenEye_Slowloris,2024,rf,SHC,Benign,0.2,0.8001,0.8003,0.8
cicids2017,R5_holdout_GoldenEye_Slowloris,2024,rf,SHC,DoS,0.2,0.3931,0.978,0.8
cicids2017,R5_holdout_GoldenEye_Slowloris,2024,xgb,REC,Benign,0.05,0.9495,1.9495,0.95
cicids2017,R5_holdout_GoldenEye_Slowloris,2024,xgb,REC,DoS,0.05,1.0,1.351,0.95
cicids2017,R5_holdout_GoldenEye_Slowloris,2024,xgb,REC,Benign,0.1,0.8993,1.8993,0.9
cicids2017,R5_holdout_GoldenEye_Slowloris,2024,xgb,REC,DoS,0.1,1.0,1.3366,0.9
cicids2017,R5_holdout_GoldenEye_Slowloris,2024,xgb,REC,Benign,0.2,0.7993,1.1994,0.8
cicids2017,R5_holdout_GoldenEye_Slowloris,2024,xgb,REC,DoS,0.2,0.8795,1.1876,0.8
cicids2017,R5_holdout_GoldenEye_Slowloris,2024,xgb,TSC,Benign,0.05,0.9499,1.9499,0.95
cicids2017,R5_holdout_GoldenEye_Slowloris,2024,xgb,TSC,DoS,0.05,1.0,1.3511,0.95
cicids2017,R5_holdout_GoldenEye_Slowloris,2024,xgb,TSC,Benign,0.1,0.8999,1.8999,0.9
cicids2017,R5_holdout_GoldenEye_Slowloris,2024,xgb,TSC,DoS,0.1,1.0,1.3368,0.9
cicids2017,R5_holdout_GoldenEye_Slowloris,2024,xgb,TSC,Benign,0.2,0.7994,1.0995,0.8
cicids2017,R5_holdout_GoldenEye_Slowloris,2024,xgb,TSC,DoS,0.2,0.8555,1.1634,0.8
cicids2017,R5_holdout_GoldenEye_Slowloris,2024,xgb,SHC,Benign,0.05,0.9503,0.9505,0.95
cicids2017,R5_holdout_GoldenEye_Slowloris,2024,xgb,SHC,DoS,0.05,0.7208,1.0719,0.95
cicids2017,R5_holdout_GoldenEye_Slowloris,2024,xgb,SHC,Benign,0.1,0.9001,0.9002,0.9
cicids2017,R5_holdout_GoldenEye_Slowloris,2024,xgb,SHC,DoS,0.1,0.6661,1.003,0.9
cicids2017,R5_holdout_GoldenEye_Slowloris,2024,xgb,SHC,Benign,0.2,0.7991,0.7992,0.8
cicids2017,R5_holdout_GoldenEye_Slowloris,2024,xgb,SHC,DoS,0.2,0.5735,0.8813,0.8
cicids2017,R5_holdout_GoldenEye_Slowloris,2024,mlp,REC,Benign,0.05,0.951,1.951,0.95
cicids2017,R5_holdout_GoldenEye_Slowloris,2024,mlp,REC,DoS,0.05,1.0,1.3965,0.95
cicids2017,R5_holdout_GoldenEye_Slowloris,2024,mlp,REC,Benign,0.1,0.9012,1.9012,0.9
cicids2017,R5_holdout_GoldenEye_Slowloris,2024,mlp,REC,DoS,0.1,1.0,1.3665,0.9
cicids2017,R5_holdout_GoldenEye_Slowloris,2024,mlp,REC,Benign,0.2,0.8006,1.8006,0.8
cicids2017,R5_holdout_GoldenEye_Slowloris,2024,mlp,REC,DoS,0.2,1.0,1.32,0.8
cicids2017,R5_holdout_GoldenEye_Slowloris,2024,mlp,TSC,Benign,0.05,0.9506,1.9506,0.95
cicids2017,R5_holdout_GoldenEye_Slowloris,2024,mlp,TSC,DoS,0.05,1.0,1.3961,0.95
cicids2017,R5_holdout_GoldenEye_Slowloris,2024,mlp,TSC,Benign,0.1,0.901,1.901,0.9
cicids2017,R5_holdout_GoldenEye_Slowloris,2024,mlp,TSC,DoS,0.1,1.0,1.3663,0.9
cicids2017,R5_holdout_GoldenEye_Slowloris,2024,mlp,TSC,Benign,0.2,0.8007,1.8007,0.8
cicids2017,R5_holdout_GoldenEye_Slowloris,2024,mlp,TSC,DoS,0.2,1.0,1.3199,0.8
cicids2017,R5_holdout_GoldenEye_Slowloris,2024,mlp,SHC,Benign,0.05,0.9505,0.9507,0.95
cicids2017,R5_holdout_GoldenEye_Slowloris,2024,mlp,SHC,DoS,0.05,0.6065,1.0022,0.95
cicids2017,R5_holdout_GoldenEye_Slowloris,2024,mlp,SHC,Benign,0.1,0.9017,0.9019,0.9
cicids2017,R5_holdout_GoldenEye_Slowloris,2024,mlp,SHC,DoS,0.1,0.5733,0.9397,0.9
cicids2017,R5_holdout_GoldenEye_Slowloris,2024,mlp,SHC,Benign,0.2,0.8019,0.8021,0.8
cicids2017,R5_holdout_GoldenEye_Slowloris,2024,mlp,SHC,DoS,0.2,0.512,0.8323,0.8
cicids2017,R5_holdout_GoldenEye_Slowloris,7,rf,REC,Benign,0.05,0.9496,1.9496,0.95
cicids2017,R5_holdout_GoldenEye_Slowloris,7,rf,REC,DoS,0.05,1.0,1.5083,0.95
cicids2017,R5_holdout_GoldenEye_Slowloris,7,rf,REC,Benign,0.1,0.9,1.9,0.9
cicids2017,R5_holdout_GoldenEye_Slowloris,7,rf,REC,DoS,0.1,1.0,1.4799,0.9
cicids2017,R5_holdout_GoldenEye_Slowloris,7,rf,REC,Benign,0.2,0.8004,1.8004,0.8
cicids2017,R5_holdout_GoldenEye_Slowloris,7,rf,REC,DoS,0.2,1.0,1.4248,0.8
cicids2017,R5_holdout_GoldenEye_Slowloris,7,rf,TSC,Benign,0.05,0.9497,1.9497,0.95
cicids2017,R5_holdout_GoldenEye_Slowloris,7,rf,TSC,DoS,0.05,1.0,1.5082,0.95
cicids2017,R5_holdout_GoldenEye_Slowloris,7,rf,TSC,Benign,0.1,0.8991,1.8991,0.9
cicids2017,R5_holdout_GoldenEye_Slowloris,7,rf,TSC,DoS,0.1,1.0,1.4795,0.9
cicids2017,R5_holdout_GoldenEye_Slowloris,7,rf,TSC,Benign,0.2,0.7994,1.7994,0.8
cicids2017,R5_holdout_GoldenEye_Slowloris,7,rf,TSC,DoS,0.2,1.0,1.4245,0.8
cicids2017,R5_holdout_GoldenEye_Slowloris,7,rf,SHC,Benign,0.05,0.9495,0.9496,0.95
cicids2017,R5_holdout_GoldenEye_Slowloris,7,rf,SHC,DoS,0.05,0.458,0.9663,0.95
cicids2017,R5_holdout_GoldenEye_Slowloris,7,rf,SHC,Benign,0.1,0.8994,0.8994,0.9
cicids2017,R5_holdout_GoldenEye_Slowloris,7,rf,SHC,DoS,0.1,0.4325,0.9123,0.9
cicids2017,R5_holdout_GoldenEye_Slowloris,7,rf,SHC,Benign,0.2,0.7996,0.7996,0.8
cicids2017,R5_holdout_GoldenEye_Slowloris,7,rf,SHC,DoS,0.2,0.3831,0.8073,0.8
cicids2017,R5_holdout_GoldenEye_Slowloris,7,xgb,REC,Benign,0.05,0.9497,1.9497,0.95
cicids2017,R5_holdout_GoldenEye_Slowloris,7,xgb,REC,DoS,0.05,1.0,1.3524,0.95
cicids2017,R5_holdout_GoldenEye_Slowloris,7,xgb,REC,Benign,0.1,0.9006,1.9006,0.9
cicids2017,R5_holdout_GoldenEye_Slowloris,7,xgb,REC,DoS,0.1,1.0,1.3372,0.9
cicids2017,R5_holdout_GoldenEye_Slowloris,7,xgb,REC,Benign,0.2,0.7999,1.0,0.8
cicids2017,R5_holdout_GoldenEye_Slowloris,7,xgb,REC,DoS,0.2,0.8411,1.1481,0.8
cicids2017,R5_holdout_GoldenEye_Slowloris,7,xgb,TSC,Benign,0.05,0.9492,1.9492,0.95
cicids2017,R5_holdout_GoldenEye_Slowloris,7,xgb,TSC,DoS,0.05,1.0,1.352,0.95
cicids2017,R5_holdout_GoldenEye_Slowloris,7,xgb,TSC,Benign,0.1,0.9001,1.9001,0.9
cicids2017,R5_holdout_GoldenEye_Slowloris,7,xgb,TSC,DoS,0.1,1.0,1.3371,0.9
cicids2017,R5_holdout_GoldenEye_Slowloris,7,xgb,TSC,Benign,0.2,0.8002,1.0003,0.8
cicids2017,R5_holdout_GoldenEye_Slowloris,7,xgb,TSC,DoS,0.2,0.8392,1.1464,0.8
cicids2017,R5_holdout_GoldenEye_Slowloris,7,xgb,SHC,Benign,0.05,0.9497,0.9498,0.95
cicids2017,R5_holdout_GoldenEye_Slowloris,7,xgb,SHC,DoS,0.05,0.7237,1.076,0.95
cicids2017,R5_holdout_GoldenEye_Slowloris,7,xgb,SHC,Benign,0.1,0.9003,0.9005,0.9
cicids2017,R5_holdout_GoldenEye_Slowloris,7,xgb,SHC,DoS,0.1,0.6665,1.0037,0.9
cicids2017,R5_holdout_GoldenEye_Slowloris,7,xgb,SHC,Benign,0.2,0.8004,0.8005,0.8
cicids2017,R5_holdout_GoldenEye_Slowloris,7,xgb,SHC,DoS,0.2,0.5722,0.8793,0.8
cicids2017,R5_holdout_GoldenEye_Slowloris,7,mlp,REC,Benign,0.05,0.9504,1.9504,0.95
cicids2017,R5_holdout_GoldenEye_Slowloris,7,mlp,REC,DoS,0.05,1.0,1.4636,0.95
cicids2017,R5_holdout_GoldenEye_Slowloris,7,mlp,REC,Benign,0.1,0.9006,1.9006,0.9
cicids2017,R5_holdout_GoldenEye_Slowloris,7,mlp,REC,DoS,0.1,1.0,1.4022,0.9
cicids2017,R5_holdout_GoldenEye_Slowloris,7,mlp,REC,Benign,0.2,0.8008,1.8008,0.8
cicids2017,R5_holdout_GoldenEye_Slowloris,7,mlp,REC,DoS,0.2,1.0,1.35,0.8
cicids2017,R5_holdout_GoldenEye_Slowloris,7,mlp,TSC,Benign,0.05,0.9506,1.9506,0.95
cicids2017,R5_holdout_GoldenEye_Slowloris,7,mlp,TSC,DoS,0.05,1.0,1.4637,0.95
cicids2017,R5_holdout_GoldenEye_Slowloris,7,mlp,TSC,Benign,0.1,0.9007,1.9007,0.9
cicids2017,R5_holdout_GoldenEye_Slowloris,7,mlp,TSC,DoS,0.1,1.0,1.4022,0.9
cicids2017,R5_holdout_GoldenEye_Slowloris,7,mlp,TSC,Benign,0.2,0.8014,1.8014,0.8
cicids2017,R5_holdout_GoldenEye_Slowloris,7,mlp,TSC,DoS,0.2,1.0,1.3503,0.8
cicids2017,R5_holdout_GoldenEye_Slowloris,7,mlp,SHC,Benign,0.05,0.9508,0.951,0.95
cicids2017,R5_holdout_GoldenEye_Slowloris,7,mlp,SHC,DoS,0.05,0.5831,1.0474,0.95
cicids2017,R5_holdout_GoldenEye_Slowloris,7,mlp,SHC,Benign,0.1,0.9012,0.9013,0.9
cicids2017,R5_holdout_GoldenEye_Slowloris,7,mlp,SHC,DoS,0.1,0.5547,0.9573,0.9
cicids2017,R5_holdout_GoldenEye_Slowloris,7,mlp,SHC,Benign,0.2,0.801,0.8012,0.8
cicids2017,R5_holdout_GoldenEye_Slowloris,7,mlp,SHC,DoS,0.2,0.4949,0.8452,0.8
cicids2017,R5_holdout_GoldenEye_Slowloris,91,rf,REC,Benign,0.05,0.9504,1.9504,0.95
cicids2017,R5_holdout_GoldenEye_Slowloris,91,rf,REC,DoS,0.05,1.0,1.673,0.95
cicids2017,R5_holdout_GoldenEye_Slowloris,91,rf,REC,Benign,0.1,0.8997,1.8997,0.9
cicids2017,R5_holdout_GoldenEye_Slowloris,91,rf,REC,DoS,0.1,1.0,1.6541,0.9
cicids2017,R5_holdout_GoldenEye_Slowloris,91,rf,REC,Benign,0.2,0.7997,1.7997,0.8
cicids2017,R5_holdout_GoldenEye_Slowloris,91,rf,REC,DoS,0.2,1.0,1.6166,0.8
cicids2017,R5_holdout_GoldenEye_Slowloris,91,rf,TSC,Benign,0.05,0.9498,1.9498,0.95
cicids2017,R5_holdout_GoldenEye_Slowloris,91,rf,TSC,DoS,0.05,1.0,1.6729,0.95
cicids2017,R5_holdout_GoldenEye_Slowloris,91,rf,TSC,Benign,0.1,0.8989,1.8989,0.9
cicids2017,R5_holdout_GoldenEye_Slowloris,91,rf,TSC,DoS,0.1,1.0,1.6535,0.9
cicids2017,R5_holdout_GoldenEye_Slowloris,91,rf,TSC,Benign,0.2,0.7995,1.7995,0.8
cicids2017,R5_holdout_GoldenEye_Slowloris,91,rf,TSC,DoS,0.2,1.0,1.6164,0.8
cicids2017,R5_holdout_GoldenEye_Slowloris,91,rf,SHC,Benign,0.05,0.9513,0.9514,0.95
cicids2017,R5_holdout_GoldenEye_Slowloris,91,rf,SHC,DoS,0.05,0.5696,1.2431,0.95
cicids2017,R5_holdout_GoldenEye_Slowloris,91,rf,SHC,Benign,0.1,0.901,0.9011,0.9
cicids2017,R5_holdout_GoldenEye_Slowloris,91,rf,SHC,DoS,0.1,0.5105,1.1648,0.9
cicids2017,R5_holdout_GoldenEye_Slowloris,91,rf,SHC,Benign,0.2,0.8007,0.8008,0.8
cicids2017,R5_holdout_GoldenEye_Slowloris,91,rf,SHC,DoS,0.2,0.3934,1.0107,0.8
cicids2017,R5_holdout_GoldenEye_Slowloris,91,xgb,REC,Benign,0.05,0.9504,1.9504,0.95
cicids2017,R5_holdout_GoldenEye_Slowloris,91,xgb,REC,DoS,0.05,1.0,1.3553,0.95
cicids2017,R5_holdout_GoldenEye_Slowloris,91,xgb,REC,Benign,0.1,0.9,1.9,0.9
cicids2017,R5_holdout_GoldenEye_Slowloris,91,xgb,REC,DoS,0.1,1.0,1.3399,0.9
cicids2017,R5_holdout_GoldenEye_Slowloris,91,xgb,REC,Benign,0.2,0.7998,1.1999,0.8
cicids2017,R5_holdout_GoldenEye_Slowloris,91,xgb,REC,DoS,0.2,0.8805,1.1896,0.8
cicids2017,R5_holdout_GoldenEye_Slowloris,91,xgb,TSC,Benign,0.05,0.9506,1.9506,0.95
cicids2017,R5_holdout_GoldenEye_Slowloris,91,xgb,TSC,DoS,0.05,1.0,1.3555,0.95
cicids2017,R5_holdout_GoldenEye_Slowloris,91,xgb,TSC,Benign,0.1,0.9007,1.9007,0.9
cicids2017,R5_holdout_GoldenEye_Slowloris,91,xgb,TSC,DoS,0.1,1.0,1.3403,0.9
cicids2017,R5_holdout_GoldenEye_Slowloris,91,xgb,TSC,Benign,0.2,0.8008,1.0009,0.8
cicids2017,R5_holdout_GoldenEye_Slowloris,91,xgb,TSC,DoS,0.2,0.8346,1.1441,0.8
cicids2017,R5_holdout_GoldenEye_Slowloris,91,xgb,SHC,Benign,0.05,0.9501,0.9502,0.95
cicids2017,R5_holdout_GoldenEye_Slowloris,91,xgb,SHC,DoS,0.05,0.7183,1.0737,0.95
cicids2017,R5_holdout_GoldenEye_Slowloris,91,xgb,SHC,Benign,0.1,0.9001,0.9002,0.9
cicids2017,R5_holdout_GoldenEye_Slowloris,91,xgb,SHC,DoS,0.1,0.6636,1.0035,0.9
cicids2017,R5_holdout_GoldenEye_Slowloris,91,xgb,SHC,Benign,0.2,0.8002,0.8003,0.8
cicids2017,R5_holdout_GoldenEye_Slowloris,91,xgb,SHC,DoS,0.2,0.5718,0.8811,0.8
cicids2017,R5_holdout_GoldenEye_Slowloris,91,mlp,REC,Benign,0.05,0.9507,1.9507,0.95
cicids2017,R5_holdout_GoldenEye_Slowloris,91,mlp,REC,DoS,0.05,1.0,1.4037,0.95
cicids2017,R5_holdout_GoldenEye_Slowloris,91,mlp,REC,Benign,0.1,0.9005,1.9005,0.9
cicids2017,R5_holdout_GoldenEye_Slowloris,91,mlp,REC,DoS,0.1,1.0,1.385,0.9
cicids2017,R5_holdout_GoldenEye_Slowloris,91,mlp,REC,Benign,0.2,0.8009,1.8009,0.8
cicids2017,R5_holdout_GoldenEye_Slowloris,91,mlp,REC,DoS,0.2,1.0,1.3476,0.8
cicids2017,R5_holdout_GoldenEye_Slowloris,91,mlp,TSC,Benign,0.05,0.9513,1.9513,0.95
cicids2017,R5_holdout_GoldenEye_Slowloris,91,mlp,TSC,DoS,0.05,1.0,1.4039,0.95
cicids2017,R5_holdout_GoldenEye_Slowloris,91,mlp,TSC,Benign,0.1,0.9011,1.9011,0.9
cicids2017,R5_holdout_GoldenEye_Slowloris,91,mlp,TSC,DoS,0.1,1.0,1.3851,0.9
cicids2017,R5_holdout_GoldenEye_Slowloris,91,mlp,TSC,Benign,0.2,0.8008,1.8008,0.8
cicids2017,R5_holdout_GoldenEye_Slowloris,91,mlp,TSC,DoS,0.2,1.0,1.3475,0.8
cicids2017,R5_holdout_GoldenEye_Slowloris,91,mlp,SHC,Benign,0.05,0.951,0.9512,0.95
cicids2017,R5_holdout_GoldenEye_Slowloris,91,mlp,SHC,DoS,0.05,0.6373,1.0411,0.95
cicids2017,R5_holdout_GoldenEye_Slowloris,91,mlp,SHC,Benign,0.1,0.9012,0.9014,0.9
cicids2017,R5_holdout_GoldenEye_Slowloris,91,mlp,SHC,DoS,0.1,0.5924,0.9775,0.9
cicids2017,R5_holdout_GoldenEye_Slowloris,91,mlp,SHC,Benign,0.2,0.8015,0.8017,0.8
cicids2017,R5_holdout_GoldenEye_Slowloris,91,mlp,SHC,DoS,0.2,0.5115,0.8594,0.8
cicids2017,R5_holdout_GoldenEye_Slowloris,512,rf,REC,Benign,0.05,0.9498,1.9498,0.95
cicids2017,R5_holdout_GoldenEye_Slowloris,512,rf,REC,DoS,0.05,1.0,1.6711,0.95
cicids2017,R5_holdout_GoldenEye_Slowloris,512,rf,REC,Benign,0.1,0.8999,1.8999,0.9
cicids2017,R5_holdout_GoldenEye_Slowloris,512,rf,REC,DoS,0.1,1.0,1.6399,0.9
cicids2017,R5_holdout_GoldenEye_Slowloris,512,rf,REC,Benign,0.2,0.7995,1.7995,0.8
cicids2017,R5_holdout_GoldenEye_Slowloris,512,rf,REC,DoS,0.2,1.0,1.5789,0.8
cicids2017,R5_holdout_GoldenEye_Slowloris,512,rf,TSC,Benign,0.05,0.9492,1.9492,0.95
cicids2017,R5_holdout_GoldenEye_Slowloris,512,rf,TSC,DoS,0.05,1.0,1.6706,0.95
cicids2017,R5_holdout_GoldenEye_Slowloris,512,rf,TSC,Benign,0.1,0.9001,1.9001,0.9
cicids2017,R5_holdout_GoldenEye_Slowloris,512,rf,TSC,DoS,0.1,1.0,1.6397,0.9
cicids2017,R5_holdout_GoldenEye_Slowloris,512,rf,TSC,Benign,0.2,0.7998,1.7998,0.8
cicids2017,R5_holdout_GoldenEye_Slowloris,512,rf,TSC,DoS,0.2,1.0,1.5791,0.8
cicids2017,R5_holdout_GoldenEye_Slowloris,512,rf,SHC,Benign,0.05,0.9502,0.9504,0.95
cicids2017,R5_holdout_GoldenEye_Slowloris,512,rf,SHC,DoS,0.05,0.5677,1.2392,0.95
cicids2017,R5_holdout_GoldenEye_Slowloris,512,rf,SHC,Benign,0.1,0.9007,0.9008,0.9
cicids2017,R5_holdout_GoldenEye_Slowloris,512,rf,SHC,DoS,0.1,0.5123,1.1524,0.9
cicids2017,R5_holdout_GoldenEye_Slowloris,512,rf,SHC,Benign,0.2,0.8008,0.8009,0.8
cicids2017,R5_holdout_GoldenEye_Slowloris,512,rf,SHC,DoS,0.2,0.4122,0.9921,0.8
cicids2017,R5_holdout_GoldenEye_Slowloris,512,xgb,REC,Benign,0.05,0.9496,1.9496,0.95
cicids2017,R5_holdout_GoldenEye_Slowloris,512,xgb,REC,DoS,0.05,1.0,1.351,0.95
cicids2017,R5_holdout_GoldenEye_Slowloris,512,xgb,REC,Benign,0.1,0.8992,1.8992,0.9
cicids2017,R5_holdout_GoldenEye_Slowloris,512,xgb,REC,DoS,0.1,1.0,1.3346,0.9
cicids2017,R5_holdout_GoldenEye_Slowloris,512,xgb,REC,Benign,0.2,0.7993,1.1993,0.8
cicids2017,R5_holdout_GoldenEye_Slowloris,512,xgb,REC,DoS,0.2,0.8804,1.1834,0.8
cicids2017,R5_holdout_GoldenEye_Slowloris,512,xgb,TSC,Benign,0.05,0.9495,1.9495,0.95
cicids2017,R5_holdout_GoldenEye_Slowloris,512,xgb,TSC,DoS,0.05,1.0,1.3509,0.95
cicids2017,R5_holdout_GoldenEye_Slowloris,512,xgb,TSC,Benign,0.1,0.9002,1.9002,0.9
cicids2017,R5_holdout_GoldenEye_Slowloris,512,xgb,TSC,DoS,0.1,1.0,1.3348,0.9
cicids2017,R5_holdout_GoldenEye_Slowloris,512,xgb,TSC,Benign,0.2,0.7996,1.3997,0.8
cicids2017,R5_holdout_GoldenEye_Slowloris,512,xgb,TSC,DoS,0.2,0.9183,1.2215,0.8
cicids2017,R5_holdout_GoldenEye_Slowloris,512,xgb,SHC,Benign,0.05,0.9508,0.9509,0.95
cicids2017,R5_holdout_GoldenEye_Slowloris,512,xgb,SHC,DoS,0.05,0.7207,1.0721,0.95
cicids2017,R5_holdout_GoldenEye_Slowloris,512,xgb,SHC,Benign,0.1,0.9003,0.9004,0.9
cicids2017,R5_holdout_GoldenEye_Slowloris,512,xgb,SHC,DoS,0.1,0.6646,0.9995,0.9
cicids2017,R5_holdout_GoldenEye_Slowloris,512,xgb,SHC,Benign,0.2,0.7992,0.7993,0.8
cicids2017,R5_holdout_GoldenEye_Slowloris,512,xgb,SHC,DoS,0.2,0.5718,0.8747,0.8
cicids2017,R5_holdout_GoldenEye_Slowloris,512,mlp,REC,Benign,0.05,0.95,1.95,0.95
cicids2017,R5_holdout_GoldenEye_Slowloris,512,mlp,REC,DoS,0.05,1.0,1.3831,0.95
cicids2017,R5_holdout_GoldenEye_Slowloris,512,mlp,REC,Benign,0.1,0.9003,1.9003,0.9
cicids2017,R5_holdout_GoldenEye_Slowloris,512,mlp,REC,DoS,0.1,1.0,1.3598,0.9
cicids2017,R5_holdout_GoldenEye_Slowloris,512,mlp,REC,Benign,0.2,0.7999,1.7999,0.8
cicids2017,R5_holdout_GoldenEye_Slowloris,512,mlp,REC,DoS,0.2,1.0,1.3138,0.8
cicids2017,R5_holdout_GoldenEye_Slowloris,512,mlp,TSC,Benign,0.05,0.9502,1.9502,0.95
cicids2017,R5_holdout_GoldenEye_Slowloris,512,mlp,TSC,DoS,0.05,1.0,1.3834,0.95
cicids2017,R5_holdout_GoldenEye_Slowloris,512,mlp,TSC,Benign,0.1,0.8996,1.8996,0.9
cicids2017,R5_holdout_GoldenEye_Slowloris,512,mlp,TSC,DoS,0.1,1.0,1.3596,0.9
cicids2017,R5_holdout_GoldenEye_Slowloris,512,mlp,TSC,Benign,0.2,0.7994,1.7994,0.8
cicids2017,R5_holdout_GoldenEye_Slowloris,512,mlp,TSC,DoS,0.2,1.0,1.3136,0.8
cicids2017,R5_holdout_GoldenEye_Slowloris,512,mlp,SHC,Benign,0.05,0.9498,0.9501,0.95
cicids2017,R5_holdout_GoldenEye_Slowloris,512,mlp,SHC,DoS,0.05,0.6648,1.048,0.95
cicids2017,R5_holdout_GoldenEye_Slowloris,512,mlp,SHC,Benign,0.1,0.8993,0.8995,0.9
cicids2017,R5_holdout_GoldenEye_Slowloris,512,mlp,SHC,DoS,0.1,0.6152,0.9749,0.9
cicids2017,R5_holdout_GoldenEye_Slowloris,512,mlp,SHC,Benign,0.2,0.7981,0.7983,0.8
cicids2017,R5_holdout_GoldenEye_Slowloris,512,mlp,SHC,DoS,0.2,0.5361,0.8489,0.8
cicids2017,R5_holdout_GoldenEye_Slowloris,6021,rf,REC,Benign,0.05,0.9505,1.9505,0.95
cicids2017,R5_holdout_GoldenEye_Slowloris,6021,rf,REC,DoS,0.05,1.0,1.6759,0.95
cicids2017,R5_holdout_GoldenEye_Slowloris,6021,rf,REC,Benign,0.1,0.9003,1.9003,0.9
cicids2017,R5_holdout_GoldenEye_Slowloris,6021,rf,REC,DoS,0.1,1.0,1.6547,0.9
cicids2017,R5_holdout_GoldenEye_Slowloris,6021,rf,REC,Benign,0.2,0.7989,1.7989,0.8
cicids2017,R5_holdout_GoldenEye_Slowloris,6021,rf,REC,DoS,0.2,1.0,1.6128,0.8
cicids2017,R5_holdout_GoldenEye_Slowloris,6021,rf,TSC,Benign,0.05,0.9495,1.9495,0.95
cicids2017,R5_holdout_GoldenEye_Slowloris,6021,rf,TSC,DoS,0.05,1.0,1.6756,0.95
cicids2017,R5_holdout_GoldenEye_Slowloris,6021,rf,TSC,Benign,0.1,0.8991,1.8991,0.9
cicids2017,R5_holdout_GoldenEye_Slowloris,6021,rf,TSC,DoS,0.1,1.0,1.6542,0.9
cicids2017,R5_holdout_GoldenEye_Slowloris,6021,rf,TSC,Benign,0.2,0.7985,1.7985,0.8
cicids2017,R5_holdout_GoldenEye_Slowloris,6021,rf,TSC,DoS,0.2,1.0,1.6126,0.8
cicids2017,R5_holdout_GoldenEye_Slowloris,6021,rf,SHC,Benign,0.05,0.9496,0.9497,0.95
cicids2017,R5_holdout_GoldenEye_Slowloris,6021,rf,SHC,DoS,0.05,0.582,1.2574,0.95
cicids2017,R5_holdout_GoldenEye_Slowloris,6021,rf,SHC,Benign,0.1,0.8996,0.8997,0.9
cicids2017,R5_holdout_GoldenEye_Slowloris,6021,rf,SHC,DoS,0.1,0.5328,1.1873,0.9
cicids2017,R5_holdout_GoldenEye_Slowloris,6021,rf,SHC,Benign,0.2,0.7992,0.7993,0.8
cicids2017,R5_holdout_GoldenEye_Slowloris,6021,rf,SHC,DoS,0.2,0.4376,1.0504,0.8
cicids2017,R5_holdout_GoldenEye_Slowloris,6021,xgb,REC,Benign,0.05,0.9499,1.9499,0.95
cicids2017,R5_holdout_GoldenEye_Slowloris,6021,xgb,REC,DoS,0.05,1.0,1.3549,0.95
cicids2017,R5_holdout_GoldenEye_Slowloris,6021,xgb,REC,Benign,0.1,0.8998,1.8998,0.9
cicids2017,R5_holdout_GoldenEye_Slowloris,6021,xgb,REC,DoS,0.1,1.0,1.3391,0.9
cicids2017,R5_holdout_GoldenEye_Slowloris,6021,xgb,REC,Benign,0.2,0.8001,1.2002,0.8
cicids2017,R5_holdout_GoldenEye_Slowloris,6021,xgb,REC,DoS,0.2,0.8804,1.1905,0.8
cicids2017,R5_holdout_GoldenEye_Slowloris,6021,xgb,TSC,Benign,0.05,0.9499,1.9499,0.95
cicids2017,R5_holdout_GoldenEye_Slowloris,6021,xgb,TSC,DoS,0.05,1.0,1.3548,0.95
cicids2017,R5_holdout_GoldenEye_Slowloris,6021,xgb,TSC,Benign,0.1,0.8998,1.8998,0.9
cicids2017,R5_holdout_GoldenEye_Slowloris,6021,xgb,TSC,DoS,0.1,1.0,1.3391,0.9
cicids2017,R5_holdout_GoldenEye_Slowloris,6021,xgb,TSC,Benign,0.2,0.8005,1.0006,0.8
cicids2017,R5_holdout_GoldenEye_Slowloris,6021,xgb,TSC,DoS,0.2,0.8369,1.147,0.8
cicids2017,R5_holdout_GoldenEye_Slowloris,6021,xgb,SHC,Benign,0.05,0.9497,0.9498,0.95
cicids2017,R5_holdout_GoldenEye_Slowloris,6021,xgb,SHC,DoS,0.05,0.7202,1.0749,0.95
cicids2017,R5_holdout_GoldenEye_Slowloris,6021,xgb,SHC,Benign,0.1,0.8989,0.8991,0.9
cicids2017,R5_holdout_GoldenEye_Slowloris,6021,xgb,SHC,DoS,0.1,0.6645,1.0033,0.9
cicids2017,R5_holdout_GoldenEye_Slowloris,6021,xgb,SHC,Benign,0.2,0.7995,0.7996,0.8
cicids2017,R5_holdout_GoldenEye_Slowloris,6021,xgb,SHC,DoS,0.2,0.5696,0.8796,0.8
cicids2017,R5_holdout_GoldenEye_Slowloris,6021,mlp,REC,Benign,0.05,0.95,1.95,0.95
cicids2017,R5_holdout_GoldenEye_Slowloris,6021,mlp,REC,DoS,0.05,1.0,1.3747,0.95
cicids2017,R5_holdout_GoldenEye_Slowloris,6021,mlp,REC,Benign,0.1,0.8996,1.8996,0.9
cicids2017,R5_holdout_GoldenEye_Slowloris,6021,mlp,REC,DoS,0.1,1.0,1.3546,0.9
cicids2017,R5_holdout_GoldenEye_Slowloris,6021,mlp,REC,Benign,0.2,0.7996,1.7996,0.8
cicids2017,R5_holdout_GoldenEye_Slowloris,6021,mlp,REC,DoS,0.2,1.0,1.3167,0.8
cicids2017,R5_holdout_GoldenEye_Slowloris,6021,mlp,TSC,Benign,0.05,0.9496,1.9496,0.95
cicids2017,R5_holdout_GoldenEye_Slowloris,6021,mlp,TSC,DoS,0.05,1.0,1.3745,0.95
cicids2017,R5_holdout_GoldenEye_Slowloris,6021,mlp,TSC,Benign,0.1,0.9003,1.9003,0.9
cicids2017,R5_holdout_GoldenEye_Slowloris,6021,mlp,TSC,DoS,0.1,1.0,1.3549,0.9
cicids2017,R5_holdout_GoldenEye_Slowloris,6021,mlp,TSC,Benign,0.2,0.7995,1.7995,0.8
cicids2017,R5_holdout_GoldenEye_Slowloris,6021,mlp,TSC,DoS,0.2,1.0,1.3168,0.8
cicids2017,R5_holdout_GoldenEye_Slowloris,6021,mlp,SHC,Benign,0.05,0.951,0.9515,0.95
cicids2017,R5_holdout_GoldenEye_Slowloris,6021,mlp,SHC,DoS,0.05,0.6222,0.9973,0.95
cicids2017,R5_holdout_GoldenEye_Slowloris,6021,mlp,SHC,Benign,0.1,0.9005,0.9009,0.9
cicids2017,R5_holdout_GoldenEye_Slowloris,6021,mlp,SHC,DoS,0.1,0.5845,0.9396,0.9
cicids2017,R5_holdout_GoldenEye_Slowloris,6021,mlp,SHC,Benign,0.2,0.7995,0.7998,0.8
cicids2017,R5_holdout_GoldenEye_Slowloris,6021,mlp,SHC,DoS,0.2,0.5103,0.8271,0.8
cicids2017,R5_holdout_GoldenEye_Slowloris,88,rf,REC,Benign,0.05,0.9498,1.9498,0.95
cicids2017,R5_holdout_GoldenEye_Slowloris,88,rf,REC,DoS,0.05,1.0,1.6387,0.95
cicids2017,R5_holdout_GoldenEye_Slowloris,88,rf,REC,Benign,0.1,0.8996,1.8996,0.9
cicids2017,R5_holdout_GoldenEye_Slowloris,88,rf,REC,DoS,0.1,1.0,1.6063,0.9
cicids2017,R5_holdout_GoldenEye_Slowloris,88,rf,REC,Benign,0.2,0.7988,1.7988,0.8
cicids2017,R5_holdout_GoldenEye_Slowloris,88,rf,REC,DoS,0.2,1.0,1.5415,0.8
cicids2017,R5_holdout_GoldenEye_Slowloris,88,rf,TSC,Benign,0.05,0.95,1.95,0.95
cicids2017,R5_holdout_GoldenEye_Slowloris,88,rf,TSC,DoS,0.05,1.0,1.6389,0.95
cicids2017,R5_holdout_GoldenEye_Slowloris,88,rf,TSC,Benign,0.1,0.9002,1.9002,0.9
cicids2017,R5_holdout_GoldenEye_Slowloris,88,rf,TSC,DoS,0.1,1.0,1.6067,0.9
cicids2017,R5_holdout_GoldenEye_Slowloris,88,rf,TSC,Benign,0.2,0.8001,1.8001,0.8
cicids2017,R5_holdout_GoldenEye_Slowloris,88,rf,TSC,DoS,0.2,1.0,1.5422,0.8
cicids2017,R5_holdout_GoldenEye_Slowloris,88,rf,SHC,Benign,0.05,0.9504,0.9505,0.95
cicids2017,R5_holdout_GoldenEye_Slowloris,88,rf,SHC,DoS,0.05,0.5823,1.2213,0.95
cicids2017,R5_holdout_GoldenEye_Slowloris,88,rf,SHC,Benign,0.1,0.9003,0.9004,0.9
cicids2017,R5_holdout_GoldenEye_Slowloris,88,rf,SHC,DoS,0.1,0.5318,1.1384,0.9
cicids2017,R5_holdout_GoldenEye_Slowloris,88,rf,SHC,Benign,0.2,0.8004,0.8005,0.8
cicids2017,R5_holdout_GoldenEye_Slowloris,88,rf,SHC,DoS,0.2,0.4405,0.9826,0.8
cicids2017,R5_holdout_GoldenEye_Slowloris,88,xgb,REC,Benign,0.05,0.9496,1.9496,0.95
cicids2017,R5_holdout_GoldenEye_Slowloris,88,xgb,REC,DoS,0.05,1.0,1.3558,0.95
cicids2017,R5_holdout_GoldenEye_Slowloris,88,xgb,REC,Benign,0.1,0.8994,1.8994,0.9
cicids2017,R5_holdout_GoldenEye_Slowloris,88,xgb,REC,DoS,0.1,1.0,1.3378,0.9
cicids2017,R5_holdout_GoldenEye_Slowloris,88,xgb,REC,Benign,0.2,0.7996,1.2997,0.8
cicids2017,R5_holdout_GoldenEye_Slowloris,88,xgb,REC,DoS,0.2,0.9001,1.2075,0.8
cicids2017,R5_holdout_GoldenEye_Slowloris,88,xgb,TSC,Benign,0.05,0.9496,1.9496,0.95
cicids2017,R5_holdout_GoldenEye_Slowloris,88,xgb,TSC,DoS,0.05,1.0,1.3559,0.95
cicids2017,R5_holdout_GoldenEye_Slowloris,88,xgb,TSC,Benign,0.1,0.8993,1.8993,0.9
cicids2017,R5_holdout_GoldenEye_Slowloris,88,xgb,TSC,DoS,0.1,1.0,1.3378,0.9
cicids2017,R5_holdout_GoldenEye_Slowloris,88,xgb,TSC,Benign,0.2,0.7995,1.1995,0.8
cicids2017,R5_holdout_GoldenEye_Slowloris,88,xgb,TSC,DoS,0.2,0.8765,1.1837,0.8
cicids2017,R5_holdout_GoldenEye_Slowloris,88,xgb,SHC,Benign,0.05,0.9496,0.9498,0.95
cicids2017,R5_holdout_GoldenEye_Slowloris,88,xgb,SHC,DoS,0.05,0.7199,1.0757,0.95
cicids2017,R5_holdout_GoldenEye_Slowloris,88,xgb,SHC,Benign,0.1,0.8997,0.8998,0.9
cicids2017,R5_holdout_GoldenEye_Slowloris,88,xgb,SHC,DoS,0.1,0.6644,1.0024,0.9
cicids2017,R5_holdout_GoldenEye_Slowloris,88,xgb,SHC,Benign,0.2,0.8,0.8001,0.8
cicids2017,R5_holdout_GoldenEye_Slowloris,88,xgb,SHC,DoS,0.2,0.5707,0.878,0.8
cicids2017,R5_holdout_GoldenEye_Slowloris,88,mlp,REC,Benign,0.05,0.9498,1.9498,0.95
cicids2017,R5_holdout_GoldenEye_Slowloris,88,mlp,REC,DoS,0.05,1.0,1.3567,0.95
cicids2017,R5_holdout_GoldenEye_Slowloris,88,mlp,REC,Benign,0.1,0.8994,1.8994,0.9
cicids2017,R5_holdout_GoldenEye_Slowloris,88,mlp,REC,DoS,0.1,1.0,1.3364,0.9
cicids2017,R5_holdout_GoldenEye_Slowloris,88,mlp,REC,Benign,0.2,0.7999,1.7999,0.8
cicids2017,R5_holdout_GoldenEye_Slowloris,88,mlp,REC,DoS,0.2,1.0,1.2999,0.8
cicids2017,R5_holdout_GoldenEye_Slowloris,88,mlp,TSC,Benign,0.05,0.95,1.95,0.95
cicids2017,R5_holdout_GoldenEye_Slowloris,88,mlp,TSC,DoS,0.05,1.0,1.357,0.95
cicids2017,R5_holdout_GoldenEye_Slowloris,88,mlp,TSC,Benign,0.1,0.8991,1.8991,0.9
cicids2017,R5_holdout_GoldenEye_Slowloris,88,mlp,TSC,DoS,0.1,1.0,1.3363,0.9
cicids2017,R5_holdout_GoldenEye_Slowloris,88,mlp,TSC,Benign,0.2,0.7986,1.7986,0.8
cicids2017,R5_holdout_GoldenEye_Slowloris,88,mlp,TSC,DoS,0.2,1.0,1.2992,0.8
cicids2017,R5_holdout_GoldenEye_Slowloris,88,mlp,SHC,Benign,0.05,0.9501,0.9502,0.95
cicids2017,R5_holdout_GoldenEye_Slowloris,88,mlp,SHC,DoS,0.05,0.6099,0.9668,0.95
cicids2017,R5_holdout_GoldenEye_Slowloris,88,mlp,SHC,Benign,0.1,0.8991,0.8992,0.9
cicids2017,R5_holdout_GoldenEye_Slowloris,88,mlp,SHC,DoS,0.1,0.5769,0.9134,0.9
cicids2017,R5_holdout_GoldenEye_Slowloris,88,mlp,SHC,Benign,0.2,0.7995,0.7997,0.8
cicids2017,R5_holdout_GoldenEye_Slowloris,88,mlp,SHC,DoS,0.2,0.5109,0.8104,0.8
cicids2017,R5_holdout_GoldenEye_Slowloris,3407,rf,REC,Benign,0.05,0.9502,1.9502,0.95
cicids2017,R5_holdout_GoldenEye_Slowloris,3407,rf,REC,DoS,0.05,1.0,1.6201,0.95
cicids2017,R5_holdout_GoldenEye_Slowloris,3407,rf,REC,Benign,0.1,0.9,1.9,0.9
cicids2017,R5_holdout_GoldenEye_Slowloris,3407,rf,REC,DoS,0.1,1.0,1.5784,0.9
cicids2017,R5_holdout_GoldenEye_Slowloris,3407,rf,REC,Benign,0.2,0.8011,1.8011,0.8
cicids2017,R5_holdout_GoldenEye_Slowloris,3407,rf,REC,DoS,0.2,1.0,1.4937,0.8
cicids2017,R5_holdout_GoldenEye_Slowloris,3407,rf,TSC,Benign,0.05,0.9508,1.9508,0.95
cicids2017,R5_holdout_GoldenEye_Slowloris,3407,rf,TSC,DoS,0.05,1.0,1.6203,0.95
cicids2017,R5_holdout_GoldenEye_Slowloris,3407,rf,TSC,Benign,0.1,0.9007,1.9007,0.9
cicids2017,R5_holdout_GoldenEye_Slowloris,3407,rf,TSC,DoS,0.1,1.0,1.5788,0.9
cicids2017,R5_holdout_GoldenEye_Slowloris,3407,rf,TSC,Benign,0.2,0.8022,1.8022,0.8
cicids2017,R5_holdout_GoldenEye_Slowloris,3407,rf,TSC,DoS,0.2,1.0,1.4947,0.8
cicids2017,R5_holdout_GoldenEye_Slowloris,3407,rf,SHC,Benign,0.05,0.9502,0.9503,0.95
cicids2017,R5_holdout_GoldenEye_Slowloris,3407,rf,SHC,DoS,0.05,0.4845,1.1045,0.95
cicids2017,R5_holdout_GoldenEye_Slowloris,3407,rf,SHC,Benign,0.1,0.9,0.9001,0.9
cicids2017,R5_holdout_GoldenEye_Slowloris,3407,rf,SHC,DoS,0.1,0.4597,1.0383,0.9
cicids2017,R5_holdout_GoldenEye_Slowloris,3407,rf,SHC,Benign,0.2,0.8024,0.8025,0.8
cicids2017,R5_holdout_GoldenEye_Slowloris,3407,rf,SHC,DoS,0.2,0.4142,0.9089,0.8
cicids2017,R5_holdout_GoldenEye_Slowloris,3407,xgb,REC,Benign,0.05,0.9503,1.9503,0.95
cicids2017,R5_holdout_GoldenEye_Slowloris,3407,xgb,REC,DoS,0.05,1.0,1.3542,0.95
cicids2017,R5_holdout_GoldenEye_Slowloris,3407,xgb,REC,Benign,0.1,0.9003,1.9003,0.9
cicids2017,R5_holdout_GoldenEye_Slowloris,3407,xgb,REC,DoS,0.1,1.0,1.3386,0.9
cicids2017,R5_holdout_GoldenEye_Slowloris,3407,xgb,REC,Benign,0.2,0.8002,1.3002,0.8
cicids2017,R5_holdout_GoldenEye_Slowloris,3407,xgb,REC,DoS,0.2,0.9001,1.2072,0.8
cicids2017,R5_holdout_GoldenEye_Slowloris,3407,xgb,TSC,Benign,0.05,0.9504,1.9504,0.95
cicids2017,R5_holdout_GoldenEye_Slowloris,3407,xgb,TSC,DoS,0.05,1.0,1.3542,0.95
cicids2017,R5_holdout_GoldenEye_Slowloris,3407,xgb,TSC,Benign,0.1,0.9002,1.9002,0.9
cicids2017,R5_holdout_GoldenEye_Slowloris,3407,xgb,TSC,DoS,0.1,1.0,1.3387,0.9
cicids2017,R5_holdout_GoldenEye_Slowloris,3407,xgb,TSC,Benign,0.2,0.8002,1.0003,0.8
cicids2017,R5_holdout_GoldenEye_Slowloris,3407,xgb,TSC,DoS,0.2,0.8331,1.1403,0.8
cicids2017,R5_holdout_GoldenEye_Slowloris,3407,xgb,SHC,Benign,0.05,0.9505,0.9507,0.95
cicids2017,R5_holdout_GoldenEye_Slowloris,3407,xgb,SHC,DoS,0.05,0.7238,1.0781,0.95
cicids2017,R5_holdout_GoldenEye_Slowloris,3407,xgb,SHC,Benign,0.1,0.9009,0.9011,0.9
cicids2017,R5_holdout_GoldenEye_Slowloris,3407,xgb,SHC,DoS,0.1,0.6658,1.0048,0.9
cicids2017,R5_holdout_GoldenEye_Slowloris,3407,xgb,SHC,Benign,0.2,0.8009,0.801,0.8
cicids2017,R5_holdout_GoldenEye_Slowloris,3407,xgb,SHC,DoS,0.2,0.5711,0.8787,0.8
cicids2017,R5_holdout_GoldenEye_Slowloris,3407,mlp,REC,Benign,0.05,0.9498,1.9498,0.95
cicids2017,R5_holdout_GoldenEye_Slowloris,3407,mlp,REC,DoS,0.05,1.0,1.3932,0.95
cicids2017,R5_holdout_GoldenEye_Slowloris,3407,mlp,REC,Benign,0.1,0.8993,1.8993,0.9
cicids2017,R5_holdout_GoldenEye_Slowloris,3407,mlp,REC,DoS,0.1,1.0,1.3618,0.9
cicids2017,R5_holdout_GoldenEye_Slowloris,3407,mlp,REC,Benign,0.2,0.7999,1.7999,0.8
cicids2017,R5_holdout_GoldenEye_Slowloris,3407,mlp,REC,DoS,0.2,1.0,1.3096,0.8
cicids2017,R5_holdout_GoldenEye_Slowloris,3407,mlp,TSC,Benign,0.05,0.9491,1.9491,0.95
cicids2017,R5_holdout_GoldenEye_Slowloris,3407,mlp,TSC,DoS,0.05,1.0,1.393,0.95
cicids2017,R5_holdout_GoldenEye_Slowloris,3407,mlp,TSC,Benign,0.1,0.8993,1.8993,0.9
cicids2017,R5_holdout_GoldenEye_Slowloris,3407,mlp,TSC,DoS,0.1,1.0,1.3616,0.9
cicids2017,R5_holdout_GoldenEye_Slowloris,3407,mlp,TSC,Benign,0.2,0.8003,1.8003,0.8
cicids2017,R5_holdout_GoldenEye_Slowloris,3407,mlp,TSC,DoS,0.2,1.0,1.3095,0.8
cicids2017,R5_holdout_GoldenEye_Slowloris,3407,mlp,SHC,Benign,0.05,0.9501,0.9503,0.95
cicids2017,R5_holdout_GoldenEye_Slowloris,3407,mlp,SHC,DoS,0.05,0.6348,1.0281,0.95
cicids2017,R5_holdout_GoldenEye_Slowloris,3407,mlp,SHC,Benign,0.1,0.9012,0.9014,0.9
cicids2017,R5_holdout_GoldenEye_Slowloris,3407,mlp,SHC,DoS,0.1,0.5997,0.9626,0.9
cicids2017,R5_holdout_GoldenEye_Slowloris,3407,mlp,SHC,Benign,0.2,0.8025,0.8027,0.8
cicids2017,R5_holdout_GoldenEye_Slowloris,3407,mlp,SHC,DoS,0.2,0.5303,0.841,0.8
cicids2017,R5_holdout_GoldenEye_Slowloris,12345,rf,REC,Benign,0.05,0.95,1.95,0.95
cicids2017,R5_holdout_GoldenEye_Slowloris,12345,rf,REC,DoS,0.05,1.0,1.6733,0.95
cicids2017,R5_holdout_GoldenEye_Slowloris,12345,rf,REC,Benign,0.1,0.9007,1.9007,0.9
cicids2017,R5_holdout_GoldenEye_Slowloris,12345,rf,REC,DoS,0.1,1.0,1.6512,0.9
cicids2017,R5_holdout_GoldenEye_Slowloris,12345,rf,REC,Benign,0.2,0.8018,1.8018,0.8
cicids2017,R5_holdout_GoldenEye_Slowloris,12345,rf,REC,DoS,0.2,1.0,1.6089,0.8
cicids2017,R5_holdout_GoldenEye_Slowloris,12345,rf,TSC,Benign,0.05,0.9503,1.9503,0.95
cicids2017,R5_holdout_GoldenEye_Slowloris,12345,rf,TSC,DoS,0.05,1.0,1.6735,0.95
cicids2017,R5_holdout_GoldenEye_Slowloris,12345,rf,TSC,Benign,0.1,0.9007,1.9007,0.9
cicids2017,R5_holdout_GoldenEye_Slowloris,12345,rf,TSC,DoS,0.1,1.0,1.6512,0.9
cicids2017,R5_holdout_GoldenEye_Slowloris,12345,rf,TSC,Benign,0.2,0.8014,1.8014,0.8
cicids2017,R5_holdout_GoldenEye_Slowloris,12345,rf,TSC,DoS,0.2,1.0,1.6087,0.8
cicids2017,R5_holdout_GoldenEye_Slowloris,12345,rf,SHC,Benign,0.05,0.9494,0.9495,0.95
cicids2017,R5_holdout_GoldenEye_Slowloris,12345,rf,SHC,DoS,0.05,0.5824,1.2553,0.95
cicids2017,R5_holdout_GoldenEye_Slowloris,12345,rf,SHC,Benign,0.1,0.9005,0.9006,0.9
cicids2017,R5_holdout_GoldenEye_Slowloris,12345,rf,SHC,DoS,0.1,0.5348,1.1861,0.9
cicids2017,R5_holdout_GoldenEye_Slowloris,12345,rf,SHC,Benign,0.2,0.8012,0.8013,0.8
cicids2017,R5_holdout_GoldenEye_Slowloris,12345,rf,SHC,DoS,0.2,0.4416,1.05,0.8
cicids2017,R5_holdout_GoldenEye_Slowloris,12345,xgb,REC,Benign,0.05,0.9506,1.9506,0.95
cicids2017,R5_holdout_GoldenEye_Slowloris,12345,xgb,REC,DoS,0.05,1.0,1.3557,0.95
cicids2017,R5_holdout_GoldenEye_Slowloris,12345,xgb,REC,Benign,0.1,0.9009,1.9009,0.9
cicids2017,R5_holdout_GoldenEye_Slowloris,12345,xgb,REC,DoS,0.1,1.0,1.3401,0.9
cicids2017,R5_holdout_GoldenEye_Slowloris,12345,xgb,REC,Benign,0.2,0.8,1.3001,0.8
cicids2017,R5_holdout_GoldenEye_Slowloris,12345,xgb,REC,DoS,0.2,0.9006,1.2084,0.8
cicids2017,R5_holdout_GoldenEye_Slowloris,12345,xgb,TSC,Benign,0.05,0.9501,1.9501,0.95
cicids2017,R5_holdout_GoldenEye_Slowloris,12345,xgb,TSC,DoS,0.05,1.0,1.3556,0.95
cicids2017,R5_holdout_GoldenEye_Slowloris,12345,xgb,TSC,Benign,0.1,0.9003,1.9003,0.9
cicids2017,R5_holdout_GoldenEye_Slowloris,12345,xgb,TSC,DoS,0.1,1.0,1.34,0.9
cicids2017,R5_holdout_GoldenEye_Slowloris,12345,xgb,TSC,Benign,0.2,0.7992,1.1993,0.8
cicids2017,R5_holdout_GoldenEye_Slowloris,12345,xgb,TSC,DoS,0.2,0.8765,1.1841,0.8
cicids2017,R5_holdout_GoldenEye_Slowloris,12345,xgb,SHC,Benign,0.05,0.9501,0.9503,0.95
cicids2017,R5_holdout_GoldenEye_Slowloris,12345,xgb,SHC,DoS,0.05,0.722,1.0777,0.95
cicids2017,R5_holdout_GoldenEye_Slowloris,12345,xgb,SHC,Benign,0.1,0.9005,0.9006,0.9
cicids2017,R5_holdout_GoldenEye_Slowloris,12345,xgb,SHC,DoS,0.1,0.6664,1.0065,0.9
cicids2017,R5_holdout_GoldenEye_Slowloris,12345,xgb,SHC,Benign,0.2,0.8,0.8001,0.8
cicids2017,R5_holdout_GoldenEye_Slowloris,12345,xgb,SHC,DoS,0.2,0.5729,0.881,0.8
cicids2017,R5_holdout_GoldenEye_Slowloris,12345,mlp,REC,Benign,0.05,0.9507,1.9507,0.95
cicids2017,R5_holdout_GoldenEye_Slowloris,12345,mlp,REC,DoS,0.05,1.0,1.3761,0.95
cicids2017,R5_holdout_GoldenEye_Slowloris,12345,mlp,REC,Benign,0.1,0.901,1.901,0.9
cicids2017,R5_holdout_GoldenEye_Slowloris,12345,mlp,REC,DoS,0.1,1.0,1.3637,0.9
cicids2017,R5_holdout_GoldenEye_Slowloris,12345,mlp,REC,Benign,0.2,0.8014,1.8014,0.8
cicids2017,R5_holdout_GoldenEye_Slowloris,12345,mlp,REC,DoS,0.2,1.0,1.3364,0.8
cicids2017,R5_holdout_GoldenEye_Slowloris,12345,mlp,TSC,Benign,0.05,0.9508,1.9508,0.95
cicids2017,R5_holdout_GoldenEye_Slowloris,12345,mlp,TSC,DoS,0.05,1.0,1.3761,0.95
cicids2017,R5_holdout_GoldenEye_Slowloris,12345,mlp,TSC,Benign,0.1,0.9009,1.9009,0.9
cicids2017,R5_holdout_GoldenEye_Slowloris,12345,mlp,TSC,DoS,0.1,1.0,1.3637,0.9
cicids2017,R5_holdout_GoldenEye_Slowloris,12345,mlp,TSC,Benign,0.2,0.8009,1.8009,0.8
cicids2017,R5_holdout_GoldenEye_Slowloris,12345,mlp,TSC,DoS,0.2,1.0,1.3361,0.8
cicids2017,R5_holdout_GoldenEye_Slowloris,12345,mlp,SHC,Benign,0.05,0.9504,0.9506,0.95
cicids2017,R5_holdout_GoldenEye_Slowloris,12345,mlp,SHC,DoS,0.05,0.6937,1.0697,0.95
cicids2017,R5_holdout_GoldenEye_Slowloris,12345,mlp,SHC,Benign,0.1,0.9003,0.9005,0.9
cicids2017,R5_holdout_GoldenEye_Slowloris,12345,mlp,SHC,DoS,0.1,0.6497,1.0131,0.9
cicids2017,R5_holdout_GoldenEye_Slowloris,12345,mlp,SHC,Benign,0.2,0.7996,0.7998,0.8
cicids2017,R5_holdout_GoldenEye_Slowloris,12345,mlp,SHC,DoS,0.2,0.5605,0.8964,0.8
