dataset,arch,class,n_pred_target,low_support,monitor_drift,pred_mass_drop,b_confidence_shift,b_entropy_shift,b_share_drift,b_raw_score_ks,coverage,undercoverage,failing
nslkdd,mlp,Normal,1665,False,0.16634373693313564,-0.17908935565334427,0.013657549586130191,0.03908079677027529,0.17908935565334427,0.279715636336786,0.9268402777777777,0.02315972222222229,0
nslkdd,mlp,DoS,389,False,0.46993974108025854,0.19783779151832503,0.10311411261634673,0.22901886729844512,0.19783779151832503,0.19783779151832503,0.39876378933089374,0.5512362106691062,1
nslkdd,mlp,Probe,269,False,0.34754953787387877,-0.023096680130659172,0.041600079193814476,0.11684028278717196,0.023096680130659172,0.17207876115465826,0.6278059099362795,0.32219409006372046,1
nslkdd,mlp,R2L,7,True,,0.004512610419247447,,,0.004512610419247447,0.12751128391014066,0.02981848141104289,0.920181518588957,1
nslkdd,mlp,Normal,1717,False,0.17493893667568544,-0.2017135126122651,0.01247131909430943,0.03587241565150294,0.2017135126122651,0.2847942281106567,0.9268402777777777,0.02315972222222229,0
nslkdd,mlp,DoS,341,False,0.4382621558741884,0.2183670270690198,0.10536969182765132,0.226029147443833,0.2183670270690198,0.2183670270690198,0.39876378933089374,0.5512362106691062,1
nslkdd,mlp,Probe,263,False,0.30761851606376667,-0.020571101210230466,0.024510512433920884,0.07770096848433689,0.020571101210230466,0.1816590956276966,0.6278059099362795,0.32219409006372046,1
nslkdd,mlp,R2L,9,True,,0.0036529524780444414,,,0.0036529524780444414,0.12908955360172927,0.02981848141104289,0.920181518588957,1
nslkdd,mlp,Normal,1653,False,0.16274776346420394,-0.17363726057860762,0.01451900077292445,0.04286113667776034,0.17363726057860762,0.2870770776604914,0.9268402777777777,0.02315972222222229,0
nslkdd,mlp,DoS,393,False,0.45484263687230053,0.1961940870444319,0.1083268439558086,0.2334375592224953,0.1961940870444319,0.1961940870444319,0.39876378933089374,0.5512362106691062,1
nslkdd,mlp,Probe,274,False,0.44886744123752764,-0.02519127656487824,0.046338230243249234,0.1341828585262146,0.02519127656487824,0.18051693468717145,0.6278059099362795,0.32219409006372046,1
nslkdd,mlp,R2L,10,True,,0.0032274487567272936,,,0.0032274487567272936,0.13534953784778528,0.02981848141104289,0.920181518588957,1
nslkdd,mlp,Normal,1705,False,0.16363763966739672,-0.1962493728133614,0.011959031693004607,0.03410223770442124,0.1962493728133614,0.2814316380527876,0.9268402777777777,0.02315972222222229,0
nslkdd,mlp,DoS,339,False,0.4173277187250781,0.21928781296834648,0.09386116805532485,0.20717937475038845,0.21928781296834648,0.21928781296834648,0.39876378933089374,0.5512362106691062,1
nslkdd,mlp,Probe,277,False,0.381882803961183,-0.02652868356266261,0.043312061964099424,0.12148607910149756,0.02652868356266261,0.17937176844766556,0.6278059099362795,0.32219409006372046,1
nslkdd,mlp,R2L,10,True,,0.00322560913224616,,,0.00322560913224616,0.1465924028642352,0.02981848141104289,0.920181518588957,1
nslkdd,mlp,Normal,1724,False,0.17619024237128844,-0.2040832297038221,0.013108183716306065,0.03875335884983247,0.2040832297038221,0.2926516917256715,0.9268402777777777,0.02315972222222229,0
nslkdd,mlp,DoS,364,False,0.42346243946156875,0.20862976457444904,0.09019235517760038,0.20112572956087899,0.20862976457444904,0.20862976457444904,0.39876378933089374,0.5512362106691062,1
nslkdd,mlp,Probe,237,False,0.42064413734370765,-0.009325067302442563,0.04078250701969999,0.12076399722768671,0.009325067302442563,0.18223220055338069,0.6278059099362795,0.32219409006372046,1
nslkdd,mlp,R2L,7,True,,0.004513898156384241,,,0.004513898156384241,0.1439258671788316,0.02981848141104289,0.920181518588957,1
nslkdd,mlp,Normal,1801,False,0.236007062870223,-0.23706292601179868,0.010889476178456037,0.028851622711475292,0.23706292601179868,0.2971823159184227,0.9268402777777777,0.02315972222222229,0
nslkdd,mlp,DoS,296,False,0.28985025513105617,0.23773483141536494,0.06267359391277205,0.13004055111648113,0.23773483141536494,0.23773483141536494,0.39876378933089374,0.5512362106691062,1
nslkdd,mlp,Probe,229,False,0.413720891060982,-0.006307150956245899,0.0532790608169047,0.1407698721177932,0.006307150956245899,0.2388919337156873,0.6278059099362795,0.32219409006372046,1
nslkdd,mlp,R2L,1,True,,0.00703368613816375,,,0.00703368613816375,0.21573122367025194,0.02981848141104289,0.920181518588957,1
nslkdd,mlp,Normal,1838,False,0.24436001570430485,-0.2532743550987643,0.010482269125070665,0.02862085783081263,0.2532743550987643,0.3031297716512861,0.9268402777777777,0.02315972222222229,0
nslkdd,mlp,DoS,256,False,0.23634711489624147,0.2548477137642988,0.04382388804769399,0.10189915068858015,0.2548477137642988,0.2548477137642988,0.39876378933089374,0.5512362106691062,1
nslkdd,mlp,Probe,233,False,0.399356593801656,-0.008066052715147667,0.05193239459968568,0.13603099675772765,0.008066052715147667,0.24496447540400454,0.6278059099362795,0.32219409006372046,1
nslkdd,mlp,R2L,1,True,,0.007033502017807956,,,0.007033502017807956,0.23778018863767186,0.02981848141104289,0.920181518588957,1
nslkdd,mlp,Normal,1809,False,0.23120996132753235,-0.240162141375165,0.012100733513307538,0.03174201519272171,0.240162141375165,0.31525368304639356,0.9268402777777777,0.02315972222222229,0
nslkdd,mlp,DoS,295,False,0.27722231650716117,0.2382181007665588,0.04872214496947169,0.10779995213542787,0.2382181007665588,0.2382181007665588,0.39876378933089374,0.5512362106691062,1
nslkdd,mlp,Probe,223,False,0.5994692152595449,-0.003692124756314044,0.07332527379136577,0.2018956820764905,0.003692124756314044,0.22573067656861853,0.6278059099362795,0.32219409006372046,1
nslkdd,mlp,R2L,3,True,,0.006176237167507232,,,0.006176237167507232,0.22447010050292313,0.02981848141104289,0.920181518588957,1
nslkdd,mlp,Normal,1825,False,0.23339260065494585,-0.24735893630780903,0.012362244382884802,0.031197699278379263,0.24735893630780903,0.30147232020842696,0.9268402777777777,0.02315972222222229,0
nslkdd,mlp,DoS,266,False,0.26927516876649615,0.2506048442853778,0.04443669976967435,0.09699979410840832,0.2506048442853778,0.2506048442853778,0.39876378933089374,0.5512362106691062,1
nslkdd,mlp,Probe,233,False,0.410453126968949,-0.008023152672247624,0.052664049032907556,0.1463903625264807,0.008023152672247624,0.23159892642267998,0.6278059099362795,0.32219409006372046,1
nslkdd,mlp,R2L,6,True,,0.004888683993161605,,,0.004888683993161605,0.22554530668217554,0.02981848141104289,0.920181518588957,1
nslkdd,mlp,Normal,1838,False,0.24045270422344073,-0.2525978189051822,0.010406161695598493,0.027935148336624204,0.2525978189051822,0.31611131597949815,0.9268402777777777,0.02315972222222229,0
nslkdd,mlp,DoS,288,False,0.26380423741111597,0.24121981603242504,0.048215284685803494,0.11137790134909364,0.24121981603242504,0.24121981603242504,0.39876378933089374,0.5512362106691062,1
nslkdd,mlp,Probe,203,False,0.5579434561031845,0.004884204574732265,0.07751268743283735,0.1969060884955726,0.004884204574732265,0.22873239183448477,0.6278059099362795,0.32219409006372046,1
nslkdd,mlp,R2L,2,True,,0.0066050536340595475,,,0.0066050536340595475,0.22709592615732327,0.02981848141104289,0.920181518588957,1
nslkdd,mlp,Normal,1742,False,0.2557178345986747,-0.2111167784397382,0.03046925934538458,0.05814517094933694,0.2111167784397382,0.32273937958282195,0.9268402777777777,0.02315972222222229,0
nslkdd,mlp,DoS,365,False,0.5793531125015678,0.2076045332634726,0.061526246164715026,0.150625373465554,0.2076045332634726,0.2076045332634726,0.39876378933089374,0.5512362106691062,1
nslkdd,mlp,Probe,220,False,0.4377204884667571,-0.002181512819810702,0.08224253556341654,0.1768613216364633,0.002181512819810702,0.22391050034746446,0.6278059099362795,0.32219409006372046,1
nslkdd,mlp,R2L,0,True,,0.0070921985815602835,,,0.0070921985815602835,0.07876115465826485,0.02981848141104289,0.920181518588957,1
nslkdd,mlp,Normal,1811,False,0.26898349457556037,-0.24105125000511096,0.03023557550741718,0.06132649988523882,0.24105125000511096,0.32046624697714965,0.9268402777777777,0.02315972222222229,0
nslkdd,mlp,DoS,307,False,0.5045148634274523,0.2324300331962687,0.049039635038436113,0.1276752222863701,0.2324300331962687,0.23248296005135494,0.39876378933089374,0.5512362106691062,1
nslkdd,mlp,Probe,210,False,0.39140014214641083,0.002069826195476812,0.0669215555951227,0.14892280137742486,0.002069826195476812,0.22998772006100446,0.6278059099362795,0.32219409006372046,1
nslkdd,mlp,R2L,1,True,,0.006663014032204061,,,0.006663014032204061,0.09208991114194348,0.02981848141104289,0.920181518588957,1
nslkdd,mlp,Normal,1765,False,0.2477903766606464,-0.2206590945858279,0.03451870817827385,0.06555715105862181,0.2206590945858279,0.3328600328890927,0.9268402777777777,0.02315972222222229,0
nslkdd,mlp,DoS,360,False,0.5521080592291172,0.2098157618897956,0.055348969576339724,0.14301181213701666,0.2098157618897956,0.2098157618897956,0.39876378933089374,0.5512362106691062,1
nslkdd,mlp,Probe,204,False,0.6075898786609937,0.0047200223836113,0.08870390040438902,0.20696279810559853,0.0047200223836113,0.2223823494112954,0.6278059099362795,0.32219409006372046,1
nslkdd,mlp,R2L,0,True,,0.0070921985815602835,,,0.0070921985815602835,0.07991778089952414,0.02981848141104289,0.920181518588957,1
nslkdd,mlp,Normal,1772,False,0.25106410759457426,-0.22398679130975097,0.028399753994092447,0.058513588434100164,0.22398679130975097,0.32103454904344075,0.9268402777777777,0.02315972222222229,0
nslkdd,mlp,DoS,337,False,0.5463381944088073,0.21961654527548463,0.052390897164883765,0.14152986148998348,0.21961654527548463,0.21961654527548463,0.39876378933089374,0.5512362106691062,1
nslkdd,mlp,Probe,218,False,0.44829311452616943,-0.0013235119618098395,0.08014348062346488,0.1704459818399578,0.0013235119618098395,0.22131919607308623,0.6278059099362795,0.32219409006372046,1
nslkdd,mlp,R2L,3,True,,0.005805197294558997,,,0.005805197294558997,0.08948616538327557,0.02981848141104289,0.920181518588957,1
nslkdd,mlp,Normal,1799,False,0.2611667094360157,-0.2352388544486066,0.027762715196244625,0.05680135503803417,0.2352388544486066,0.33328884935564507,0.9268402777777777,0.02315972222222229,0
nslkdd,mlp,DoS,342,False,0.5316402229718074,0.21753445828773726,0.046177531821025464,0.12502269616655667,0.21753445828773726,0.2175873851428235,0.39876378933089374,0.5512362106691062,1
nslkdd,mlp,Probe,187,False,0.5853926582635978,0.012009902315000667,0.10655565748592999,0.2313202547780418,0.012009902315000667,0.21776041873766816,0.6278059099362795,0.32219409006372046,1
nslkdd,mlp,R2L,3,True,,0.005805749181903337,,,0.005805749181903337,0.09840981581635998,0.02981848141104289,0.920181518588957,1
nslkdd,mlp,Normal,1736,False,0.1459277841080061,-0.20896619070642564,0.01449849624583599,0.03769074280409712,0.20896619070642564,0.31226115649742203,0.9268402777777777,0.02315972222222229,0
nslkdd,mlp,DoS,368,False,0.546456294269665,0.20631753197647135,0.07166845155668178,0.18304995416393566,0.20631753197647135,0.20631753197647135,0.39876378933089374,0.5512362106691062,1
nslkdd,mlp,Probe,222,False,0.30283155067761613,-0.003092440532897811,0.04218795854447177,0.10736058760374768,0.003092440532897811,0.1511915217853611,0.6278059099362795,0.32219409006372046,1
nslkdd,mlp,R2L,1,True,,0.007086612993250021,,,0.007086612993250021,0.18330293274720078,0.02981848141104289,0.920181518588957,1
nslkdd,mlp,Normal,1791,False,0.1650686505728286,-0.23289097385867663,0.013128384390049264,0.03680228904467181,0.23289097385867663,0.32047524227097546,0.9268402777777777,0.02315972222222229,0
nslkdd,mlp,DoS,320,False,0.5143910768783607,0.2268506340546378,0.06895785921487008,0.17354217090973337,0.2268506340546378,0.22690356090972402,0.39876378933089374,0.5512362106691062,1
nslkdd,mlp,Probe,216,False,0.30911885463867084,-0.0005582079557467784,0.0499649583103986,0.1178837677708101,0.0005582079557467784,0.16462641590695054,0.6278059099362795,0.32219409006372046,1
nslkdd,mlp,R2L,2,True,,0.006657244323538003,,,0.006657244323538003,0.17998342685258756,0.02981848141104289,0.920181518588957,1
nslkdd,mlp,Normal,1758,False,0.16604254585548833,-0.21808079416065174,0.01845380943114816,0.04596897106013463,0.21808079416065174,0.3290427629016699,0.9268402777777777,0.02315972222222229,0
nslkdd,mlp,DoS,361,False,0.5157068663520449,0.20938694542324326,0.06989873613438824,0.17375381626303094,0.20938694542324326,0.2094398722783295,0.39876378933089374,0.5512362106691062,1
nslkdd,mlp,Probe,211,False,0.5019477284667798,0.0016653802626588332,0.08672780807540925,0.21145543779567655,0.0016653802626588332,0.15234790973420187,0.6278059099362795,0.32219409006372046,1
nslkdd,mlp,R2L,0,True,,0.00751561342225045,,,0.00751561342225045,0.19734000338804497,0.02981848141104289,0.920181518588957,1
nslkdd,mlp,Normal,1768,False,0.1649880675832062,-0.22269420443443944,0.014974173889586773,0.03955014793781732,0.22269420443443944,0.3175261865322202,0.9268402777777777,0.02315972222222229,0
nslkdd,mlp,DoS,321,False,0.5002945036696379,0.2264805521394915,0.07050539676974943,0.16837128628771103,0.2264805521394915,0.22653347899457774,0.39876378933089374,0.5512362106691062,1
nslkdd,mlp,Probe,237,False,0.3720350833824103,-0.009527446967904252,0.06801258114721398,0.15806064527045696,0.009527446967904252,0.16491953551337485,0.6278059099362795,0.32219409006372046,1
nslkdd,mlp,R2L,4,True,,0.005799611706248734,,,0.005799611706248734,0.1807289301731982,0.02981848141104289,0.920181518588957,1
nslkdd,mlp,Normal,1813,False,0.1871666859459863,-0.24166569982102915,0.01634833132542557,0.04369004464824526,0.24166569982102915,0.3304458692632237,0.9268402777777777,0.02315972222222229,0
nslkdd,mlp,DoS,332,False,0.4924031250711318,0.2218226229532604,0.0636133359004385,0.1587028685801402,0.2218226229532604,0.22187554980834664,0.39876378933089374,0.5512362106691062,1
nslkdd,mlp,Probe,183,False,0.44821297978989527,0.013672241326123671,0.0764181674906863,0.1822886656022464,0.013672241326123671,0.16135305553180052,0.6278059099362795,0.32219409006372046,1
nslkdd,mlp,R2L,2,True,,0.0066579804891458184,,,0.0066579804891458184,0.18576195879113244,0.02981848141104289,0.920181518588957,1
nslkdd,mlp,Normal,1864,False,0.2293207516621047,-0.26371946505322186,0.01883138952248742,0.04803759087355018,0.26371946505322186,0.30412131952303434,0.9268402777777777,0.02315972222222229,0
nslkdd,mlp,DoS,269,False,0.43391016756689077,0.2491590624331177,0.048841434921495175,0.12382381488925434,0.2491590624331177,0.2491590624331177,0.39876378933089374,0.5512362106691062,1
nslkdd,mlp,Probe,193,False,0.33524298167035205,0.009348571908114625,0.058051079383657056,0.1382466695079472,0.009348571908114625,0.14599835511235956,0.6278059099362795,0.32219409006372046,1
nslkdd,mlp,R2L,2,True,,0.006234197723559425,,,0.006234197723559425,0.2854328946739236,0.02981848141104289,0.920181518588957,1
nslkdd,mlp,Normal,1881,False,0.22749055678357005,-0.27135880273547797,0.0166401684137375,0.04394755591728955,0.27135880273547797,0.30491874478397885,0.9268402777777777,0.02315972222222229,0
nslkdd,mlp,DoS,248,False,0.3897193810647784,0.25812240959388977,0.05289824944385757,0.12742986861389702,0.25812240959388977,0.25812240959388977,0.39876378933089374,0.5512362106691062,1
nslkdd,mlp,Probe,198,False,0.2736961806462094,0.0071671139326652394,0.04728213957246341,0.11729155698738263,0.0071671139326652394,0.16118171811020687,0.6278059099362795,0.32219409006372046,1
nslkdd,mlp,R2L,2,True,,0.006233829482847837,,,0.006233829482847837,0.2864415480809812,0.02981848141104289,0.920181518588957,1
nslkdd,mlp,Normal,1869,False,0.21483634720446404,-0.26552064138270004,0.018395714370925687,0.047438298020022265,0.26552064138270004,0.3141670484118222,0.9268402777777777,0.02315972222222229,0
nslkdd,mlp,DoS,281,False,0.4325920369015586,0.2440627507330324,0.0577364915375157,0.1431468682396333,0.2440627507330324,0.2440627507330324,0.39876378933089374,0.5512362106691062,1
nslkdd,mlp,Probe,178,False,0.4571891396524017,0.015816323658885245,0.07705363605263837,0.18330281804950319,0.015816323658885245,0.14314535493765795,0.6278059099362795,0.32219409006372046,1
nslkdd,mlp,R2L,1,True,,0.006663382115007968,,,0.006663382115007968,0.29488610376822866,0.02981848141104289,0.920181518588957,1
nslkdd,mlp,Normal,1870,False,0.20863325309654507,-0.2662934676272244,0.016735630930043266,0.04317778795635853,0.2662934676272244,0.30412131952303434,0.9268402777777777,0.02315972222222229,0
nslkdd,mlp,DoS,257,False,0.40261018994292225,0.25430706758112287,0.05089623375268415,0.1298302133692703,0.25430706758112287,0.25430706758112287,0.39876378933089374,0.5512362106691062,1
nslkdd,mlp,Probe,199,False,0.33222112861839354,0.006774569334112052,0.05537445054887302,0.13605141185524294,0.006774569334112052,0.16960454988400367,0.6278059099362795,0.32219409006372046,1
nslkdd,mlp,R2L,5,True,,0.004947196436558139,,,0.004947196436558139,0.2758121956280102,0.02981848141104289,0.920181518588957,1
nslkdd,mlp,Normal,1899,False,0.21852587882413038,-0.27838513537926945,0.01632698294749435,0.04439080045053999,0.27838513537926945,0.3195137501790708,0.9268402777777777,0.02315972222222229,0
nslkdd,mlp,DoS,275,False,0.43194541231126593,0.24663564953234632,0.056205723968601684,0.13436886699889022,0.24663564953234632,0.24663564953234632,0.39876378933089374,0.5512362106691062,1
nslkdd,mlp,Probe,155,False,0.44689555502028866,0.025679102389588496,0.07603907312228964,0.1837537236057274,0.025679102389588496,0.14740424188317203,0.6278059099362795,0.32219409006372046,1
nslkdd,mlp,R2L,2,True,,0.006234565648455652,,,0.006234565648455652,0.2821274634818318,0.02981848141104289,0.920181518588957,1
nslkdd,mlp,Normal,1665,False,0.2037872096695626,-0.17983033162455198,0.00943708232597451,0.023929288318678705,0.17983033162455198,0.3222287069540165,0.9268402777777777,0.02315972222222229,0
nslkdd,mlp,DoS,424,False,0.596190130624093,0.18276984964822374,0.058601804025719906,0.1592473111598586,0.18276984964822374,0.18287570335839626,0.39876378933089374,0.5512362106691062,1
nslkdd,mlp,Probe,236,False,0.4378055154923579,-0.008569177988041118,0.06595137368733939,0.14998682352287482,0.008569177988041118,0.22788927838149814,0.6278059099362795,0.32219409006372046,1
nslkdd,mlp,R2L,4,True,,0.0062230265469389,,,0.0062230265469389,0.20845095424326926,0.02981848141104289,0.920181518588957,1
nslkdd,mlp,Normal,1728,False,0.21276180926916222,-0.20717551862639128,0.007990844759873994,0.02127653069260657,0.20717551862639128,0.32217844209688473,0.9268402777777777,0.02315972222222229,0
nslkdd,mlp,DoS,373,False,0.564328377374055,0.2045801946345344,0.05566648159195409,0.153151012438837,0.2045801946345344,0.2046860483447069,0.39876378933089374,0.5512362106691062,1
nslkdd,mlp,Probe,221,False,0.36959100294337305,-0.002174862151665194,0.057304062428763736,0.1276767291990921,0.002174862151665194,0.23214463705579488,0.6278059099362795,0.32219409006372046,1
nslkdd,mlp,R2L,7,True,,0.004934736417447054,,,0.004934736417447054,0.21588923249699815,0.02981848141104289,0.920181518588957,1
nslkdd,mlp,Normal,1674,False,0.20255048907800333,-0.18338338234741403,0.011561428587996914,0.02851929314139819,0.18338338234741403,0.3347146062323686,0.9268402777777777,0.02315972222222229,0
nslkdd,mlp,DoS,431,False,0.5766819661973539,0.1798461344603576,0.061244999594755045,0.16473200202759797,0.1798461344603576,0.1798461344603576,0.39876378933089374,0.5512362106691062,1
nslkdd,mlp,Probe,219,False,0.5929840482542266,-0.0012358829188969939,0.09540278183627682,0.2107443604454257,0.0012358829188969939,0.23249995778561303,0.6278059099362795,0.32219409006372046,1
nslkdd,mlp,R2L,8,True,,0.004508496530522091,,,0.004508496530522091,0.23146502442715078,0.02981848141104289,0.920181518588957,1
nslkdd,mlp,Normal,1708,False,0.20749384370406548,-0.19827735007157044,0.00851888406976975,0.021680762834166936,0.19827735007157044,0.32394470867001823,0.9268402777777777,0.02315972222222229,0
nslkdd,mlp,DoS,381,False,0.5675230182584217,0.2012168680952422,0.054904672337480975,0.1536185995168475,0.2012168680952422,0.20132272180541472,0.39876378933089374,0.5512362106691062,1
nslkdd,mlp,Probe,230,False,0.45587862836143317,-0.005995175414038545,0.07748363736583175,0.1662924072912093,0.005995175414038545,0.23354155316683103,0.6278059099362795,0.32219409006372046,1
nslkdd,mlp,R2L,11,True,,0.003220023543935897,,,0.003220023543935897,0.22174996754228254,0.02981848141104289,0.920181518588957,1
nslkdd,mlp,Normal,1731,False,0.2127327236410731,-0.20782592094089603,0.009183253232951216,0.02295880564116062,0.20782592094089603,0.33600105563202554,0.9268402777777777,0.02315972222222229,0
nslkdd,mlp,DoS,401,False,0.550014296624187,0.19271062845692707,0.06047723464434618,0.16001487506536902,0.19271062845692707,0.19271062845692707,0.39876378933089374,0.5512362106691062,1
nslkdd,mlp,Probe,193,False,0.5724071810926695,0.009913345211463212,0.08525095424680229,0.19245976763133793,0.009913345211463212,0.22770844329500267,0.6278059099362795,0.32219409006372046,1
nslkdd,mlp,R2L,6,True,,0.005366129463626723,,,0.005366129463626723,0.23146502442715078,0.02981848141104289,0.920181518588957,1
nslkdd,mlp,Normal,1855,False,0.22423636494517185,-0.2607052908735983,0.010860562987414779,0.03745358452376726,0.2607052908735983,0.319582364199703,0.9268402777777777,0.02315972222222229,0
nslkdd,mlp,DoS,295,False,0.4810765208365616,0.23816383184436538,0.05737198803371224,0.13582953173797083,0.23816383184436538,0.23816383184436538,0.39876378933089374,0.5512362106691062,1
nslkdd,mlp,Probe,176,False,0.3676883116883117,0.017117920896898342,0.07198059794500278,0.16609377725756347,0.017117920896898342,0.18019148759066192,0.6278059099362795,0.32219409006372046,1
nslkdd,mlp,R2L,0,True,,0.007303906001905367,,,0.007303906001905367,0.16390568311813153,0.02981848141104289,0.920181518588957,1
nslkdd,mlp,Normal,1883,False,0.22427844953519777,-0.27306400151557064,0.01252992356023297,0.03962188932904575,0.27306400151557064,0.32215636273931236,0.9268402777777777,0.02315972222222229,0
nslkdd,mlp,DoS,265,False,0.4367528879616015,0.25098505282009276,0.05633664148878348,0.13310248254182777,0.25098505282009276,0.25098505282009276,0.39876378933089374,0.5512362106691062,1
nslkdd,mlp,Probe,179,False,0.3321372705506784,0.015797962066209897,0.06452511510065051,0.1507235645319192,0.015797962066209897,0.1934480187865349,0.6278059099362795,0.32219409006372046,1
nslkdd,mlp,R2L,1,True,,0.006874721452549144,,,0.006874721452549144,0.17213903089792565,0.02981848141104289,0.920181518588957,1
nslkdd,mlp,Normal,1872,False,0.24003969159755506,-0.26765392046373726,0.015401397687980434,0.04552678118009947,0.26765392046373726,0.32947807039761956,0.9268402777777777,0.02315972222222229,0
nslkdd,mlp,DoS,298,False,0.4336757700687308,0.23693165136690186,0.056483409962903464,0.12992017838885178,0.23693165136690186,0.23693165136690186,0.39876378933089374,0.5512362106691062,1
nslkdd,mlp,Probe,158,False,0.5747486437613021,0.024868994685707982,0.12205989621819469,0.258550575042306,0.024868994685707982,0.1750266132205292,0.6278059099362795,0.32219409006372046,1
nslkdd,mlp,R2L,0,True,,0.007303906001905367,,,0.007303906001905367,0.17491749129975098,0.02981848141104289,0.920181518588957,1
nslkdd,mlp,Normal,1872,False,0.22828755484541835,-0.2679982981666055,0.012068259799932979,0.040454388938990136,0.2679982981666055,0.31617535968123456,0.9268402777777777,0.02315972222222229,0
nslkdd,mlp,DoS,279,False,0.4571897581854468,0.24502783870837225,0.05062426068443582,0.12203808633275831,0.24502783870837225,0.24502783870837225,0.39876378933089374,0.5512362106691062,1
nslkdd,mlp,Probe,174,False,0.34726436781609193,0.017975921754899205,0.0705987748545771,0.15465287583887866,0.017975921754899205,0.18748449488366922,0.6278059099362795,0.32219409006372046,1
nslkdd,mlp,R2L,4,True,,0.005587904285903651,,,0.005587904285903651,0.16819568740813579,0.02981848141104289,0.920181518588957,1
nslkdd,mlp,Normal,1894,False,0.2435471691018647,-0.2770878827278882,0.010561467196873786,0.03764278157486859,0.2770878827278882,0.3292598719478771,0.9268402777777777,0.02315972222222229,0
nslkdd,mlp,DoS,293,False,0.4477948434496596,0.23907573369966345,0.05765244475645692,0.13613167305388663,0.23907573369966345,0.23907573369966345,0.39876378933089374,0.5512362106691062,1
nslkdd,mlp,Probe,141,False,0.5001458966565349,0.03215887461709735,0.10167330986967926,0.2169820776165433,0.03215887461709735,0.19467332510107396,0.6278059099362795,0.32219409006372046,1
nslkdd,mlp,R2L,3,True,,0.00601745660224842,,,0.00601745660224842,0.17577512423285563,0.02981848141104289,0.920181518588957,1
nslkdd,mlp,Normal,1690,False,0.14211304041742828,-0.1902907080741314,0.019261542304633283,0.04028380655720583,0.1902907080741314,0.29705411985500907,0.9268402777777777,0.02315972222222229,0
nslkdd,mlp,DoS,438,False,0.4885138633902933,0.17660506307695892,0.15334685998455833,0.2628447212995697,0.17660506307695892,0.1766579899320452,0.39876378933089374,0.5512362106691062,1
nslkdd,mlp,Probe,197,False,0.4542465165010898,0.008055985032803081,0.10583842999553472,0.21146530737068125,0.008055985032803081,0.10772631271202246,0.6278059099362795,0.32219409006372046,1
nslkdd,mlp,R2L,1,True,,0.007510027833940188,,,0.007510027833940188,0.1661886901645555,0.02981848141104289,0.920181518588957,1
nslkdd,mlp,Normal,1770,False,0.18369992467416119,-0.2249366354239214,0.019065782433645873,0.04326901940167781,0.2249366354239214,0.2999965472609557,0.9268402777777777,0.02315972222222229,0
nslkdd,mlp,DoS,368,False,0.447063149853852,0.20656733681605668,0.1385070612152296,0.23516861113355889,0.20656733681605668,0.20662026367114297,0.39876378933089374,0.5512362106691062,1
nslkdd,mlp,Probe,189,False,0.3405301895867933,0.011453189717561416,0.0690783913759212,0.1484284733918229,0.011453189717561416,0.14389362656173973,0.6278059099362795,0.32219409006372046,1
nslkdd,mlp,R2L,1,True,,0.007509843713584393,,,0.007509843713584393,0.16416483921366593,0.02981848141104289,0.920181518588957,1
nslkdd,mlp,Normal,1714,False,0.16816925688743167,-0.20027140673407529,0.024937241909252394,0.050947509642974564,0.20027140673407529,0.30912279230104,0.9268402777777777,0.02315972222222229,0
nslkdd,mlp,DoS,430,False,0.4796718455060258,0.18011617036165112,0.1468175366179173,0.25045307779626513,0.18011617036165112,0.1801690972167374,0.39876378933089374,0.5512362106691062,1
nslkdd,mlp,Probe,186,False,0.6121470333278003,0.012809206767156883,0.13713274696149014,0.2896935400933413,0.012809206767156883,0.12047509432872863,0.6278059099362795,0.32219409006372046,1
nslkdd,mlp,R2L,0,True,,0.007939028262940616,,,0.007939028262940616,0.18021766645768272,0.02981848141104289,0.920181518588957,1
nslkdd,mlp,Normal,1719,False,0.17434387415207997,-0.20273172051514377,0.01803294208150008,0.04050597730085774,0.20273172051514377,0.2991991220000112,0.9268402777777777,0.02315972222222229,0
nslkdd,mlp,DoS,402,False,0.48464696988413525,0.19204907852097436,0.14122050277429343,0.24722921530474135,0.19204907852097436,0.19210200537606065,0.39876378933089374,0.5512362106691062,1
nslkdd,mlp,Probe,205,False,0.4263091104324423,0.004623981600799645,0.11015358353876681,0.22763415800278597,0.004623981600799645,0.13818534317105294,0.6278059099362795,0.32219409006372046,1
nslkdd,mlp,R2L,2,True,,0.007081027404939758,,,0.007081027404939758,0.16833369230955764,0.02981848141104289,0.920181518588957,1
nslkdd,mlp,Normal,1764,False,0.19143081363991699,-0.22171223006169105,0.02295661315772002,0.04855121891495799,0.22171223006169105,0.3138397734331154,0.9268402777777777,0.02315972222222229,0
nslkdd,mlp,DoS,402,False,0.46225891018264276,0.19212303142511594,0.1362730071506858,0.23606252890998775,0.19212303142511594,0.19217595828020223,0.39876378933089374,0.5512362106691062,1
nslkdd,mlp,Probe,162,False,0.5492238951358448,0.023100801964412457,0.1238646811338634,0.2534233147887228,0.023100801964412457,0.12776497426011799,0.6278059099362795,0.32219409006372046,1
nslkdd,mlp,R2L,2,True,,0.007081395329835985,,,0.007081395329835985,0.18150411585733967,0.02981848141104289,0.920181518588957,1
nslkdd,mlp,Normal,1700,False,0.15512986295635184,-0.19383973639292784,0.018219940597885675,0.04564888643112318,0.19383973639292784,0.3069211297220189,0.9268402777777777,0.02315972222222229,0
nslkdd,mlp,DoS,421,False,0.4993963505234961,0.18405685093522503,0.06742230525902226,0.16743853686684848,0.18405685093522503,0.18405685093522503,0.39876378933089374,0.5512362106691062,1
nslkdd,mlp,Probe,206,False,0.38304902327085766,0.003771566331109047,0.04963256228538049,0.13955597435200398,0.003771566331109047,0.16067155936955874,0.6278059099362795,0.32219409006372046,1
nslkdd,mlp,R2L,0,True,,0.007462686567164179,,,0.007462686567164179,0.19744611916730048,0.02981848141104289,0.920181518588957,1
nslkdd,mlp,Normal,1755,False,0.17310273222104794,-0.2177578912123702,0.016000763177403066,0.04287574984933608,0.2177578912123702,0.3074928526030245,0.9268402777777777,0.02315972222222229,0
nslkdd,mlp,DoS,370,False,0.4636449221354882,0.20586774828260307,0.06834761997434147,0.16912180179006278,0.20586774828260307,0.20586774828260307,0.39876378933089374,0.5512362106691062,1
nslkdd,mlp,Probe,202,False,0.32189023037858067,0.005450375735240334,0.03655913081903661,0.10975980644126945,0.005450375735240334,0.1651007586485434,0.6278059099362795,0.32219409006372046,1
nslkdd,mlp,R2L,2,True,,0.0066043174684517324,,,0.0066043174684517324,0.19070050169206926,0.02981848141104289,0.920181518588957,1
nslkdd,mlp,Normal,1704,False,0.16667629578996168,-0.1952422660973443,0.0199201931609021,0.05003947160674796,0.1952422660973443,0.3135589342800976,0.9268402777777777,0.02315972222222229,0
nslkdd,mlp,DoS,432,False,0.4721409181314842,0.17941731799380528,0.07370474147006356,0.17512738124495988,0.17941731799380528,0.17941731799380528,0.39876378933089374,0.5512362106691062,1
nslkdd,mlp,Probe,193,False,0.5298247389237917,0.00938407666060051,0.049035243860594546,0.15506263379094548,0.00938407666060051,0.15685536225300273,0.6278059099362795,0.32219409006372046,1
nslkdd,mlp,R2L,0,True,,0.007462686567164179,,,0.007462686567164179,0.2016130525795169,0.02981848141104289,0.920181518588957,1
nslkdd,mlp,Normal,1716,False,0.16735292647124217,-0.20070374325693474,0.015099314366614047,0.039983321231273884,0.20070374325693474,0.3113587434006615,0.9268402777777777,0.02315972222222229,0
nslkdd,mlp,DoS,385,False,0.48354664203720804,0.19950086637924047,0.07106877739435358,0.17592065825632172,0.19950086637924047,0.19950086637924047,0.39876378933089374,0.5512362106691062,1
nslkdd,mlp,Probe,226,False,0.4457310161487905,-0.004808442248899536,0.04109515940649866,0.13361502248782137,0.004808442248899536,0.16539056408856345,0.6278059099362795,0.32219409006372046,1
nslkdd,mlp,R2L,3,True,,0.006175685280162892,,,0.006175685280162892,0.18672110844228978,0.02981848141104289,0.920181518588957,1
nslkdd,mlp,Normal,1752,False,0.18206538296452057,-0.21582545649185547,0.017641172617366974,0.04566692186990373,0.21582545649185547,0.3178049753422588,0.9268402777777777,0.02315972222222229,0
nslkdd,mlp,DoS,396,False,0.4441527026432687,0.19485471078968866,0.061355979920060144,0.15150890609638284,0.19485471078968866,0.19485471078968866,0.39876378933089374,0.5512362106691062,1
nslkdd,mlp,Probe,179,False,0.514062745676889,0.015387507192332922,0.053545107351524845,0.1617192432604914,0.015387507192332922,0.1555689128533458,0.6278059099362795,0.32219409006372046,1
nslkdd,mlp,R2L,3,True,,0.006176237167507232,,,0.006176237167507232,0.19818252084709836,0.02981848141104289,0.920181518588957,1
nslkdd,mlp,Normal,1625,False,0.11932344213649851,-0.1620351922034996,0.009534088045623945,0.023945963870231377,0.1620351922034996,0.2924047987560213,0.9268402777777777,0.02315972222222229,0
nslkdd,mlp,DoS,508,False,0.5418765376260083,0.1469455210325328,0.09885698059973391,0.2311076762729719,0.1469455210325328,0.1469455210325328,0.39876378933089374,0.5512362106691062,1
nslkdd,mlp,Probe,191,False,0.36866131122678647,0.00978315792542532,0.04694279362136777,0.10809047947798185,0.00978315792542532,0.11616109599596425,0.6278059099362795,0.32219409006372046,1
nslkdd,mlp,R2L,3,True,,0.006757880686111871,,,0.006757880686111871,0.1517481052253996,0.02981848141104289,0.920181518588957,1
nslkdd,mlp,Normal,1685,False,0.14154302670623145,-0.18808546074303845,0.01030976722785204,0.026168658042754357,0.18808546074303845,0.29577493774847785,0.9268402777777777,0.02315972222222229,0
nslkdd,mlp,DoS,427,False,0.4984173183890686,0.18161593638964343,0.09636721534249215,0.21927182361253428,0.18161593638964343,0.18161593638964343,0.39876378933089374,0.5512362106691062,1
nslkdd,mlp,Probe,212,False,0.4006222168994763,0.0007351154009879457,0.059949446568792863,0.13099462852605775,0.0007351154009879457,0.14073932229092873,0.6278059099362795,0.32219409006372046,1
nslkdd,mlp,R2L,5,True,,0.005898959226332042,,,0.005898959226332042,0.1553691227907581,0.02981848141104289,0.920181518588957,1
nslkdd,mlp,Normal,1619,False,0.13047600544718413,-0.15916335442600138,0.01035392322779971,0.02543389324820498,0.15916335442600138,0.3053325758347418,0.9268402777777777,0.02315972222222229,0
nslkdd,mlp,DoS,512,False,0.5394466655787642,0.14532370808996514,0.09495694303555069,0.2247645779035178,0.14532370808996514,0.14532370808996514,0.39876378933089374,0.5512362106691062,1
nslkdd,mlp,Probe,196,False,0.5867023093138005,0.007674212420253401,0.08182601110006038,0.18757295924567569,0.007674212420253401,0.12076346852286507,0.6278059099362795,0.32219409006372046,1
nslkdd,mlp,R2L,4,True,,0.006329616106903895,,,0.006329616106903895,0.15519170687927464,0.02981848141104289,0.920181518588957,1
nslkdd,mlp,Normal,1665,False,0.1445246433376997,-0.17919520936351674,0.009746486760829343,0.02535087053689559,0.17919520936351674,0.2924047987560213,0.9268402777777777,0.02315972222222229,0
nslkdd,mlp,DoS,451,False,0.5240901661330879,0.17139854548555725,0.08831132676848219,0.20896607506660447,0.17139854548555725,0.17139854548555725,0.39876378933089374,0.5512362106691062,1
nslkdd,mlp,Probe,202,False,0.3841361343289551,0.005064153206420591,0.07842277821043597,0.15708719570097196,0.005064153206420591,0.14662012645499467,0.6278059099362795,0.32219409006372046,1
nslkdd,mlp,R2L,12,True,,0.00289687682510801,,,0.00289687682510801,0.16210262796480646,0.02981848141104289,0.920181518588957,1
nslkdd,mlp,Normal,1684,False,0.1547248673146458,-0.18703642475190196,0.01050398213172099,0.02659782078546313,0.18703642475190196,0.3014732276357709,0.9268402777777777,0.02315972222222229,0
nslkdd,mlp,DoS,464,False,0.4873184328201435,0.1659068984844763,0.09104522750880673,0.21015171624201595,0.1659068984844763,0.1659068984844763,0.39876378933089374,0.5512362106691062,1
nslkdd,mlp,Probe,178,False,0.512292770217263,0.015392908818195078,0.0819922118250227,0.17999466228715139,0.015392908818195078,0.13577204485219607,0.6278059099362795,0.32219409006372046,1
nslkdd,mlp,R2L,5,True,,0.00590079964035158,,,0.00590079964035158,0.1598665644079882,0.02981848141104289,0.920181518588957,1
nslkdd,rf,Normal,1921,False,0.4841563026682678,-0.28954858773848935,0.04487800164726197,0.0958656217725396,0.28954858773848935,0.4056203143214893,0.9268402777777777,0.02315972222222229,0
nslkdd,rf,DoS,184,False,0.17673382666784526,0.28551824518798163,0.015210479201350324,0.04278727867082994,0.28551824518798163,0.28551824518798163,0.39876378933089374,0.5512362106691062,1
nslkdd,rf,Probe,223,False,0.47050352338244716,-0.0030450992661218146,0.13033733726326735,0.2372775063919502,0.0030450992661218146,0.3580380498449727,0.6278059099362795,0.32219409006372046,1
nslkdd,rf,R2L,3,True,,0.0066520269759393295,,,0.0066520269759393295,0.39548894264677054,0.02981848141104289,0.920181518588957,1
nslkdd,rf,Normal,1921,False,0.45708706789471243,-0.28990228294196996,0.03594145147188155,0.0766012029564782,0.28990228294196996,0.3834820509815092,0.9268402777777777,0.02315972222222229,0
nslkdd,rf,DoS,182,False,0.2501332533281415,0.2863427361412279,0.026049868648905683,0.05922406438349817,0.2863427361412279,0.2863427361412279,0.39876378933089374,0.5512362106691062,1
nslkdd,rf,Probe,218,False,0.44960419397116647,-0.0009402353586828033,0.11394153285870223,0.21603090055669733,0.0009402353586828033,0.35266063073364795,0.6278059099362795,0.32219409006372046,1
nslkdd,rf,R2L,9,True,,0.004076367318734607,,,0.004076367318734607,0.3922340629970411,0.02981848141104289,0.920181518588957,1
nslkdd,rf,Normal,1947,False,0.5138518767130951,-0.3003444240060237,0.04707897042421527,0.10025456565208282,0.3003444240060237,0.4358871040222413,0.9268402777777777,0.02315972222222229,0
nslkdd,rf,DoS,198,False,0.23475973795462612,0.27954866374670206,0.021457166308704534,0.04513799669833079,0.27954866374670206,0.27954866374670206,0.39876378933089374,0.5512362106691062,1
nslkdd,rf,Probe,179,False,0.5906528332003192,0.01586384888810935,0.15422948641065393,0.2872537395523672,0.01586384888810935,0.37799061696735115,0.6278059099362795,0.32219409006372046,1
nslkdd,rf,R2L,8,True,,0.004508496530522091,,,0.004508496530522091,0.4369056963276752,0.02981848141104289,0.920181518588957,1
nslkdd,rf,Normal,1953,False,0.4988901056004218,-0.30327660146650304,0.0401478933326328,0.08700354347491694,0.30327660146650304,0.42492533362650864,0.9268402777777777,0.02315972222222229,0
nslkdd,rf,DoS,178,False,0.18839723653594492,0.28809224776198417,0.015586886158303948,0.040668686028218035,0.28809224776198417,0.28809224776198417,0.39876378933089374,0.5512362106691062,1
nslkdd,rf,Probe,195,False,0.4227399267399267,0.00896691274589019,0.10913399718881955,0.20524721439097138,0.00896691274589019,0.3756270674339902,0.6278059099362795,0.32219409006372046,1
nslkdd,rf,R2L,5,True,,0.005794026117938471,,,0.005794026117938471,0.4186549658127937,0.02981848141104289,0.920181518588957,1
nslkdd,rf,Normal,1958,False,0.508793677120521,-0.3050614051380992,0.03961618463591776,0.08639177928217036,0.3050614051380992,0.434171838156032,0.9268402777777777,0.02315972222222229,0
nslkdd,rf,DoS,199,False,0.2285417794753611,0.2791198472801497,0.02429167827309986,0.05664124922649928,0.2791198472801497,0.2791198472801497,0.39876378933089374,0.5512362106691062,1
nslkdd,rf,Probe,170,False,0.6052436974789916,0.019723197087080202,0.13297192887899245,0.26676147514477594,0.019723197087080202,0.3848516804321882,0.6278059099362795,0.32219409006372046,1
nslkdd,rf,R2L,4,True,,0.006223762396731353,,,0.006223762396731353,0.43133108226249506,0.02981848141104289,0.920181518588957,1
nslkdd,rf,Normal,1880,False,0.34682746998104064,-0.2719595701494717,0.03895554855312078,0.08995945263306268,0.2719595701494717,0.34076134838281547,0.9268402777777777,0.02315972222222229,0
nslkdd,rf,DoS,226,False,0.29471751071174296,0.2675002271699636,0.10234706567701435,0.169600178384365,0.2675002271699636,0.26755315402504987,0.39876378933089374,0.5512362106691062,1
nslkdd,rf,Probe,221,False,0.45849515190691664,-0.002187098408120966,0.13065383639964434,0.24599791801307969,0.002187098408120966,0.25896919466306567,0.6278059099362795,0.32219409006372046,1
nslkdd,rf,R2L,4,True,,0.006275953402025171,,,0.006275953402025171,0.3108505910982888,0.02981848141104289,0.920181518588957,1
nslkdd,rf,Normal,1896,False,0.29000459539624845,-0.2791726692080644,0.03219929129567545,0.0748583259447918,0.2791726692080644,0.34671819425382444,0.9268402777777777,0.02315972222222229,0
nslkdd,rf,DoS,217,False,0.32932845779388087,0.2713212769137601,0.09938331451873894,0.17260934062158523,0.2713212769137601,0.2713742037688464,0.39876378933089374,0.5512362106691062,1
nslkdd,rf,Probe,208,False,0.4294010989010989,0.003351610134879432,0.10996932850925478,0.21895537811889676,0.003351610134879432,0.2655255364125405,0.6278059099362795,0.32219409006372046,1
nslkdd,rf,R2L,9,True,,0.004129294173820878,,,0.004129294173820878,0.2603502440314181,0.02981848141104289,0.920181518588957,1
nslkdd,rf,Normal,1909,False,0.3623346420550908,-0.2840493982770357,0.040595857317018536,0.09530283339955543,0.2840493982770357,0.3601097828255896,0.9268402777777777,0.02315972222222229,0
nslkdd,rf,DoS,239,False,0.3197069549884126,0.2619671886180571,0.1030255793419218,0.17038218500354133,0.2619671886180571,0.2620201154731434,0.39876378933089374,0.5512362106691062,1
nslkdd,rf,Probe,177,False,0.5890266343825666,0.016721481821213982,0.1638949563687997,0.31632813669405835,0.016721481821213982,0.27471693210891635,0.6278059099362795,0.32219409006372046,1
nslkdd,rf,R2L,7,True,,0.004990239852160678,,,0.004990239852160678,0.3201412466153594,0.02981848141104289,0.920181518588957,1
nslkdd,rf,Normal,1917,False,0.30026258024863517,-0.2878325860224876,0.03272110832997732,0.07787820004373491,0.2878325860224876,0.34719635481782196,0.9268402777777777,0.02315972222222229,0
nslkdd,rf,DoS,211,False,0.2818914123442991,0.27393523360497,0.08594639274260774,0.14716081669729006,0.27393523360497,0.2739881604600563,0.39876378933089374,0.5512362106691062,1
nslkdd,rf,Probe,198,False,0.4334025974025974,0.007679911458888911,0.11697473244921641,0.22899852569730395,0.007679911458888911,0.28513822083209184,0.6278059099362795,0.32219409006372046,1
nslkdd,rf,R2L,5,True,,0.005846952973024742,,,0.005846952973024742,0.26065754090523857,0.02981848141104289,0.920181518588957,1
nslkdd,rf,Normal,1923,False,0.3086496449957008,-0.29005282880876815,0.03248161242989489,0.07794977153229869,0.29005282880876815,0.3622538651583511,0.9268402777777777,0.02315972222222229,0
nslkdd,rf,DoS,237,False,0.3266451468214723,0.2628248215511617,0.10068082039290771,0.17392269168711233,0.2628248215511617,0.262877748406248,0.39876378933089374,0.5512362106691062,1
nslkdd,rf,Probe,167,False,0.6075996578272027,0.021009646486737144,0.1443754184062508,0.2969575086097966,0.021009646486737144,0.2862949767058288,0.6278059099362795,0.32219409006372046,1
nslkdd,rf,R2L,4,True,,0.006276689251817624,,,0.006276689251817624,0.27425788469426166,0.02981848141104289,0.920181518588957,1
nslkdd,rf,Normal,1919,False,0.3522672701626656,-0.2889022943008335,0.043572014453309826,0.09711394195371699,0.2889022943008335,0.3419424959596442,0.9268402777777777,0.02315972222222229,0
nslkdd,rf,DoS,194,False,0.21199426464073184,0.2813340946081499,0.0232577304438063,0.06282946425603836,0.2813340946081499,0.2813340946081499,0.39876378933089374,0.5512362106691062,1
nslkdd,rf,Probe,214,False,0.5026725131225195,0.0009217583050545874,0.107015845677217,0.2121921337229011,0.0009217583050545874,0.23618755533649152,0.6278059099362795,0.32219409006372046,1
nslkdd,rf,R2L,4,True,,0.006275953402025171,,,0.006275953402025171,0.323910786438573,0.02981848141104289,0.920181518588957,1
nslkdd,rf,Normal,1918,False,0.30084091573862765,-0.28882643671424635,0.034313431216144386,0.0766069922744607,0.28882643671424635,0.34511307947523817,0.9268402777777777,0.02315972222222229,0
nslkdd,rf,DoS,190,False,0.24286784033253866,0.2830151134565507,0.02722109667389805,0.07271685582878264,0.2830151134565507,0.2830151134565507,0.39876378933089374,0.5512362106691062,1
nslkdd,rf,Probe,214,False,0.48398092433747275,0.0008823565489146368,0.10453276965293867,0.21368117728834277,0.0008823565489146368,0.2044717968008556,0.6278059099362795,0.32219409006372046,1
nslkdd,rf,R2L,8,True,,0.004558478723177102,,,0.004558478723177102,0.3069021162110187,0.02981848141104289,0.920181518588957,1
nslkdd,rf,Normal,1939,False,0.3650135082782391,-0.29712559969395025,0.04374277246500269,0.0979385569731772,0.29712559969395025,0.3586116260055876,0.9268402777777777,0.02315972222222229,0
nslkdd,rf,DoS,202,False,0.24797466680465957,0.27793925159066535,0.023319660405888176,0.05926341966941978,0.27793925159066535,0.27793925159066535,0.39876378933089374,0.5512362106691062,1
nslkdd,rf,Probe,184,False,0.6617033948779035,0.013825620265520325,0.1491959978080657,0.290987219838605,0.013825620265520325,0.23594324461775645,0.6278059099362795,0.32219409006372046,1
nslkdd,rf,R2L,7,True,,0.004990239852160678,,,0.004990239852160678,0.3541981799335137,0.02981848141104289,0.920181518588957,1
nslkdd,rf,Normal,1942,False,0.3170572799783255,-0.2987693041678434,0.03687808952653615,0.08392576604045425,0.2987693041678434,0.34773679454530515,0.9268402777777777,0.02315972222222229,0
nslkdd,rf,DoS,187,False,0.20405556901252742,0.2843370976111529,0.024056742203070303,0.0633336945811011,0.2843370976111529,0.2843370976111529,0.39876378933089374,0.5512362106691062,1
nslkdd,rf,Probe,197,False,0.48345907795007304,0.00821476559806189,0.1081728280140467,0.21103161127135442,0.00821476559806189,0.21640619433569577,0.6278059099362795,0.32219409006372046,1
nslkdd,rf,R2L,5,True,,0.005846952973024742,,,0.005846952973024742,0.3067507692785559,0.02981848141104289,0.920181518588957,1
nslkdd,rf,Normal,1952,False,0.327154399729807,-0.30270021375913037,0.037451724965156474,0.08479954927464456,0.30270021375913037,0.3619363040278335,0.9268402777777777,0.02315972222222229,0
nslkdd,rf,DoS,202,False,0.24797466680465957,0.27793925159066535,0.02097026513785394,0.06116833922441764,0.27793925159066535,0.27793925159066535,0.39876378933089374,0.5512362106691062,1
nslkdd,rf,Probe,173,False,0.694720484598939,0.018542601397595795,0.1415439947830368,0.2868000351897998,0.018542601397595795,0.21374524044134643,0.6278059099362795,0.32219409006372046,1
nslkdd,rf,R2L,4,True,,0.006276689251817624,,,0.006276689251817624,0.3280403754738225,0.02981848141104289,0.920181518588957,1
nslkdd,rf,Normal,1905,False,0.3485983773763105,-0.28273750772956874,0.0450556009742491,0.10205437849964238,0.28273750772956874,0.33898124863510704,0.9268402777777777,0.02315972222222229,0
nslkdd,rf,DoS,222,False,0.3127013158962041,0.2692162288859653,0.06868145496843692,0.13251595985761722,0.2692162288859653,0.2693750094512241,0.39876378933089374,0.5512362106691062,1
nslkdd,rf,Probe,200,False,0.4267142857142857,0.006821910600888048,0.09646199197428573,0.19873255465310855,0.006821910600888048,0.2036675109079047,0.6278059099362795,0.32219409006372046,1
nslkdd,rf,R2L,4,True,,0.006328880257111442,,,0.006328880257111442,0.29622016427351455,0.02981848141104289,0.920181518588957,1
nslkdd,rf,Normal,1919,False,0.2917916689392007,-0.28909684069834374,0.036931748210493165,0.0838919060882236,0.28909684069834374,0.34322025158655634,0.9268402777777777,0.02315972222222229,0
nslkdd,rf,DoS,208,False,0.3098860005808888,0.27518393785796613,0.05473179794288163,0.118328964326341,0.27518393785796613,0.27534271842322494,0.39876378933089374,0.5512362106691062,1
nslkdd,rf,Probe,193,False,0.41694744633604736,0.009789378375222771,0.08372582532969519,0.17648730122729533,0.009789378375222771,0.20333793547103318,0.6278059099362795,0.32219409006372046,1
nslkdd,rf,R2L,10,True,,0.0037530364795509263,,,0.0037530364795509263,0.2552105693793838,0.02981848141104289,0.920181518588957,1
nslkdd,rf,Normal,1941,False,0.3682335195832255,-0.2978244520617961,0.0472008223115703,0.10829806302251141,0.2978244520617961,0.35318498925394204,0.9268402777777777,0.02315972222222229,0
nslkdd,rf,DoS,222,False,0.3081968113916996,0.2692570685494465,0.052287257296099954,0.10385962970909858,0.2692570685494465,0.2694158491147053,0.39876378933089374,0.5512362106691062,1
nslkdd,rf,Probe,161,False,0.5531428571428572,0.02358254528605104,0.11898323904209263,0.25359810734522786,0.02358254528605104,0.22586644348419582,0.6278059099362795,0.32219409006372046,1
nslkdd,rf,R2L,8,True,,0.004614350240694633,,,0.004614350240694633,0.3098561424475012,0.02981848141104289,0.920181518588957,1
nslkdd,rf,Normal,1933,False,0.308751431188195,-0.2947495197415807,0.036977879583150464,0.087428416234366,0.2947495197415807,0.3445582542121126,0.9268402777777777,0.02315972222222229,0
nslkdd,rf,DoS,208,False,0.2858475390424272,0.2752222348919713,0.057902438652190136,0.1163456318269193,0.2752222348919713,0.2753810154572301,0.39876378933089374,0.5512362106691062,1
nslkdd,rf,Probe,185,False,0.4357683397683398,0.013256917035894489,0.10064289362089973,0.2027395821247703,0.013256917035894489,0.21610852334891717,0.6278059099362795,0.32219409006372046,1
nslkdd,rf,R2L,5,True,,0.005899879828111013,,,0.005899879828111013,0.2572340520895618,0.02981848141104289,0.920181518588957,1
nslkdd,rf,Normal,1949,False,0.31537506748860983,-0.30125498379421467,0.040281483658993755,0.09265474816375621,0.30125498379421467,0.3557578880532559,0.9268402777777777,0.02315972222222229,0
nslkdd,rf,DoS,225,False,0.3218304450253332,0.26797061914978954,0.057449108525352344,0.11863339246399154,0.26797061914978954,0.26812939971504834,0.39876378933089374,0.5512362106691062,1
nslkdd,rf,Probe,154,False,0.5921038961038961,0.026584260551917246,0.11568006572475686,0.251574002547257,0.026584260551917246,0.22372236115143418,0.6278059099362795,0.32219409006372046,1
nslkdd,rf,R2L,3,True,,0.006758432573456211,,,0.006758432573456211,0.26820801833684027,0.02981848141104289,0.920181518588957,1
nslkdd,rf,Normal,1920,False,0.3878300330033003,-0.28911958730948883,0.05287502764192453,0.11636300821846199,0.28911958730948883,0.34483405966416436,0.9268402777777777,0.02315972222222229,0
nslkdd,rf,DoS,207,False,0.30583911858019974,0.27570416217605803,0.06312782673636974,0.1120556463508424,0.27570416217605803,0.2757570890311443,0.39876378933089374,0.5512362106691062,1
nslkdd,rf,Probe,202,False,0.49370297029702975,0.005963909742887186,0.10275723595464081,0.21002432570216112,0.005963909742887186,0.26560480545872733,0.6278059099362795,0.32219409006372046,1
nslkdd,rf,R2L,2,True,,0.007081027404939758,,,0.007081027404939758,0.36401394816764776,0.02981848141104289,0.920181518588957,1
nslkdd,rf,Normal,1922,False,0.33433974510874603,-0.2903314674913261,0.04388183147540503,0.09525250584565792,0.2903314674913261,0.3460715325754571,0.9268402777777777,0.02315972222222229,0
nslkdd,rf,DoS,202,False,0.3431950280841936,0.2778119720091897,0.06769665218689469,0.12002301509884282,0.2778119720091897,0.277864898864276,0.39876378933089374,0.5512362106691062,1
nslkdd,rf,Probe,198,False,0.4741010101010101,0.007643455628441667,0.09220355436709027,0.1960294089374539,0.007643455628441667,0.2331443867322142,0.6278059099362795,0.32219409006372046,1
nslkdd,rf,R2L,8,True,,0.004505551868090831,,,0.004505551868090831,0.3247046204463029,0.02981848141104289,0.920181518588957,1
nslkdd,rf,Normal,1946,False,0.40812379799130993,-0.29991560753947133,0.05610518011090093,0.12266393863391609,0.29991560753947133,0.35774859144662075,0.9268402777777777,0.02315972222222229,0
nslkdd,rf,DoS,217,False,0.31002442991838625,0.27145407773729435,0.060931931121190774,0.10385721066795962,0.27145407773729435,0.27150700459238064,0.39876378933089374,0.5512362106691062,1
nslkdd,rf,Probe,162,False,0.6121481481481481,0.023153728819498717,0.13739740271879464,0.2784041299156007,0.023153728819498717,0.2663049665362469,0.6278059099362795,0.32219409006372046,1
nslkdd,rf,R2L,7,True,,0.004937312997074407,,,0.004937312997074407,0.38356400545355407,0.02981848141104289,0.920181518588957,1
nslkdd,rf,Normal,1946,False,0.3469727188546193,-0.3002735984635,0.044917874435029814,0.10090390024768536,0.3002735984635,0.3482660630961678,0.9268402777777777,0.02315972222222229,0
nslkdd,rf,DoS,198,False,0.29464017259864506,0.2795651660370619,0.05794469254273571,0.1020301946181912,0.2795651660370619,0.2796180928921482,0.39876378933089374,0.5512362106691062,1
nslkdd,rf,Probe,182,False,0.474989010989011,0.014543918322895769,0.10335635838403812,0.20632443556258417,0.014543918322895769,0.24629978615370804,0.6278059099362795,0.32219409006372046,1
nslkdd,rf,R2L,5,True,,0.005794026117938471,,,0.005794026117938471,0.32669091084461044,0.02981848141104289,0.920181518588957,1
nslkdd,rf,Normal,1964,False,0.3573904539130084,-0.3076343039374131,0.04761792004994847,0.1064003269776561,0.3076343039374131,0.3628943890452485,0.9268402777777777,0.02315972222222229,0
nslkdd,rf,DoS,214,False,0.3097444867683798,0.2727405271369513,0.0541022926441066,0.10093744160360207,0.2727405271369513,0.2727405271369513,0.39876378933089374,0.5512362106691062,1
nslkdd,rf,Probe,150,False,0.6373333333333333,0.02829952641812651,0.10904452054841185,0.2545885149799043,0.02829952641812651,0.2384318962103464,0.6278059099362795,0.32219409006372046,1
nslkdd,rf,R2L,3,True,,0.0066525788632836695,,,0.0066525788632836695,0.34411289053074107,0.02981848141104289,0.920181518588957,1
nslkdd,rf,Normal,1910,False,0.4061042796731209,-0.28488250987457087,0.0464955046293154,0.0957933989974768,0.28488250987457087,0.35306592261181025,0.9268402777777777,0.02315972222222229,0
nslkdd,rf,DoS,209,False,0.330862598766277,0.27484616131805717,0.06912752361392183,0.12096458403228218,0.27484616131805717,0.27484616131805717,0.39876378933089374,0.5512362106691062,1
nslkdd,rf,Probe,208,False,0.470521978021978,0.003389907168884612,0.11674990150201459,0.23401001681081926,0.003389907168884612,0.2715057751577281,0.6278059099362795,0.32219409006372046,1
nslkdd,rf,R2L,4,True,,0.006275953402025171,,,0.006275953402025171,0.3834248211828396,0.02981848141104289,0.920181518588957,1
nslkdd,rf,Normal,1920,False,0.35494263045846125,-0.2895260252477,0.03797638615277987,0.07785183242951117,0.2895260252477,0.358170475355848,0.9268402777777777,0.02315972222222229,0
nslkdd,rf,DoS,200,False,0.3109343691012052,0.2786703411079022,0.0648013308872778,0.11559571677571455,0.2786703411079022,0.2786703411079022,0.39876378933089374,0.5512362106691062,1
nslkdd,rf,Probe,201,False,0.5080028429282161,0.006355901980372988,0.10594741640619632,0.2262485486220498,0.006355901980372988,0.24352059445262955,0.6278059099362795,0.32219409006372046,1
nslkdd,rf,R2L,9,True,,0.004129294173820878,,,0.004129294173820878,0.3493269203248664,0.02981848141104289,0.920181518588957,1
nslkdd,rf,Normal,1938,False,0.42682408040686165,-0.29653800266213914,0.04804767027891277,0.0988422514333693,0.29653800266213914,0.3659231124404255,0.9268402777777777,0.02315972222222229,0
nslkdd,rf,DoS,214,False,0.3183642756432612,0.2727405271369513,0.057096811377565726,0.1035497516570985,0.2727405271369513,0.2727405271369513,0.39876378933089374,0.5512362106691062,1
nslkdd,rf,Probe,173,False,0.5784310487200661,0.018436747687423247,0.16003463297890397,0.3167081184584598,0.018436747687423247,0.27235705709255265,0.6278059099362795,0.32219409006372046,1
nslkdd,rf,R2L,7,True,,0.004990239852160678,,,0.004990239852160678,0.4042530495582378,0.02981848141104289,0.920181518588957,1
nslkdd,rf,Normal,1940,False,0.37894391911825503,-0.29775252274458375,0.03918187024883035,0.08122274119054916,0.29775252274458375,0.3573030000467282,0.9268402777777777,0.02315972222222229,0
nslkdd,rf,DoS,196,False,0.27654661399916436,0.28042316689506275,0.051871230089887366,0.09509097900623369,0.28042316689506275,0.28042316689506275,0.39876378933089374,0.5512362106691062,1
nslkdd,rf,Probe,190,False,0.49729323308270673,0.011111914890892333,0.10697424077808415,0.21944432794940047,0.011111914890892333,0.2519417071655877,0.6278059099362795,0.32219409006372046,1
nslkdd,rf,R2L,5,True,,0.005846952973024742,,,0.005846952973024742,0.3632618010198194,0.02981848141104289,0.920181518588957,1
nslkdd,rf,Normal,1952,False,0.395977466524035,-0.3025414331938716,0.04097740539436334,0.08532909099421666,0.3025414331938716,0.3659231124404255,0.9268402777777777,0.02315972222222229,0
nslkdd,rf,DoS,212,False,0.3025381426861108,0.2735981600700559,0.049479464157928366,0.0969070852806485,0.2735981600700559,0.2735981600700559,0.39876378933089374,0.5512362106691062,1
nslkdd,rf,Probe,163,False,0.5976161262050833,0.022724912352946408,0.1370885375659786,0.29846733783983215,0.022724912352946408,0.26147246323762374,0.6278059099362795,0.32219409006372046,1
nslkdd,rf,R2L,4,True,,0.006276689251817624,,,0.006276689251817624,0.3832410426971743,0.02981848141104289,0.920181518588957,1
nslkdd,rf,Normal,1883,False,0.3669679203714317,-0.273246571436473,0.04467152071582836,0.09798056757347189,0.273246571436473,0.34753625830158064,0.9268402777777777,0.02315972222222229,0
nslkdd,rf,DoS,224,False,0.31808894604741855,0.26841115488305073,0.09384454490297423,0.16511877808689096,0.26841115488305073,0.26841115488305073,0.39876378933089374,0.5512362106691062,1
nslkdd,rf,Probe,219,False,0.47599019400518494,-0.001382024405206364,0.1072807042145909,0.2229758998627716,0.001382024405206364,0.24241405584689169,0.6278059099362795,0.32219409006372046,1
nslkdd,rf,R2L,5,True,,0.005794026117938471,,,0.005794026117938471,0.35248890409258776,0.02981848141104289,0.920181518588957,1
nslkdd,rf,Normal,1894,False,0.3209461875437808,-0.2783143001093519,0.0361769961165711,0.081528138589715,0.2783143001093519,0.34662964966965004,0.9268402777777777,0.02315972222222229,0
nslkdd,rf,DoS,219,False,0.3299937079521804,0.27051583467013396,0.09808758682081142,0.17074689038958565,0.27051583467013396,0.27051583467013396,0.39876378933089374,0.5512362106691062,1
nslkdd,rf,Probe,208,False,0.42653219422087346,0.0032986832797931714,0.08594563852917159,0.18901660509407192,0.0032986832797931714,0.22368201908910385,0.6278059099362795,0.32219409006372046,1
nslkdd,rf,R2L,9,True,,0.004076367318734607,,,0.004076367318734607,0.3162779382241382,0.02981848141104289,0.920181518588957,1
nslkdd,rf,Normal,1907,False,0.38632417305705397,-0.2831917653439311,0.04561364185370842,0.10258515164433021,0.2831917653439311,0.362164216325765,0.9268402777777777,0.02315972222222229,0
nslkdd,rf,DoS,236,False,0.3186942729239318,0.26330656487280035,0.09328285679411297,0.1618057041939389,0.26330656487280035,0.26330656487280035,0.39876378933089374,0.5512362106691062,1
nslkdd,rf,Probe,181,False,0.6056278410078056,0.014953289099918457,0.13306095877476953,0.27885014654861806,0.014953289099918457,0.2469790839968255,0.6278059099362795,0.32219409006372046,1
nslkdd,rf,R2L,8,True,,0.004508496530522091,,,0.004508496530522091,0.379017652150183,0.02981848141104289,0.920181518588957,1
nslkdd,rf,Normal,1918,False,0.33242527798139565,-0.288261586451488,0.038655742182300834,0.08903284427305048,0.288261586451488,0.34968126044658276,0.9268402777777777,0.02315972222222229,0
nslkdd,rf,DoS,212,False,0.2944109903537154,0.27355916003105585,0.08348621857010463,0.14696548559455352,0.27355916003105585,0.27355916003105585,0.39876378933089374,0.5512362106691062,1
nslkdd,rf,Probe,196,False,0.4345544392714204,0.008484985461803499,0.09213904934489825,0.1982340949648849,0.008484985461803499,0.2142588080981222,0.6278059099362795,0.32219409006372046,1
nslkdd,rf,R2L,5,True,,0.005794026117938471,,,0.005794026117938471,0.31870372391172647,0.02981848141104289,0.920181518588957,1
nslkdd,rf,Normal,1928,False,0.3420512715171932,-0.2921969111415297,0.039800724682406696,0.08973351026915605,0.2921969111415297,0.3647371151250789,0.9268402777777777,0.02315972222222229,0
nslkdd,rf,DoS,229,False,0.31165165938230566,0.26630828013866653,0.07963178889836442,0.1463794097876212,0.26630828013866653,0.26630828013866653,0.39876378933089374,0.5512362106691062,1
nslkdd,rf,Probe,170,False,0.6115225507012411,0.01967027023199394,0.11675986145658335,0.261905106137385,0.01967027023199394,0.2178724911263543,0.6278059099362795,0.32219409006372046,1
nslkdd,rf,R2L,4,True,,0.006223762396731353,,,0.006223762396731353,0.33774541765098814,0.02981848141104289,0.920181518588957,1
nslkdd,rf,Normal,1904,False,0.3570948034625277,-0.28230850730056833,0.05537557416492622,0.1235225489553252,0.28230850730056833,0.3438757906843013,0.9268402777777777,0.02315972222222229,0
nslkdd,rf,DoS,223,False,0.31056171991032694,0.2688401553120512,0.05216214058297597,0.12785388847849186,0.2688401553120512,0.2688930821671375,0.39876378933089374,0.5512362106691062,1
nslkdd,rf,Probe,201,False,0.4551271104432073,0.006287056461715082,0.07756907091011056,0.19651754439366695,0.006287056461715082,0.22049007679366522,0.6278059099362795,0.32219409006372046,1
nslkdd,rf,R2L,3,True,,0.006757880686111871,,,0.006757880686111871,0.27761995084954755,0.02981848141104289,0.920181518588957,1
nslkdd,rf,Normal,1922,False,0.30626583503852955,-0.2903843943464124,0.0465707220536431,0.10280633890756898,0.2903843943464124,0.3446838949258819,0.9268402777777777,0.02315972222222229,0
nslkdd,rf,DoS,208,False,0.28512191308038554,0.2752368647130524,0.04256582000383846,0.1104105042216367,0.2752368647130524,0.2752897915681387,0.39876378933089374,0.5512362106691062,1
nslkdd,rf,Probe,190,False,0.43569794050343247,0.010971078313118915,0.07018353197067217,0.1878443221095304,0.010971078313118915,0.20801280784462306,0.6278059099362795,0.32219409006372046,1
nslkdd,rf,R2L,10,True,,0.0037530364795509263,,,0.0037530364795509263,0.2429874642857305,0.02981848141104289,0.920181518588957,1
nslkdd,rf,Normal,1938,False,0.38307888130419065,-0.29653800266213914,0.05836681376053798,0.13142755738611644,0.29653800266213914,0.3589345887619674,0.9268402777777777,0.02315972222222229,0
nslkdd,rf,DoS,222,False,0.2714351493936219,0.26930999540453276,0.03585521905690081,0.09428352820770285,0.26930999540453276,0.26936292225961905,0.39876378933089374,0.5512362106691062,1
nslkdd,rf,Probe,165,False,0.5604188336453783,0.02176142570966924,0.10855307954044302,0.26969259894346975,0.02176142570966924,0.21606430821695327,0.6278059099362795,0.32219409006372046,1
nslkdd,rf,R2L,7,True,,0.0050431667072469485,,,0.0050431667072469485,0.28649374745919326,0.02981848141104289,0.920181518588957,1
nslkdd,rf,Normal,1935,False,0.3165122138375304,-0.2956075205995816,0.048728892697178505,0.1097242518966869,0.2956075205995816,0.3494527962613069,0.9268402777777777,0.02315972222222229,0
nslkdd,rf,DoS,208,False,0.28031422077269325,0.2752751617470576,0.04140443295689611,0.10606179406804825,0.2752751617470576,0.27532808860214386,0.39876378933089374,0.5512362106691062,1
nslkdd,rf,Probe,183,False,0.4479498818321641,0.014009064183722802,0.07383133429553224,0.19066293452241803,0.014009064183722802,0.2199248425034388,0.6278059099362795,0.32219409006372046,1
nslkdd,rf,R2L,5,True,,0.005899879828111013,,,0.005899879828111013,0.24115491438451106,0.02981848141104289,0.920181518588957,1
nslkdd,rf,Normal,1947,False,0.3319332750607201,-0.30039735086110997,0.04940435438578916,0.11238612873619798,0.30039735086110997,0.3619363040278335,0.9268402777777777,0.02315972222222229,0
nslkdd,rf,DoS,225,False,0.28999370795218044,0.2680235460048758,0.043639252469232837,0.11152883194792207,0.2680235460048758,0.2680764728599621,0.39876378933089374,0.5512362106691062,1
nslkdd,rf,Probe,155,False,0.585443271573042,0.02604959037519239,0.11431295756150794,0.287975485746989,0.02604959037519239,0.22625204694385082,0.6278059099362795,0.32219409006372046,1
nslkdd,rf,R2L,4,True,,0.006329616106903895,,,0.006329616106903895,0.2526172466015603,0.02981848141104289,0.920181518588957,1
nslkdd,rf,Normal,1901,False,0.35680654900238506,-0.28086272544830815,0.04622425054241586,0.1043157657769867,0.28086272544830815,0.34214861779167904,0.9268402777777777,0.02315972222222229,0
nslkdd,rf,DoS,203,False,0.24369103963424452,0.27731431018188724,0.05936811521282226,0.10267756682192494,0.27731431018188724,0.27736723703697347,0.39876378933089374,0.5512362106691062,1
nslkdd,rf,Probe,224,False,0.4782857142857143,-0.003474099695122246,0.12670368929420195,0.2548031775978149,0.003474099695122246,0.22824266901751816,0.6278059099362795,0.32219409006372046,1
nslkdd,rf,R2L,3,True,,0.006599100120853059,,,0.006599100120853059,0.30245463446479637,0.02981848141104289,0.920181518588957,1
nslkdd,rf,Normal,1902,False,0.3029846355814228,-0.2816419227940291,0.03773754234450344,0.0862476766706422,0.2816419227940291,0.3430085441662112,0.9268402777777777,0.02315972222222229,0
nslkdd,rf,DoS,199,False,0.2838177817190528,0.2789936719470859,0.06584373842858426,0.11708601020906227,0.2789936719470859,0.2791524525123447,0.39876378933089374,0.5512362106691062,1
nslkdd,rf,Probe,220,False,0.48737662337662335,-0.0017986044573952559,0.11381817076732592,0.23477285444525342,0.0017986044573952559,0.19962760392176637,0.6278059099362795,0.32219409006372046,1
nslkdd,rf,R2L,9,True,,0.004023440463648336,,,0.004023440463648336,0.27298322559424587,0.02981848141104289,0.920181518588957,1
nslkdd,rf,Normal,1924,False,0.36954385434884346,-0.2903757915651478,0.04805840812914275,0.10976020683719367,0.2903757915651478,0.3546356208447198,0.9268402777777777,0.02315972222222229,0
nslkdd,rf,DoS,217,False,0.27849161169844283,0.27134822402712183,0.06309774309652372,0.10599462802088834,0.27134822402712183,0.27150700459238064,0.39876378933089374,0.5512362106691062,1
nslkdd,rf,Probe,185,False,0.6107181467181467,0.013290950088795467,0.15389101425100937,0.3173417833571217,0.013290950088795467,0.22810248963205576,0.6278059099362795,0.32219409006372046,1
nslkdd,rf,R2L,6,True,,0.005313202608540452,,,0.005313202608540452,0.320322723087602,0.02981848141104289,0.920181518588957,1
nslkdd,rf,Normal,1930,False,0.32690546067418036,-0.2933037378893206,0.0409244603999489,0.09556110993290755,0.2933037378893206,0.34343561907868037,0.9268402777777777,0.02315972222222229,0
nslkdd,rf,DoS,193,False,0.22536489552643166,0.2816043144718915,0.046586625325795494,0.08465992896188326,0.2816043144718915,0.2817630950371503,0.39876378933089374,0.5512362106691062,1
nslkdd,rf,Probe,203,False,0.47582266009852214,0.005534909313886768,0.12363677182573407,0.2467945821244518,0.005534909313886768,0.20765064842549757,0.6278059099362795,0.32219409006372046,1
nslkdd,rf,R2L,5,True,,0.0057410992628522005,,,0.0057410992628522005,0.27928861129877325,0.02981848141104289,0.920181518588957,1
nslkdd,rf,Normal,1943,False,0.33132547246087846,-0.2985233044296418,0.04140994991001823,0.09594557392800657,0.2985233044296418,0.35806615257713836,0.9268402777777777,0.02315972222222229,0
nslkdd,rf,DoS,213,False,0.26499125471784957,0.27306348989333107,0.05262632999627748,0.09880370595829657,0.27306348989333107,0.2732222704585899,0.39876378933089374,0.5512362106691062,1
nslkdd,rf,Probe,171,False,0.6098646616541353,0.01929438062052788,0.13691913523012733,0.2952518325824247,0.01929438062052788,0.20794811570409694,0.6278059099362795,0.32219409006372046,1
nslkdd,rf,R2L,4,True,,0.0061708355416450825,,,0.0061708355416450825,0.2920208362951492,0.02981848141104289,0.920181518588957,1
nslkdd,rf,Normal,1868,False,0.35089630855812254,-0.2668644918565529,0.05247651053258262,0.11062427743816983,0.2668644918565529,0.3431124723598524,0.9268402777777777,0.02315972222222229,0
nslkdd,rf,DoS,230,False,0.3389776801494723,0.26589007916413443,0.10817091662730371,0.1781662002239885,0.26589007916413443,0.26594300601922066,0.39876378933089374,0.5512362106691062,1
nslkdd,rf,Probe,230,False,0.5386904317995377,-0.00610102912421108,0.14351281376971048,0.2731576875113094,0.00610102912421108,0.25327039601412427,0.6278059099362795,0.32219409006372046,1
nslkdd,rf,R2L,3,True,,0.0067049538310256,,,0.0067049538310256,0.3465557832023377,0.02981848141104289,0.920181518588957,1
nslkdd,rf,Normal,1879,False,0.30884725517536055,-0.2719294587240948,0.04191488554278466,0.0889882052175752,0.2719294587240948,0.34456650179837733,0.9268402777777777,0.02315972222222229,0
nslkdd,rf,DoS,218,False,0.3441232724909163,0.27099794607457645,0.10422568617272876,0.17637870073868675,0.27099794607457645,0.2710508729296627,0.39876378933089374,0.5512362106691062,1
nslkdd,rf,Probe,224,False,0.5628752144082333,-0.0035682695099064077,0.13341426219963703,0.2595087600339555,0.0035682695099064077,0.26412613219174885,0.6278059099362795,0.32219409006372046,1
nslkdd,rf,R2L,8,True,,0.004558478723177102,,,0.004558478723177102,0.32740965976436875,0.02981848141104289,0.920181518588957,1
nslkdd,rf,Normal,1882,False,0.3630621670120431,-0.2725242805352095,0.053475939559041286,0.11553015797486317,0.2725242805352095,0.3588179318000705,0.9268402777777777,0.02315972222222229,0
nslkdd,rf,DoS,241,False,0.34819651471559177,0.26121540939512505,0.1064284868731663,0.17219020095927445,0.26121540939512505,0.2612683362502113,0.39876378933089374,0.5512362106691062,1
nslkdd,rf,Probe,202,False,0.6423925411409066,0.005948143302319839,0.20021236268736264,0.3700030144400809,0.005948143302319839,0.26472242633407905,0.6278059099362795,0.32219409006372046,1
nslkdd,rf,R2L,7,True,,0.004990239852160678,,,0.004990239852160678,0.36611430276085727,0.02981848141104289,0.920181518588957,1
nslkdd,rf,Normal,1900,False,0.3284405438787582,-0.2805925055845666,0.04574981989385496,0.0989439480662474,0.2805925055845666,0.34804877008751256,0.9268402777777777,0.02315972222222229,0
nslkdd,rf,DoS,212,False,0.2926692306006618,0.27361208688614214,0.08699238336210624,0.14787647038620036,0.27361208688614214,0.2736650137412284,0.39876378933089374,0.5512362106691062,1
nslkdd,rf,Probe,214,False,0.5719289527259903,0.0007629777397957782,0.15054720668799526,0.2774940789018096,0.0007629777397957782,0.2790104217541499,0.6278059099362795,0.32219409006372046,1
nslkdd,rf,R2L,5,True,,0.005846952973024742,,,0.005846952973024742,0.3371177737643282,0.02981848141104289,0.920181518588957,1
nslkdd,rf,Normal,1911,False,0.3317041975183517,-0.28495995806522667,0.046849021534464574,0.10081535347563893,0.28495995806522667,0.3624601709528341,0.9268402777777777,0.02315972222222229,0
nslkdd,rf,DoS,234,False,0.3459267697072575,0.26421712466099123,0.09426173417424566,0.16736201490434155,0.26421712466099123,0.2642700515160775,0.39876378933089374,0.5512362106691062,1
nslkdd,rf,Probe,183,False,0.6521853236978508,0.014095656166813839,0.1729722264811061,0.3426866827268679,0.014095656166813839,0.2895937813941134,0.6278059099362795,0.32219409006372046,1
nslkdd,rf,R2L,3,True,,0.00670550571836994,,,0.00670550571836994,0.33566833363564286,0.02981848141104289,0.920181518588957,1
nslkdd,xgb,Normal,1765,False,0.2772307555128354,-0.22246574024916355,0.028127439951063038,0.0599057435965115,0.22246574024916355,0.3427255000770403,0.9268402777777777,0.02315972222222229,0
nslkdd,xgb,DoS,347,False,0.5408001774730599,0.21553824840582544,0.1250103732466935,0.22869220566250886,0.21553824840582544,0.21553824840582544,0.39876378933089374,0.5512362106691062,1
nslkdd,xgb,Probe,214,False,0.4822969600786564,0.0007629777397957782,0.08348368383637839,0.20180306766352837,0.0007629777397957782,0.24423754607940062,0.6278059099362795,0.32219409006372046,1
nslkdd,xgb,R2L,5,True,,0.0057410992628522005,,,0.0057410992628522005,0.31169108590512207,0.02981848141104289,0.920181518588957,1
nslkdd,xgb,Normal,1794,False,0.285619490485458,-0.23523706460847071,0.024760498682545484,0.0553266221929886,0.23523706460847071,0.34605799420394145,0.9268402777777777,0.02315972222222229,0
nslkdd,xgb,DoS,317,False,0.5117085787463719,0.22834989512305157,0.12138564191847678,0.2234066413993246,0.22834989512305157,0.22834989512305157,0.39876378933089374,0.5512362106691062,1
nslkdd,xgb,Probe,210,False,0.5049252634158294,0.002440314181080719,0.08290754155202074,0.2019228283894169,0.002440314181080719,0.25256586213303855,0.6278059099362795,0.32219409006372046,1
nslkdd,xgb,R2L,8,True,,0.00445262501300456,,,0.00445262501300456,0.32044416761957717,0.02981848141104289,0.920181518588957,1
nslkdd,xgb,Normal,1803,False,0.3033370811973336,-0.2384360722572314,0.030984924591553664,0.06637639342998274,0.2384360722572314,0.3500633942073872,0.9268402777777777,0.02315972222222229,0
nslkdd,xgb,DoS,353,False,0.5033082963539,0.2130291845760069,0.11335857494700541,0.21139653718663856,0.2130291845760069,0.2130291845760069,0.39876378933089374,0.5512362106691062,1
nslkdd,xgb,Probe,170,False,0.5500924898261191,0.01967027023199394,0.10571036393152566,0.26229047661839455,0.01967027023199394,0.24749441726080013,0.6278059099362795,0.32219409006372046,1
nslkdd,xgb,R2L,6,True,,0.005313202608540452,,,0.005313202608540452,0.33296266378047357,0.02981848141104289,0.920181518588957,1
nslkdd,xgb,Normal,1825,False,0.30416078772207905,-0.2482057659891893,0.029813609065487356,0.06705663027038915,0.2482057659891893,0.34744450479604505,0.9268402777777777,0.02315972222222229,0
nslkdd,xgb,DoS,305,False,0.46372846649285093,0.23355626642384344,0.1118081616999409,0.20808091727616995,0.23355626642384344,0.23355626642384344,0.39876378933089374,0.5512362106691062,1
nslkdd,xgb,Probe,195,False,0.5149492017416546,0.00891398589080393,0.08489721612019707,0.20757051905266372,0.00891398589080393,0.25367555551741006,0.6278059099362795,0.32219409006372046,1
nslkdd,xgb,R2L,6,True,,0.005312098833851772,,,0.005312098833851772,0.32370309791713414,0.02981848141104289,0.920181518588957,1
nslkdd,xgb,Normal,1837,False,0.30672273729739913,-0.2530158321200101,0.0279375795773128,0.06248974032321669,0.2530158321200101,0.3517786600735965,0.9268402777777777,0.02315972222222229,0
nslkdd,xgb,DoS,323,False,0.4613843978137064,0.22589367857257636,0.09921714644983759,0.17986921197830388,0.22589367857257636,0.22589367857257636,0.39876378933089374,0.5512362106691062,1
nslkdd,xgb,Probe,168,False,0.5809748427672956,0.02052790316509856,0.10626157631644684,0.25610443268717503,0.02052790316509856,0.25178258192632325,0.6278059099362795,0.32219409006372046,1
nslkdd,xgb,R2L,3,True,,0.006599652008197399,,,0.006599652008197399,0.33382029671357816,0.02981848141104289,0.920181518588957,1
nslkdd,xgb,Normal,1818,False,0.27476581024419483,-0.2450439824209275,0.027620884562237324,0.05343284189390274,0.2450439824209275,0.327111260423423,0.9268402777777777,0.02315972222222229,0
nslkdd,xgb,DoS,283,False,0.4226688481735869,0.24288842215168033,0.10235150475214538,0.20394035609588335,0.24288842215168033,0.24288842215168033,0.39876378933089374,0.5512362106691062,1
nslkdd,xgb,Probe,225,False,0.49513602847698956,-0.004008953834295212,0.1557324749511706,0.2704089541341763,0.004008953834295212,0.18693656229381855,0.6278059099362795,0.32219409006372046,1
nslkdd,xgb,R2L,5,True,,0.0057410992628522005,,,0.0057410992628522005,0.3088851451823824,0.02981848141104289,0.920181518588957,1
nslkdd,xgb,Normal,1843,False,0.28676076991379174,-0.25610832696166685,0.02633893932503162,0.05413943773904293,0.25610832696166685,0.3279110792489929,0.9268402777777777,0.02315972222222229,0
nslkdd,xgb,DoS,261,False,0.3900408747633544,0.25227837617682747,0.08966101581671015,0.17411572170184955,0.25227837617682747,0.25227837617682747,0.39876378933089374,0.5512362106691062,1
nslkdd,xgb,Probe,217,False,0.5100259414314187,-0.0006169045194991118,0.15529952890888366,0.266665231660588,0.0006169045194991118,0.19908279804520457,0.6278059099362795,0.32219409006372046,1
nslkdd,xgb,R2L,8,True,,0.00445262501300456,,,0.00445262501300456,0.3124775174442826,0.02981848141104289,0.920181518588957,1
nslkdd,xgb,Normal,1854,False,0.30315505693585426,-0.26014693148614076,0.03158854882028106,0.0605586941715877,0.26014693148614076,0.34089188741159715,0.9268402777777777,0.02315972222222229,0
nslkdd,xgb,DoS,294,False,0.3924981295729101,0.23822350239242093,0.0910153847741495,0.18527599067967968,0.23822350239242093,0.23822350239242093,0.39876378933089374,0.5512362106691062,1
nslkdd,xgb,Probe,178,False,0.5729887126218086,0.016186811644489138,0.19567035128760535,0.33658978551660845,0.016186811644489138,0.1999950613706403,0.6278059099362795,0.32219409006372046,1
nslkdd,xgb,R2L,6,True,,0.005313202608540452,,,0.005313202608540452,0.33102484185038095,0.02981848141104289,0.920181518588957,1
nslkdd,xgb,Normal,1858,False,0.2884206741159426,-0.26220399958094465,0.029669101360554895,0.0609435117789959,0.26220399958094465,0.3352622685744311,0.9268402777777777,0.02315972222222229,0
nslkdd,xgb,DoS,255,False,0.35235775553865306,0.25490043416369235,0.0894992353208226,0.1764721578632181,0.25490043416369235,0.25490043416369235,0.39876378933089374,0.5512362106691062,1
nslkdd,xgb,Probe,212,False,0.5558697810975347,0.0015680517427103663,0.16792822605151192,0.287031276202046,0.0015680517427103663,0.20313272488566234,0.6278059099362795,0.32219409006372046,1
nslkdd,xgb,R2L,6,True,,0.005312098833851772,,,0.005312098833851772,0.31274614904338627,0.02981848141104289,0.920181518588957,1
nslkdd,xgb,Normal,1871,False,0.2941491488987444,-0.26743681141753006,0.02301004214031821,0.050042118753837954,0.26743681141753006,0.3421783368112541,0.9268402777777777,0.02315972222222229,0
nslkdd,xgb,DoS,274,False,0.34558804035330887,0.24679983172346726,0.07750119033102532,0.16135284987061171,0.24679983172346726,0.24679983172346726,0.39876378933089374,0.5512362106691062,1
nslkdd,xgb,Probe,182,False,0.5816317549727161,0.014471545778279873,0.20293308023678958,0.34793026562151175,0.014471545778279873,0.18680760461769108,0.6278059099362795,0.32219409006372046,1
nslkdd,xgb,R2L,3,True,,0.006599652008197399,,,0.006599652008197399,0.313443366721736,0.02981848141104289,0.920181518588957,1
nslkdd,xgb,Normal,1821,False,0.3050408406003049,-0.24627805685284254,0.041246713032910054,0.08153871376712044,0.24627805685284254,0.3442909633763873,0.9268402777777777,0.02315972222222229,0
nslkdd,xgb,DoS,327,False,0.5137827941997768,0.22401240327566144,0.07417463950212921,0.18461522357002935,0.22401240327566144,0.22401240327566144,0.39876378933089374,0.5512362106691062,1
nslkdd,xgb,Probe,178,False,0.3780574082053987,0.016101139473638684,0.06223030992392664,0.13128876464929917,0.016101139473638684,0.17505240576056713,0.6278059099362795,0.32219409006372046,1
nslkdd,xgb,R2L,5,True,,0.005794026117938471,,,0.005794026117938471,0.32679172390191763,0.02981848141104289,0.920181518588957,1
nslkdd,xgb,Normal,1850,False,0.29340660339769864,-0.2590596919520741,0.034366795941984773,0.06831679157671418,0.2590596919520741,0.35153830882115766,0.9268402777777777,0.02315972222222229,0
nslkdd,xgb,DoS,295,False,0.4823724381120767,0.23768610149871588,0.0664693024115226,0.16499181323077527,0.23768610149871588,0.23768610149871588,0.39876378933089374,0.5512362106691062,1
nslkdd,xgb,Probe,176,False,0.4224905032002914,0.016926735149019767,0.056340666000367357,0.12330257107486634,0.016926735149019767,0.1820038697935762,0.6278059099362795,0.32219409006372046,1
nslkdd,xgb,R2L,8,True,,0.004505551868090831,,,0.004505551868090831,0.3213787695619246,0.02981848141104289,0.920181518588957,1
nslkdd,xgb,Normal,1852,False,0.3249219848698836,-0.2592363716979498,0.04473903310290572,0.08793777958726376,0.2592363716979498,0.3529160427561837,0.9268402777777777,0.02315972222222229,0
nslkdd,xgb,DoS,330,False,0.4731010526593848,0.22278610959653758,0.06431243952711474,0.16546105340257267,0.22278610959653758,0.22278610959653758,0.39876378933089374,0.5512362106691062,1
nslkdd,xgb,Probe,143,False,0.4784345591443474,0.031142461118733908,0.09563353123127116,0.1978345736576071,0.031142461118733908,0.17711204932964464,0.6278059099362795,0.32219409006372046,1
nslkdd,xgb,R2L,7,True,,0.004937312997074407,,,0.004937312997074407,0.34334926404436344,0.02981848141104289,0.920181518588957,1
nslkdd,xgb,Normal,1869,False,0.3046327251856182,-0.26687007744486313,0.03985070094292631,0.07946097435314618,0.26687007744486313,0.3511549702403942,0.9268402777777777,0.02315972222222229,0
nslkdd,xgb,DoS,286,False,0.43839946193571067,0.24160142086467903,0.06275413149816222,0.15984087711674957,0.24160142086467903,0.24160142086467903,0.39876378933089374,0.5512362106691062,1
nslkdd,xgb,Probe,168,False,0.44413552484531305,0.02039114376364297,0.06915516447056858,0.14390406310680184,0.02039114376364297,0.18491941562757697,0.6278059099362795,0.32219409006372046,1
nslkdd,xgb,R2L,8,True,,0.004507024830937184,,,0.004507024830937184,0.3225017196119133,0.02981848141104289,0.920181518588957,1
nslkdd,xgb,Normal,1879,False,0.3082091867154496,-0.27081441629486236,0.035594476961786636,0.07175972932010824,0.27081441629486236,0.35506012508894524,0.9268402777777777,0.02315972222222229,0
nslkdd,xgb,DoS,306,False,0.4320234849714984,0.23307770479379314,0.05408250098830214,0.13856483733643943,0.23307770479379314,0.23307770479379314,0.39876378933089374,0.5512362106691062,1
nslkdd,xgb,Probe,142,False,0.5031563162604706,0.031571277585286224,0.09942245438708297,0.20653388343688134,0.031571277585286224,0.20198340438967888,0.6278059099362795,0.32219409006372046,1
nslkdd,xgb,R2L,4,True,,0.006223762396731353,,,0.006223762396731353,0.3240525230495092,0.02981848141104289,0.920181518588957,1
nslkdd,xgb,Normal,1750,False,0.2747333889509481,-0.21603073381415705,0.02192486941551286,0.04626187243199314,0.21603073381415705,0.3096810233996642,0.9268402777777777,0.02315972222222229,0
nslkdd,xgb,DoS,338,False,0.5318859614439108,0.219346325411743,0.11461111118946754,0.21108286729543602,0.219346325411743,0.2193992522668293,0.39876378933089374,0.5512362106691062,1
nslkdd,xgb,Probe,236,False,0.5219039677306753,-0.008727958553299928,0.12880255189569556,0.25522524189922835,0.008727958553299928,0.19326278599063612,0.6278059099362795,0.32219409006372046,1
nslkdd,xgb,R2L,5,True,,0.005794026117938471,,,0.005794026117938471,0.31708349460016655,0.02981848141104289,0.920181518588957,1
nslkdd,xgb,Normal,1796,False,0.2506573164997409,-0.23609543370718322,0.01898264004461725,0.04011255052674411,0.23609543370718322,0.31905698427777107,0.9268402777777777,0.02315972222222229,0
nslkdd,xgb,DoS,301,False,0.46923483796988924,0.23516392105766484,0.102586874542266,0.19158204348302432,0.23516392105766484,0.23521684791275113,0.39876378933089374,0.5512362106691062,1
nslkdd,xgb,Probe,224,False,0.5343555900621118,-0.003621196364992682,0.11125474912609168,0.23364620953053708,0.003621196364992682,0.18309234577727745,0.6278059099362795,0.32219409006372046,1
nslkdd,xgb,R2L,7,True,,0.004934736417447054,,,0.004934736417447054,0.2983615844619474,0.02981848141104289,0.920181518588957,1
nslkdd,xgb,Normal,1797,False,0.30068298748819267,-0.23586317345791752,0.027718622858107334,0.05755640166671088,0.23586317345791752,0.324755642247868,0.9268402777777777,0.02315972222222229,0
nslkdd,xgb,DoS,335,False,0.4919848751593572,0.22069495411886228,0.09599140452622901,0.1815002298522824,0.22069495411886228,0.22074788097394857,0.39876378933089374,0.5512362106691062,1
nslkdd,xgb,Probe,195,False,0.5975884527371942,0.00889693171309977,0.14758980554859513,0.3093721143042648,0.00889693171309977,0.1922752755691634,0.6278059099362795,0.32219409006372046,1
nslkdd,xgb,R2L,5,True,,0.005794945930179038,,,0.005794945930179038,0.33578934821168055,0.02981848141104289,0.920181518588957,1
nslkdd,xgb,Normal,1811,False,0.2616750944017645,-0.24219975998318322,0.025134783842432395,0.05250879524881352,0.24219975998318322,0.31911903283767373,0.9268402777777777,0.02315972222222229,0
nslkdd,xgb,DoS,292,False,0.4464113728080998,0.23908034514576273,0.09078050434931462,0.16926104362394495,0.23908034514576273,0.23913327200084902,0.39876378933089374,0.5512362106691062,1
nslkdd,xgb,Probe,223,False,0.5727724702671085,-0.0031509529762943495,0.13555139590034604,0.26609140127789316,0.0031509529762943495,0.1842537769816271,0.6278059099362795,0.32219409006372046,1
nslkdd,xgb,R2L,5,True,,0.005794026117938471,,,0.005794026117938471,0.30163947915615114,0.02981848141104289,0.920181518588957,1
nslkdd,xgb,Normal,1819,False,0.2635875224059695,-0.24529713572206846,0.019861884208800862,0.04227550445008274,0.24529713572206846,0.32689972458062955,0.9268402777777777,0.02315972222222229,0
nslkdd,xgb,DoS,311,False,0.4537452053412452,0.23098654931611787,0.07820483368210362,0.147328526853702,0.23098654931611787,0.23103947617120416,0.39876378933089374,0.5512362106691062,1
nslkdd,xgb,Probe,195,False,0.6181012732500147,0.00889693171309977,0.16001055276758303,0.3212095753067919,0.00889693171309977,0.17340735104086152,0.6278059099362795,0.32219409006372046,1
nslkdd,xgb,R2L,4,True,,0.006223762396731353,,,0.006223762396731353,0.3014840308874953,0.02981848141104289,0.920181518588957,1
nslkdd,xgb,Normal,1819,False,0.27273235753333014,-0.24557883656010038,0.030165958901082313,0.06487165915448631,0.24557883656010038,0.32727004098868184,0.9268402777777777,0.02315972222222229,0
nslkdd,xgb,DoS,328,False,0.49084967320261436,0.22368925655683358,0.13109410924272724,0.2483567138545084,0.22368925655683358,0.22368925655683358,0.39876378933089374,0.5512362106691062,1
nslkdd,xgb,Probe,182,False,0.34445017225337593,0.014438064612723234,0.06088279667759955,0.14516945010082533,0.014438064612723234,0.23138531172827775,0.6278059099362795,0.32219409006372046,1
nslkdd,xgb,R2L,2,True,,0.007028100549853487,,,0.007028100549853487,0.30200969467403255,0.02981848141104289,0.920181518588957,1
nslkdd,xgb,Normal,1844,False,0.2761095882646936,-0.2566433652211956,0.025436308659992468,0.05851617388246218,0.2566433652211956,0.33064496711038904,0.9268402777777777,0.02315972222222229,0
nslkdd,xgb,DoS,296,False,0.46044426779720893,0.23736277065953224,0.11388034560429028,0.2175987543576555,0.23736277065953224,0.23736277065953224,0.39876378933089374,0.5512362106691062,1
nslkdd,xgb,Probe,183,False,0.40251778769804053,0.013975370158612471,0.06134970079047175,0.14697115765947916,0.013975370158612471,0.23668171788305303,0.6278059099362795,0.32219409006372046,1
nslkdd,xgb,R2L,7,True,,0.004881809562360783,,,0.004881809562360783,0.30602443903212456,0.02981848141104289,0.920181518588957,1
nslkdd,xgb,Normal,1856,False,0.2974658380429738,-0.2611104181294178,0.03200440812222516,0.06959918221946167,0.2611104181294178,0.3393354021106467,0.9268402777777777,0.02315972222222229,0
nslkdd,xgb,DoS,333,False,0.4563151386680798,0.22160551390705321,0.11963924240997192,0.23225428709217913,0.22160551390705321,0.22160551390705321,0.39876378933089374,0.5512362106691062,1
nslkdd,xgb,Probe,138,False,0.4128527841342487,0.03333947030658176,0.07703917338864474,0.1868857910563077,0.03333947030658176,0.2338121443437896,0.6278059099362795,0.32219409006372046,1
nslkdd,xgb,R2L,5,True,,0.005742019075092767,,,0.005742019075092767,0.32115448268674507,0.02981848141104289,0.920181518588957,1
nslkdd,xgb,Normal,1869,False,0.29034938723948306,-0.2670288580101219,0.030466515200451516,0.0693531700985602,0.2670288580101219,0.33456304828168915,0.9268402777777777,0.02315972222222229,0
nslkdd,xgb,DoS,292,False,0.42578118005192944,0.23913327200084902,0.11905965086967796,0.224261433885432,0.23913327200084902,0.23913327200084902,0.39876378933089374,0.5512362106691062,1
nslkdd,xgb,Probe,164,False,0.4159457498465145,0.022160072334730954,0.05684280214202175,0.13749334971551916,0.022160072334730954,0.23996532030828632,0.6278059099362795,0.32219409006372046,1
nslkdd,xgb,R2L,6,True,,0.005312098833851772,,,0.005312098833851772,0.30973170239604025,0.02981848141104289,0.920181518588957,1
nslkdd,xgb,Normal,1877,False,0.29163355339946706,-0.2701155639270164,0.026276678578618706,0.061001196708567566,0.2701155639270164,0.3419083009099606,0.9268402777777777,0.02315972222222229,0
nslkdd,xgb,DoS,307,False,0.40778778395180004,0.23275474203741342,0.10373315894612956,0.20064925845981435,0.23275474203741342,0.23275474203741342,0.39876378933089374,0.5512362106691062,1
nslkdd,xgb,Probe,144,False,0.4361015764047801,0.030766571507267866,0.0886587526155751,0.20938338638150722,0.030766571507267866,0.22995279614481878,0.6278059099362795,0.32219409006372046,1
nslkdd,xgb,R2L,3,True,,0.006599652008197399,,,0.006599652008197399,0.3104340710229372,0.02981848141104289,0.920181518588957,1
nslkdd,xgb,Normal,1739,False,0.284331855761931,-0.21115294852989364,0.02537008915664174,0.053644121371693027,0.21115294852989364,0.3129013194113226,0.9268402777777777,0.02315972222222229,0
nslkdd,xgb,DoS,374,False,0.5724858035880077,0.20384938311264128,0.06856173677881927,0.1361463991645059,0.20384938311264128,0.20384938311264128,0.39876378933089374,0.5512362106691062,1
nslkdd,xgb,Probe,213,False,0.44752688518602074,0.001139051313709935,0.1192864360164978,0.225999539983471,0.001139051313709935,0.2646579801232072,0.6278059099362795,0.32219409006372046,1
nslkdd,xgb,R2L,5,True,,0.005794026117938471,,,0.005794026117938471,0.34337247468400217,0.02981848141104289,0.920181518588957,1
nslkdd,xgb,Normal,1773,False,0.28049304557254295,-0.2260654085067313,0.01861950550891711,0.04146091239099756,0.2260654085067313,0.3179869077587135,0.9268402777777777,0.02315972222222229,0
nslkdd,xgb,DoS,338,False,0.5313030044866566,0.2192311658763983,0.06482856367036904,0.12904215157190638,0.2192311658763983,0.2192311658763983,0.39876378933089374,0.5512362106691062,1
nslkdd,xgb,Probe,210,False,0.4883404162580364,0.0023873873259944445,0.12819103719531622,0.23901851223587867,0.0023873873259944445,0.2583815013145395,0.6278059099362795,0.32219409006372046,1
nslkdd,xgb,R2L,8,True,,0.004505551868090831,,,0.004505551868090831,0.3409730182072925,0.02981848141104289,0.920181518588957,1
nslkdd,xgb,Normal,1769,False,0.3009517430667374,-0.22369753182919394,0.026232561182642944,0.05702845098626209,0.22369753182919394,0.3258303842271799,0.9268402777777777,0.02315972222222229,0
nslkdd,xgb,DoS,384,False,0.5390076395951379,0.19963002040271252,0.06793059035452365,0.13165259922322237,0.19963002040271252,0.19963002040271252,0.39876378933089374,0.5512362106691062,1
nslkdd,xgb,Probe,173,False,0.5419934921495748,0.018330893977250712,0.1593108904304802,0.30058397374752355,0.018330893977250712,0.26567742470814426,0.6278059099362795,0.32219409006372046,1
nslkdd,xgb,R2L,6,True,,0.005366129463626723,,,0.005366129463626723,0.3599208167040423,0.02981848141104289,0.920181518588957,1
nslkdd,xgb,Normal,1798,False,0.29032599275268367,-0.23646397384091888,0.025163426253864918,0.05560395555623493,0.23646397384091888,0.32319732970733295,0.9268402777777777,0.02315972222222229,0
nslkdd,xgb,DoS,327,False,0.503743878127248,0.22401240327566144,0.06331191509876866,0.12670773722325776,0.22401240327566144,0.22401240327566144,0.39876378933089374,0.5512362106691062,1
nslkdd,xgb,Probe,201,False,0.5112224916606897,0.006287056461715082,0.1349070073592309,0.2479947841026439,0.006287056461715082,0.26079697626220333,0.6278059099362795,0.32219409006372046,1
nslkdd,xgb,R2L,5,True,,0.005794026117938471,,,0.005794026117938471,0.341227472539,0.02981848141104289,0.920181518588957,1
nslkdd,xgb,Normal,1809,False,0.2990550578462001,-0.24085019049128653,0.021455658367293018,0.04827396374602626,0.24085019049128653,0.32711683362683686,0.9268402777777777,0.02315972222222229,0
nslkdd,xgb,DoS,352,False,0.4955923190205117,0.21335214733238664,0.06602148207237213,0.12652303559908123,0.21335214733238664,0.21335214733238664,0.39876378933089374,0.5512362106691062,1
nslkdd,xgb,Probe,167,False,0.5351094150372026,0.02090379277656461,0.1565398136733317,0.294451101248287,0.02090379277656461,0.25334760088829966,0.6278059099362795,0.32219409006372046,1
nslkdd,xgb,R2L,3,True,,0.0066525788632836695,,,0.0066525788632836695,0.3492004050402344,0.02981848141104289,0.920181518588957,1
nslkdd,xgb,Normal,1769,False,0.31059787118816,-0.22423466882025156,0.031139889610422244,0.06209898349596873,0.22423466882025156,0.29670515681947884,0.9268402777777777,0.02315972222222229,0
nslkdd,xgb,DoS,349,False,0.5435282464890869,0.21468024754782458,0.08440111531623462,0.16138742271871231,0.21468024754782458,0.25053257222199743,0.39876378933089374,0.5512362106691062,1
nslkdd,xgb,Probe,206,False,0.47140113351873747,0.004194981171799214,0.08139554008991978,0.1879295116553036,0.004194981171799214,0.25817427008281246,0.6278059099362795,0.32219409006372046,1
nslkdd,xgb,R2L,5,True,,0.0057410992628522005,,,0.0057410992628522005,0.331327221609851,0.02981848141104289,0.920181518588957,1
nslkdd,xgb,Normal,1797,False,0.3072747017703784,-0.23657754511162565,0.025160564588465828,0.0524746148342687,0.23657754511162565,0.3056464095375555,0.9268402777777777,0.02315972222222229,0
nslkdd,xgb,DoS,322,False,0.5280269917951077,0.22620397237627043,0.08577276991232141,0.1665652554697779,0.22620397237627043,0.25495624789030824,0.39876378933089374,0.5512362106691062,1
nslkdd,xgb,Probe,201,False,0.49403070411237127,0.006302975125286728,0.08188555579679158,0.18374742880019368,0.006302975125286728,0.26818673503089974,0.6278059099362795,0.32219409006372046,1
nslkdd,xgb,R2L,8,True,,0.00445262501300456,,,0.00445262501300456,0.3345044024694353,0.02981848141104289,0.920181518588957,1
nslkdd,xgb,Normal,1792,False,0.3183037481969624,-0.23377201798024216,0.032028557591509355,0.06668394362840813,0.23377201798024216,0.3113564780745737,0.9268402777777777,0.02315972222222229,0
nslkdd,xgb,DoS,362,False,0.5264735974193238,0.20916983637703604,0.08098276617227718,0.15794758248172372,0.20916983637703604,0.2594060009067468,0.39876378933089374,0.5512362106691062,1
nslkdd,xgb,Probe,172,False,0.5547156514686133,0.01881263729888931,0.11313790204091256,0.2605900417497596,0.01881263729888931,0.2717552978147836,0.6278059099362795,0.32219409006372046,1
nslkdd,xgb,R2L,6,True,,0.005313202608540452,,,0.005313202608540452,0.3444477913341943,0.02981848141104289,0.920181518588957,1
nslkdd,xgb,Normal,1821,False,0.3245907667111226,-0.24654269112827387,0.030425162594253874,0.06417134092257164,0.24654269112827387,0.31214917226349426,0.9268402777777777,0.02315972222222229,0
nslkdd,xgb,DoS,312,False,0.48503016591251885,0.23055326342084045,0.08131265262048482,0.15565441976328181,0.23055326342084045,0.26774551623710086,0.39876378933089374,0.5512362106691062,1
nslkdd,xgb,Probe,193,False,0.51609654073238,0.009771986748804792,0.08780858928263002,0.20110777258031556,0.009771986748804792,0.26418027608881856,0.6278059099362795,0.32219409006372046,1
nslkdd,xgb,R2L,5,True,,0.0057410992628522005,,,0.0057410992628522005,0.3399072301898596,0.02981848141104289,0.920181518588957,1
nslkdd,xgb,Normal,1828,False,0.3237204799881471,-0.24920941077612557,0.026731999525712924,0.05571818496040562,0.24920941077612557,0.31650227567320144,0.9268402777777777,0.02315972222222229,0
nslkdd,xgb,DoS,332,False,0.48163022460211213,0.2220343303736055,0.072959125239486,0.13678855490963857,0.2220343303736055,0.27527221016918246,0.39876378933089374,0.5512362106691062,1
nslkdd,xgb,Probe,167,False,0.578458862720528,0.020956719631650883,0.11089209513733178,0.2589046139383198,0.020956719631650883,0.28847914001032393,0.6278059099362795,0.32219409006372046,1
nslkdd,xgb,R2L,3,True,,0.006599652008197399,,,0.006599652008197399,0.34573424073385123,0.02981848141104289,0.920181518588957,1
nslkdd,xgb,Normal,1755,False,0.271890167486407,-0.21806988224898682,0.028330484079403195,0.05862359131323698,0.21806988224898682,0.3292815339496825,0.9268402777777777,0.02315972222222229,0
nslkdd,xgb,DoS,341,False,0.5144676507724998,0.21805932412474172,0.10666795350587632,0.21242711910723933,0.21805932412474172,0.21805932412474172,0.39876378933089374,0.5512362106691062,1
nslkdd,xgb,Probe,229,False,0.48000689891342113,-0.005777882405383197,0.09107053807473542,0.21346933769104942,0.005777882405383197,0.19261199683555985,0.6278059099362795,0.32219409006372046,1
nslkdd,xgb,R2L,6,True,,0.005417952544024314,,,0.005417952544024314,0.3103365126229528,0.02981848141104289,0.920181518588957,1
nslkdd,xgb,Normal,1789,False,0.2783335071187965,-0.2329852881515171,0.02467527733121666,0.05210061766306761,0.2329852881515171,0.34253120299334305,0.9268402777777777,0.02315972222222229,0
nslkdd,xgb,DoS,311,False,0.49757954976449426,0.2308720755641026,0.1032642181400174,0.20872510551807208,0.2308720755641026,0.2308720755641026,0.39876378933089374,0.5512362106691062,1
nslkdd,xgb,Probe,221,False,0.49850163305161793,-0.0023865695720102775,0.07969563628205645,0.19523468604972744,0.0023865695720102775,0.20992280856697243,0.6278059099362795,0.32219409006372046,1
nslkdd,xgb,R2L,8,True,,0.004558478723177102,,,0.004558478723177102,0.3139296213662761,0.02981848141104289,0.920181518588957,1
nslkdd,xgb,Normal,1787,False,0.29371277024926024,-0.23146915508222188,0.031082961085539762,0.06431797778050705,0.23146915508222188,0.3426298491847902,0.9268402777777777,0.02315972222222229,0
nslkdd,xgb,DoS,349,False,0.493838958824832,0.21469152358712987,0.09884509548333931,0.20128551106354273,0.21469152358712987,0.21469152358712987,0.39876378933089374,0.5512362106691062,1
nslkdd,xgb,Probe,188,False,0.5648345491967993,0.011845720123879702,0.10621093438230744,0.25840233815359215,0.011845720123879702,0.19386099319830905,0.6278059099362795,0.32219409006372046,1
nslkdd,xgb,R2L,8,True,,0.004561423385608362,,,0.004561423385608362,0.32647204290942644,0.02981848141104289,0.920181518588957,1
nslkdd,xgb,Normal,1802,False,0.288064007169998,-0.2382329024120069,0.028041842455970856,0.0609890634208418,0.2382329024120069,0.34043554510369367,0.9268402777777777,0.02315972222222229,0
nslkdd,xgb,DoS,306,False,0.4535932521371904,0.23307433913975675,0.1015968075381376,0.20026021038401826,0.23307433913975675,0.23307433913975675,0.39876378933089374,0.5512362106691062,1
nslkdd,xgb,Probe,215,False,0.5411828916015494,0.00022812360062279824,0.09348862676615666,0.21865345899656288,0.00022812360062279824,0.20934301356657659,0.6278059099362795,0.32219409006372046,1
nslkdd,xgb,R2L,8,True,,0.004559951686023455,,,0.004559951686023455,0.32020352248996264,0.02981848141104289,0.920181518588957,1
nslkdd,xgb,Normal,1833,False,0.2926857737347594,-0.25119471254362835,0.02864289771152506,0.06071138306263127,0.25119471254362835,0.3413433997851333,0.9268402777777777,0.02315972222222229,0
nslkdd,xgb,DoS,316,False,0.4325789392390353,0.22884246698335628,0.07996440041711328,0.16057614284228988,0.22884246698335628,0.22884246698335628,0.39876378933089374,0.5512362106691062,1
nslkdd,xgb,Probe,178,False,0.5589775087951737,0.016133884789402864,0.10446282711368127,0.2557892786827654,0.016133884789402864,0.19932975355331656,0.6278059099362795,0.32219409006372046,1
nslkdd,xgb,R2L,4,True,,0.006276689251817624,,,0.006276689251817624,0.3208974288442463,0.02981848141104289,0.920181518588957,1
nslkdd,xgb,Normal,1708,False,0.2550644259884554,-0.19795978894105282,0.020646848425671327,0.042332518235040605,0.19795978894105282,0.3344407102743082,0.9268402777777777,0.02315972222222229,0
nslkdd,xgb,DoS,357,False,0.5376906318082789,0.21124824411582116,0.12154431053186954,0.21856715579917455,0.21124824411582116,0.21124824411582116,0.39876378933089374,0.5512362106691062,1
nslkdd,xgb,Probe,261,False,0.5610878771140746,-0.019452969278310653,0.13694724797488134,0.2846106868163112,0.019452969278310653,0.18191995470496583,0.6278059099362795,0.32219409006372046,1
nslkdd,xgb,R2L,5,True,,0.0056881724077659295,,,0.0056881724077659295,0.3247722612600351,0.02981848141104289,0.920181518588957,1
nslkdd,xgb,Normal,1757,False,0.266591083916793,-0.21930430942720414,0.01921454383585952,0.04195824496618127,0.21930430942720414,0.34082600421325027,0.9268402777777777,0.02315972222222229,0
nslkdd,xgb,DoS,327,False,0.5088391863711166,0.22405804962948933,0.11709748934841846,0.2122180311843165,0.22405804962948933,0.22405804962948933,0.39876378933089374,0.5512362106691062,1
nslkdd,xgb,Probe,237,False,0.5498846179841459,-0.009200595506623582,0.12791547310077922,0.2650637889265257,0.009200595506623582,0.18248207415120546,0.6278059099362795,0.32219409006372046,1
nslkdd,xgb,R2L,8,True,,0.004399698157918289,,,0.004399698157918289,0.32837365541936925,0.02981848141104289,0.920181518588957,1
nslkdd,xgb,Normal,1744,False,0.2793148503272389,-0.21308297387555852,0.02215626016195338,0.045708496537251515,0.21308297387555852,0.34264065243651454,0.9268402777777777,0.02315972222222229,0
nslkdd,xgb,DoS,364,False,0.5026977742664017,0.20831220344393142,0.11254985948835816,0.20363967227654034,0.20831220344393142,0.20831220344393142,0.39876378933089374,0.5512362106691062,1
nslkdd,xgb,Probe,218,False,0.6411416454978691,-0.0009658470176034939,0.1709646385378063,0.3513105351151366,0.0009658470176034939,0.17678155153214614,0.6278059099362795,0.32219409006372046,1
nslkdd,xgb,R2L,5,True,,0.005689092220006496,,,0.005689092220006496,0.33961306383668677,0.02981848141104289,0.920181518588957,1
nslkdd,xgb,Normal,1777,False,0.2710901726156025,-0.22756081854208243,0.023263431101809506,0.050018049974691704,0.22756081854208243,0.3417337175673155,0.9268402777777777,0.02315972222222229,0
nslkdd,xgb,DoS,314,False,0.46348380352376856,0.2296952625628396,0.11019601833407389,0.19994545490361762,0.2296952625628396,0.2296952625628396,0.39876378933089374,0.5512362106691062,1
nslkdd,xgb,Probe,234,False,0.5873183516204111,-0.007869957695299065,0.1338586934993118,0.2809828565994558,0.007869957695299065,0.17429787452016732,0.6278059099362795,0.32219409006372046,1
nslkdd,xgb,R2L,5,True,,0.0056881724077659295,,,0.0056881724077659295,0.322627259115033,0.02981848141104289,0.920181518588957,1
nslkdd,xgb,Normal,1802,False,0.2878292176459164,-0.23795432893559276,0.022136710368646395,0.04794688400026138,0.23795432893559276,0.34264065243651454,0.9268402777777777,0.02315972222222229,0
nslkdd,xgb,DoS,333,False,0.43941196098058843,0.22160551390705321,0.09729224686596971,0.1732789157944947,0.22160551390705321,0.22160551390705321,0.39876378933089374,0.5512362106691062,1
nslkdd,xgb,Probe,192,False,0.6028675629290617,0.010183381112756712,0.15328145039734564,0.3204728104300056,0.010183381112756712,0.1737798362662799,0.6278059099362795,0.32219409006372046,1
nslkdd,xgb,R2L,3,True,,0.006546725153111128,,,0.006546725153111128,0.3306079180390882,0.02981848141104289,0.920181518588957,1
nslkdd,xgb,Normal,1700,False,0.25813392644002076,-0.19458071236413566,0.018959031572776452,0.040425403741538184,0.19458071236413566,0.3201943267043299,0.9268402777777777,0.02315972222222229,0
nslkdd,xgb,DoS,352,False,0.5346425859906252,0.2133932462608233,0.1268369129383935,0.23292229064237255,0.2133932462608233,0.2133932462608233,0.39876378933089374,0.5512362106691062,1
nslkdd,xgb,Probe,274,False,0.5705874492642269,-0.02502997485531623,0.11618027450432289,0.2740299279798109,0.02502997485531623,0.1928946820976037,0.6278059099362795,0.32219409006372046,1
nslkdd,xgb,R2L,4,True,,0.006170099691852629,,,0.006170099691852629,0.3178691552778565,0.02981848141104289,0.920181518588957,1
nslkdd,xgb,Normal,1749,False,0.23677641165067842,-0.21592375988744072,0.016902868057993792,0.035049383997177934,0.21592375988744072,0.3260884873413955,0.9268402777777777,0.02315972222222229,0
nslkdd,xgb,DoS,320,False,0.4987018881626724,0.2270623414749829,0.121337367792275,0.22415238168070648,0.2270623414749829,0.2270623414749829,0.39876378933089374,0.5512362106691062,1
nslkdd,xgb,Probe,253,False,0.567557728312877,-0.016067548296323148,0.1070094426041065,0.25453765612406515,0.016067548296323148,0.16726844273745872,0.6278059099362795,0.32219409006372046,1
nslkdd,xgb,R2L,7,True,,0.004881809562360783,,,0.004881809562360783,0.293998503510209,0.02981848141104289,0.920181518588957,1
nslkdd,xgb,Normal,1734,False,0.27898744431776007,-0.20884773606512164,0.022686181736899957,0.047943502551557944,0.20884773606512164,0.3326385208369307,0.9268402777777777,0.02315972222222229,0
nslkdd,xgb,DoS,354,False,0.48352227268810855,0.21260036810945457,0.1110529192130687,0.2067415854639066,0.21260036810945457,0.21260036810945457,0.39876378933089374,0.5512362106691062,1
nslkdd,xgb,Probe,238,False,0.6566640386131569,-0.009542176348649803,0.14072976778861945,0.33361418170139623,0.009542176348649803,0.19234113909123046,0.6278059099362795,0.32219409006372046,1
nslkdd,xgb,R2L,6,True,,0.005313202608540452,,,0.005313202608540452,0.33271418899081473,0.02981848141104289,0.920181518588957,1
nslkdd,xgb,Normal,1760,False,0.24599488900686567,-0.22032073810416142,0.020621285442503856,0.043925131022520304,0.22032073810416142,0.328880188994511,0.9268402777777777,0.02315972222222229,0
nslkdd,xgb,DoS,309,False,0.452511792203397,0.23184026470784175,0.11380023507848802,0.2098237374454668,0.23184026470784175,0.23184026470784175,0.39876378933089374,0.5512362106691062,1
nslkdd,xgb,Probe,255,False,0.610445551218199,-0.01687896670430808,0.11746932098170382,0.2781320457101339,0.01687896670430808,0.17702166622458781,0.6278059099362795,0.32219409006372046,1
nslkdd,xgb,R2L,7,True,,0.004883098404851342,,,0.004883098404851342,0.29341613082483203,0.02981848141104289,0.920181518588957,1
nslkdd,xgb,Normal,1788,False,0.25563491341199074,-0.2320038252589467,0.01882506475706791,0.039900398153715315,0.2320038252589467,0.3364978690359015,0.9268402777777777,0.02315972222222229,0
nslkdd,xgb,DoS,326,False,0.4279196795737154,0.22460722917291942,0.09925996021864525,0.18235789495837498,0.22460722917291942,0.22460722917291942,0.39876378933089374,0.5512362106691062,1
nslkdd,xgb,Probe,212,False,0.6231920037994905,0.001607051781710403,0.1329732016279035,0.3153328224336591,0.001607051781710403,0.16361043583222534,0.6278059099362795,0.32219409006372046,1
nslkdd,xgb,R2L,4,True,,0.0061708355416450825,,,0.0061708355416450825,0.2945495234676586,0.02981848141104289,0.920181518588957,1
ugr16,mlp,background,221707,False,0.06983405653396818,-0.012817500000000037,0.019194021219473667,0.0384293118357624,0.012817500000000037,0.03459916666666668,0.9491499999999999,0.0008500000000000174,0
ugr16,mlp,dos,50192,False,0.01998335166058176,-9.666666666666157e-05,0.0014274549657009583,0.003983195887075401,9.666666666666157e-05,0.03226499999999999,0.9503233333333333,-0.00032333333333334213,0
ugr16,mlp,nerisbotnet,26695,False,0.028565991303960425,0.013295833333333326,0.0040738777715921826,0.006856730866493382,0.013295833333333326,0.05051333333333341,0.9472833333333334,0.0027166666666665895,0
ugr16,mlp,scan11,40499,False,0.1223485776592026,0.013152499999999998,0.00881035495531346,0.003220938553808228,0.013152499999999998,0.029588333333333328,0.5350233333333333,0.41497666666666666,1
ugr16,mlp,scan44,60907,False,0.1509108146516253,-0.01353416666666668,0.0063014187466443605,0.008770909069925503,0.01353416666666668,0.019890833333333358,0.7990233333333333,0.15097666666666665,1
ugr16,mlp,background,221765,False,0.06995177616770687,-0.013512499999999927,0.018689651220630932,0.037907367525749275,0.013512499999999927,0.03435333333333332,0.9491499999999999,0.0008500000000000174,0
ugr16,mlp,dos,50244,False,0.010149196006423264,-0.00020999999999998797,0.0007493545770178578,0.00039899893407129017,0.00020999999999998797,0.006709166666666655,0.9503233333333333,-0.00032333333333334213,0
ugr16,mlp,nerisbotnet,26669,False,0.030073443759314644,0.014127500000000001,0.004039605318799211,0.00981632831462309,0.014127500000000001,0.04870916666666669,0.9472833333333334,0.0027166666666665895,0
ugr16,mlp,scan11,46894,False,0.15500594532160866,0.03344833333333333,0.02810813762980069,0.019154596032220028,0.03344833333333333,0.03992583333333333,0.5350233333333333,0.41497666666666666,1
ugr16,mlp,scan44,54428,False,0.09018664933385268,-0.03385333333333333,0.01828746122495628,0.052358799711360815,0.03385333333333333,0.03802083333333332,0.7990233333333333,0.15097666666666665,1
ugr16,mlp,background,221568,False,0.06837064602085013,-0.01428666666666667,0.01839917297594673,0.03737580334210658,0.01428666666666667,0.03317833333333331,0.9491499999999999,0.0008500000000000174,0
ugr16,mlp,dos,50176,False,0.019045631275768055,-0.0001233333333333364,0.0006503788158722656,0.00274343830812996,0.0001233333333333364,0.029604999999999992,0.9503233333333333,-0.00032333333333334213,0
ugr16,mlp,nerisbotnet,26739,False,0.043492790685006,0.014919166666666664,0.012420842668165455,0.01957861710693351,0.014919166666666664,0.05457000000000001,0.9472833333333334,0.0027166666666665895,0
ugr16,mlp,scan11,55546,False,0.14224368834653234,0.028751666666666675,0.017464413009306567,0.00086990177605617,0.028751666666666675,0.03936166666666667,0.5350233333333333,0.41497666666666666,1
ugr16,mlp,scan44,45971,False,0.13197079414047785,-0.029260833333333333,0.021008772584495627,0.06636318052196927,0.029260833333333333,0.030560833333333336,0.7990233333333333,0.15097666666666665,1
ugr16,mlp,background,222159,False,0.06503088108803379,-0.013997499999999996,0.01764058825609005,0.03587175628281292,0.013997499999999996,0.031929166666666675,0.9491499999999999,0.0008500000000000174,0
ugr16,mlp,dos,50201,False,0.01880797174083587,-0.0001691666666666647,0.00027571885119215267,0.0007695585598880023,0.0001691666666666647,0.005560000000000009,0.9503233333333333,-0.00032333333333334213,0
ugr16,mlp,nerisbotnet,26563,False,0.07553633427515694,0.014125833333333337,0.004081130655051113,0.009773724480491464,0.014125833333333337,0.04653833333333335,0.9472833333333334,0.0027166666666665895,0
ugr16,mlp,scan11,43804,False,0.2660136983894902,0.026073333333333337,0.04440585366092775,0.038139824923940524,0.026073333333333337,0.042592500000000005,0.5350233333333333,0.41497666666666666,1
ugr16,mlp,scan44,57273,False,0.11431675945741643,-0.026032499999999986,0.009344474483652832,0.036571257229231435,0.026032499999999986,0.033389166666666664,0.7990233333333333,0.15097666666666665,1
ugr16,mlp,background,222180,False,0.06795281444714868,-0.012333333333333307,0.019070205244055893,0.038019393511388805,0.012333333333333307,0.033747499999999986,0.9491499999999999,0.0008500000000000174,0
ugr16,mlp,dos,50177,False,0.01566205234322017,-0.00017583333333334727,0.0013205534865778912,0.0027923021229402656,0.00017583333333334727,0.004476666666666684,0.9503233333333333,-0.00032333333333334213,0
ugr16,mlp,nerisbotnet,26275,False,0.03384549355185407,0.01301250000000001,0.0022439082438310276,0.005353377335561002,0.01301250000000001,0.04663250000000002,0.9472833333333334,0.0027166666666665895,0
ugr16,mlp,scan11,40035,False,0.10848697045257816,0.012045833333333339,0.018961579440929355,0.04098266394599592,0.012045833333333339,0.024977499999999986,0.5350233333333333,0.41497666666666666,1
ugr16,mlp,scan44,61333,False,0.13292873457068682,-0.012549166666666667,0.02602292726661115,0.026820530216088934,0.012549166666666667,0.020459166666666695,0.7990233333333333,0.15097666666666665,1
ugr16,mlp,background,222032,False,0.06799295907366792,-0.012880000000000003,0.01884277053275618,0.037795019060407664,0.012880000000000003,0.03384083333333332,0.9491499999999999,0.0008500000000000174,0
ugr16,mlp,dos,50187,False,0.01753165729661689,-0.00015083333333335003,0.0008942970335815703,0.003464020664611593,0.00015083333333335003,0.016994166666666644,0.9503233333333333,-0.00032333333333334213,0
ugr16,mlp,nerisbotnet,26351,False,0.03155975332287664,0.013539166666666658,0.0011244805831467364,0.004222719288261095,0.013539166666666658,0.04751749999999999,0.9472833333333334,0.0027166666666665895,0
ugr16,mlp,scan11,48508,False,0.11933470096003435,0.03423,0.02714681286830356,0.010245143421382163,0.03423,0.04059416666666668,0.5350233333333333,0.41497666666666666,1
ugr16,mlp,scan44,52922,False,0.11691970960814924,-0.03473833333333334,0.009888176598615517,0.007812189429528049,0.03473833333333334,0.03845666666666667,0.7990233333333333,0.15097666666666665,1
ugr16,mlp,background,222109,False,0.06627616082350177,-0.013155833333333256,0.017983679512458273,0.036438533827441444,0.013155833333333256,0.032855833333333334,0.9491499999999999,0.0008500000000000174,0
ugr16,mlp,dos,50205,False,0.018851935786678875,-0.0001791666666666747,0.00031249596748150754,0.0015224762655649433,0.0001791666666666747,0.0023499999999999997,0.9503233333333333,-0.00032333333333334213,0
ugr16,mlp,nerisbotnet,26430,False,0.033213810387568876,0.013908333333333342,0.0042154836570604814,0.00893611051419653,0.013908333333333342,0.05521583333333335,0.9472833333333334,0.0027166666666665895,0
ugr16,mlp,scan11,44477,False,0.11972807492867885,0.02217416666666666,0.008494427936313498,0.0054127120840781195,0.02217416666666666,0.04293666666666668,0.5350233333333333,0.41497666666666666,1
ugr16,mlp,scan44,56779,False,0.21243436520804612,-0.022747500000000004,0.032229630418062594,0.007676810345157659,0.022747500000000004,0.028853333333333328,0.7990233333333333,0.15097666666666665,1
ugr16,mlp,background,222008,False,0.06887847106627781,-0.013619999999999965,0.018786010609675774,0.03792672716315251,0.013619999999999965,0.03409333333333334,0.9491499999999999,0.0008500000000000174,0
ugr16,mlp,dos,50167,False,0.01091967517156879,-0.00015083333333332227,0.0003703146675037017,0.0007938203102919421,0.00015083333333332227,0.007484999999999992,0.9503233333333333,-0.00032333333333334213,0
ugr16,mlp,nerisbotnet,26700,False,0.0778396642266872,0.014066666666666658,0.003822211378654905,0.009544130953464666,0.014066666666666658,0.04840083333333331,0.9472833333333334,0.0027166666666665895,0
ugr16,mlp,scan11,39726,False,0.11063512105596274,0.018501666666666666,0.005931049913589281,0.009227261465131475,0.018501666666666666,0.03744583333333332,0.5350233333333333,0.41497666666666666,1
ugr16,mlp,scan44,61399,False,0.18322764313549117,-0.018797500000000023,0.04252911245209301,0.04387979429958361,0.018797500000000023,0.029065833333333332,0.7990233333333333,0.15097666666666665,1
ugr16,mlp,background,222421,False,0.06970970131154375,-0.01270249999999995,0.01888617188537922,0.03794246136612783,0.01270249999999995,0.03465666666666667,0.9491499999999999,0.0008500000000000174,0
ugr16,mlp,dos,50181,False,0.01211777483080076,-0.00013583333333333503,0.00040972396406779854,9.982537225244545e-05,0.00013583333333333503,0.010775833333333373,0.9503233333333333,-0.00032333333333334213,0
ugr16,mlp,nerisbotnet,25985,False,0.053880559381802307,0.01322083333333332,0.0024779757947678283,0.0064334711708564085,0.01322083333333332,0.048055833333333325,0.9472833333333334,0.0027166666666665895,0
ugr16,mlp,scan11,39941,False,0.16379834193192525,0.01743083333333334,0.027418364266720285,0.0067742212360072385,0.01743083333333334,0.046334166666666676,0.5350233333333333,0.41497666666666666,1
ugr16,mlp,scan44,61472,False,0.24797351429042874,-0.017813333333333348,0.053005032193918944,0.024318446967345253,0.017813333333333348,0.028937499999999998,0.7990233333333333,0.15097666666666665,1
ugr16,mlp,background,221314,False,0.06719556272502653,-0.013918333333333366,0.018172774041277595,0.03705672679318728,0.013918333333333366,0.03286,0.9491499999999999,0.0008500000000000174,0
ugr16,mlp,dos,50205,False,0.01530429214698005,-0.00012916666666665244,0.0004938660887545687,0.0019717428049014288,0.00012916666666665244,0.009911666666666652,0.9503233333333333,-0.00032333333333334213,0
ugr16,mlp,nerisbotnet,27120,False,0.03953140220548268,0.014416666666666661,0.004235143519615736,0.009738143353839698,0.014416666666666661,0.047414166666666646,0.9472833333333334,0.0027166666666665895,0
ugr16,mlp,scan11,34954,False,0.09916070439469032,0.026164999999999994,0.017383871663760986,0.010137485256807355,0.026164999999999994,0.030517500000000003,0.5350233333333333,0.41497666666666666,1
ugr16,mlp,scan44,66407,False,0.07909736131636474,-0.026534166666666692,0.004641787485375581,0.014794346455547003,0.026534166666666692,0.029131666666666667,0.7990233333333333,0.15097666666666665,1
ugr16,rf,background,200377,False,0.05793736250139664,-0.0019258333333332933,0.0001437781782054337,7.1542136567182e-05,0.0019258333333332933,0.04119499999999998,0.9491499999999999,0.0008500000000000174,0
ugr16,rf,dos,50000,False,0.003666402772224445,4.999999999999449e-05,6.60827786351792e-05,0.000312524800210956,4.999999999999449e-05,0.005443333333333328,0.9503233333333333,-0.00032333333333334213,0
ugr16,rf,nerisbotnet,49787,False,0.07638658691050992,0.0015158333333333412,0.002394069920616637,0.010283231288686141,0.0015158333333333412,0.029915833333333364,0.9472833333333334,0.0027166666666665895,0
ugr16,rf,scan11,32545,False,0.0738766751643557,0.0435875,0.0031872126308368776,0.009014063649642913,0.0435875,0.0435875,0.5350233333333333,0.41497666666666666,1
ugr16,rf,scan44,67291,False,0.18752207972339047,-0.0432275,0.0023153456529166894,0.008503726262099907,0.0432275,0.05538833333333333,0.7990233333333333,0.15097666666666665,1
ugr16,rf,background,200217,False,0.06669740713472322,-0.0020425000000000026,4.668463182622151e-05,0.000963730300486354,0.0020425000000000026,0.040822499999999984,0.9491499999999999,0.0008500000000000174,0
ugr16,rf,dos,50000,False,0.005179043049446889,4.999999999999449e-05,2.8646668884912962e-05,0.00014858217946370374,4.999999999999449e-05,0.023033333333333295,0.9503233333333333,-0.00032333333333334213,0
ugr16,rf,nerisbotnet,49946,False,0.08075274201658938,0.0016183333333333327,0.002517377959189826,0.010852776240966533,0.0016183333333333327,0.04385916666666667,0.9472833333333334,0.0027166666666665895,0
ugr16,rf,scan11,32620,False,0.06756804357587211,0.04348333333333333,0.004251240476102702,0.010672185036107663,0.04348333333333333,0.04348916666666666,0.5350233333333333,0.41497666666666666,1
ugr16,rf,scan44,67217,False,0.259016201592037,-0.043109166666666685,0.001844544029237949,0.00688801972917024,0.043109166666666685,0.06870916666666667,0.7990233333333333,0.15097666666666665,1
ugr16,rf,background,200361,False,0.045323004601943995,-0.0019025000000000292,1.3264961274961351e-05,0.0007971064569296405,0.0019025000000000292,0.029901666666666604,0.9491499999999999,0.0008500000000000174,0
ugr16,rf,dos,50000,False,0.006307682260429161,4.999999999999449e-05,4.2768430809525526e-05,0.00015374129471736606,4.999999999999449e-05,0.024527499999999924,0.9503233333333333,-0.00032333333333334213,0
ugr16,rf,nerisbotnet,49793,False,0.07523966899598367,0.0014841666666666753,0.0029005393362092624,0.011246246386109188,0.0014841666666666753,0.024452499999999988,0.9472833333333334,0.0027166666666665895,0
ugr16,rf,scan11,32611,False,0.04507104503019177,0.043372499999999994,0.005080168787609862,0.010840748942688383,0.043372499999999994,0.043378333333333324,0.5350233333333333,0.41497666666666666,1
ugr16,rf,scan44,67235,False,0.22632735807322524,-0.04300416666666668,0.0018912605603170762,0.008013038955275484,0.04300416666666668,0.056648333333333335,0.7990233333333333,0.15097666666666665,1
ugr16,rf,background,200301,False,0.03534307116078603,-0.0017358333333333809,0.0001852509291866422,0.0010957457787319335,0.0017358333333333809,0.02609499999999998,0.9491499999999999,0.0008500000000000174,0
ugr16,rf,dos,50000,False,0.007227362388377982,4.999999999999449e-05,1.8278942181648716e-05,4.239413167425078e-05,4.999999999999449e-05,0.02381916666666667,0.9503233333333333,-0.00032333333333334213,0
ugr16,rf,nerisbotnet,49844,False,0.08211522039262631,0.0013566666666666727,0.0032282043153695206,0.012375086493594513,0.0013566666666666727,0.037734166666666624,0.9472833333333334,0.0027166666666665895,0
ugr16,rf,scan11,32627,False,0.0582476435671887,0.0434325,0.004155133640786568,0.008453660725150988,0.0434325,0.04344666666666666,0.5350233333333333,0.41497666666666666,1
ugr16,rf,scan44,67228,False,0.12034362055858833,-0.04310333333333333,0.0016975925804159075,0.005985195514294115,0.04310333333333333,0.05582666666666666,0.7990233333333333,0.15097666666666665,1
ugr16,rf,background,200258,False,0.07682890057623493,-0.00189499999999998,7.973934362803803e-07,0.0005541836570336304,0.00189499999999998,0.039564166666666734,0.9491499999999999,0.0008500000000000174,0
ugr16,rf,dos,50000,False,0.002547039850726376,4.999999999999449e-05,3.214154037789463e-05,0.00019085181988775607,4.999999999999449e-05,0.016235000000000027,0.9503233333333333,-0.00032333333333334213,0
ugr16,rf,nerisbotnet,49903,False,0.08947350994429792,0.001459166666666678,0.003269739521448156,0.012638171428484592,0.001459166666666678,0.04917583333333331,0.9472833333333334,0.0027166666666665895,0
ugr16,rf,scan11,32586,False,0.060638011216135546,0.043451666666666666,0.0036148004979187354,0.009085936652903992,0.043451666666666666,0.04348333333333333,0.5350233333333333,0.41497666666666666,1
ugr16,rf,scan44,67253,False,0.2725418087578595,-0.04306583333333333,0.0014876995545413108,0.0064105949806011805,0.04306583333333333,0.06747083333333333,0.7990233333333333,0.15097666666666665,1
ugr16,rf,background,200273,False,0.03478710464325782,-0.0018491666666666795,6.8426183946757035e-06,0.00020992368637956504,0.0018491666666666795,0.061761666666666604,0.9491499999999999,0.0008500000000000174,0
ugr16,rf,dos,50000,False,0.003116958549913368,4.999999999999449e-05,8.51826719275861e-05,0.0003876609911139753,4.999999999999449e-05,0.008694999999999953,0.9503233333333333,-0.00032333333333334213,0
ugr16,rf,nerisbotnet,49887,False,0.07649674893165531,0.0014158333333333245,0.0029787035122310623,0.011372227112860386,0.0014158333333333245,0.018404166666666666,0.9472833333333334,0.0027166666666665895,0
ugr16,rf,scan11,32438,False,0.10478553327907225,0.043671666666666664,0.0026902418472691814,0.009188162635573332,0.043671666666666664,0.043685833333333327,0.5350233333333333,0.41497666666666666,1
ugr16,rf,scan44,67402,False,0.14875137271829428,-0.04328833333333332,0.0018215643117670544,0.006981834410460927,0.04328833333333332,0.05818916666666668,0.7990233333333333,0.15097666666666665,1
ugr16,rf,background,200257,False,0.06730517088995713,-0.001859166666666634,0.000126151113739148,7.247063668717676e-05,0.001859166666666634,0.041834999999999956,0.9491499999999999,0.0008500000000000174,0
ugr16,rf,dos,50000,False,0.002173599893375983,4.999999999999449e-05,7.109088587442525e-05,0.0003308828282223897,4.999999999999449e-05,0.015880833333333344,0.9503233333333333,-0.00032333333333334213,0
ugr16,rf,nerisbotnet,49886,False,0.08195256764927472,0.0014850000000000002,0.0026393130028283807,0.010900233799978891,0.0014850000000000002,0.04681916666666669,0.9472833333333334,0.0027166666666665895,0
ugr16,rf,scan11,32554,False,0.09508885785961804,0.04354833333333333,0.002966751990823191,0.007865507366052377,0.04354833333333333,0.04361833333333334,0.5350233333333333,0.41497666666666666,1
ugr16,rf,scan44,67303,False,0.19008097897517018,-0.043224166666666675,0.0012883582567186913,0.006369011636694318,0.043224166666666675,0.05843833333333334,0.7990233333333333,0.15097666666666665,1
ugr16,rf,background,200301,False,0.05721348868699477,-0.002002500000000018,7.99458796526542e-05,0.0002955589472221024,0.002002500000000018,0.06200416666666675,0.9491499999999999,0.0008500000000000174,0
ugr16,rf,dos,50000,False,0.00581519925363188,4.999999999999449e-05,3.613103283683916e-05,0.0002490176905458501,4.999999999999449e-05,0.009549166666666664,0.9503233333333333,-0.00032333333333334213,0
ugr16,rf,nerisbotnet,49847,False,0.0778719480501277,0.0016158333333333302,0.0026176535976841775,0.010854024880835235,0.0016158333333333302,0.029568333333333363,0.9472833333333334,0.0027166666666665895,0
ugr16,rf,scan11,32477,False,0.11184095531618893,0.04372416666666666,0.002112649916521825,0.006617117033751875,0.04372416666666666,0.04373583333333332,0.5350233333333333,0.41497666666666666,1
ugr16,rf,scan44,67375,False,0.2540779764779308,-0.043387499999999996,0.0021503300529270852,0.007367741818306451,0.043387499999999996,0.06434833333333333,0.7990233333333333,0.15097666666666665,1
ugr16,rf,background,200284,False,0.030926634686495036,-0.0017766666666666486,0.00011148406813399347,2.2769657043224256e-05,0.0017766666666666486,0.032260833333333294,0.9491499999999999,0.0008500000000000174,0
ugr16,rf,dos,50001,False,0.007568085343611,4.750000000000587e-05,6.374228510619417e-05,0.00029538068083805296,4.750000000000587e-05,0.015490000000000032,0.9503233333333333,-0.00032333333333334213,0
ugr16,rf,nerisbotnet,49865,False,0.08365298457096892,0.0013874999999999998,0.0032157732353661483,0.011984927154171494,0.0013874999999999998,0.01621416666666664,0.9472833333333334,0.0027166666666665895,0
ugr16,rf,scan11,32719,False,0.13580748776253715,0.04313583333333333,0.0054008988719082,0.010692912582992193,0.04313583333333333,0.04313583333333333,0.5350233333333333,0.41497666666666666,1
ugr16,rf,scan44,67131,False,0.18231122736141175,-0.04279416666666666,0.0017791549641097415,0.0062561058182455335,0.04279416666666666,0.053849166666666656,0.7990233333333333,0.15097666666666665,1
ugr16,rf,background,200336,False,0.0333016873726634,-0.001923333333333277,0.00010399671568761537,0.00011571954025091195,0.001923333333333277,0.042598333333333294,0.9491499999999999,0.0008500000000000174,0
ugr16,rf,dos,50000,False,0.0038065627082500345,4.999999999999449e-05,4.93998181055888e-05,0.00022292174034626102,4.999999999999449e-05,0.018717499999999998,0.9503233333333333,-0.00032333333333334213,0
ugr16,rf,nerisbotnet,49826,False,0.07966840947056303,0.001501666666666665,0.0027550256197322875,0.011216411162206195,0.001501666666666665,0.017754166666666654,0.9472833333333334,0.0027166666666665895,0
ugr16,rf,scan11,32562,False,0.03528335066364288,0.04351166666666666,0.003456544820228391,0.007814888649460647,0.04351166666666666,0.04352333333333333,0.5350233333333333,0.41497666666666666,1
ugr16,rf,scan44,67276,False,0.1540043910691466,-0.04314000000000001,0.0017635120677088612,0.006179118212925192,0.04314000000000001,0.05748166666666665,0.7990233333333333,0.15097666666666665,1
ugr16,xgb,background,200326,False,0.01012117038340879,-0.001731666666666687,0.0005861671093626564,0.0020923551010377187,0.001731666666666687,0.02000500000000005,0.9491499999999999,0.0008500000000000174,0
ugr16,xgb,dos,50003,False,0.0040201666268676415,4.250000000000087e-05,0.0001619492214810503,0.0006236111051416224,4.250000000000087e-05,0.010425833333333356,0.9503233333333333,-0.00032333333333334213,0
ugr16,xgb,nerisbotnet,49871,False,0.07370551552978899,0.0012725000000000097,0.001986400783517195,0.008559351953730046,0.0012725000000000097,0.009300833333333314,0.9472833333333334,0.0027166666666665895,0
ugr16,xgb,scan11,31834,False,0.07825579747886188,0.05798166666666667,0.00957697882555042,0.006761321293271311,0.05798166666666667,0.05820416666666667,0.5350233333333333,0.41497666666666666,1
ugr16,xgb,scan44,67966,False,0.22865740574677512,-0.057565000000000005,0.0008097752933405866,0.00041328179221081923,0.057565000000000005,0.06567500000000001,0.7990233333333333,0.15097666666666665,1
ugr16,xgb,background,200326,False,0.01012117038340879,-0.001731666666666687,0.0005861671093626564,0.0020923551010377187,0.001731666666666687,0.02000500000000005,0.9491499999999999,0.0008500000000000174,0
ugr16,xgb,dos,50003,False,0.0040201666268676415,4.250000000000087e-05,0.0001619492214810503,0.0006236111051416224,4.250000000000087e-05,0.010425833333333356,0.9503233333333333,-0.00032333333333334213,0
ugr16,xgb,nerisbotnet,49871,False,0.07370551552978899,0.0012725000000000097,0.001986400783517195,0.008559351953730046,0.0012725000000000097,0.009300833333333314,0.9472833333333334,0.0027166666666665895,0
ugr16,xgb,scan11,31834,False,0.07825579747886188,0.05798166666666667,0.00957697882555042,0.006761321293271311,0.05798166666666667,0.05820416666666667,0.5350233333333333,0.41497666666666666,1
ugr16,xgb,scan44,67966,False,0.22865740574677512,-0.057565000000000005,0.0008097752933405866,0.00041328179221081923,0.057565000000000005,0.06567500000000001,0.7990233333333333,0.15097666666666665,1
ugr16,xgb,background,200326,False,0.01012117038340879,-0.001731666666666687,0.0005861671093626564,0.0020923551010377187,0.001731666666666687,0.02000500000000005,0.9491499999999999,0.0008500000000000174,0
ugr16,xgb,dos,50003,False,0.0040201666268676415,4.250000000000087e-05,0.0001619492214810503,0.0006236111051416224,4.250000000000087e-05,0.010425833333333356,0.9503233333333333,-0.00032333333333334213,0
ugr16,xgb,nerisbotnet,49871,False,0.07370551552978899,0.0012725000000000097,0.001986400783517195,0.008559351953730046,0.0012725000000000097,0.009300833333333314,0.9472833333333334,0.0027166666666665895,0
ugr16,xgb,scan11,31834,False,0.07825579747886188,0.05798166666666667,0.00957697882555042,0.006761321293271311,0.05798166666666667,0.05820416666666667,0.5350233333333333,0.41497666666666666,1
ugr16,xgb,scan44,67966,False,0.22865740574677512,-0.057565000000000005,0.0008097752933405866,0.00041328179221081923,0.057565000000000005,0.06567500000000001,0.7990233333333333,0.15097666666666665,1
ugr16,xgb,background,200326,False,0.01012117038340879,-0.001731666666666687,0.0005861671093626564,0.0020923551010377187,0.001731666666666687,0.02000500000000005,0.9491499999999999,0.0008500000000000174,0
ugr16,xgb,dos,50003,False,0.0040201666268676415,4.250000000000087e-05,0.0001619492214810503,0.0006236111051416224,4.250000000000087e-05,0.010425833333333356,0.9503233333333333,-0.00032333333333334213,0
ugr16,xgb,nerisbotnet,49871,False,0.07370551552978899,0.0012725000000000097,0.001986400783517195,0.008559351953730046,0.0012725000000000097,0.009300833333333314,0.9472833333333334,0.0027166666666665895,0
ugr16,xgb,scan11,31834,False,0.07825579747886188,0.05798166666666667,0.00957697882555042,0.006761321293271311,0.05798166666666667,0.05820416666666667,0.5350233333333333,0.41497666666666666,1
ugr16,xgb,scan44,67966,False,0.22865740574677512,-0.057565000000000005,0.0008097752933405866,0.00041328179221081923,0.057565000000000005,0.06567500000000001,0.7990233333333333,0.15097666666666665,1
ugr16,xgb,background,200326,False,0.01012117038340879,-0.001731666666666687,0.0005861671093626564,0.0020923551010377187,0.001731666666666687,0.02000500000000005,0.9491499999999999,0.0008500000000000174,0
ugr16,xgb,dos,50003,False,0.0040201666268676415,4.250000000000087e-05,0.0001619492214810503,0.0006236111051416224,4.250000000000087e-05,0.010425833333333356,0.9503233333333333,-0.00032333333333334213,0
ugr16,xgb,nerisbotnet,49871,False,0.07370551552978899,0.0012725000000000097,0.001986400783517195,0.008559351953730046,0.0012725000000000097,0.009300833333333314,0.9472833333333334,0.0027166666666665895,0
ugr16,xgb,scan11,31834,False,0.07825579747886188,0.05798166666666667,0.00957697882555042,0.006761321293271311,0.05798166666666667,0.05820416666666667,0.5350233333333333,0.41497666666666666,1
ugr16,xgb,scan44,67966,False,0.22865740574677512,-0.057565000000000005,0.0008097752933405866,0.00041328179221081923,0.057565000000000005,0.06567500000000001,0.7990233333333333,0.15097666666666665,1
ugr16,xgb,background,200326,False,0.01012117038340879,-0.001731666666666687,0.0005861671093626564,0.0020923551010377187,0.001731666666666687,0.02000500000000005,0.9491499999999999,0.0008500000000000174,0
ugr16,xgb,dos,50003,False,0.0040201666268676415,4.250000000000087e-05,0.0001619492214810503,0.0006236111051416224,4.250000000000087e-05,0.010425833333333356,0.9503233333333333,-0.00032333333333334213,0
ugr16,xgb,nerisbotnet,49871,False,0.07370551552978899,0.0012725000000000097,0.001986400783517195,0.008559351953730046,0.0012725000000000097,0.009300833333333314,0.9472833333333334,0.0027166666666665895,0
ugr16,xgb,scan11,31834,False,0.07825579747886188,0.05798166666666667,0.00957697882555042,0.006761321293271311,0.05798166666666667,0.05820416666666667,0.5350233333333333,0.41497666666666666,1
ugr16,xgb,scan44,67966,False,0.22865740574677512,-0.057565000000000005,0.0008097752933405866,0.00041328179221081923,0.057565000000000005,0.06567500000000001,0.7990233333333333,0.15097666666666665,1
ugr16,xgb,background,200326,False,0.01012117038340879,-0.001731666666666687,0.0005861671093626564,0.0020923551010377187,0.001731666666666687,0.02000500000000005,0.9491499999999999,0.0008500000000000174,0
ugr16,xgb,dos,50003,False,0.0040201666268676415,4.250000000000087e-05,0.0001619492214810503,0.0006236111051416224,4.250000000000087e-05,0.010425833333333356,0.9503233333333333,-0.00032333333333334213,0
ugr16,xgb,nerisbotnet,49871,False,0.07370551552978899,0.0012725000000000097,0.001986400783517195,0.008559351953730046,0.0012725000000000097,0.009300833333333314,0.9472833333333334,0.0027166666666665895,0
ugr16,xgb,scan11,31834,False,0.07825579747886188,0.05798166666666667,0.00957697882555042,0.006761321293271311,0.05798166666666667,0.05820416666666667,0.5350233333333333,0.41497666666666666,1
ugr16,xgb,scan44,67966,False,0.22865740574677512,-0.057565000000000005,0.0008097752933405866,0.00041328179221081923,0.057565000000000005,0.06567500000000001,0.7990233333333333,0.15097666666666665,1
ugr16,xgb,background,200326,False,0.01012117038340879,-0.001731666666666687,0.0005861671093626564,0.0020923551010377187,0.001731666666666687,0.02000500000000005,0.9491499999999999,0.0008500000000000174,0
ugr16,xgb,dos,50003,False,0.0040201666268676415,4.250000000000087e-05,0.0001619492214810503,0.0006236111051416224,4.250000000000087e-05,0.010425833333333356,0.9503233333333333,-0.00032333333333334213,0
ugr16,xgb,nerisbotnet,49871,False,0.07370551552978899,0.0012725000000000097,0.001986400783517195,0.008559351953730046,0.0012725000000000097,0.009300833333333314,0.9472833333333334,0.0027166666666665895,0
ugr16,xgb,scan11,31834,False,0.07825579747886188,0.05798166666666667,0.00957697882555042,0.006761321293271311,0.05798166666666667,0.05820416666666667,0.5350233333333333,0.41497666666666666,1
ugr16,xgb,scan44,67966,False,0.22865740574677512,-0.057565000000000005,0.0008097752933405866,0.00041328179221081923,0.057565000000000005,0.06567500000000001,0.7990233333333333,0.15097666666666665,1
ugr16,xgb,background,200326,False,0.01012117038340879,-0.001731666666666687,0.0005861671093626564,0.0020923551010377187,0.001731666666666687,0.02000500000000005,0.9491499999999999,0.0008500000000000174,0
ugr16,xgb,dos,50003,False,0.0040201666268676415,4.250000000000087e-05,0.0001619492214810503,0.0006236111051416224,4.250000000000087e-05,0.010425833333333356,0.9503233333333333,-0.00032333333333334213,0
ugr16,xgb,nerisbotnet,49871,False,0.07370551552978899,0.0012725000000000097,0.001986400783517195,0.008559351953730046,0.0012725000000000097,0.009300833333333314,0.9472833333333334,0.0027166666666665895,0
ugr16,xgb,scan11,31834,False,0.07825579747886188,0.05798166666666667,0.00957697882555042,0.006761321293271311,0.05798166666666667,0.05820416666666667,0.5350233333333333,0.41497666666666666,1
ugr16,xgb,scan44,67966,False,0.22865740574677512,-0.057565000000000005,0.0008097752933405866,0.00041328179221081923,0.057565000000000005,0.06567500000000001,0.7990233333333333,0.15097666666666665,1
ugr16,xgb,background,200326,False,0.01012117038340879,-0.001731666666666687,0.0005861671093626564,0.0020923551010377187,0.001731666666666687,0.02000500000000005,0.9491499999999999,0.0008500000000000174,0
ugr16,xgb,dos,50003,False,0.0040201666268676415,4.250000000000087e-05,0.0001619492214810503,0.0006236111051416224,4.250000000000087e-05,0.010425833333333356,0.9503233333333333,-0.00032333333333334213,0
ugr16,xgb,nerisbotnet,49871,False,0.07370551552978899,0.0012725000000000097,0.001986400783517195,0.008559351953730046,0.0012725000000000097,0.009300833333333314,0.9472833333333334,0.0027166666666665895,0
ugr16,xgb,scan11,31834,False,0.07825579747886188,0.05798166666666667,0.00957697882555042,0.006761321293271311,0.05798166666666667,0.05820416666666667,0.5350233333333333,0.41497666666666666,1
ugr16,xgb,scan44,67966,False,0.22865740574677512,-0.057565000000000005,0.0008097752933405866,0.00041328179221081923,0.057565000000000005,0.06567500000000001,0.7990233333333333,0.15097666666666665,1
cicids2017,mlp,Benign,153614,False,0.0024096810791470386,-0.5186775495143037,0.00017488730053105694,0.0006133824214426959,0.5186775495143037,0.5186840097130193,0.9500806666666667,-8.066666666672884e-05,0
cicids2017,mlp,DoS,1180,False,0.03149868149628898,0.5186775495143037,0.00016754982955113906,0.00040623392352202934,0.5186775495143037,0.5186917253171562,0.6038966666666667,0.3461033333333332,1
cicids2017,mlp,Benign,153399,False,0.001638675997306929,-0.5172473347872888,0.00032805099635735413,0.0007205496650325373,0.5172473347872888,0.5173442377680244,0.9500806666666667,-8.066666666672884e-05,0
cicids2017,mlp,DoS,1395,False,0.21077958886631704,0.5172473347872888,0.0047415749167432075,0.0159282595200775,0.5172473347872888,0.5172692261942783,0.6038966666666667,0.3461033333333332,1
cicids2017,mlp,Benign,153483,False,0.0017080086379141317,-0.5179550794919553,2.4855988244310012e-05,6.678654269269877e-05,0.5179550794919553,0.5180056888478696,0.9500806666666667,-8.066666666672884e-05,0
cicids2017,mlp,DoS,1311,False,0.1345280608164011,0.5179550794919553,0.0058604723851776175,0.011229699229515052,0.5179550794919553,0.5179550794919553,0.6038966666666667,0.3461033333333332,1
cicids2017,mlp,Benign,153600,False,0.0017624108912778283,-0.5186283787354204,0.0001486071082791307,0.0005048016265806471,0.5186283787354204,0.5186412991328517,0.9500806666666667,-8.066666666672884e-05,0
cicids2017,mlp,DoS,1194,False,0.14659630781524657,0.5186283787354203,0.0007278104845777067,0.0010472701660869514,0.5186283787354203,0.5186425545382729,0.6038966666666667,0.3461033333333332,1
cicids2017,mlp,Benign,153607,False,0.002592505236738017,-0.5186942361279987,0.00023300161787886964,0.0007527160411183973,0.5186942361279987,0.5187046457145876,0.9500806666666667,-8.066666666672884e-05,0
cicids2017,mlp,DoS,1187,False,0.4640398200484074,0.5186942361279986,0.0027236413145542704,0.004784706182953752,0.5186942361279986,0.5186942361279986,0.6038966666666667,0.3461033333333332,1
cicids2017,mlp,Benign,153481,False,0.0012754392093067592,-0.5178389790866822,0.00011138382925923729,0.0003631903643881991,0.5178389790866822,0.5178518994841136,0.9500806666666667,-8.066666666672884e-05,0
cicids2017,mlp,DoS,1313,False,0.39625311286274684,0.5178389790866822,0.0005730124729234065,0.0006178030975453142,0.5178389790866822,0.5178389790866822,0.6038966666666667,0.3461033333333332,1
cicids2017,mlp,Benign,153449,False,0.0020284018896056803,-0.5176941607324843,0.00042690032569814296,0.0009670122690298268,0.5176941607324843,0.5180405006522906,0.9500806666666667,-8.066666666672884e-05,0
cicids2017,mlp,DoS,1345,False,0.1091733302709027,0.5176941607324844,0.0178114264094289,0.030043486521565396,0.5176941607324844,0.5178106542768237,0.6038966666666667,0.3461033333333332,1
cicids2017,mlp,Benign,153200,False,0.0016020203500394306,-0.5161268432554087,4.818042277454637e-05,6.193606061420876e-05,0.5161268432554087,0.5180561150321741,0.9500806666666667,-8.066666666672884e-05,0
cicids2017,mlp,DoS,1594,False,0.2654881816218896,0.5161268432554087,0.06971682684083758,0.13544943544590995,0.5161268432554087,0.5161268432554087,0.6038966666666667,0.3461033333333332,1
cicids2017,mlp,Benign,153511,False,0.0010976197896518693,-0.5179296050403119,5.942252881130372e-05,8.101582895914312e-06,0.5179296050403119,0.5179683662326062,0.9500806666666667,-8.066666666672884e-05,0
cicids2017,mlp,DoS,1283,False,0.03257145477052861,0.5179296050403118,0.003566913675524197,0.006956070042335282,0.5179296050403118,0.5179940238558594,0.6038966666666667,0.3461033333333332,1
cicids2017,mlp,Benign,153274,False,0.0010215115067401899,-0.516584261958803,0.0002745197356057716,0.0004152143347051915,0.516584261958803,0.5180197082749594,0.9500806666666667,-8.066666666672884e-05,0
cicids2017,mlp,DoS,1520,False,0.41948200428744453,0.5165842619588031,0.00994822136262774,0.03359297814110568,0.5165842619588031,0.5165842619588031,0.6038966666666667,0.3461033333333332,1
cicids2017,rf,Benign,153465,False,0.002521223897005528,-0.5177149799056625,0.00038963378272827143,0.0009683984595344525,0.5177149799056625,0.51789335465886,0.9500806666666667,-8.066666666672884e-05,0
cicids2017,rf,DoS,1329,False,0.025504726150453214,0.5177149799056625,0.006081184201169099,0.011183432857408632,0.5177149799056625,0.5177149799056625,0.6038966666666667,0.3461033333333332,1
cicids2017,rf,Benign,153380,False,0.002296592170267545,-0.5172277710195319,0.000587784346407938,0.001182602442931803,0.5172277710195319,0.5177977070835456,0.9500806666666667,-8.066666666672884e-05,0
cicids2017,rf,DoS,1414,False,0.07127175173201754,0.5172277710195319,0.025704315034842384,0.04404633949444866,0.5172277710195319,0.5172277710195319,0.6038966666666667,0.3461033333333332,1
cicids2017,rf,Benign,153379,False,0.0019470631393834874,-0.5171594028161112,0.0003299028851341257,0.0008081542779417492,0.5171594028161112,0.5177977070835456,0.9500806666666667,-8.066666666672884e-05,0
cicids2017,rf,DoS,1415,False,0.07204559611795114,0.5171594028161112,0.02555226634777663,0.04482222742986195,0.5171594028161112,0.5171594028161112,0.6038966666666667,0.3461033333333332,1
cicids2017,rf,Benign,153394,False,0.002058176627706372,-0.5172769417984152,0.0004348966719641689,0.0009814118735493268,0.5172769417984152,0.5178093720755557,0.9500806666666667,-8.066666666672884e-05,0
cicids2017,rf,DoS,1400,False,0.06559666171899067,0.5172769417984152,0.023814737095225857,0.041262300785993015,0.5172769417984152,0.5172769417984152,0.6038966666666667,0.3461033333333332,1
cicids2017,rf,Benign,153436,False,0.002320498507922531,-0.5175482701444751,0.0007521524177968031,0.0013536241959609724,0.5175482701444751,0.5177989624889667,0.9500806666666667,-8.066666666672884e-05,0
cicids2017,rf,DoS,1358,False,0.03449209618143545,0.5175482701444751,0.011770008954834044,0.020576540016870953,0.5175482701444751,0.5175482701444751,0.6038966666666667,0.3461033333333332,1
cicids2017,rf,Benign,153346,False,0.0018109885519255531,-0.516966852260061,0.00043200427648781847,0.0009281124419588925,0.516966852260061,0.5178158322742714,0.9500806666666667,-8.066666666672884e-05,0
cicids2017,rf,DoS,1448,False,0.09725806661243977,0.516966852260061,0.025708941352834636,0.05299310746227581,0.516966852260061,0.516966852260061,0.6038966666666667,0.3461033333333332,1
cicids2017,rf,Benign,153455,False,0.002466547389287907,-0.5176503779185053,0.0003312014170144817,0.000860360482039843,0.5176503779185053,0.517765406089967,0.9500806666666667,-8.066666666672884e-05,0
cicids2017,rf,DoS,1339,False,0.017845404677548273,0.5176503779185053,0.007559980257724308,0.011715692484401765,0.5176503779185053,0.5176503779185053,0.6038966666666667,0.3461033333333332,1
cicids2017,rf,Benign,153232,False,0.0011369001295765935,-0.5162716616096066,0.00024755541212118093,0.000551878396760095,0.5162716616096066,0.5177408207005253,0.9500806666666667,-8.066666666672884e-05,0
cicids2017,rf,DoS,1562,False,0.15161093836458842,0.5162716616096065,0.04196431620281782,0.08479716393602733,0.5162716616096065,0.5162716616096065,0.6038966666666667,0.3461033333333332,1
cicids2017,rf,Benign,153469,False,0.0025406393733285685,-0.5177614567020936,0.0004307808161100324,0.0010018720015897052,0.5177614567020936,0.5178868944601442,0.9500806666666667,-8.066666666672884e-05,0
cicids2017,rf,DoS,1325,False,0.021769168457535147,0.5177614567020936,0.004283729284661142,0.008814537333565953,0.5177614567020936,0.5177614567020936,0.6038966666666667,0.3461033333333332,1
cicids2017,rf,Benign,153333,False,0.0017090419889057987,-0.5168415976736201,0.00029190430018544156,0.0006485542438572156,0.5168415976736201,0.5177964516781244,0.9500806666666667,-8.066666666672884e-05,0
cicids2017,rf,DoS,1461,False,0.10331465614102975,0.5168415976736201,0.03947463978387811,0.06555611559416062,0.5168415976736201,0.5168415976736201,0.6038966666666667,0.3461033333333332,1
cicids2017,xgb,Benign,153090,False,0.0006926871661171174,-0.5153130413888386,1.4986708234188129e-05,4.673977946883991e-05,0.5153130413888386,0.5153388821837015,0.9500806666666667,-8.066666666672884e-05,0
cicids2017,xgb,DoS,1704,False,0.7606440281892624,0.5153130413888386,0.0011116616354738262,0.0026971324819512013,0.5153130413888386,0.5153334942187973,0.6038966666666667,0.3461033333333332,1
cicids2017,xgb,Benign,153090,False,0.0006926871661171174,-0.5153130413888386,1.4986708234188129e-05,4.673977946883991e-05,0.5153130413888386,0.5153388821837015,0.9500806666666667,-8.066666666672884e-05,0
cicids2017,xgb,DoS,1704,False,0.7606440281892624,0.5153130413888386,0.0011116616354738262,0.0026971324819512013,0.5153130413888386,0.5153334942187973,0.6038966666666667,0.3461033333333332,1
cicids2017,xgb,Benign,153090,False,0.0006926871661171174,-0.5153130413888386,1.4986708234188129e-05,4.673977946883991e-05,0.5153130413888386,0.5153388821837015,0.9500806666666667,-8.066666666672884e-05,0
cicids2017,xgb,DoS,1704,False,0.7606440281892624,0.5153130413888386,0.0011116616354738262,0.0026971324819512013,0.5153130413888386,0.5153334942187973,0.6038966666666667,0.3461033333333332,1
cicids2017,xgb,Benign,153090,False,0.0006926871661171174,-0.5153130413888386,1.4986708234188129e-05,4.673977946883991e-05,0.5153130413888386,0.5153388821837015,0.9500806666666667,-8.066666666672884e-05,0
cicids2017,xgb,DoS,1704,False,0.7606440281892624,0.5153130413888386,0.0011116616354738262,0.0026971324819512013,0.5153130413888386,0.5153334942187973,0.6038966666666667,0.3461033333333332,1
cicids2017,xgb,Benign,153090,False,0.0006926871661171174,-0.5153130413888386,1.4986708234188129e-05,4.673977946883991e-05,0.5153130413888386,0.5153388821837015,0.9500806666666667,-8.066666666672884e-05,0
cicids2017,xgb,DoS,1704,False,0.7606440281892624,0.5153130413888386,0.0011116616354738262,0.0026971324819512013,0.5153130413888386,0.5153334942187973,0.6038966666666667,0.3461033333333332,1
cicids2017,xgb,Benign,153090,False,0.0006926871661171174,-0.5153130413888386,1.4986708234188129e-05,4.673977946883991e-05,0.5153130413888386,0.5153388821837015,0.9500806666666667,-8.066666666672884e-05,0
cicids2017,xgb,DoS,1704,False,0.7606440281892624,0.5153130413888386,0.0011116616354738262,0.0026971324819512013,0.5153130413888386,0.5153334942187973,0.6038966666666667,0.3461033333333332,1
cicids2017,xgb,Benign,153090,False,0.0006926871661171174,-0.5153130413888386,1.4986708234188129e-05,4.673977946883991e-05,0.5153130413888386,0.5153388821837015,0.9500806666666667,-8.066666666672884e-05,0
cicids2017,xgb,DoS,1704,False,0.7606440281892624,0.5153130413888386,0.0011116616354738262,0.0026971324819512013,0.5153130413888386,0.5153334942187973,0.6038966666666667,0.3461033333333332,1
cicids2017,xgb,Benign,153090,False,0.0006926871661171174,-0.5153130413888386,1.4986708234188129e-05,4.673977946883991e-05,0.5153130413888386,0.5153388821837015,0.9500806666666667,-8.066666666672884e-05,0
cicids2017,xgb,DoS,1704,False,0.7606440281892624,0.5153130413888386,0.0011116616354738262,0.0026971324819512013,0.5153130413888386,0.5153334942187973,0.6038966666666667,0.3461033333333332,1
cicids2017,xgb,Benign,153090,False,0.0006926871661171174,-0.5153130413888386,1.4986708234188129e-05,4.673977946883991e-05,0.5153130413888386,0.5153388821837015,0.9500806666666667,-8.066666666672884e-05,0
cicids2017,xgb,DoS,1704,False,0.7606440281892624,0.5153130413888386,0.0011116616354738262,0.0026971324819512013,0.5153130413888386,0.5153334942187973,0.6038966666666667,0.3461033333333332,1
cicids2017,xgb,Benign,153090,False,0.0006926871661171174,-0.5153130413888386,1.4986708234188129e-05,4.673977946883991e-05,0.5153130413888386,0.5153388821837015,0.9500806666666667,-8.066666666672884e-05,0
cicids2017,xgb,DoS,1704,False,0.7606440281892624,0.5153130413888386,0.0011116616354738262,0.0026971324819512013,0.5153130413888386,0.5153334942187973,0.6038966666666667,0.3461033333333332,1
cicids2017,mlp,Benign,154975,False,0.00025712884612410364,-0.5097032260271485,2.2502031690851965e-05,6.260002569417243e-05,0.5097032260271485,0.5097508062846177,0.9500806666666667,-8.066666666672884e-05,0
cicids2017,mlp,DoS,2076,False,0.9041130442233402,0.5097032260271485,0.0021797241383358923,0.007464977577843393,0.5097032260271485,0.5097032260271485,0.6038966666666667,0.3461033333333332,1
cicids2017,mlp,Benign,154805,False,3.2298698362455994e-05,-0.508579212343796,1.0297805495551593e-05,1.783562378480532e-05,0.508579212343796,0.5088704315242398,0.9500806666666667,-8.066666666672884e-05,0
cicids2017,mlp,DoS,2246,False,0.17347356930539187,0.5085792123437959,0.005777321833665305,0.010807039198149746,0.5085792123437959,0.5085792123437959,0.6038966666666667,0.3461033333333332,1
cicids2017,mlp,Benign,154989,False,0.001403483446749333,-0.5096676807650832,4.133617015567026e-05,0.00017374757164725024,0.5096676807650832,0.5096740481234572,0.9500806666666667,-8.066666666672884e-05,0
cicids2017,mlp,DoS,2062,False,0.24590367834326332,0.5096676807650832,0.00026391340769937877,0.0017663150680622597,0.5096676807650832,0.5096837740913543,0.6038966666666667,0.3461033333333332,1
cicids2017,mlp,Benign,154877,False,0.0007667898498841409,-0.5089960993869589,1.037549856663933e-05,2.68993419772278e-05,0.5089960993869589,0.5089960993869589,0.9500806666666667,-8.066666666672884e-05,0
cicids2017,mlp,DoS,2174,False,0.21373468603527015,0.5089960993869589,7.186956624882779e-05,0.00012521666823307514,0.5089960993869589,0.5090376621467261,0.6038966666666667,0.3461033333333332,1
cicids2017,mlp,Benign,154935,False,4.743182866685444e-05,-0.5093030620330018,1.5988697826818665e-05,1.8332336338236477e-05,0.5093030620330018,0.5096197506469418,0.9500806666666667,-8.066666666672884e-05,0
cicids2017,mlp,DoS,2116,False,0.44817585901028617,0.5093030620330018,0.009349313731594977,0.01796855742041912,0.5093030620330018,0.5093238434128854,0.6038966666666667,0.3461033333333332,1
cicids2017,mlp,Benign,154920,False,8.548310059602087e-05,-0.5093114585568095,1.0951013599269643e-05,2.617858277816754e-05,0.5093114585568095,0.5093114585568095,0.9500806666666667,-8.066666666672884e-05,0
cicids2017,mlp,DoS,2131,False,0.4880678053233935,0.5093114585568095,0.0012837326357324486,0.005323032262669265,0.5093114585568095,0.5093292311878421,0.6038966666666667,0.3461033333333332,1
cicids2017,mlp,Benign,154967,False,0.0004872116018787803,-0.5095691616406217,0.0001522441477633807,0.00027684704200059136,0.5095691616406217,0.5097394010119591,0.9500806666666667,-8.066666666672884e-05,0
cicids2017,mlp,DoS,2084,False,0.6052677523732173,0.5095691616406217,0.006176516409947985,0.011816110273689326,0.5095691616406217,0.5095899430205053,0.6038966666666667,0.3461033333333332,1
cicids2017,mlp,Benign,154830,False,0.0006026361457678459,-0.5087383963031467,7.27410271198492e-05,0.00021520237216015402,0.5087383963031467,0.5092286828979471,0.9500806666666667,-8.066666666672884e-05,0
cicids2017,mlp,DoS,2221,False,0.08795338211025006,0.5087383963031467,0.011425616102085812,0.022145776181066792,0.5087383963031467,0.5087528103246564,0.6038966666666667,0.3461033333333332,1
cicids2017,mlp,Benign,154845,False,0.0006581522513859255,-0.5088131252988735,0.00012784152676570404,0.0002569325318236927,0.5088131252988735,0.5095339662392284,0.9500806666666667,-8.066666666672884e-05,0
cicids2017,mlp,DoS,2206,False,0.5563088527170443,0.5088131252988735,0.008879267007360192,0.029002625597674598,0.5088131252988735,0.5088131252988735,0.6038966666666667,0.3461033333333332,1
cicids2017,mlp,Benign,155005,False,0.0005984481421648239,-0.5097487771191841,9.758184877473042e-06,2.417302238988926e-05,0.5097487771191841,0.5097487771191841,0.9500806666666667,-8.066666666672884e-05,0
cicids2017,mlp,DoS,2046,False,0.6174301683011207,0.5097487771191841,0.00021882540168660647,0.0018822785398362877,0.5097487771191841,0.5097568237823196,0.6038966666666667,0.3461033333333332,1
cicids2017,rf,Benign,155237,False,0.0004423532077548191,-0.5113299111613774,0.00014369357795029902,0.00027452017041044226,0.5113299111613774,0.5113744826699957,0.9500806666666667,-8.066666666672884e-05,0
cicids2017,rf,DoS,1814,False,0.003858875413450937,0.5113299111613774,0.000532857020170141,0.0013456562869396903,0.5113299111613774,0.5113299111613774,0.6038966666666667,0.3461033333333332,1
cicids2017,rf,Benign,155222,False,0.0002862559810513782,-0.5112551821656506,0.00010505813980865586,0.0001877128651843951,0.5112551821656506,0.5112615495240247,0.9500806666666667,-8.066666666672884e-05,0
cicids2017,rf,DoS,1829,False,0.0005467468562055768,0.5112551821656506,0.00024492636656314737,0.0003757731105800861,0.5112551821656506,0.5112551821656506,0.6038966666666667,0.3461033333333332,1
cicids2017,rf,Benign,155200,False,0.00010771158047906371,-0.5111774444210728,3.4326608736257036e-05,5.2805175086969954e-05,0.5111774444210728,0.5115778882772926,0.9500806666666667,-8.066666666672884e-05,0
cicids2017,rf,DoS,1851,False,0.04776421592637163,0.5111774444210727,0.011646248037297968,0.02348803092488403,0.5111774444210727,0.5111774444210727,0.6038966666666667,0.3461033333333332,1
cicids2017,rf,Benign,155200,False,0.0001899348680856988,-0.5111774444210728,8.105054599483186e-05,0.0001076315055295704,0.5111774444210728,0.5115142146935522,0.9500806666666667,-8.066666666672884e-05,0
cicids2017,rf,DoS,1851,False,0.04236173078320578,0.5111774444210727,0.010699224711265276,0.021990397271407974,0.5111774444210727,0.5111774444210727,0.6038966666666667,0.3461033333333332,1
cicids2017,rf,Benign,155207,False,0.00018783346615013525,-0.5111804531699238,4.181477562525959e-05,9.342993214050499e-05,0.5111804531699238,0.5111868205282978,0.9500806666666667,-8.066666666672884e-05,0
cicids2017,rf,DoS,1844,False,0.002129456507562019,0.5111804531699238,0.00042297415623337997,0.0010191646055352386,0.5111804531699238,0.5111804531699238,0.6038966666666667,0.3461033333333332,1
cicids2017,rf,Benign,155167,False,0.00010466200205842073,-0.5109881029746133,3.4569263171690956e-05,6.396162327790067e-05,0.5109881029746133,0.5115014799768042,0.9500806666666667,-8.066666666672884e-05,0
cicids2017,rf,DoS,1884,False,0.0580287865220372,0.5109881029746134,0.018729946757268356,0.033909256200028826,0.5109881029746134,0.510996149637749,0.6038966666666667,0.3461033333333332,1
cicids2017,rf,Benign,155210,False,0.0001672340489770926,-0.5111995552450459,4.872987649817695e-05,9.690053367975861e-05,0.5111995552450459,0.5111995552450459,0.9500806666666667,-8.066666666672884e-05,0
cicids2017,rf,DoS,1841,False,0.0,0.5111995552450459,1.1102230246251565e-16,5.421010862427522e-20,0.5111995552450459,0.5111995552450459,0.6038966666666667,0.3461033333333332,1
cicids2017,rf,Benign,155208,False,0.00010101558399533157,-0.5111452577685305,3.713758441103998e-05,6.001878685210068e-05,0.5111452577685305,0.5113235438030035,0.9500806666666667,-8.066666666672884e-05,0
cicids2017,rf,DoS,1843,False,0.01569547027614221,0.5111452577685305,0.003294463348436083,0.0076294289478187035,0.5111452577685305,0.5111452577685305,0.6038966666666667,0.3461033333333332,1
cicids2017,rf,Benign,155209,False,0.00042004162875217284,-0.5112139692665554,6.76951146512117e-05,0.00018051528321295918,0.5112139692665554,0.5114857365112051,0.9500806666666667,-8.066666666672884e-05,0
cicids2017,rf,DoS,1842,False,0.032334854041526674,0.5112139692665554,0.006987754741969776,0.01558528676739643,0.5112139692665554,0.5112139692665554,0.6038966666666667,0.3461033333333332,1
cicids2017,rf,Benign,155195,False,0.00019974870324430556,-0.5111456076292027,6.325332446721621e-05,9.018593488269698e-05,0.5111456076292027,0.511453899719335,0.9500806666666667,-8.066666666672884e-05,0
cicids2017,rf,DoS,1856,False,0.03689856002110211,0.5111456076292026,0.010465724008716926,0.020743097345870504,0.5111456076292026,0.5111456076292026,0.6038966666666667,0.3461033333333332,1
cicids2017,xgb,Benign,154766,False,0.00015195499449673755,-0.5083516667470922,2.1489029081500632e-05,3.805685398410421e-05,0.5083516667470922,0.5108409540106664,0.9500806666666667,-8.066666666672884e-05,0
cicids2017,xgb,DoS,2285,False,0.7754508248258071,0.5083516667470923,0.03563599851850019,0.08947399332096001,0.5083516667470923,0.5083516667470923,0.6038966666666667,0.3461033333333332,1
cicids2017,xgb,Benign,154766,False,0.00015195499449673755,-0.5083516667470922,2.1489029081500632e-05,3.805685398410421e-05,0.5083516667470922,0.5108409540106664,0.9500806666666667,-8.066666666672884e-05,0
cicids2017,xgb,DoS,2285,False,0.7754508248258071,0.5083516667470923,0.03563599851850019,0.08947399332096001,0.5083516667470923,0.5083516667470923,0.6038966666666667,0.3461033333333332,1
cicids2017,xgb,Benign,154766,False,0.00015195499449673755,-0.5083516667470922,2.1489029081500632e-05,3.805685398410421e-05,0.5083516667470922,0.5108409540106664,0.9500806666666667,-8.066666666672884e-05,0
cicids2017,xgb,DoS,2285,False,0.7754508248258071,0.5083516667470923,0.03563599851850019,0.08947399332096001,0.5083516667470923,0.5083516667470923,0.6038966666666667,0.3461033333333332,1
cicids2017,xgb,Benign,154766,False,0.00015195499449673755,-0.5083516667470922,2.1489029081500632e-05,3.805685398410421e-05,0.5083516667470922,0.5108409540106664,0.9500806666666667,-8.066666666672884e-05,0
cicids2017,xgb,DoS,2285,False,0.7754508248258071,0.5083516667470923,0.03563599851850019,0.08947399332096001,0.5083516667470923,0.5083516667470923,0.6038966666666667,0.3461033333333332,1
cicids2017,xgb,Benign,154766,False,0.00015195499449673755,-0.5083516667470922,2.1489029081500632e-05,3.805685398410421e-05,0.5083516667470922,0.5108409540106664,0.9500806666666667,-8.066666666672884e-05,0
cicids2017,xgb,DoS,2285,False,0.7754508248258071,0.5083516667470923,0.03563599851850019,0.08947399332096001,0.5083516667470923,0.5083516667470923,0.6038966666666667,0.3461033333333332,1
cicids2017,xgb,Benign,154766,False,0.00015195499449673755,-0.5083516667470922,2.1489029081500632e-05,3.805685398410421e-05,0.5083516667470922,0.5108409540106664,0.9500806666666667,-8.066666666672884e-05,0
cicids2017,xgb,DoS,2285,False,0.7754508248258071,0.5083516667470923,0.03563599851850019,0.08947399332096001,0.5083516667470923,0.5083516667470923,0.6038966666666667,0.3461033333333332,1
cicids2017,xgb,Benign,154766,False,0.00015195499449673755,-0.5083516667470922,2.1489029081500632e-05,3.805685398410421e-05,0.5083516667470922,0.5108409540106664,0.9500806666666667,-8.066666666672884e-05,0
cicids2017,xgb,DoS,2285,False,0.7754508248258071,0.5083516667470923,0.03563599851850019,0.08947399332096001,0.5083516667470923,0.5083516667470923,0.6038966666666667,0.3461033333333332,1
cicids2017,xgb,Benign,154766,False,0.00015195499449673755,-0.5083516667470922,2.1489029081500632e-05,3.805685398410421e-05,0.5083516667470922,0.5108409540106664,0.9500806666666667,-8.066666666672884e-05,0
cicids2017,xgb,DoS,2285,False,0.7754508248258071,0.5083516667470923,0.03563599851850019,0.08947399332096001,0.5083516667470923,0.5083516667470923,0.6038966666666667,0.3461033333333332,1
cicids2017,xgb,Benign,154766,False,0.00015195499449673755,-0.5083516667470922,2.1489029081500632e-05,3.805685398410421e-05,0.5083516667470922,0.5108409540106664,0.9500806666666667,-8.066666666672884e-05,0
cicids2017,xgb,DoS,2285,False,0.7754508248258071,0.5083516667470923,0.03563599851850019,0.08947399332096001,0.5083516667470923,0.5083516667470923,0.6038966666666667,0.3461033333333332,1
cicids2017,xgb,Benign,154766,False,0.00015195499449673755,-0.5083516667470922,2.1489029081500632e-05,3.805685398410421e-05,0.5083516667470922,0.5108409540106664,0.9500806666666667,-8.066666666672884e-05,0
cicids2017,xgb,DoS,2285,False,0.7754508248258071,0.5083516667470923,0.03563599851850019,0.08947399332096001,0.5083516667470923,0.5083516667470923,0.6038966666666667,0.3461033333333332,1
cicids2017,mlp,Benign,155100,False,0.00457926049073391,-0.48323325552069324,0.0010220860816527733,0.0023628533058332886,0.48323325552069324,0.49077193873111236,0.9500806666666667,-8.066666666672884e-05,0
cicids2017,mlp,DoS,5520,False,0.23477334110046072,0.48323325552069313,0.03130634085469275,0.08489797824341262,0.48323325552069313,0.48323325552069313,0.6038966666666667,0.3461033333333332,1
cicids2017,mlp,Benign,156493,False,0.01389761142056184,-0.491863868975619,0.0002593415386749065,0.0008501031296996291,0.491863868975619,0.4982197007505866,0.9500806666666667,-8.066666666672884e-05,0
cicids2017,mlp,DoS,4127,False,0.2496964573586737,0.49186386897561907,0.04801303159862491,0.11805573146518307,0.49186386897561907,0.49186386897561907,0.6038966666666667,0.3461033333333332,1
cicids2017,mlp,Benign,155567,False,0.0027926611422888978,-0.4861407390221251,0.0009259370664240762,0.0017241520085921201,0.4861407390221251,0.4876411748333566,0.9500806666666667,-8.066666666672884e-05,0
cicids2017,mlp,DoS,5053,False,0.047694438947160106,0.4861407390221251,0.010568761727767328,0.0220915123483519,0.4861407390221251,0.4861407390221251,0.6038966666666667,0.3461033333333332,1
cicids2017,mlp,Benign,154792,False,0.0018363824173047354,-0.4812736560507031,0.0004638006210972989,0.0009242246001062221,0.4812736560507031,0.4832534842165604,0.9500806666666667,-8.066666666672884e-05,0
cicids2017,mlp,DoS,5828,False,0.05456417295813315,0.4812736560507031,0.013818139034556531,0.02757429815447942,0.4812736560507031,0.4812736560507031,0.6038966666666667,0.3461033333333332,1
cicids2017,mlp,Benign,156007,False,0.0012307140064227887,-0.48885910887995787,0.00030251388902913234,0.0006005407026346054,0.48885910887995787,0.5069488396381223,0.9500806666666667,-8.066666666672884e-05,0
cicids2017,mlp,DoS,4613,False,0.7134916014483023,0.48885910887995787,0.013791191574311745,0.048363767751479436,0.48885910887995787,0.48885910887995787,0.6038966666666667,0.3461033333333332,1
cicids2017,mlp,Benign,157157,False,0.011768250000680668,-0.49599784979992484,0.0021057901846314175,0.00487162218627177,0.49599784979992484,0.4973675422417129,0.9500806666666667,-8.066666666672884e-05,0
cicids2017,mlp,DoS,3463,False,0.06352873231302339,0.4959978497999249,0.015125976160646926,0.031141234832873975,0.4959978497999249,0.4959978497999249,0.6038966666666667,0.3461033333333332,1
cicids2017,mlp,Benign,155155,False,0.007377935623555576,-0.4835546636053968,0.0030368281919360696,0.004622643319199616,0.4835546636053968,0.4837227622232526,0.9500806666666667,-8.066666666672884e-05,0
cicids2017,mlp,DoS,5465,False,0.004940530649588289,0.4835546636053968,0.0011777845962711586,0.0024420019154638493,0.4835546636053968,0.4835546636053968,0.6038966666666667,0.3461033333333332,1
cicids2017,mlp,Benign,154861,False,0.005774555374711804,-0.48176628648467584,0.0014745083738291198,0.0029789233013976426,0.48176628648467584,0.4893276005567738,0.9500806666666667,-8.066666666672884e-05,0
cicids2017,mlp,DoS,5759,False,0.21306906681638169,0.48176628648467595,0.055676691893942976,0.11117304927682438,0.48176628648467595,0.48176628648467595,0.6038966666666667,0.3461033333333332,1
cicids2017,mlp,Benign,155593,False,0.007228269479427998,-0.48623956668801527,0.0035869393670083793,0.004989807899507708,0.48623956668801527,0.4903649842360486,0.9500806666666667,-8.066666666672884e-05,0
cicids2017,mlp,DoS,5027,False,0.13244397741132793,0.4862395666880153,0.030064521783333742,0.06233440909941425,0.4862395666880153,0.4862395666880153,0.6038966666666667,0.3461033333333332,1
cicids2017,mlp,Benign,154540,False,0.0060455446485275345,-0.4797677806946124,0.0004629789584031929,0.001518991943764226,0.4797677806946124,0.48671039576636854,0.9500806666666667,-8.066666666672884e-05,0
cicids2017,mlp,DoS,6080,False,0.18598121430204556,0.47976778069461246,0.060894864424172246,0.11670768995200474,0.47976778069461246,0.47976778069461246,0.6038966666666667,0.3461033333333332,1
cicids2017,rf,Benign,155187,False,0.0007907784560988265,-0.48377490662267303,0.00025221715553569446,0.0004414898083232539,0.48377490662267303,0.49347637053208765,0.9500806666666667,-8.066666666672884e-05,0
cicids2017,rf,DoS,5433,False,0.2879732800836141,0.483774906622673,0.034556946420120305,0.09660835351305233,0.483774906622673,0.483774906622673,0.6038966666666667,0.3461033333333332,1
cicids2017,rf,Benign,155134,False,0.00045434038900615613,-0.4834449352616968,0.00013194856551801415,0.0002444247545763179,0.4834449352616968,0.4849453710729283,0.9500806666666667,-8.066666666672884e-05,0
cicids2017,rf,DoS,5486,False,0.04393000364564346,0.48344493526169674,0.007234931587428162,0.0158425892457779,0.48344493526169674,0.48344493526169674,0.6038966666666667,0.3461033333333332,1
cicids2017,rf,Benign,155113,False,0.0002594395144478427,-0.48333520691799675,5.6147887095847615e-05,0.00010517929631344298,0.48333520691799675,0.48419204022994483,0.9500806666666667,-8.066666666672884e-05,0
cicids2017,rf,DoS,5507,False,0.025563177766222765,0.4833352069179968,0.00428385825075861,0.009974788281376424,0.4833352069179968,0.4833352069179968,0.6038966666666667,0.3461033333333332,1
cicids2017,rf,Benign,155156,False,0.0006313867992775551,-0.4835819045058756,0.00015973660818346946,0.00031440005225413683,0.4835819045058756,0.4936717100504223,0.9500806666666667,-8.066666666672884e-05,0
cicids2017,rf,DoS,5464,False,0.2971775543044377,0.48358190450587557,0.03528181327676405,0.09666861614569915,0.48358190450587557,0.48358190450587557,0.6038966666666667,0.3461033333333332,1
cicids2017,rf,Benign,155123,False,0.000797605129203385,-0.4833764506396074,0.00016524933072581405,0.000337638371701596,0.4833764506396074,0.48701391255674215,0.9500806666666667,-8.066666666672884e-05,0
cicids2017,rf,DoS,5497,False,0.10743198722574916,0.4833764506396074,0.011608972668773032,0.029709566245758098,0.4833764506396074,0.4833764506396074,0.6038966666666667,0.3461033333333332,1
cicids2017,rf,Benign,155202,False,0.0015460846802608894,-0.483868294743704,0.0003567901309604604,0.0006883528168128761,0.483868294743704,0.4964585645303445,0.9500806666666667,-8.066666666672884e-05,0
cicids2017,rf,DoS,5418,False,0.37441123084552824,0.48386829474370396,0.05262474095984215,0.14109992504547733,0.48386829474370396,0.48386829474370396,0.6038966666666667,0.3461033333333332,1
cicids2017,rf,Benign,155135,False,0.0009037862955021987,-0.4834511611364322,0.00015843401464565865,0.0003528169353967986,0.4834511611364322,0.48843574939795065,0.9500806666666667,-8.066666666672884e-05,0
cicids2017,rf,DoS,5485,False,0.14654098525080952,0.48345116113643216,0.014560636193530208,0.03731507563791036,0.48345116113643216,0.48345116113643216,0.6038966666666667,0.3461033333333332,1
cicids2017,rf,Benign,155143,False,0.0006170068043533331,-0.48350096813431537,0.00012626275178118096,0.00026157852620094934,0.48350096813431537,0.48938830823246693,0.9500806666666667,-8.066666666672884e-05,0
cicids2017,rf,DoS,5477,False,0.17322943744893848,0.48350096813431537,0.014959667488898432,0.04066699477000022,0.48350096813431537,0.48350096813431537,0.6038966666666667,0.3461033333333332,1
cicids2017,rf,Benign,155126,False,0.00025140853241880794,-0.48339512826381364,8.265090122838714e-05,0.00013628394307813765,0.48339512826381364,0.48403639336155985,0.9500806666666667,-8.066666666672884e-05,0
cicids2017,rf,DoS,5494,False,0.018747724790680743,0.4833951282638136,0.004853371950944041,0.009779771112225135,0.4833951282638136,0.4833951282638136,0.6038966666666667,0.3461033333333332,1
cicids2017,rf,Benign,155113,False,0.0004977898624683344,-0.4833141918922534,0.00015639551326163126,0.00028464954162295915,0.4833141918922534,0.4895003739777041,0.9500806666666667,-8.066666666672884e-05,0
cicids2017,rf,DoS,5507,False,0.1810017088943235,0.48331419189225333,0.01269544453314242,0.038823682436755935,0.48331419189225333,0.48331419189225333,0.6038966666666667,0.3461033333333332,1
cicids2017,xgb,Benign,154876,False,0.010944318302007773,-0.4818386595799636,0.0015066759988033862,0.0036266613481160783,0.4818386595799636,0.48434456336691645,0.9500806666666667,-8.066666666672884e-05,0
cicids2017,xgb,DoS,5744,False,0.07226099475581221,0.48183865957996347,0.016828570882081895,0.03386203330975154,0.48183865957996347,0.48183865957996347,0.6038966666666667,0.3461033333333332,1
cicids2017,xgb,Benign,154876,False,0.010944318302007773,-0.4818386595799636,0.0015066759988033862,0.0036266613481160783,0.4818386595799636,0.48434456336691645,0.9500806666666667,-8.066666666672884e-05,0
cicids2017,xgb,DoS,5744,False,0.07226099475581221,0.48183865957996347,0.016828570882081895,0.03386203330975154,0.48183865957996347,0.48183865957996347,0.6038966666666667,0.3461033333333332,1
cicids2017,xgb,Benign,154876,False,0.010944318302007773,-0.4818386595799636,0.0015066759988033862,0.0036266613481160783,0.4818386595799636,0.48434456336691645,0.9500806666666667,-8.066666666672884e-05,0
cicids2017,xgb,DoS,5744,False,0.07226099475581221,0.48183865957996347,0.016828570882081895,0.03386203330975154,0.48183865957996347,0.48183865957996347,0.6038966666666667,0.3461033333333332,1
cicids2017,xgb,Benign,154876,False,0.010944318302007773,-0.4818386595799636,0.0015066759988033862,0.0036266613481160783,0.4818386595799636,0.48434456336691645,0.9500806666666667,-8.066666666672884e-05,0
cicids2017,xgb,DoS,5744,False,0.07226099475581221,0.48183865957996347,0.016828570882081895,0.03386203330975154,0.48183865957996347,0.48183865957996347,0.6038966666666667,0.3461033333333332,1
cicids2017,xgb,Benign,154876,False,0.010944318302007773,-0.4818386595799636,0.0015066759988033862,0.0036266613481160783,0.4818386595799636,0.48434456336691645,0.9500806666666667,-8.066666666672884e-05,0
cicids2017,xgb,DoS,5744,False,0.07226099475581221,0.48183865957996347,0.016828570882081895,0.03386203330975154,0.48183865957996347,0.48183865957996347,0.6038966666666667,0.3461033333333332,1
cicids2017,xgb,Benign,154876,False,0.010944318302007773,-0.4818386595799636,0.0015066759988033862,0.0036266613481160783,0.4818386595799636,0.48434456336691645,0.9500806666666667,-8.066666666672884e-05,0
cicids2017,xgb,DoS,5744,False,0.07226099475581221,0.48183865957996347,0.016828570882081895,0.03386203330975154,0.48183865957996347,0.48183865957996347,0.6038966666666667,0.3461033333333332,1
cicids2017,xgb,Benign,154876,False,0.010944318302007773,-0.4818386595799636,0.0015066759988033862,0.0036266613481160783,0.4818386595799636,0.48434456336691645,0.9500806666666667,-8.066666666672884e-05,0
cicids2017,xgb,DoS,5744,False,0.07226099475581221,0.48183865957996347,0.016828570882081895,0.03386203330975154,0.48183865957996347,0.48183865957996347,0.6038966666666667,0.3461033333333332,1
cicids2017,xgb,Benign,154876,False,0.010944318302007773,-0.4818386595799636,0.0015066759988033862,0.0036266613481160783,0.4818386595799636,0.48434456336691645,0.9500806666666667,-8.066666666672884e-05,0
cicids2017,xgb,DoS,5744,False,0.07226099475581221,0.48183865957996347,0.016828570882081895,0.03386203330975154,0.48183865957996347,0.48183865957996347,0.6038966666666667,0.3461033333333332,1
cicids2017,xgb,Benign,154876,False,0.010944318302007773,-0.4818386595799636,0.0015066759988033862,0.0036266613481160783,0.4818386595799636,0.48434456336691645,0.9500806666666667,-8.066666666672884e-05,0
cicids2017,xgb,DoS,5744,False,0.07226099475581221,0.48183865957996347,0.016828570882081895,0.03386203330975154,0.48183865957996347,0.48183865957996347,0.6038966666666667,0.3461033333333332,1
cicids2017,xgb,Benign,154876,False,0.010944318302007773,-0.4818386595799636,0.0015066759988033862,0.0036266613481160783,0.4818386595799636,0.48434456336691645,0.9500806666666667,-8.066666666672884e-05,0
cicids2017,xgb,DoS,5744,False,0.07226099475581221,0.48183865957996347,0.016828570882081895,0.03386203330975154,0.48183865957996347,0.48183865957996347,0.6038966666666667,0.3461033333333332,1
cicids2017,mlp,Benign,156697,False,4.467220176519014e-05,-0.5072312206716698,1.3155519617780165e-05,1.702956059803872e-05,0.5072312206716698,0.5173569503692577,0.9500806666666667,-8.066666666672884e-05,0
cicids2017,mlp,DoS,2095,False,0.9053240441075646,0.5072312206716699,0.014865819402085534,0.07401706249438399,0.5072312206716699,0.5072312206716699,0.6038966666666667,0.3461033333333332,1
cicids2017,mlp,Benign,158033,False,4.4294546075819606e-05,-0.5155402692057204,2.9263996123019e-06,1.0077016679746919e-05,0.5155402692057204,0.5184749258634864,0.9500806666666667,-8.066666666672884e-05,0
cicids2017,mlp,DoS,759,False,0.8130854239792583,0.5155402692057204,0.11475446106920961,0.2973551571703682,0.5155402692057204,0.5155402692057204,0.6038966666666667,0.3461033333333332,1
cicids2017,mlp,Benign,156689,False,0.0002905089863701586,-0.5071808402998628,6.947079735608597e-05,0.0001407528589253213,0.5071808402998628,0.5130343977091396,0.9500806666666667,-8.066666666672884e-05,0
cicids2017,mlp,DoS,2103,False,0.8991346047906867,0.5071808402998628,0.012335783448826798,0.049280267879733164,0.5071808402998628,0.5071808402998628,0.6038966666666667,0.3461033333333332,1
cicids2017,mlp,Benign,158464,False,9.465872374798061e-05,-0.5183171958714758,2.411194353801882e-05,5.1059502701769555e-05,0.5183171958714758,0.5183234934179517,0.9500806666666667,-8.066666666672884e-05,0
cicids2017,mlp,DoS,328,False,0.7184168131582942,0.5183171958714757,0.003115392587275334,0.0179153814707425,0.5183171958714757,0.5183171958714757,0.6038966666666667,0.3461033333333332,1
cicids2017,mlp,Benign,156765,False,1.2757949797467546e-05,-0.5076176644089336,3.9147303458886284e-06,7.865965483530103e-06,0.5076176644089336,0.5076302595018853,0.9500806666666667,-8.066666666672884e-05,0
cicids2017,mlp,DoS,2027,False,0.06830215301619266,0.5076176644089335,0.00016908503817048004,0.0008495311856475907,0.5076176644089335,0.5076176644089335,0.6038966666666667,0.3461033333333332,1
cicids2017,mlp,Benign,156749,False,0.0004923212965321672,-0.5075377983768677,8.331634473213168e-05,0.00020404335122374973,0.5075377983768677,0.5178569667958548,0.9500806666666667,-8.066666666672884e-05,0
cicids2017,mlp,DoS,2043,False,0.9040458496929364,0.5075377983768677,0.031019841993901287,0.12834142771771678,0.5075377983768677,0.5075586930884163,0.6038966666666667,0.3461033333333332,1
cicids2017,mlp,Benign,158476,False,0.010577561255274313,-0.5183509770060895,0.005114689819884166,0.007162604958631942,0.5183509770060895,0.5183698696455171,0.9500806666666667,-8.066666666672884e-05,0
cicids2017,mlp,DoS,316,False,0.6440288318676465,0.5183509770060895,0.002818878527335422,0.007067187009777928,0.5183509770060895,0.5183509770060895,0.6038966666666667,0.3461033333333332,1
cicids2017,mlp,Benign,156836,False,0.0005706620199029749,-0.5081065796318189,0.00014578663087927435,0.0002884168075403336,0.5081065796318189,0.5182250260765716,0.9500806666666667,-8.066666666672884e-05,0
cicids2017,mlp,DoS,1956,False,0.8816851448123214,0.508106579631819,0.3261168210454718,0.5504565535680089,0.508106579631819,0.508106579631819,0.6038966666666667,0.3461033333333332,1
cicids2017,mlp,Benign,156840,False,0.0005292017342514665,-0.508110875106174,0.00020312325193361236,0.0003320104712867678,0.508110875106174,0.5172805802985527,0.9500806666666667,-8.066666666672884e-05,0
cicids2017,mlp,DoS,1952,False,0.9517245087430378,0.508110875106174,0.022500440529322763,0.0966982773658644,0.508110875106174,0.508110875106174,0.6038966666666667,0.3461033333333332,1
cicids2017,mlp,Benign,156699,False,0.0015338074815359974,-0.5072229210530731,0.0001617393088464425,0.0004939732834353609,0.5072229210530731,0.5130801606170761,0.9500806666666667,-8.066666666672884e-05,0
cicids2017,mlp,DoS,2093,False,0.9202660867738952,0.5072229210530731,0.03466186096121704,0.12598933009918556,0.5072229210530731,0.507224923125194,0.6038966666666667,0.3461033333333332,1
cicids2017,rf,Benign,158520,False,0.010825132475397426,-0.5186489637625773,0.0032482870869728897,0.006200448968965362,0.5186489637625773,0.5189996242931064,0.9500806666666667,-8.066666666672884e-05,0
cicids2017,rf,DoS,272,False,0.2168716105137847,0.5186489637625773,0.07506699627528357,0.12983332469620998,0.5186489637625773,0.5186489637625773,0.6038966666666667,0.3461033333333332,1
cicids2017,rf,Benign,156880,False,0.0009433962264150943,-0.5083209875421126,0.00022381853028152765,0.0004432928337655108,0.5083209875421126,0.5173957520138746,0.9500806666666667,-8.066666666672884e-05,0
cicids2017,rf,DoS,1912,False,0.7536610878661087,0.5083209875421127,0.2234950877303966,0.43258347728032326,0.5083209875421127,0.5083209875421127,0.6038966666666667,0.3461033333333332,1
cicids2017,rf,Benign,157635,False,0.006007549084911346,-0.5130756351314119,0.0022816865187218482,0.0038199239483811386,0.5130756351314119,0.518837890156854,0.9500806666666667,-8.066666666672884e-05,0
cicids2017,rf,DoS,1157,False,0.790838375108038,0.513075635131412,0.26887024980456664,0.49806354814361203,0.513075635131412,0.513075635131412,0.6038966666666667,0.3461033333333332,1
cicids2017,rf,Benign,157188,False,0.003339949614474387,-0.5102606318566878,0.001268099567771519,0.002045103753141852,0.5102606318566878,0.5188819729821852,0.9500806666666667,-8.066666666672884e-05,0
cicids2017,rf,DoS,1604,False,0.8534912718204489,0.5102606318566878,0.36278811092619945,0.5711718996470627,0.5102606318566878,0.5102606318566878,0.6038966666666667,0.3461033333333332,1
cicids2017,rf,Benign,156974,False,0.0018538101851261993,-0.5089129569108466,0.0005895875793334726,0.0010518221571277958,0.5089129569108466,0.5188693778892335,0.9500806666666667,-8.066666666672884e-05,0
cicids2017,rf,DoS,1818,False,0.8696369636963697,0.5089129569108467,0.30572772830316297,0.5529043052965327,0.5089129569108467,0.5089129569108467,0.6038966666666667,0.3461033333333332,1
cicids2017,rf,Benign,156923,False,0.0016122556922822022,-0.5085917820405761,0.0004932843409730658,0.0009274262013687391,0.5085917820405761,0.5189449484469442,0.9500806666666667,-8.066666666672884e-05,0
cicids2017,rf,DoS,1869,False,0.8796147672552167,0.5085917820405762,0.2701832646737864,0.5273237715930419,0.5085917820405762,0.5085917820405762,0.6038966666666667,0.3461033333333332,1
cicids2017,rf,Benign,157676,False,0.006291382328318831,-0.5133338345369236,0.002063996443543159,0.003769668981068848,0.5133338345369236,0.519014221458179,0.9500806666666667,-8.066666666672884e-05,0
cicids2017,rf,DoS,1116,False,0.8082437275985663,0.5133338345369236,0.3258598592158356,0.5370920799809124,0.5133338345369236,0.5133338345369236,0.6038966666666667,0.3461033333333332,1
cicids2017,rf,Benign,157646,False,0.00560750034888294,-0.5131449081426467,0.0024538021804610954,0.003716755896686676,0.5131449081426467,0.5189240537353957,0.9500806666666667,-8.066666666672884e-05,0
cicids2017,rf,DoS,1146,False,0.8036247672738709,0.5131449081426468,0.17961935129419604,0.4214798648786893,0.5131449081426468,0.5131449081426468,0.6038966666666667,0.3461033333333332,1
cicids2017,rf,Benign,158526,False,0.008850283234295951,-0.5186867490414326,0.000931310435485333,0.0027300274780399673,0.5186867490414326,0.5189575435398961,0.9500806666666667,-8.066666666672884e-05,0
cicids2017,rf,DoS,266,False,0.16165413533834586,0.5186867490414326,0.027191611919507586,0.07154188280275071,0.5186867490414326,0.5186867490414326,0.6038966666666667,0.3461033333333332,1
cicids2017,rf,Benign,156944,False,0.0012552247935569375,-0.5087240305165699,0.0003307925035860304,0.0006203804943925662,0.5087240305165699,0.5189701386328478,0.9500806666666667,-8.066666666672884e-05,0
cicids2017,rf,DoS,1848,False,0.8804112554112554,0.5087240305165699,0.3138323571015875,0.5632631055190614,0.5087240305165699,0.5087240305165699,0.6038966666666667,0.3461033333333332,1
cicids2017,xgb,Benign,158539,False,0.011778640896124692,-0.5187686171456192,0.0020928789177214746,0.005429972252672814,0.5187686171456192,0.518900865621613,0.9500806666666667,-8.066666666672884e-05,0
cicids2017,xgb,DoS,253,False,0.08300395256916997,0.5187686171456193,0.023239419629922486,0.042453402474425896,0.5187686171456193,0.5187686171456193,0.6038966666666667,0.3461033333333332,1
cicids2017,xgb,Benign,158539,False,0.011778640896124692,-0.5187686171456192,0.0020928789177214746,0.005429972252672814,0.5187686171456192,0.518900865621613,0.9500806666666667,-8.066666666672884e-05,0
cicids2017,xgb,DoS,253,False,0.08300395256916997,0.5187686171456193,0.023239419629922486,0.042453402474425896,0.5187686171456193,0.5187686171456193,0.6038966666666667,0.3461033333333332,1
cicids2017,xgb,Benign,158539,False,0.011778640896124692,-0.5187686171456192,0.0020928789177214746,0.005429972252672814,0.5187686171456192,0.518900865621613,0.9500806666666667,-8.066666666672884e-05,0
cicids2017,xgb,DoS,253,False,0.08300395256916997,0.5187686171456193,0.023239419629922486,0.042453402474425896,0.5187686171456193,0.5187686171456193,0.6038966666666667,0.3461033333333332,1
cicids2017,xgb,Benign,158539,False,0.011778640896124692,-0.5187686171456192,0.0020928789177214746,0.005429972252672814,0.5187686171456192,0.518900865621613,0.9500806666666667,-8.066666666672884e-05,0
cicids2017,xgb,DoS,253,False,0.08300395256916997,0.5187686171456193,0.023239419629922486,0.042453402474425896,0.5187686171456193,0.5187686171456193,0.6038966666666667,0.3461033333333332,1
cicids2017,xgb,Benign,158539,False,0.011778640896124692,-0.5187686171456192,0.0020928789177214746,0.005429972252672814,0.5187686171456192,0.518900865621613,0.9500806666666667,-8.066666666672884e-05,0
cicids2017,xgb,DoS,253,False,0.08300395256916997,0.5187686171456193,0.023239419629922486,0.042453402474425896,0.5187686171456193,0.5187686171456193,0.6038966666666667,0.3461033333333332,1
cicids2017,xgb,Benign,158539,False,0.011778640896124692,-0.5187686171456192,0.0020928789177214746,0.005429972252672814,0.5187686171456192,0.518900865621613,0.9500806666666667,-8.066666666672884e-05,0
cicids2017,xgb,DoS,253,False,0.08300395256916997,0.5187686171456193,0.023239419629922486,0.042453402474425896,0.5187686171456193,0.5187686171456193,0.6038966666666667,0.3461033333333332,1
cicids2017,xgb,Benign,158539,False,0.011778640896124692,-0.5187686171456192,0.0020928789177214746,0.005429972252672814,0.5187686171456192,0.518900865621613,0.9500806666666667,-8.066666666672884e-05,0
cicids2017,xgb,DoS,253,False,0.08300395256916997,0.5187686171456193,0.023239419629922486,0.042453402474425896,0.5187686171456193,0.5187686171456193,0.6038966666666667,0.3461033333333332,1
cicids2017,xgb,Benign,158539,False,0.011778640896124692,-0.5187686171456192,0.0020928789177214746,0.005429972252672814,0.5187686171456192,0.518900865621613,0.9500806666666667,-8.066666666672884e-05,0
cicids2017,xgb,DoS,253,False,0.08300395256916997,0.5187686171456193,0.023239419629922486,0.042453402474425896,0.5187686171456193,0.5187686171456193,0.6038966666666667,0.3461033333333332,1
cicids2017,xgb,Benign,158539,False,0.011778640896124692,-0.5187686171456192,0.0020928789177214746,0.005429972252672814,0.5187686171456192,0.518900865621613,0.9500806666666667,-8.066666666672884e-05,0
cicids2017,xgb,DoS,253,False,0.08300395256916997,0.5187686171456193,0.023239419629922486,0.042453402474425896,0.5187686171456193,0.5187686171456193,0.6038966666666667,0.3461033333333332,1
cicids2017,xgb,Benign,158539,False,0.011778640896124692,-0.5187686171456192,0.0020928789177214746,0.005429972252672814,0.5187686171456192,0.518900865621613,0.9500806666666667,-8.066666666672884e-05,0
cicids2017,xgb,DoS,253,False,0.08300395256916997,0.5187686171456193,0.023239419629922486,0.042453402474425896,0.5187686171456193,0.5187686171456193,0.6038966666666667,0.3461033333333332,1
cicids2017,mlp,Benign,157524,False,0.009280856572645374,-0.46840996352750647,0.0043020599100771495,0.006172196519443764,0.46840996352750647,0.4684221128671899,0.9500806666666667,-8.066666666672884e-05,0
cicids2017,mlp,DoS,7094,False,0.1540746336112815,0.4684099635275064,8.741317766591816e-05,0.0002482395275006611,0.4684099635275064,0.4684099635275064,0.6038966666666667,0.3461033333333332,1
cicids2017,mlp,Benign,157963,False,0.007247417196654055,-0.47107674358801016,0.0028765640437797835,0.004463474590237208,0.47107674358801016,0.47604494176373635,0.9500806666666667,-8.066666666672884e-05,0
cicids2017,mlp,DoS,6655,False,0.14228753770602737,0.4710767435880101,0.011359580233435973,0.027108611956164846,0.4710767435880101,0.4710767435880101,0.6038966666666667,0.3461033333333332,1
cicids2017,mlp,Benign,157432,False,0.0012839767140846443,-0.46797879423196315,0.000349678854730362,0.0006779444948418614,0.46797879423196315,0.47362172163750715,0.9500806666666667,-8.066666666672884e-05,0
cicids2017,mlp,DoS,7186,False,0.13818833591998955,0.4679787942319631,0.021343137104168575,0.05083104155627815,0.4679787942319631,0.4679787942319631,0.6038966666666667,0.3461033333333332,1
cicids2017,mlp,Benign,157241,False,0.002605816604875742,-0.4667546821272533,0.0005752900835837016,0.001188723050818448,0.4667546821272533,0.4757601817727394,0.9500806666666667,-8.066666666672884e-05,0
cicids2017,mlp,DoS,7377,False,0.2048580409851537,0.46675468212725324,0.029262546268461254,0.0714723892062038,0.46675468212725324,0.46675468212725324,0.6038966666666667,0.3461033333333332,1
cicids2017,mlp,Benign,157261,False,0.0013989482452737806,-0.4668974589124026,0.00033611133186761677,0.0006802454509704346,0.4668974589124026,0.48245651329908007,0.9500806666666667,-8.066666666672884e-05,0
cicids2017,mlp,DoS,7357,False,0.3721435490952174,0.46689745891240253,0.03176963213633199,0.07336407315085394,0.46689745891240253,0.46689745891240253,0.6038966666666667,0.3461033333333332,1
cicids2017,mlp,Benign,157139,False,0.00620663728301274,-0.46615634919171595,0.0010758619015083237,0.002563023753982243,0.46615634919171595,0.4699589602493994,0.9500806666666667,-8.066666666672884e-05,0
cicids2017,mlp,DoS,7479,False,0.14358271137718703,0.46615634919171584,0.025957575815213074,0.05002885622388774,0.46615634919171584,0.46615634919171584,0.6038966666666667,0.3461033333333332,1
cicids2017,mlp,Benign,157399,False,0.0026982623504796218,-0.4677570467388718,0.0006756129812400813,0.001502697408739321,0.4677570467388718,0.47626420301864403,0.9500806666666667,-8.066666666672884e-05,0
cicids2017,mlp,DoS,7219,False,0.202423326339474,0.46775704673887175,0.01775656856454355,0.0491591419845274,0.46775704673887175,0.46775704673887175,0.6038966666666667,0.3461033333333332,1
cicids2017,mlp,Benign,157777,False,0.0018150766761704494,-0.4699468549974551,0.00046932492716866836,0.0009286189727315334,0.4699468549974551,0.4786031272586522,0.9500806666666667,-8.066666666672884e-05,0
cicids2017,mlp,DoS,6841,False,0.21459093731501444,0.46994685499745503,0.0366998712105584,0.08578638745393076,0.46994685499745503,0.46994685499745503,0.6038966666666667,0.3461033333333332,1
cicids2017,mlp,Benign,157289,False,0.0008855857536349385,-0.46702498289133915,0.00023272088536407942,0.00044250235686733234,0.46702498289133915,0.48153144406132226,0.9500806666666667,-8.066666666672884e-05,0
cicids2017,mlp,DoS,7329,False,0.38300643053549366,0.46702498289133915,0.006152381784142347,0.022125962863126875,0.46702498289133915,0.46702498289133915,0.6038966666666667,0.3461033333333332,1
cicids2017,mlp,Benign,157793,False,0.007592988232411215,-0.470086616491553,0.0023970586842504416,0.004110490026658563,0.470086616491553,0.4747839848503255,0.9500806666666667,-8.066666666672884e-05,0
cicids2017,mlp,DoS,6825,False,0.1430198481914729,0.470086616491553,0.006528286674443939,0.01796900832122432,0.470086616491553,0.470086616491553,0.6038966666666667,0.3461033333333332,1
cicids2017,rf,Benign,160925,False,0.022426271392309766,-0.4890060654941618,0.010941322828738165,0.015319463144528315,0.4890060654941618,0.490014460687883,0.9500806666666667,-8.066666666672884e-05,0
cicids2017,rf,DoS,3693,False,0.045179073139350254,0.4890060654941618,0.014744781022352549,0.026963807481195617,0.4890060654941618,0.4890060654941618,0.6038966666666667,0.3461033333333332,1
cicids2017,rf,Benign,161005,False,0.02247729736561466,-0.4895133224698127,0.010400792330165887,0.015264128159057816,0.4895133224698127,0.49011467069640147,0.9500806666666667,-8.066666666672884e-05,0
cicids2017,rf,DoS,3613,False,0.029255274028312194,0.4895133224698128,0.008127602556349811,0.01554332245887152,0.4895133224698128,0.4895133224698128,0.6038966666666667,0.3461033333333332,1
cicids2017,rf,Benign,160636,False,0.020375303910616534,-0.4872717692982276,0.006787131320624917,0.012892684232945322,0.4872717692982276,0.48920958897772804,0.9500806666666667,-8.066666666672884e-05,0
cicids2017,rf,DoS,3982,False,0.08011049723756906,0.48727176929822763,0.019386641570026675,0.04057948862755557,0.48727176929822763,0.48727176929822763,0.6038966666666667,0.3461033333333332,1
cicids2017,rf,Benign,159283,False,0.003791992868039904,-0.47905274100241546,0.0011858422438419947,0.002079764831460351,0.47905274100241546,0.48841074784967575,0.9500806666666667,-8.066666666672884e-05,0
cicids2017,rf,DoS,5335,False,0.28936794659600296,0.4790527410024155,0.10745110305340821,0.17988099895863943,0.4790527410024155,0.4790527410024155,0.6038966666666667,0.3461033333333332,1
cicids2017,rf,Benign,160989,False,0.023051011892052175,-0.48941612775234566,0.00902684433203993,0.01505729811085445,0.48941612775234566,0.4894465011015541,0.9500806666666667,-8.066666666672884e-05,0
cicids2017,rf,DoS,3629,False,0.0013777900248002205,0.48941612775234566,0.0002824234442874163,0.0006869572156177172,0.48941612775234566,0.48941612775234566,0.6038966666666667,0.3461033333333332,1
cicids2017,rf,Benign,160068,False,0.016899565963632485,-0.4838213568281454,0.005703608189329579,0.01017138808164257,0.4838213568281454,0.4901784326858698,0.9500806666666667,-8.066666666672884e-05,0
cicids2017,rf,DoS,4550,False,0.23218285355774432,0.48382135682814537,0.09812338407201915,0.15638388646426826,0.48382135682814537,0.48382135682814537,0.6038966666666667,0.3461033333333332,1
cicids2017,rf,Benign,160897,False,0.022399186042728652,-0.48885725812690983,0.010537653695696148,0.015224211639451443,0.48885725812690983,0.48978965381600137,0.9500806666666667,-8.066666666672884e-05,0
cicids2017,rf,DoS,3721,False,0.04394933485929685,0.4888572581269098,0.014359513151302794,0.025181623681898985,0.4888572581269098,0.4888572581269098,0.6038966666666667,0.3461033333333332,1
cicids2017,rf,Benign,159157,False,0.0006157442022656874,-0.478287332602362,0.00014555252080550307,0.00030570162589320865,0.478287332602362,0.4789676956246318,0.9500806666666667,-8.066666666672884e-05,0
cicids2017,rf,DoS,5461,False,0.0205090642739425,0.47828733260236206,0.004657739643856851,0.009869321170452128,0.47828733260236206,0.47828733260236206,0.6038966666666667,0.3461033333333332,1
cicids2017,rf,Benign,159656,False,0.014939771346993291,-0.481297309465052,0.004765597891359108,0.009157278979286695,0.481297309465052,0.4884593452084093,0.9500806666666667,-8.066666666672884e-05,0
cicids2017,rf,DoS,4962,False,0.23760580411124546,0.481297309465052,0.09473112564503261,0.1567047451143783,0.481297309465052,0.481297309465052,0.6038966666666667,0.3461033333333332,1
cicids2017,rf,Benign,161021,False,0.023313365652084778,-0.48958923379896446,0.009157532528391132,0.015008834340569637,0.48958923379896446,0.489637831157698,0.9500806666666667,-8.066666666672884e-05,0
cicids2017,rf,DoS,3597,False,0.0022240756185710315,0.48958923379896446,0.0005257101428697286,0.001095409586624352,0.48958923379896446,0.48958923379896446,0.6038966666666667,0.3461033333333332,1
cicids2017,xgb,Benign,157038,False,0.010823084248700574,-0.4653938238194968,0.0031655365580824935,0.005512233200718708,0.4653938238194968,0.46896178855284304,0.9500806666666667,-8.066666666672884e-05,0
cicids2017,xgb,DoS,7580,False,0.15964707703760805,0.4653938238194968,0.012206980378710597,0.026052723212412313,0.4653938238194968,0.4653938238194968,0.6038966666666667,0.3461033333333332,1
cicids2017,xgb,Benign,157038,False,0.010823084248700574,-0.4653938238194968,0.0031655365580824935,0.005512233200718708,0.4653938238194968,0.46896178855284304,0.9500806666666667,-8.066666666672884e-05,0
cicids2017,xgb,DoS,7580,False,0.15964707703760805,0.4653938238194968,0.012206980378710597,0.026052723212412313,0.4653938238194968,0.4653938238194968,0.6038966666666667,0.3461033333333332,1
cicids2017,xgb,Benign,157038,False,0.010823084248700574,-0.4653938238194968,0.0031655365580824935,0.005512233200718708,0.4653938238194968,0.46896178855284304,0.9500806666666667,-8.066666666672884e-05,0
cicids2017,xgb,DoS,7580,False,0.15964707703760805,0.4653938238194968,0.012206980378710597,0.026052723212412313,0.4653938238194968,0.4653938238194968,0.6038966666666667,0.3461033333333332,1
cicids2017,xgb,Benign,157038,False,0.010823084248700574,-0.4653938238194968,0.0031655365580824935,0.005512233200718708,0.4653938238194968,0.46896178855284304,0.9500806666666667,-8.066666666672884e-05,0
cicids2017,xgb,DoS,7580,False,0.15964707703760805,0.4653938238194968,0.012206980378710597,0.026052723212412313,0.4653938238194968,0.4653938238194968,0.6038966666666667,0.3461033333333332,1
cicids2017,xgb,Benign,157038,False,0.010823084248700574,-0.4653938238194968,0.0031655365580824935,0.005512233200718708,0.4653938238194968,0.46896178855284304,0.9500806666666667,-8.066666666672884e-05,0
cicids2017,xgb,DoS,7580,False,0.15964707703760805,0.4653938238194968,0.012206980378710597,0.026052723212412313,0.4653938238194968,0.4653938238194968,0.6038966666666667,0.3461033333333332,1
cicids2017,xgb,Benign,157038,False,0.010823084248700574,-0.4653938238194968,0.0031655365580824935,0.005512233200718708,0.4653938238194968,0.46896178855284304,0.9500806666666667,-8.066666666672884e-05,0
cicids2017,xgb,DoS,7580,False,0.15964707703760805,0.4653938238194968,0.012206980378710597,0.026052723212412313,0.4653938238194968,0.4653938238194968,0.6038966666666667,0.3461033333333332,1
cicids2017,xgb,Benign,157038,False,0.010823084248700574,-0.4653938238194968,0.0031655365580824935,0.005512233200718708,0.4653938238194968,0.46896178855284304,0.9500806666666667,-8.066666666672884e-05,0
cicids2017,xgb,DoS,7580,False,0.15964707703760805,0.4653938238194968,0.012206980378710597,0.026052723212412313,0.4653938238194968,0.4653938238194968,0.6038966666666667,0.3461033333333332,1
cicids2017,xgb,Benign,157038,False,0.010823084248700574,-0.4653938238194968,0.0031655365580824935,0.005512233200718708,0.4653938238194968,0.46896178855284304,0.9500806666666667,-8.066666666672884e-05,0
cicids2017,xgb,DoS,7580,False,0.15964707703760805,0.4653938238194968,0.012206980378710597,0.026052723212412313,0.4653938238194968,0.4653938238194968,0.6038966666666667,0.3461033333333332,1
cicids2017,xgb,Benign,157038,False,0.010823084248700574,-0.4653938238194968,0.0031655365580824935,0.005512233200718708,0.4653938238194968,0.46896178855284304,0.9500806666666667,-8.066666666672884e-05,0
cicids2017,xgb,DoS,7580,False,0.15964707703760805,0.4653938238194968,0.012206980378710597,0.026052723212412313,0.4653938238194968,0.4653938238194968,0.6038966666666667,0.3461033333333332,1
cicids2017,xgb,Benign,157038,False,0.010823084248700574,-0.4653938238194968,0.0031655365580824935,0.005512233200718708,0.4653938238194968,0.46896178855284304,0.9500806666666667,-8.066666666672884e-05,0
cicids2017,xgb,DoS,7580,False,0.15964707703760805,0.4653938238194968,0.012206980378710597,0.026052723212412313,0.4653938238194968,0.4653938238194968,0.6038966666666667,0.3461033333333332,1
ciciot2023,mlp,Benign,17247,False,0.017230695589446343,0.0009005521478845369,0.0023897825249021842,0.00533030124591638,0.0009005521478845369,0.008172743929797027,0.9505799641726637,-0.000579964172663705,0
ciciot2023,mlp,BruteForce,1050,False,0.06259091532866745,-0.00010664829919832019,0.021631306864211775,0.053014612037764974,0.00010664829919832019,0.007406708828412101,0.9558129005818419,-0.005812900581841918,0
ciciot2023,mlp,DDoS,194808,False,0.0021290092870970834,0.00409128699722755,0.00017681243983769246,0.0005326024649366483,0.00409128699722755,0.004849885950719224,0.9500033294205956,-3.3294205956657663e-06,0
ciciot2023,mlp,DoS,73207,False,0.007632682530172796,0.0018751003823698487,0.00012095518194188415,0.00039692873859460687,0.0018751003823698487,0.006962705350566312,0.9498612247829219,0.00013877521707805762,0
ciciot2023,mlp,Mirai,53940,False,0.0019942734594748344,0.0010504288602226075,0.00011822064259459086,0.0003439407700888317,0.0010504288602226075,0.004007823284542522,0.950362697674883,-0.00036269767488306126,0
ciciot2023,mlp,Recon,79770,False,0.01384813476478014,-0.0029091601403953837,0.005867541337819859,0.012181705332832249,0.0029091601403953837,0.007649400975723919,0.9497292995008668,0.0002707004991331363,0
ciciot2023,mlp,Spoofing,32414,False,0.03069862748747143,-0.0022868070138138685,0.015561075698217741,0.033058118631737965,0.0022868070138138685,0.008240827965973974,0.9528379475048357,-0.0028379475048357916,0
ciciot2023,mlp,Web,3738,False,0.11165889576804511,-0.0026147529342970145,0.036540153938198205,0.08731397931720819,0.0026147529342970145,0.00854394817541887,0.9519120427455815,-0.0019120427455815436,0
ciciot2023,mlp,Benign,16261,False,0.014780473229304703,0.0009048588100936741,0.004257467442966623,0.007478491963533118,0.0009048588100936741,0.00750419194969329,0.9505799641726637,-0.000579964172663705,0
ciciot2023,mlp,BruteForce,991,False,0.03754577716300639,7.962187212258486e-05,0.010041923382903772,0.015066488981322068,7.962187212258486e-05,0.008035248372083525,0.9558129005818419,-0.005812900581841918,0
ciciot2023,mlp,DDoS,195612,False,0.0013141806694660363,0.004574514216546588,7.401905860471292e-05,0.0002270579295522955,0.004574514216546588,0.00642049949059198,0.9500033294205956,-3.3294205956657663e-06,0
ciciot2023,mlp,DoS,71905,False,0.006231490220710012,0.0013954982976294716,5.652114928411667e-05,0.0004436930048111465,0.0013954982976294716,0.00661901357080108,0.9498612247829219,0.00013877521707805762,0
ciciot2023,mlp,Mirai,53920,False,0.001781832356808559,0.0010310122703245522,4.98331098052196e-05,0.00015386932003250533,0.0010310122703245522,0.002059141464936659,0.950362697674883,-0.00036269767488306126,0
ciciot2023,mlp,Recon,80704,False,0.015217263126485303,-0.0036977602463743597,0.007289510289587464,0.01598919218764061,0.0036977602463743597,0.00783751674649985,0.9497292995008668,0.0002707004991331363,0
ciciot2023,mlp,Spoofing,33271,False,0.0224138298536391,-0.00185017807096792,0.010065461981682011,0.022418002018365246,0.00185017807096792,0.00799725455875508,0.9528379475048357,-0.0028379475048357916,0
ciciot2023,mlp,Web,3510,False,0.10317607249015193,-0.002437567149374616,0.03568208527322603,0.09388491718799419,0.002437567149374616,0.008610157448981873,0.9519120427455815,-0.0019120427455815436,0
ciciot2023,mlp,Benign,16448,False,0.012883722695293032,0.0006720541385088,0.0021255895985181628,0.004650832516918002,0.0006720541385088,0.00791008995384182,0.9505799641726637,-0.000579964172663705,0
ciciot2023,mlp,BruteForce,1053,False,0.04106733375026059,2.5946183732204146e-05,0.003828621676463362,0.0026315119130951303,2.5946183732204146e-05,0.007396650783567493,0.9558129005818419,-0.005812900581841918,0
ciciot2023,mlp,DDoS,194772,False,0.0010279966077793145,0.004575065113194332,0.00018073024577680563,0.0002761087388681478,0.004575065113194332,0.00731108782266876,0.9500033294205956,-3.3294205956657663e-06,0
ciciot2023,mlp,DoS,73323,False,0.004462255417266109,0.0013994031655610306,0.00020065957481796293,0.00015119162501323058,0.0013994031655610306,0.004418371252451037,0.9498612247829219,0.00013877521707805762,0
ciciot2023,mlp,Mirai,53918,False,0.0012852187751777495,0.0010986560717690802,5.5545185536742814e-05,0.00010909651185496113,0.0010986560717690802,0.002307441342405153,0.950362697674883,-0.00036269767488306126,0
ciciot2023,mlp,Recon,80173,False,0.016246296021884266,-0.0035585347849902693,0.007426551582148222,0.016002610054847488,0.0035585347849902693,0.007417547871804375,0.9497292995008668,0.0002707004991331363,0
ciciot2023,mlp,Spoofing,33195,False,0.029003092639467765,-0.0023667776789808997,0.013150959372267401,0.028365944771229668,0.0023667776789808997,0.008391940888392624,0.9528379475048357,-0.0028379475048357916,0
ciciot2023,mlp,Web,3292,False,0.10751624024833728,-0.0018458122087942983,0.05358428498113832,0.10512373565289446,0.0018458122087942983,0.008883217721997252,0.9519120427455815,-0.0019120427455815436,0
ciciot2023,mlp,Benign,16959,False,0.01391804626475035,0.00045015257774087825,0.001299549777153075,0.003606874704323193,0.00045015257774087825,0.007552756721683762,0.9505799641726637,-0.000579964172663705,0
ciciot2023,mlp,BruteForce,969,False,0.046182414735210994,-4.2951591942504835e-05,0.016990075326929976,0.03696959353358786,4.2951591942504835e-05,0.007124532592910321,0.9558129005818419,-0.005812900581841918,0
ciciot2023,mlp,DDoS,195282,False,0.0016597865761663194,0.003975798641491224,0.00027619666016431843,0.0005972586468957278,0.003975798641491224,0.007053104653187758,0.9500033294205956,-3.3294205956657663e-06,0
ciciot2023,mlp,DoS,72614,False,0.0034784312415866853,0.0018212894451498374,0.00015659741930096338,0.0004903041302133093,0.0018212894451498374,0.004677201900833539,0.9498612247829219,0.00013877521707805762,0
ciciot2023,mlp,Mirai,54020,False,0.002923138853330551,0.0011723768764548975,0.00027811341724204297,0.0006327696769561852,0.0011723768764548975,0.007575135889143936,0.950362697674883,-0.00036269767488306126,0
ciciot2023,mlp,Recon,79247,False,0.011441284204235402,-0.002047335585862925,0.004576803979722488,0.011297984831241559,0.002047335585862925,0.007759330941541076,0.9497292995008668,0.0002707004991331363,0
ciciot2023,mlp,Spoofing,32970,False,0.02320321675972692,-0.0018229372260306492,0.010421672149392824,0.022599217336007837,0.0018229372260306492,0.008034767991205172,0.9528379475048357,-0.0028379475048357916,0
ciciot2023,mlp,Web,4113,False,0.14681934545418007,-0.0035063931370007528,0.048979606297634315,0.11602475816119773,0.0035063931370007528,0.00868384064525736,0.9519120427455815,-0.0019120427455815436,0
ciciot2023,mlp,Benign,16399,False,0.021706249424582325,0.0011527003974646788,0.004481380570530602,0.009595483179210329,0.0011527003974646788,0.007738209450908973,0.9505799641726637,-0.000579964172663705,0
ciciot2023,mlp,BruteForce,1016,False,0.0492070376796121,1.2166320740805963e-05,0.0063438052421331825,0.01947447816345782,1.2166320740805963e-05,0.007315651961041114,0.9558129005818419,-0.005812900581841918,0
ciciot2023,mlp,DDoS,196893,False,0.0032555339341465706,0.00422084418500196,0.00020150841988997303,0.0006549156184827085,0.00422084418500196,0.006750535714810546,0.9500033294205956,-3.3294205956657663e-06,0
ciciot2023,mlp,DoS,71126,False,0.0064633746797782,0.0016482112973978669,0.0002824795949045722,0.0007833424344250439,0.0016482112973978669,0.008027301972915235,0.9498612247829219,0.00013877521707805762,0
ciciot2023,mlp,Mirai,53960,False,0.002927652939644393,0.0010824973520178333,4.8873421957473795e-05,0.0001926070889458906,0.0010824973520178333,0.006674642150781618,0.950362697674883,-0.00036269767488306126,0
ciciot2023,mlp,Recon,81141,False,0.015135412439173268,-0.003833354416050677,0.007256223505063497,0.01591166138787692,0.003833354416050677,0.008367034593846912,0.9497292995008668,0.0002707004991331363,0
ciciot2023,mlp,Spoofing,31561,False,0.027020415786581764,-0.001669444781216528,0.011418812142583223,0.025188884851310378,0.001669444781216528,0.00822524784995149,0.9528379475048357,-0.0028379475048357916,0
ciciot2023,mlp,Web,4078,False,0.07359440902403147,-0.0026136203553559275,0.02355066190178401,0.07311938284417974,0.0026136203553559275,0.008965365597945335,0.9519120427455815,-0.0019120427455815436,0
ciciot2023,mlp,Benign,16785,False,0.015010548737270646,0.0008126081253081521,0.00147281861257742,0.0032713506202503018,0.0008126081253081521,0.007705626131594062,0.9505799641726637,-0.000579964172663705,0
ciciot2023,mlp,BruteForce,1086,False,0.027211786372007357,-8.438927896045091e-06,0.00578368052044409,0.01709762662365183,8.438927896045091e-06,0.007360569923694382,0.9558129005818419,-0.005812900581841918,0
ciciot2023,mlp,DDoS,195713,False,0.0014654656112833564,0.004429018884011593,8.497005583374406e-05,0.0002903379133077609,0.004429018884011593,0.006416783871176501,0.9500033294205956,-3.3294205956657663e-06,0
ciciot2023,mlp,DoS,72164,False,0.00528101946515791,0.0014033940252891897,0.00012748784369454036,0.00014145490885170142,0.0014033940252891897,0.0075600223836638225,0.9498612247829219,0.00013877521707805762,0
ciciot2023,mlp,Mirai,53991,False,0.0018173630017724873,0.0010714743851940878,8.061274714343813e-05,0.00017527600438984377,0.0010714743851940878,0.003425529937724048,0.950362697674883,-0.00036269767488306126,0
ciciot2023,mlp,Recon,79551,False,0.014577364698303341,-0.0027453777183388817,0.006634808171855022,0.014169287566236366,0.0027453777183388817,0.007581733461011819,0.9497292995008668,0.0002707004991331363,0
ciciot2023,mlp,Spoofing,33481,False,0.03584403262417196,-0.0030443390366736295,0.018010858745218128,0.038480615110226435,0.0030443390366736295,0.008046182850977246,0.9528379475048357,-0.0028379475048357916,0
ciciot2023,mlp,Web,3403,False,0.09208098682736299,-0.0019183397368944784,0.042295044601368126,0.08789097763429043,0.0019183397368944784,0.009371576742032525,0.9519120427455815,-0.0019120427455815436,0
ciciot2023,mlp,Benign,16542,False,0.01825390972204377,0.0009783944432812872,0.005017547336167216,0.007552252705392393,0.0009783944432812872,0.007968764149423324,0.9505799641726637,-0.000579964172663705,0
ciciot2023,mlp,BruteForce,1169,False,0.05592755375947611,5.717435220861655e-06,0.003939198440976011,0.014312021518523177,5.717435220861655e-06,0.00763079671084807,0.9558129005818419,-0.005812900581841918,0
ciciot2023,mlp,DDoS,195591,False,0.0010668482046662653,0.004367511244170619,3.67970634005399e-05,0.0001366690523724916,0.004367511244170619,0.00641047231459746,0.9500033294205956,-3.3294205956657663e-06,0
ciciot2023,mlp,DoS,72183,False,0.003955330198892715,0.001583151534881061,8.16703682454678e-05,0.00012323424765622523,0.001583151534881061,0.003145968942817823,0.9498612247829219,0.00013877521707805762,0
ciciot2023,mlp,Mirai,53996,False,0.0008972869227574561,0.0010921434100400473,5.904247182553224e-05,0.00013042765601292694,0.0010921434100400473,0.004712995081328941,0.950362697674883,-0.00036269767488306126,0
ciciot2023,mlp,Recon,81269,False,0.0178736221357233,-0.0044935061583265545,0.008302208767744679,0.018904249783109117,0.0044935061583265545,0.007905152809930815,0.9497292995008668,0.0002707004991331363,0
ciciot2023,mlp,Spoofing,33064,False,0.026276081466439172,-0.0022883629369844782,0.01274070600222521,0.028749509026590403,0.0022883629369844782,0.008064397594231554,0.9528379475048357,-0.0028379475048357916,0
ciciot2023,mlp,Web,2360,False,0.13902672016157652,-0.0012450489722828292,0.06585872807067239,0.12322244643306413,0.0012450489722828292,0.008632060645399467,0.9519120427455815,-0.0019120427455815436,0
ciciot2023,mlp,Benign,16175,False,0.01969917045651204,0.0005873072884346811,0.002008400779902386,0.0046935626132760255,0.0005873072884346811,0.007532487951833089,0.9505799641726637,-0.000579964172663705,0
ciciot2023,mlp,BruteForce,1183,False,0.041288038884192746,3.828690099523437e-05,0.00017067189277197858,0.008431946278097402,3.828690099523437e-05,0.007141755039922287,0.9558129005818419,-0.005812900581841918,0
ciciot2023,mlp,DDoS,195582,False,0.0020802121360300463,0.004045639206761986,0.0002521096057511718,0.0004750541060772103,0.004045639206761986,0.006085974012003836,0.9500033294205956,-3.3294205956657663e-06,0
ciciot2023,mlp,DoS,72257,False,0.004376992427414128,0.0017182524269896415,0.00013589912359845968,0.0001256034000346462,0.0017182524269896415,0.004564059910520224,0.9498612247829219,0.00013877521707805762,0
ciciot2023,mlp,Mirai,53994,False,0.0020463530364569354,0.0010965277019988062,6.336668509587806e-05,0.00010668244298089359,0.0010965277019988062,0.006109392819037218,0.950362697674883,-0.00036269767488306126,0
ciciot2023,mlp,Recon,78936,False,0.012863787973467933,-0.001890632115006008,0.004565037702596864,0.01006652516252915,0.001890632115006008,0.007800832820790415,0.9497292995008668,0.0002707004991331363,0
ciciot2023,mlp,Spoofing,33770,False,0.029178887188989255,-0.0022988119179262745,0.01405297420512408,0.030597761565178627,0.0022988119179262745,0.008203910943004433,0.9528379475048357,-0.0028379475048357916,0
ciciot2023,mlp,Web,4277,False,0.10068057565124011,-0.0032965694922480315,0.028425290320862162,0.07705906291593034,0.0032965694922480315,0.008532827568175819,0.9519120427455815,-0.0019120427455815436,0
ciciot2023,mlp,Benign,16681,False,0.01389614293986674,0.0007306197106839579,0.0023473234020531253,0.0033845037593417393,0.0007306197106839579,0.008351598879143274,0.9505799641726637,-0.000579964172663705,0
ciciot2023,mlp,BruteForce,1012,False,0.03708439897698207,0.00014745392362987275,0.01456846555764657,0.018082022318635038,0.00014745392362987275,0.008125469825198128,0.9558129005818419,-0.005812900581841918,0
ciciot2023,mlp,DDoS,195550,False,0.0020394771024453695,0.0040462024176679545,0.0002289453614984227,0.0004357455971624614,0.0040462024176679545,0.005637373322017858,0.9500033294205956,-3.3294205956657663e-06,0
ciciot2023,mlp,DoS,72433,False,0.006993111746609271,0.0019144222218868967,0.00015785308164328882,0.0005766711177903616,0.0019144222218868967,0.0030596795654891373,0.9498612247829219,0.00013877521707805762,0
ciciot2023,mlp,Mirai,54025,False,0.001592734203428925,0.0011171344899179453,0.00011011717242570551,0.00019206439146297926,0.0011171344899179453,0.0041367413789547,0.950362697674883,-0.00036269767488306126,0
ciciot2023,mlp,Recon,81197,False,0.018428819360391424,-0.004886029380336998,0.008305761629044506,0.017701756878963026,0.004886029380336998,0.008100272689505666,0.9497292995008668,0.0002707004991331363,0
ciciot2023,mlp,Spoofing,32881,False,0.02682558792769152,-0.001975763536037081,0.012377880676807118,0.02840444270469955,0.001975763536037081,0.007794031980457,0.9528379475048357,-0.0028379475048357916,0
ciciot2023,mlp,Web,2395,False,0.10354334086424344,-0.0010940398474125583,0.05119080636255713,0.10402941376672059,0.0010940398474125583,0.008481227248322579,0.9519120427455815,-0.0019120427455815436,0
ciciot2023,mlp,Benign,16903,False,0.010591244249072429,0.0006867798696608141,0.0006254889267667263,0.0007233940151630813,0.0006867798696608141,0.007479929449560996,0.9505799641726637,-0.000579964172663705,0
ciciot2023,mlp,BruteForce,1071,False,0.06238087521509983,-5.146814958818498e-05,0.024359575849804194,0.04823226684825288,5.146814958818498e-05,0.007586783596562757,0.9558129005818419,-0.005812900581841918,0
ciciot2023,mlp,DDoS,195703,False,0.002121851672921421,0.0042042282568109934,0.00013674064953572707,0.00015489064608868383,0.0042042282568109934,0.005868296366621895,0.9500033294205956,-3.3294205956657663e-06,0
ciciot2023,mlp,DoS,71783,False,0.004035918064258744,0.0016123324995258592,0.0007696735632698459,0.0015691851217982597,0.0016123324995258592,0.0068604016548052815,0.9498612247829219,0.00013877521707805762,0
ciciot2023,mlp,Mirai,54038,False,0.00100657796312645,0.0010949625431345145,0.00017010074805134945,0.00028324976181059915,0.0010949625431345145,0.0033122175030997347,0.950362697674883,-0.00036269767488306126,0
ciciot2023,mlp,Recon,80634,False,0.017405023654922858,-0.0037340885562746895,0.007699209079983005,0.016118019305130238,0.0037340885562746895,0.007787064814432809,0.9497292995008668,0.0002707004991331363,0
ciciot2023,mlp,Spoofing,32591,False,0.02388161830808372,-0.0018208134741072163,0.011086858422145185,0.02558863249141058,0.0018208134741072163,0.008337753243036011,0.9528379475048357,-0.0028379475048357916,0
ciciot2023,mlp,Web,3451,False,0.08873343066922645,-0.0019919329891620796,0.04445391969933221,0.0912214825153217,0.0019919329891620796,0.008706923056708948,0.9519120427455815,-0.0019120427455815436,0
ciciot2023,rf,Benign,17906,False,0.013185694390369873,0.0006515326767507143,0.0011029798892486786,0.0036709636755160036,0.0006515326767507143,0.006658656537883723,0.9505799641726637,-0.000579964172663705,0
ciciot2023,rf,BruteForce,2658,False,0.026510677294851848,-0.00025356122750972744,0.0015511651432524864,0.007703346131011979,0.00025356122750972744,0.0071908894711634475,0.9558129005818419,-0.005812900581841918,0
ciciot2023,rf,DDoS,195628,False,0.0004431258979313603,0.00431170564672767,1.8710771831020878e-05,2.5947393515498088e-05,0.00431170564672767,0.004538740297880761,0.9500033294205956,-3.3294205956657663e-06,0
ciciot2023,rf,DoS,72050,False,0.0018191264792120077,0.0015457575008132607,5.803072252175134e-05,0.00012164570535803032,0.0015457575008132607,0.0037527857605185178,0.9498612247829219,0.00013877521707805762,0
ciciot2023,rf,Mirai,54156,False,0.0012417639961639212,0.0011589128159444628,0.0001467149681840807,0.0003594807037748458,0.0011589128159444628,0.004057401029080587,0.950362697674883,-0.00036269767488306126,0
ciciot2023,rf,Recon,71226,False,0.010804477241511845,-0.0013164660122227667,0.0034970508084452012,0.008489742203413697,0.0013164660122227667,0.0075512122807269155,0.9497292995008668,0.0002707004991331363,0
ciciot2023,rf,Spoofing,35542,False,0.010857891604521108,-0.00013568548655761015,0.004531362606724598,0.009129587719309495,0.00013568548655761015,0.008334887473848668,0.9528379475048357,-0.0028379475048357916,0
ciciot2023,rf,Web,7008,False,0.05743887393449981,-0.005962195913946047,0.008679603942547631,0.024030311900859358,0.005962195913946047,0.008535198062888702,0.9519120427455815,-0.0019120427455815436,0
ciciot2023,rf,Benign,17814,False,0.010575915485590226,0.00039141568760806683,0.0003517300945211632,0.0013487233637103913,0.00039141568760806683,0.006229296543593527,0.9505799641726637,-0.000579964172663705,0
ciciot2023,rf,BruteForce,2631,False,0.02105551456614571,-0.00017539543322060182,0.0007571114021447389,0.008426768667314954,0.00017539543322060182,0.007651627609946893,0.9558129005818419,-0.005812900581841918,0
ciciot2023,rf,DDoS,195629,False,0.0006890845831726417,0.004271557795056891,1.7114531932205246e-05,1.1681529326339202e-05,0.004271557795056891,0.004474193407579152,0.9500033294205956,-3.3294205956657663e-06,0
ciciot2023,rf,DoS,72056,False,0.0026745096453463443,0.0015579084287312694,1.2303866274598896e-05,6.147819277468533e-07,0.0015579084287312694,0.002722970094957533,0.9498612247829219,0.00013877521707805762,0
ciciot2023,rf,Mirai,54165,False,0.0010968597390748685,0.001151835404027149,0.00010089381104272377,0.00028723608145010335,0.001151835404027149,0.0033461869669098587,0.950362697674883,-0.00036269767488306126,0
ciciot2023,rf,Recon,71626,False,0.010270491685328065,-0.0012191279578960268,0.003127826370183495,0.007815087897901363,0.0012191279578960268,0.006599449043395156,0.9497292995008668,0.0002707004991331363,0
ciciot2023,rf,Spoofing,35328,False,0.01259656992178329,-0.00015366447000959849,0.005227389357058576,0.010546046156623745,0.00015366447000959849,0.008048658932134162,0.9528379475048357,-0.0028379475048357916,0
ciciot2023,rf,Web,6925,False,0.05994820385517585,-0.005824529454297121,0.010693456620228914,0.025677485711593118,0.005824529454297121,0.008666851711527687,0.9519120427455815,-0.0019120427455815436,0
ciciot2023,rf,Benign,17878,False,0.015322803573815102,0.000320703805361755,0.0008385691428824948,0.0007478782871556677,0.000320703805361755,0.007705142339333337,0.9505799641726637,-0.000579964172663705,0
ciciot2023,rf,BruteForce,2616,False,0.02661631430474337,-0.0001867949001698602,0.0011231060387683067,0.005092976146112926,0.0001867949001698602,0.007833421132372148,0.9558129005818419,-0.005812900581841918,0
ciciot2023,rf,DDoS,195661,False,0.0005755307090942186,0.0042583426822536685,1.9029646209811624e-05,8.673975908761846e-05,0.0042583426822536685,0.004496797934285812,0.9500033294205956,-3.3294205956657663e-06,0
ciciot2023,rf,DoS,72056,False,0.0023671279885182396,0.001551582477782698,2.3730028485324794e-05,5.9573750157289416e-05,0.001551582477782698,0.003167619572134628,0.9498612247829219,0.00013877521707805762,0
ciciot2023,rf,Mirai,54149,False,0.0013213948197326906,0.0011932356906459024,0.00021839398980960656,0.0005631745610367657,0.0011932356906459024,0.003418184191463114,0.950362697674883,-0.00036269767488306126,0
ciciot2023,rf,Recon,71580,False,0.010502639858341378,-0.0012827639675072888,0.003995186230046466,0.009207502459678607,0.0012827639675072888,0.0074505154292583975,0.9497292995008668,0.0002707004991331363,0
ciciot2023,rf,Spoofing,35438,False,0.012727898450988262,-0.0001923700973874981,0.004860047594467454,0.009375667458897785,0.0001923700973874981,0.008105624149963658,0.9528379475048357,-0.0028379475048357916,0
ciciot2023,rf,Web,6796,False,0.06649923000636959,-0.005661935690979399,0.009123262660792442,0.022408875235457537,0.005661935690979399,0.00886863427045069,0.9519120427455815,-0.0019120427455815436,0
ciciot2023,rf,Benign,17998,False,0.012507268311032549,0.00036129193336721654,0.001294925513155576,0.0007563593034079497,0.00036129193336721654,0.006044380607862193,0.9505799641726637,-0.000579964172663705,0
ciciot2023,rf,BruteForce,2565,False,0.02813288076445969,-0.0001951885232441726,0.0006751208123910724,0.0018170827746426532,0.0001951885232441726,0.007580326557006939,0.9558129005818419,-0.005812900581841918,0
ciciot2023,rf,DDoS,195643,False,0.0010030636571748183,0.0042345418003968405,3.180888696130424e-05,0.00013045883249101836,0.0042345418003968405,0.004514652443884104,0.9500033294205956,-3.3294205956657663e-06,0
ciciot2023,rf,DoS,72042,False,0.0014686310407736672,0.0015696206195969509,1.6831852966525673e-05,7.808773753636544e-05,0.0015696206195969509,0.0031776445432113443,0.9498612247829219,0.00013877521707805762,0
ciciot2023,rf,Mirai,54159,False,0.00125566463910908,0.0011460104270577393,0.00016906316415721268,0.0003197929302976494,0.0011460104270577393,0.0036049929867757458,0.950362697674883,-0.00036269767488306126,0
ciciot2023,rf,Recon,71796,False,0.010178224923058032,-0.0013134509326541421,0.0037024487439337728,0.008568975555076408,0.0013134509326541421,0.007531205438477406,0.9497292995008668,0.0002707004991331363,0
ciciot2023,rf,Spoofing,35170,False,0.012347527998581104,-0.00028807767735855583,0.005288586832810638,0.010115380013512532,0.00028807767735855583,0.008300920214956375,0.9528379475048357,-0.0028379475048357916,0
ciciot2023,rf,Web,6801,False,0.06797752558670073,-0.005514747647161915,0.01824388111277131,0.03692348064941975,0.005514747647161915,0.008790835740593389,0.9519120427455815,-0.0019120427455815436,0
ciciot2023,rf,Benign,17929,False,0.012536767109775693,0.0003480752812817997,0.0009625459511641843,0.0006508293753194616,0.0003480752812817997,0.007195595057096715,0.9505799641726637,-0.000579964172663705,0
ciciot2023,rf,BruteForce,2601,False,0.02468122886915025,-0.00017921651427338977,0.0009983818353387353,0.0038202764480427254,0.00017921651427338977,0.007068531964242147,0.9558129005818419,-0.005812900581841918,0
ciciot2023,rf,DDoS,195641,False,0.0006828264854170374,0.00426422989614994,2.6371421538273765e-05,8.60215643267697e-05,0.00426422989614994,0.0044998706329343885,0.9500033294205956,-3.3294205956657663e-06,0
ciciot2023,rf,DoS,72037,False,0.0012629693681619342,0.0015679294475967054,5.88761493274248e-05,5.765145162830434e-05,0.0015679294475967054,0.0027366863897509974,0.9498612247829219,0.00013877521707805762,0
ciciot2023,rf,Mirai,54136,False,0.0010595655735904375,0.0011648000298407069,0.00019818007875938015,0.0004157592588995788,0.0011648000298407069,0.003047248862615981,0.950362697674883,-0.00036269767488306126,0
ciciot2023,rf,Recon,71668,False,0.011929173410727245,-0.00148832471559035,0.004263062301250953,0.009692742384208364,0.00148832471559035,0.007268957874646598,0.9497292995008668,0.0002707004991331363,0
ciciot2023,rf,Spoofing,35042,False,0.009514504073715346,-5.176464863730634e-05,0.0037498547135906835,0.007623715944367893,5.176464863730634e-05,0.008356783431479303,0.9528379475048357,-0.0028379475048357916,0
ciciot2023,rf,Web,7120,False,0.08311224562452829,-0.00562572877636815,0.020418778155117057,0.0390925214795399,0.00562572877636815,0.008519937035922881,0.9519120427455815,-0.0019120427455815436,0
ciciot2023,rf,Benign,17971,False,0.011159513607902682,0.00019274564066186495,0.0024154406319464305,0.0028310256198234574,0.00019274564066186495,0.00732731273155815,0.9505799641726637,-0.000579964172663705,0
ciciot2023,rf,BruteForce,2603,False,0.0275534573509551,-0.00018360080623215994,0.0012042803312861672,0.0031550488365424956,0.00018360080623215994,0.007814930607976195,0.9558129005818419,-0.005812900581841918,0
ciciot2023,rf,DDoS,195611,False,0.0003986105113670535,0.004323668324582919,3.4885348381474834e-05,3.0285162186336964e-05,0.004323668324582919,0.004515467681061924,0.9500033294205956,-3.3294205956657663e-06,0
ciciot2023,rf,DoS,72045,False,0.0013685018603624213,0.0015377403778644994,0.00012080757609367332,0.00020397399915305942,0.0015377403778644994,0.0031500814058462168,0.9498612247829219,0.00013877521707805762,0
ciciot2023,rf,Mirai,54154,False,0.0009806004272536733,0.0011569711569546642,0.00019385150447848165,0.0003727931343089951,0.0011569711569546642,0.0035403691323600273,0.950362697674883,-0.00036269767488306126,0
ciciot2023,rf,Recon,71556,False,0.010176583350470558,-0.0013629974339221806,0.0038309826923969004,0.009256191059040464,0.0013629974339221806,0.007232572611301835,0.9497292995008668,0.0002707004991331363,0
ciciot2023,rf,Spoofing,35482,False,0.010385265447407588,-6.10902863317081e-05,0.0039018902035080627,0.008056424094370518,6.10902863317081e-05,0.008253846466667353,0.9528379475048357,-0.0028379475048357916,0
ciciot2023,rf,Web,6752,False,0.07113731037764753,-0.005603436973577916,0.013113944729512106,0.029369681779470636,0.005603436973577916,0.008488803637312317,0.9519120427455815,-0.0019120427455815436,0
ciciot2023,rf,Benign,17988,False,0.012457949786751632,0.00030730198177814777,0.001183315781828842,0.0003529723401470841,0.00030730198177814777,0.007049968219932257,0.9505799641726637,-0.000579964172663705,0
ciciot2023,rf,BruteForce,2584,False,0.036678314773937404,-0.00011032027788096185,0.004190708070134219,0.005198784976559789,0.00011032027788096185,0.007432329225129625,0.9558129005818419,-0.005812900581841918,0
ciciot2023,rf,DDoS,195639,False,0.0005409888756890656,0.00429391799190304,2.2664850185427632e-05,8.649810073198955e-06,0.00429391799190304,0.004559254520851985,0.9500033294205956,-3.3294205956657663e-06,0
ciciot2023,rf,DoS,72029,False,0.0017407237659429545,0.001560162811637511,2.663357797194621e-06,2.7409611870894603e-05,0.001560162811637511,0.0032902400883149108,0.9498612247829219,0.00013877521707805762,0
ciciot2023,rf,Mirai,54154,False,0.001101362156570391,0.0011632971079032356,0.00015757573009089754,0.0003730555664093133,0.0011632971079032356,0.0032885150521044793,0.950362697674883,-0.00036269767488306126,0
ciciot2023,rf,Recon,71397,False,0.009165165293418986,-0.0008689493513826807,0.00219608463236054,0.005999285248156405,0.0008689493513826807,0.007181725291699692,0.9497292995008668,0.0002707004991331363,0
ciciot2023,rf,Spoofing,35573,False,0.015776714055147717,-0.0006527845292674805,0.0070402742363867565,0.01384655035165322,0.0006527845292674805,0.00834873552288487,0.9528379475048357,-0.0028379475048357916,0
ciciot2023,rf,Web,6810,False,0.06071248969082532,-0.005692625734690789,0.009810717150335435,0.02443852544100822,0.005692625734690789,0.008740549426979292,0.9519120427455815,-0.0019120427455815436,0
ciciot2023,rf,Benign,17794,False,0.012111117280180661,0.00037199909770999767,0.0006708489542239793,0.00052135295397987,0.00037199909770999767,0.006132958232307251,0.9505799641726637,-0.000579964172663705,0
ciciot2023,rf,BruteForce,2590,False,0.027843505366441146,-0.00016142885944873085,0.00022736518328381194,0.0027574912395499362,0.00016142885944873085,0.007441311353262009,0.9558129005818419,-0.005812900581841918,0
ciciot2023,rf,DDoS,195621,False,0.0006143416136378463,0.004346028521429068,9.095255344460096e-05,0.00010857724469603763,0.004346028521429068,0.004433907228514167,0.9500033294205956,-3.3294205956657663e-06,0
ciciot2023,rf,DoS,72043,False,0.0034484900022852816,0.0015421246698232582,7.901799836673717e-06,1.0873980904683653e-05,0.0015421246698232582,0.0034541390798025207,0.9498612247829219,0.00013877521707805762,0
ciciot2023,rf,Mirai,54155,False,0.000832303024326405,0.0011294752071809716,7.161601170235787e-05,0.00017962200221476304,0.0011294752071809716,0.003704817398008653,0.950362697674883,-0.00036269767488306126,0
ciciot2023,rf,Recon,71630,False,0.011015638601845512,-0.0013733934136308523,0.004283154849986648,0.009415500449506287,0.0013733934136308523,0.007051442145119713,0.9497292995008668,0.0002707004991331363,0
ciciot2023,rf,Spoofing,35591,False,0.012874027462017157,-0.00033798990377613414,0.0055019022350651925,0.010799499026454551,0.00033798990377613414,0.008037401079154738,0.9528379475048357,-0.0028379475048357916,0
ciciot2023,rf,Web,6750,False,0.06785730515791866,-0.0055168153192876514,0.014690475602768593,0.031952858884341184,0.0055168153192876514,0.008577709128883247,0.9519120427455815,-0.0019120427455815436,0
ciciot2023,rf,Benign,18105,False,0.01309078494434257,0.00048098556669329273,0.0004968276221578583,0.0026565773763892464,0.00048098556669329273,0.007002510732730782,0.9505799641726637,-0.000579964172663705,0
ciciot2023,rf,BruteForce,2623,False,0.01993318557480439,-0.00015153231443694546,9.185641260101018e-05,0.0035798334523180486,0.00015153231443694546,0.007194577924326706,0.9558129005818419,-0.005812900581841918,0
ciciot2023,rf,DDoS,195612,False,0.0009687870667780402,0.0042835204729120835,2.522699618923152e-05,1.5570950609306022e-05,0.0042835204729120835,0.004505949175457935,0.9500033294205956,-3.3294205956657663e-06,0
ciciot2023,rf,DoS,72050,False,0.0014004667954783216,0.0015710613046075739,5.35164901461771e-05,5.720554975182507e-05,0.0015710613046075739,0.003312388945864053,0.9498612247829219,0.00013877521707805762,0
ciciot2023,rf,Mirai,54157,False,0.001161804570927888,0.001169372571862226,0.00011860765585602895,0.0003554263313144488,0.001169372571862226,0.00342123246960635,0.950362697674883,-0.00036269767488306126,0
ciciot2023,rf,Recon,71362,False,0.010165555140114746,-0.001500730748344753,0.004021814771839161,0.009298959170544963,0.001500730748344753,0.006744777010183722,0.9497292995008668,0.0002707004991331363,0
ciciot2023,rf,Spoofing,35552,False,0.013431929079478988,-0.0003031038181687262,0.00495129229084279,0.01010197642136873,0.0003031038181687262,0.00808405214884983,0.9528379475048357,-0.0028379475048357916,0
ciciot2023,rf,Web,6713,False,0.06342441768837015,-0.0055495730351247784,0.010036856278642037,0.027610131598583942,0.0055495730351247784,0.008426882762582188,0.9519120427455815,-0.0019120427455815436,0
ciciot2023,rf,Benign,17872,False,0.017728405048914375,0.0005932206701297002,0.0013183777457962398,0.0040389127660586666,0.0005932206701297002,0.007001290622710793,0.9505799641726637,-0.000579964172663705,0
ciciot2023,rf,BruteForce,2589,False,0.021231220570800846,-0.0002035183701093804,0.0019083573692013633,0.008210940128876132,0.0002035183701093804,0.0071859969248363464,0.9558129005818419,-0.005812900581841918,0
ciciot2023,rf,DDoS,195639,False,0.00042131079277391015,0.004274940139057326,1.1363578598877488e-05,5.533206561240175e-06,0.004274940139057326,0.004466247757250852,0.9500033294205956,-3.3294205956657663e-06,0
ciciot2023,rf,DoS,72043,False,0.002233481649705424,0.0015737544245661428,6.34788593123492e-06,9.42468542403747e-06,0.0015737544245661428,0.004664657956707119,0.9498612247829219,0.00013877521707805762,0
ciciot2023,rf,Mirai,54162,False,0.0007982789900860083,0.0011584118419653011,0.0001172928011829999,0.00025017008980410954,0.0011584118419653011,0.005425967711102431,0.950362697674883,-0.00036269767488306126,0
ciciot2023,rf,Recon,71665,False,0.010831717827349763,-0.0013931849643721295,0.0036073705186737692,0.008471735164729488,0.0013931849643721295,0.0072961593638801725,0.9497292995008668,0.0002707004991331363,0
ciciot2023,rf,Spoofing,35370,False,0.01217181438418577,-0.00029001625778379836,0.0049132128427397115,0.009635636872252717,0.00029001625778379836,0.00802920935167259,0.9528379475048357,-0.0028379475048357916,0
ciciot2023,rf,Web,6834,False,0.07145391292883108,-0.00571360748345315,0.011015539852103018,0.025778878746930856,0.00571360748345315,0.00825797382329186,0.9519120427455815,-0.0019120427455815436,0
ciciot2023,xgb,Benign,18103,False,0.007768463133961456,0.00023233182070900998,0.0012214569912932793,0.003508515048361416,0.00023233182070900998,0.005196776608677983,0.9505799641726637,-0.000579964172663705,0
ciciot2023,xgb,BruteForce,2853,False,0.053890733766279286,-0.0002508650289866224,0.011165819970956448,0.025804794206005788,0.0002508650289866224,0.005375959466752317,0.9558129005818419,-0.005812900581841918,0
ciciot2023,xgb,DDoS,195671,False,8.685881190422776e-05,0.0042617250262541595,5.301623813513956e-06,2.4037491402626246e-06,0.0042617250262541595,0.004455904113139786,0.9500033294205956,-3.3294205956657663e-06,0
ciciot2023,xgb,DoS,72033,False,0.00016065536906133878,0.001576698031514251,2.1300663623047278e-05,5.827775237111422e-05,0.001576698031514251,0.0025270915572291885,0.9498612247829219,0.00013877521707805762,0
ciciot2023,xgb,Mirai,54155,False,0.00039284359007176915,0.0011674309128724275,6.804342106980776e-06,2.704736184022636e-05,0.0011674309128724275,0.0034969015896377798,0.950362697674883,-0.00036269767488306126,0
ciciot2023,xgb,Recon,70060,False,0.010695909210038185,-0.0006835128886270025,0.004521248474027462,0.009474070002967683,0.0006835128886270025,0.005172593111168744,0.9497292995008668,0.0002707004991331363,0
ciciot2023,xgb,Spoofing,35945,False,0.015075209110387178,-0.0004561106818264937,0.005020913468604782,0.011931713193589405,0.0004561106818264937,0.007411729675997458,0.9528379475048357,-0.0028379475048357916,0
ciciot2023,xgb,Web,7354,False,0.059547366065985985,-0.005847697191909742,0.003198602175272014,0.0037702034775460302,0.005847697191909742,0.008677635631973407,0.9519120427455815,-0.0019120427455815436,0
ciciot2023,xgb,Benign,17854,False,0.01328258455421999,0.0006390052487072126,0.004086042522334465,0.008900968226654593,0.0006390052487072126,0.004572586785517335,0.9505799641726637,-0.000579964172663705,0
ciciot2023,xgb,BruteForce,2830,False,0.04887284820770582,-0.00028900898474083607,0.018910439636267817,0.040471625738131484,0.00028900898474083607,0.00462456909698962,0.9558129005818419,-0.005812900581841918,0
ciciot2023,xgb,DDoS,195659,False,0.0001826324764789963,0.004262726974212483,9.347568108108995e-06,1.541808353263329e-05,0.004262726974212483,0.004266359805202513,0.9500033294205956,-3.3294205956657663e-06,0
ciciot2023,xgb,DoS,72035,False,0.00015676702880528762,0.0015596618376583493,3.261097496309873e-05,7.59889797525609e-05,0.0015596618376583493,0.0034887981836767556,0.9498612247829219,0.00013877521707805762,0
ciciot2023,xgb,Mirai,54150,False,0.00020065439254294615,0.0011720656918207673,4.5879790351310845e-06,1.050861348382925e-05,0.0011720656918207673,0.00393511790693557,0.950362697674883,-0.00036269767488306126,0
ciciot2023,xgb,Recon,70491,False,0.011363821567224153,-0.0010273624656272073,0.004767556870581058,0.010349291384427528,0.0010273624656272073,0.004999398185974502,0.9497292995008668,0.0002707004991331363,0
ciciot2023,xgb,Spoofing,35768,False,0.018749793469117315,-0.0007386516440244378,0.006290605802956373,0.013934449456820597,0.0007386516440244378,0.007397958383064146,0.9528379475048357,-0.0028379475048357916,0
ciciot2023,xgb,Web,7387,False,0.04954988896674939,-0.005578436658006326,0.011519646795053462,0.013577987052306284,0.005578436658006326,0.00846306766961704,0.9519120427455815,-0.0019120427455815436,0
ciciot2023,xgb,Benign,17417,False,0.014648670932958852,0.00040769426336612763,0.00355463258844102,0.00807303847576496,0.00040769426336612763,0.004487460356753126,0.9505799641726637,-0.000579964172663705,0
ciciot2023,xgb,BruteForce,2936,False,0.037780899265718815,-0.00021773081302398772,0.010824976623802884,0.025014746295290546,0.00021773081302398772,0.005114624780518648,0.9558129005818419,-0.005812900581841918,0
ciciot2023,xgb,DDoS,195687,False,0.00018692075316429973,0.004283584249121231,3.0092056034991543e-05,6.884629477077215e-05,0.004283584249121231,0.0044788358829388475,0.9500033294205956,-3.3294205956657663e-06,0
ciciot2023,xgb,DoS,72025,False,0.00022032612355928137,0.0015499535427093147,1.987979246742544e-05,2.165374843794308e-05,0.0015499535427093147,0.003197956620976994,0.9498612247829219,0.00013877521707805762,0
ciciot2023,xgb,Mirai,54146,False,0.00012121878968744063,0.0011745083247897414,1.059101488587455e-05,1.1253161496293276e-05,0.0011745083247897414,0.0032348466025010625,0.950362697674883,-0.00036269767488306126,0
ciciot2023,xgb,Recon,70830,False,0.012631995398807383,-0.0010240377407067236,0.005480697073717566,0.011497196900664253,0.0010240377407067236,0.0045225107711446,0.9497292995008668,0.0002707004991331363,0
ciciot2023,xgb,Spoofing,35966,False,0.01757167984086927,-0.0005274495511879002,0.005716116391042858,0.012913193133992779,0.0005274495511879002,0.007666313735781832,0.9528379475048357,-0.0028379475048357916,0
ciciot2023,xgb,Web,7167,False,0.056557496879904745,-0.005646522275067754,0.001038181590367615,0.006231991950490234,0.005646522275067754,0.008879885051052042,0.9519120427455815,-0.0019120427455815436,0
ciciot2023,xgb,Benign,17785,False,0.011898543452102006,0.00027786129445009355,0.0013431939813233207,0.005803047669667494,0.00027786129445009355,0.004880964642405505,0.9505799641726637,-0.000579964172663705,0
ciciot2023,xgb,BruteForce,2827,False,0.043260623442151036,-0.00020652113541976425,0.00835453085251403,0.02679542356790332,0.00020652113541976425,0.004773218710134114,0.9558129005818419,-0.005812900581841918,0
ciciot2023,xgb,DDoS,195667,False,0.00013366483223523626,0.004270493610171733,1.9688519059646303e-05,2.6653665886978224e-05,0.004270493610171733,0.004478647632876143,0.9500033294205956,-3.3294205956657663e-06,0
ciciot2023,xgb,DoS,72033,False,0.00022986872683023038,0.0015640461296171082,5.342170799282897e-06,1.675375184304658e-05,0.0015640461296171082,0.003677197806425725,0.9498612247829219,0.00013877521707805762,0
ciciot2023,xgb,Mirai,54149,False,9.764418719363763e-05,0.0011742578378001606,4.07867947116447e-06,2.1376581443790474e-05,0.0011742578378001606,0.0036890967080719372,0.950362697674883,-0.00036269767488306126,0
ciciot2023,xgb,Recon,70596,False,0.010279862745597057,-0.000751461717576507,0.004479731353978167,0.00974274592102825,0.000751461717576507,0.005056943338803993,0.9497292995008668,0.0002707004991331363,0
ciciot2023,xgb,Spoofing,35947,False,0.01449439376114589,-0.0004984506794767224,0.005726041558406503,0.012201258660395453,0.0004984506794767224,0.007754685054798982,0.9528379475048357,-0.0028379475048357916,0
ciciot2023,xgb,Web,7170,False,0.0689747481642694,-0.005830225339566047,0.008444145838612083,0.024905003570811934,0.005830225339566047,0.008748722683074063,0.9519120427455815,-0.0019120427455815436,0
ciciot2023,xgb,Benign,17805,False,0.010164952635659474,0.0003289076390910334,0.0004622149665056696,0.002853193541779764,0.0003289076390910334,0.004824008868280827,0.9505799641726637,-0.000579964172663705,0
ciciot2023,xgb,BruteForce,2782,False,0.03913464061624172,-0.0002407195362675394,0.008431813517363773,0.024034609946613855,0.0002407195362675394,0.0051833895122816165,0.9558129005818419,-0.005812900581841918,0
ciciot2023,xgb,DDoS,195684,False,0.00020444044291008465,0.00428383473611077,3.550302886390355e-05,7.358945470372551e-05,0.00428383473611077,0.0047227580832022165,0.9500033294205956,-3.3294205956657663e-06,0
ciciot2023,xgb,DoS,72024,False,0.00018373136026831683,0.0015458197377401228,1.851444431866245e-05,8.0412718200622e-06,0.0015458197377401228,0.0026319259578669874,0.9498612247829219,0.00013877521707805762,0
ciciot2023,xgb,Mirai,54150,False,0.0003190590000901434,0.0011720656918207673,5.144983398652769e-06,1.7449204133316643e-05,0.0011720656918207673,0.0033982365491780353,0.950362697674883,-0.00036269767488306126,0
ciciot2023,xgb,Recon,70114,False,0.008703074958242185,-0.00046028742029066705,0.0033590147885180777,0.007688760411111273,0.00046028742029066705,0.004873997892403531,0.9497292995008668,0.0002707004991331363,0
ciciot2023,xgb,Spoofing,36231,False,0.019209577760703145,-0.0008300263939875763,0.007681460754638603,0.01603105298286195,0.0008300263939875763,0.007542530271037129,0.9528379475048357,-0.0028379475048357916,0
ciciot2023,xgb,Web,7384,False,0.06398203707393813,-0.0057995944542169175,0.0035804766200708826,0.0009083575453862625,0.0057995944542169175,0.008662048901197358,0.9519120427455815,-0.0019120427455815436,0
ciciot2023,xgb,Benign,18104,False,0.009845270518084828,5.301304816947988e-05,0.0004906505948019113,0.0004384114209833867,5.301304816947988e-05,0.004220673241464301,0.9505799641726637,-0.000579964172663705,0
ciciot2023,xgb,BruteForce,2905,False,0.031006787788674772,-0.00018772999335450822,0.00807822508786471,0.024699040900251434,0.00018772999335450822,0.004348206730663523,0.9558129005818419,-0.005812900581841918,0
ciciot2023,xgb,DDoS,195684,False,0.00016437890209251307,0.004245879030419342,9.04847156768529e-06,8.733703215892227e-06,0.004245879030419342,0.00444043528306598,0.9500033294205956,-3.3294205956657663e-06,0
ciciot2023,xgb,DoS,72023,False,0.00025789379671570635,0.0015733156875138155,4.1750532414952524e-05,0.00010472351138462457,0.0015733156875138155,0.003620396418153704,0.9498612247829219,0.00013877521707805762,0
ciciot2023,xgb,Mirai,54149,False,0.00017431429188034917,0.0011742578378001606,7.128934652489427e-06,2.6734276080609347e-05,0.0011742578378001606,0.004066890995559125,0.950362697674883,-0.00036269767488306126,0
ciciot2023,xgb,Recon,69896,False,0.011484472563001502,-0.0007098839558710157,0.004720779996680968,0.00995450101640094,0.0007098839558710157,0.004682138711926714,0.9497292995008668,0.0002707004991331363,0
ciciot2023,xgb,Spoofing,35865,False,0.013814068882708641,-0.0003313466110643065,0.004138462999874637,0.009870741595300159,0.0003313466110643065,0.007463647545625035,0.9528379475048357,-0.0028379475048357916,0
ciciot2023,xgb,Web,7548,False,0.054563373028966855,-0.005817505043612947,0.004694092435230446,0.000544536821173558,0.005817505043612947,0.008703253241341934,0.9519120427455815,-0.0019120427455815436,0
ciciot2023,xgb,Benign,17831,False,0.00953930272981035,0.0002719118436270221,0.002260154804677561,0.006347812709882716,0.0002719118436270221,0.005211627687330356,0.9505799641726637,-0.000579964172663705,0
ciciot2023,xgb,BruteForce,2973,False,0.03942280524722502,-0.00019129904813543642,0.00964830479167178,0.024671156201903965,0.00019129904813543642,0.00613769589355509,0.9558129005818419,-0.005812900581841918,0
ciciot2023,xgb,DDoS,195633,False,7.388371420893641e-05,0.004243811358293548,7.429971897399135e-06,1.8885581716600352e-05,0.004243811358293548,0.004422895036666319,0.9500033294205956,-3.3294205956657663e-06,0
ciciot2023,xgb,DoS,72073,False,0.000346840832925822,0.0015839014565675047,7.59157262766319e-05,0.00017023598315128816,0.0015839014565675047,0.0038611610512317984,0.9498612247829219,0.00013877521707805762,0
ciciot2023,xgb,Mirai,54150,False,0.00036919823513790724,0.0011720656918207673,3.0167678775394613e-05,6.570216127042073e-05,0.0011720656918207673,0.0037691794080276786,0.950362697674883,-0.00036269767488306126,0
ciciot2023,xgb,Recon,70486,False,0.011009086237589338,-0.0008898827167587442,0.004704343162533431,0.01030675154405758,0.0008898827167587442,0.004756384245461459,0.9497292995008668,0.0002707004991331363,0
ciciot2023,xgb,Spoofing,35887,False,0.017297473023245913,-0.0005693523510680726,0.006030832923977436,0.012972477255947967,0.0005693523510680726,0.007471134448231359,0.9528379475048357,-0.0028379475048357916,0
ciciot2023,xgb,Web,7141,False,0.0671285631363776,-0.005621156234346624,0.0034969838635354744,0.003843735954958849,0.005621156234346624,0.008778703492073887,0.9519120427455815,-0.0019120427455815436,0
ciciot2023,xgb,Benign,17778,False,0.01121387716757588,0.0004260512862258939,0.0021727837484953882,0.005949344933864342,0.0004260512862258939,0.005405345613564955,0.9505799641726637,-0.000579964172663705,0
ciciot2023,xgb,BruteForce,2818,False,0.05983748411553619,-0.0003196367915254015,0.01997157888739498,0.04636284604027663,0.0003196367915254015,0.006294321069026804,0.9558129005818419,-0.005812900581841918,0
ciciot2023,xgb,DDoS,195672,False,0.00021474521587979572,0.004265858831223379,1.3730269638911885e-05,3.8073800952392856e-05,0.004265858831223379,0.004576108621774266,0.9500033294205956,-3.3294205956657663e-06,0
ciciot2023,xgb,DoS,72031,False,0.0006767298439701126,0.001568430421575867,3.888755770498076e-05,9.734661909706148e-05,0.001568430421575867,0.0032881022332375,0.9498612247829219,0.00013877521707805762,0
ciciot2023,xgb,Mirai,54150,False,0.00039024794314629786,0.0011720656918207673,2.5371491968462223e-06,2.0198999730919494e-06,0.0011720656918207673,0.0033823291068586503,0.950362697674883,-0.00036269767488306126,0
ciciot2023,xgb,Recon,70594,False,0.011492195176990239,-0.0009558338069207695,0.005272419152039354,0.011161339999237019,0.0009558338069207695,0.005261201729270554,0.9497292995008668,0.0002707004991331363,0
ciciot2023,xgb,Spoofing,36005,False,0.015283867130703455,-0.0005054020782581103,0.005882200983441943,0.012725541918244626,0.0005054020782581103,0.007697426458087159,0.9528379475048357,-0.0028379475048357916,0
ciciot2023,xgb,Web,7126,False,0.06747311981148607,-0.005651533554141613,0.00031455469360885946,0.008517292772610485,0.005651533554141613,0.00880601514399608,0.9519120427455815,-0.0019120427455815436,0
ciciot2023,xgb,Benign,18036,False,0.009413276136781279,0.00027166443520200423,0.0010277541090406572,0.003370639345607662,0.00027166443520200423,0.005921191597293568,0.9505799641726637,-0.000579964172663705,0
ciciot2023,xgb,BruteForce,2784,False,0.04056098272216957,-0.00011858480925478268,0.004126207934485815,0.008655131639489999,0.00011858480925478268,0.004319460550859799,0.9558129005818419,-0.005812900581841918,0
ciciot2023,xgb,DDoS,195700,False,8.305915212013845e-05,0.004242434449492016,1.4780537872960409e-05,3.053144951173001e-05,0.004242434449492016,0.005416493927889121,0.9500033294205956,-3.3294205956657663e-06,0
ciciot2023,xgb,DoS,72016,False,0.00021386406896925156,0.0015570309546266148,1.0321709409399915e-05,1.1883114910238518e-05,0.0015570309546266148,0.0053703297706214626,0.9498612247829219,0.00013877521707805762,0
ciciot2023,xgb,Mirai,54148,False,0.0002823903138140108,0.00117644998377954,1.3165024094097255e-05,1.478150098440814e-05,0.00117644998377954,0.005366630084857715,0.950362697674883,-0.00036269767488306126,0
ciciot2023,xgb,Recon,70498,False,0.010802980042243254,-0.0008023213514370131,0.004765650175156511,0.009828009365338453,0.0008023213514370131,0.00396808762770523,0.9497292995008668,0.0002707004991331363,0
ciciot2023,xgb,Spoofing,35823,False,0.016798474288356624,-0.000707396850124789,0.006652884292634775,0.014120479074880427,0.000707396850124789,0.007696515993419029,0.9528379475048357,-0.0028379475048357916,0
ciciot2023,xgb,Web,7169,False,0.06912035284193185,-0.005619276812283644,0.005468765405637455,0.002431106260194882,0.005619276812283644,0.008640975669144832,0.9519120427455815,-0.0019120427455815436,0
ciciot2023,xgb,Benign,18075,False,0.009449747303430456,0.0003063638100289437,0.0023399682708754588,0.005955259091778575,0.0003063638100289437,0.0048052608261194285,0.9505799641726637,-0.000579964172663705,0
ciciot2023,xgb,BruteForce,2831,False,0.050972253413730295,-0.00026589732692591534,0.012169280279930805,0.03144125457359789,0.00026589732692591534,0.004953060006604726,0.9558129005818419,-0.005812900581841918,0
ciciot2023,xgb,DDoS,195667,False,0.00014892046351114248,0.004251515757325963,2.2848881156889433e-05,2.4978865349387352e-05,0.004251515757325963,0.004464319951801576,0.9500033294205956,-3.3294205956657663e-06,0
ciciot2023,xgb,DoS,72028,False,0.00045209779287887935,0.0015939847123597473,0.00013824705658227465,0.0002775075662323496,0.0015939847123597473,0.003572554235188541,0.9498612247829219,0.00013877521707805762,0
ciciot2023,xgb,Mirai,54152,False,0.00043305446098951044,0.0011676813998619945,2.435930117838936e-05,5.447771779683498e-05,0.0011676813998619945,0.004729340220645084,0.950362697674883,-0.00036269767488306126,0
ciciot2023,xgb,Recon,69945,False,0.01099337187962035,-0.0007224098446322325,0.005178155244808691,0.01107186054565984,0.0007224098446322325,0.005023173773679279,0.9497292995008668,0.0002707004991331363,0
ciciot2023,xgb,Spoofing,35975,False,0.017113385906726675,-0.0007622611972539495,0.006401050782158579,0.013266916318772137,0.0007622611972539495,0.007757370478346154,0.9528379475048357,-0.0028379475048357916,0
ciciot2023,xgb,Web,7501,False,0.06197699914977406,-0.005568977310764594,0.013793059693064658,0.012721038751073388,0.005568977310764594,0.008703726508240035,0.9519120427455815,-0.0019120427455815436,0
