dataset,arch,class,n_pred_target,n_true_target,low_support,q_source,signal,oracle,exceedance_pred,exceedance_true,coverage,undercoverage,failing
nslkdd,mlp,Normal,1665,1008,False,0.4999731779098511,-0.05,-0.027182539682539687,0.0,0.022817460317460316,0.9268402777777777,0.02315972222222229,0
nslkdd,mlp,DoS,389,772,False,0.4999731779098511,-0.05,0.5212435233160622,0.0,0.5712435233160622,0.39876378933089374,0.5512362106691062,1
nslkdd,mlp,Probe,269,249,False,0.4999731779098511,-0.05,0.34759036144578315,0.0,0.39759036144578314,0.6278059099362795,0.32219409006372046,1
nslkdd,mlp,R2L,7,296,True,0.9905286473222077,,0.8925675675675675,,0.9425675675675675,0.02981848141104289,0.920181518588957,1
nslkdd,mlp,Normal,1717,1008,False,0.4999731779098511,-0.05,-0.02916666666666667,0.0,0.020833333333333332,0.9268402777777777,0.02315972222222229,0
nslkdd,mlp,DoS,341,771,False,0.4999731779098511,-0.05,0.5764591439688715,0.0,0.6264591439688716,0.39876378933089374,0.5512362106691062,1
nslkdd,mlp,Probe,263,248,False,0.4999731779098511,-0.05,0.31290322580645163,0.0,0.3629032258064516,0.6278059099362795,0.32219409006372046,1
nslkdd,mlp,R2L,9,297,True,0.9905286473222077,,0.8994949494949495,,0.9494949494949495,0.02981848141104289,0.920181518588957,1
nslkdd,mlp,Normal,1653,1008,False,0.4999731779098511,-0.05,-0.01825396825396826,0.0,0.031746031746031744,0.9268402777777777,0.02315972222222229,0
nslkdd,mlp,DoS,393,771,False,0.4999731779098511,-0.05,0.5284695201037614,0.0,0.5784695201037614,0.39876378933089374,0.5512362106691062,1
nslkdd,mlp,Probe,274,250,False,0.4999731779098511,-0.05,0.362,0.0,0.412,0.6278059099362795,0.32219409006372046,1
nslkdd,mlp,R2L,10,297,True,0.9905286473222077,,0.9028619528619528,,0.9528619528619529,0.02981848141104289,0.920181518588957,1
nslkdd,mlp,Normal,1705,1008,False,0.4999731779098511,-0.05,-0.03214285714285715,0.0,0.017857142857142856,0.9268402777777777,0.02315972222222229,0
nslkdd,mlp,DoS,339,772,False,0.4999731779098511,-0.05,0.5782383419689119,0.0,0.6282383419689119,0.39876378933089374,0.5512362106691062,1
nslkdd,mlp,Probe,277,249,False,0.4999731779098511,-0.05,0.31546184738955824,0.0,0.3654618473895582,0.6278059099362795,0.32219409006372046,1
nslkdd,mlp,R2L,10,297,True,0.9905286473222077,,0.8927609427609428,,0.9427609427609428,0.02981848141104289,0.920181518588957,1
nslkdd,mlp,Normal,1724,1008,False,0.4999731779098511,-0.05,-0.027182539682539687,0.0,0.022817460317460316,0.9268402777777777,0.02315972222222229,0
nslkdd,mlp,DoS,364,771,False,0.4999731779098511,-0.05,0.5790531776913099,0.0,0.62905317769131,0.39876378933089374,0.5512362106691062,1
nslkdd,mlp,Probe,237,250,False,0.4999731779098511,-0.05,0.462,0.0,0.512,0.6278059099362795,0.32219409006372046,1
nslkdd,mlp,R2L,7,297,True,0.9905286473222077,,0.9129629629629629,,0.9629629629629629,0.02981848141104289,0.920181518588957,1
nslkdd,mlp,Normal,1801,1008,False,0.5,-0.05,-0.02817460317460318,0.0,0.021825396825396824,0.9268402777777777,0.02315972222222229,0
nslkdd,mlp,DoS,296,772,False,0.5,-0.05,0.6196891191709845,0.0,0.6696891191709845,0.39876378933089374,0.5512362106691062,1
nslkdd,mlp,Probe,229,249,False,0.5,-0.05,0.4198795180722892,0.0,0.46987951807228917,0.6278059099362795,0.32219409006372046,1
nslkdd,mlp,R2L,1,296,True,0.9638427458703518,,0.906081081081081,,0.956081081081081,0.02981848141104289,0.920181518588957,1
nslkdd,mlp,Normal,1838,1008,False,0.5,-0.05,-0.02817460317460318,0.0,0.021825396825396824,0.9268402777777777,0.02315972222222229,0
nslkdd,mlp,DoS,256,771,False,0.5,-0.05,0.6646562905317769,0.0,0.7146562905317769,0.39876378933089374,0.5512362106691062,1
nslkdd,mlp,Probe,233,248,False,0.5,-0.05,0.34919354838709676,0.0,0.39919354838709675,0.6278059099362795,0.32219409006372046,1
nslkdd,mlp,R2L,1,297,True,0.9638427458703518,,0.9028619528619528,,0.9528619528619529,0.02981848141104289,0.920181518588957,1
nslkdd,mlp,Normal,1809,1008,False,0.5,-0.05,-0.01924603174603175,0.0,0.030753968253968252,0.9268402777777777,0.02315972222222229,0
nslkdd,mlp,DoS,295,771,False,0.5,-0.05,0.6309338521400778,0.0,0.6809338521400778,0.39876378933089374,0.5512362106691062,1
nslkdd,mlp,Probe,223,250,False,0.5,-0.05,0.466,0.0,0.516,0.6278059099362795,0.32219409006372046,1
nslkdd,mlp,R2L,3,297,True,0.9638427458703518,,0.9129629629629629,,0.9629629629629629,0.02981848141104289,0.920181518588957,1
nslkdd,mlp,Normal,1825,1008,False,0.5,-0.05,-0.03313492063492064,0.0,0.016865079365079364,0.9268402777777777,0.02315972222222229,0
nslkdd,mlp,DoS,266,772,False,0.5,-0.05,0.6507772020725389,0.0,0.7007772020725389,0.39876378933089374,0.5512362106691062,1
nslkdd,mlp,Probe,233,249,False,0.5,-0.05,0.3676706827309237,0.0,0.41767068273092367,0.6278059099362795,0.32219409006372046,1
nslkdd,mlp,R2L,6,297,True,0.9638427458703518,,0.9028619528619528,,0.9528619528619529,0.02981848141104289,0.920181518588957,1
nslkdd,mlp,Normal,1838,1008,False,0.5,-0.05,-0.027182539682539687,0.0,0.022817460317460316,0.9268402777777777,0.02315972222222229,0
nslkdd,mlp,DoS,288,771,False,0.5,-0.05,0.6555771725032425,0.0,0.7055771725032426,0.39876378933089374,0.5512362106691062,1
nslkdd,mlp,Probe,203,250,False,0.5,-0.05,0.48600000000000004,0.0,0.536,0.6278059099362795,0.32219409006372046,1
nslkdd,mlp,R2L,2,297,True,0.9638427458703518,,0.9196969696969697,,0.9696969696969697,0.02981848141104289,0.920181518588957,1
nslkdd,mlp,Normal,1742,1008,False,0.5,-0.05,-0.027182539682539687,0.0,0.022817460317460316,0.9268402777777777,0.02315972222222229,0
nslkdd,mlp,DoS,365,772,False,0.4999998211860657,-0.02808219178082192,0.5756476683937823,0.021917808219178082,0.6256476683937824,0.39876378933089374,0.5512362106691062,1
nslkdd,mlp,Probe,220,249,False,0.5,-0.05,0.4720883534136547,0.0,0.5220883534136547,0.6278059099362795,0.32219409006372046,1
nslkdd,mlp,R2L,0,296,True,0.9705162234604359,,0.9094594594594594,,0.9594594594594594,0.02981848141104289,0.920181518588957,1
nslkdd,mlp,Normal,1811,1008,False,0.5,-0.05,-0.02916666666666667,0.0,0.020833333333333332,0.9268402777777777,0.02315972222222229,0
nslkdd,mlp,DoS,307,771,False,0.4999998211860657,-0.023941368078175897,0.6374189364461738,0.026058631921824105,0.6874189364461738,0.39876378933089374,0.5512362106691062,1
nslkdd,mlp,Probe,210,248,False,0.5,-0.05,0.43790322580645163,0.0,0.4879032258064516,0.6278059099362795,0.32219409006372046,1
nslkdd,mlp,R2L,1,297,True,0.9705162234604359,,0.8994949494949495,,0.9494949494949495,0.02981848141104289,0.920181518588957,1
nslkdd,mlp,Normal,1765,1008,False,0.5,-0.05,-0.01924603174603175,0.0,0.030753968253968252,0.9268402777777777,0.02315972222222229,0
nslkdd,mlp,DoS,360,771,False,0.4999998211860657,-0.01666666666666667,0.5933203631647211,0.03333333333333333,0.6433203631647212,0.39876378933089374,0.5512362106691062,1
nslkdd,mlp,Probe,204,250,False,0.5,-0.05,0.5619999999999999,0.0,0.612,0.6278059099362795,0.32219409006372046,1
nslkdd,mlp,R2L,0,297,True,0.9705162234604359,,0.9129629629629629,,0.9629629629629629,0.02981848141104289,0.920181518588957,1
nslkdd,mlp,Normal,1772,1008,False,0.5,-0.05,-0.03313492063492064,0.0,0.016865079365079364,0.9268402777777777,0.02315972222222229,0
nslkdd,mlp,DoS,337,772,False,0.4999998211860657,-0.032195845697329376,0.5963730569948186,0.017804154302670624,0.6463730569948186,0.39876378933089374,0.5512362106691062,1
nslkdd,mlp,Probe,218,249,False,0.5,-0.05,0.4439759036144578,0.0,0.4939759036144578,0.6278059099362795,0.32219409006372046,1
nslkdd,mlp,R2L,3,297,True,0.9705162234604359,,0.9062289562289562,,0.9562289562289562,0.02981848141104289,0.920181518588957,1
nslkdd,mlp,Normal,1799,1008,False,0.5,-0.05,-0.027182539682539687,0.0,0.022817460317460316,0.9268402777777777,0.02315972222222229,0
nslkdd,mlp,DoS,342,771,False,0.4999998211860657,-0.011988304093567256,0.6283398184176394,0.038011695906432746,0.6783398184176395,0.39876378933089374,0.5512362106691062,1
nslkdd,mlp,Probe,187,250,False,0.5,-0.05,0.574,0.0,0.624,0.6278059099362795,0.32219409006372046,1
nslkdd,mlp,R2L,3,297,True,0.9705162234604359,,0.9264309764309764,,0.9764309764309764,0.02981848141104289,0.920181518588957,1
nslkdd,mlp,Normal,1736,1008,False,0.5,-0.05,-0.027182539682539687,0.0,0.022817460317460316,0.9268402777777777,0.02315972222222229,0
nslkdd,mlp,DoS,368,772,False,0.5,-0.05,0.5251295336787565,0.0,0.5751295336787565,0.39876378933089374,0.5512362106691062,1
nslkdd,mlp,Probe,222,249,False,0.5,-0.05,0.5242971887550201,0.0,0.5742971887550201,0.6278059099362795,0.32219409006372046,1
nslkdd,mlp,R2L,1,296,True,0.9821760784834623,,0.9128378378378378,,0.9628378378378378,0.02981848141104289,0.920181518588957,1
nslkdd,mlp,Normal,1791,1008,False,0.5,-0.05,-0.02916666666666667,0.0,0.020833333333333332,0.9268402777777777,0.02315972222222229,0
nslkdd,mlp,DoS,320,771,False,0.5,-0.05,0.5738651102464332,0.0,0.6238651102464332,0.39876378933089374,0.5512362106691062,1
nslkdd,mlp,Probe,216,248,False,0.5,-0.05,0.482258064516129,0.0,0.532258064516129,0.6278059099362795,0.32219409006372046,1
nslkdd,mlp,R2L,2,297,True,0.9821760784834623,,0.9028619528619528,,0.9528619528619529,0.02981848141104289,0.920181518588957,1
nslkdd,mlp,Normal,1758,1008,False,0.5,-0.05,-0.01825396825396826,0.0,0.031746031746031744,0.9268402777777777,0.02315972222222229,0
nslkdd,mlp,DoS,361,771,False,0.5,-0.05,0.5440337224383917,0.0,0.5940337224383917,0.39876378933089374,0.5512362106691062,1
nslkdd,mlp,Probe,211,250,False,0.5,-0.05,0.614,0.0,0.664,0.6278059099362795,0.32219409006372046,1
nslkdd,mlp,R2L,0,297,True,0.9821760784834623,,0.9129629629629629,,0.9629629629629629,0.02981848141104289,0.920181518588957,1
nslkdd,mlp,Normal,1768,1008,False,0.5,-0.05,-0.03313492063492064,0.0,0.016865079365079364,0.9268402777777777,0.02315972222222229,0
nslkdd,mlp,DoS,321,772,False,0.5,-0.05,0.5743523316062176,0.0,0.6243523316062176,0.39876378933089374,0.5512362106691062,1
nslkdd,mlp,Probe,237,249,False,0.5,-0.05,0.4680722891566265,0.0,0.5180722891566265,0.6278059099362795,0.32219409006372046,1
nslkdd,mlp,R2L,4,297,True,0.9821760784834623,,0.9028619528619528,,0.9528619528619529,0.02981848141104289,0.920181518588957,1
nslkdd,mlp,Normal,1813,1008,False,0.5,-0.05,-0.027182539682539687,0.0,0.022817460317460316,0.9268402777777777,0.02315972222222229,0
nslkdd,mlp,DoS,332,771,False,0.5,-0.05,0.5829442282749675,0.0,0.6329442282749675,0.39876378933089374,0.5512362106691062,1
nslkdd,mlp,Probe,183,250,False,0.5,-0.05,0.6419999999999999,0.0,0.692,0.6278059099362795,0.32219409006372046,1
nslkdd,mlp,R2L,2,297,True,0.9821760784834623,,0.923063973063973,,0.9730639730639731,0.02981848141104289,0.920181518588957,1
nslkdd,mlp,Normal,1864,1008,False,0.4999694228172302,-0.05,-0.027182539682539687,0.0,0.022817460317460316,0.9268402777777777,0.02315972222222229,0
nslkdd,mlp,DoS,269,772,False,0.4999694228172302,-0.05,0.666321243523316,0.0,0.716321243523316,0.39876378933089374,0.5512362106691062,1
nslkdd,mlp,Probe,193,249,False,0.4999694228172302,-0.05,0.4801204819277109,0.0,0.5301204819277109,0.6278059099362795,0.32219409006372046,1
nslkdd,mlp,R2L,2,296,True,0.9937466741539538,,0.9128378378378378,,0.9628378378378378,0.02981848141104289,0.920181518588957,1
nslkdd,mlp,Normal,1881,1008,False,0.4999694228172302,-0.05,-0.027182539682539687,0.0,0.022817460317460316,0.9268402777777777,0.02315972222222229,0
nslkdd,mlp,DoS,248,771,False,0.4999694228172302,-0.05,0.6944876783398184,0.0,0.7444876783398184,0.39876378933089374,0.5512362106691062,1
nslkdd,mlp,Probe,198,248,False,0.4999694228172302,-0.05,0.44193548387096776,0.0,0.49193548387096775,0.6278059099362795,0.32219409006372046,1
nslkdd,mlp,R2L,2,297,True,0.9937466741539538,,0.8994949494949495,,0.9494949494949495,0.02981848141104289,0.920181518588957,1
nslkdd,mlp,Normal,1869,1008,False,0.4999694228172302,-0.05,-0.017261904761904763,0.0,0.03273809523809524,0.9268402777777777,0.02315972222222229,0
nslkdd,mlp,DoS,281,771,False,0.4999694228172302,-0.05,0.6737354085603112,0.0,0.7237354085603113,0.39876378933089374,0.5512362106691062,1
nslkdd,mlp,Probe,178,250,False,0.4999694228172302,-0.05,0.5619999999999999,0.0,0.612,0.6278059099362795,0.32219409006372046,1
nslkdd,mlp,R2L,1,297,True,0.9937466741539538,,0.9163299663299663,,0.9663299663299664,0.02981848141104289,0.920181518588957,1
nslkdd,mlp,Normal,1870,1008,False,0.4999694228172302,-0.05,-0.03214285714285715,0.0,0.017857142857142856,0.9268402777777777,0.02315972222222229,0
nslkdd,mlp,DoS,257,772,False,0.4999694228172302,-0.05,0.6844559585492227,0.0,0.7344559585492227,0.39876378933089374,0.5512362106691062,1
nslkdd,mlp,Probe,199,249,False,0.4999694228172302,-0.05,0.4399598393574297,0.0,0.4899598393574297,0.6278059099362795,0.32219409006372046,1
nslkdd,mlp,R2L,5,297,True,0.9937466741539538,,0.8994949494949495,,0.9494949494949495,0.02981848141104289,0.920181518588957,1
nslkdd,mlp,Normal,1899,1008,False,0.4999694228172302,-0.05,-0.02817460317460318,0.0,0.021825396825396824,0.9268402777777777,0.02315972222222229,0
nslkdd,mlp,DoS,275,771,False,0.4999694228172302,-0.05,0.6905966277561608,0.0,0.7405966277561609,0.39876378933089374,0.5512362106691062,1
nslkdd,mlp,Probe,155,250,False,0.4999694228172302,-0.05,0.59,0.0,0.64,0.6278059099362795,0.32219409006372046,1
nslkdd,mlp,R2L,2,297,True,0.9937466741539538,,0.923063973063973,,0.9730639730639731,0.02981848141104289,0.920181518588957,1
nslkdd,mlp,Normal,1665,1008,False,0.5,-0.05,-0.02321428571428572,0.0,0.026785714285714284,0.9268402777777777,0.02315972222222229,0
nslkdd,mlp,DoS,424,772,False,0.5,-0.05,0.47590673575129533,0.0,0.5259067357512953,0.39876378933089374,0.5512362106691062,1
nslkdd,mlp,Probe,236,249,False,0.5,-0.05,0.4038152610441767,0.0,0.4538152610441767,0.6278059099362795,0.32219409006372046,1
nslkdd,mlp,R2L,4,296,True,0.9764973390847445,,0.9128378378378378,,0.9628378378378378,0.02981848141104289,0.920181518588957,1
nslkdd,mlp,Normal,1728,1008,False,0.5,-0.05,-0.02916666666666667,0.0,0.020833333333333332,0.9268402777777777,0.02315972222222229,0
nslkdd,mlp,DoS,373,771,False,0.5,-0.05,0.5375486381322957,0.0,0.5875486381322957,0.39876378933089374,0.5512362106691062,1
nslkdd,mlp,Probe,221,248,False,0.5,-0.05,0.3774193548387097,0.0,0.4274193548387097,0.6278059099362795,0.32219409006372046,1
nslkdd,mlp,R2L,7,297,True,0.9764973390847445,,0.9062289562289562,,0.9562289562289562,0.02981848141104289,0.920181518588957,1
nslkdd,mlp,Normal,1674,1008,False,0.5,-0.05,-0.017261904761904763,0.0,0.03273809523809524,0.9268402777777777,0.02315972222222229,0
nslkdd,mlp,DoS,431,771,False,0.5,-0.05,0.47529182879377435,0.0,0.5252918287937743,0.39876378933089374,0.5512362106691062,1
nslkdd,mlp,Probe,219,250,False,0.5,-0.05,0.466,0.0,0.516,0.6278059099362795,0.32219409006372046,1
nslkdd,mlp,R2L,8,297,True,0.9764973390847445,,0.9163299663299663,,0.9663299663299664,0.02981848141104289,0.920181518588957,1
nslkdd,mlp,Normal,1708,1008,False,0.5,-0.05,-0.03214285714285715,0.0,0.017857142857142856,0.9268402777777777,0.02315972222222229,0
nslkdd,mlp,DoS,381,772,False,0.5,-0.05,0.527720207253886,0.0,0.5777202072538861,0.39876378933089374,0.5512362106691062,1
nslkdd,mlp,Probe,230,249,False,0.5,-0.05,0.37570281124497995,0.0,0.42570281124497994,0.6278059099362795,0.32219409006372046,1
nslkdd,mlp,R2L,11,297,True,0.9764973390847445,,0.9062289562289562,,0.9562289562289562,0.02981848141104289,0.920181518588957,1
nslkdd,mlp,Normal,1731,1008,False,0.5,-0.05,-0.025198412698412703,0.0,0.0248015873015873,0.9268402777777777,0.02315972222222229,0
nslkdd,mlp,DoS,401,771,False,0.5,-0.05,0.5323605706874189,0.0,0.582360570687419,0.39876378933089374,0.5512362106691062,1
nslkdd,mlp,Probe,193,250,False,0.5,-0.05,0.5179999999999999,0.0,0.568,0.6278059099362795,0.32219409006372046,1
nslkdd,mlp,R2L,6,297,True,0.9764973390847445,,0.923063973063973,,0.9730639730639731,0.02981848141104289,0.920181518588957,1
nslkdd,mlp,Normal,1855,1008,False,0.5,-0.05,-0.027182539682539687,0.0,0.022817460317460316,0.9268402777777777,0.02315972222222229,0
nslkdd,mlp,DoS,295,772,False,0.5,-0.05,0.6196891191709845,0.0,0.6696891191709845,0.39876378933089374,0.5512362106691062,1
nslkdd,mlp,Probe,176,249,False,0.5,-0.05,0.4198795180722892,0.0,0.46987951807228917,0.6278059099362795,0.32219409006372046,1
nslkdd,mlp,R2L,0,296,True,0.9612504318356514,,0.906081081081081,,0.956081081081081,0.02981848141104289,0.920181518588957,1
nslkdd,mlp,Normal,1883,1008,False,0.5,-0.05,-0.027182539682539687,0.0,0.022817460317460316,0.9268402777777777,0.02315972222222229,0
nslkdd,mlp,DoS,265,771,False,0.5,-0.05,0.6568741893644617,0.0,0.7068741893644618,0.39876378933089374,0.5512362106691062,1
nslkdd,mlp,Probe,179,248,False,0.5,-0.05,0.38548387096774195,0.0,0.43548387096774194,0.6278059099362795,0.32219409006372046,1
nslkdd,mlp,R2L,1,297,True,0.9612504318356514,,0.8994949494949495,,0.9494949494949495,0.02981848141104289,0.920181518588957,1
nslkdd,mlp,Normal,1872,1008,False,0.5,-0.05,-0.021230158730158735,0.0,0.028769841269841268,0.9268402777777777,0.02315972222222229,0
nslkdd,mlp,DoS,298,771,False,0.5,-0.05,0.632230869001297,0.0,0.682230869001297,0.39876378933089374,0.5512362106691062,1
nslkdd,mlp,Probe,158,250,False,0.5,-0.05,0.5179999999999999,0.0,0.568,0.6278059099362795,0.32219409006372046,1
nslkdd,mlp,R2L,0,297,True,0.9612504318356514,,0.9129629629629629,,0.9629629629629629,0.02981848141104289,0.920181518588957,1
nslkdd,mlp,Normal,1872,1008,False,0.5,-0.05,-0.03412698412698413,0.0,0.015873015873015872,0.9268402777777777,0.02315972222222229,0
nslkdd,mlp,DoS,279,772,False,0.5,-0.05,0.6404145077720207,0.0,0.6904145077720207,0.39876378933089374,0.5512362106691062,1
nslkdd,mlp,Probe,174,249,False,0.5,-0.05,0.37570281124497995,0.0,0.42570281124497994,0.6278059099362795,0.32219409006372046,1
nslkdd,mlp,R2L,4,297,True,0.9612504318356514,,0.8927609427609428,,0.9427609427609428,0.02981848141104289,0.920181518588957,1
nslkdd,mlp,Normal,1894,1008,False,0.5,-0.05,-0.027182539682539687,0.0,0.022817460317460316,0.9268402777777777,0.02315972222222229,0
nslkdd,mlp,DoS,293,771,False,0.5,-0.05,0.6555771725032425,0.0,0.7055771725032426,0.39876378933089374,0.5512362106691062,1
nslkdd,mlp,Probe,141,250,False,0.5,-0.05,0.5299999999999999,0.0,0.58,0.6278059099362795,0.32219409006372046,1
nslkdd,mlp,R2L,3,297,True,0.9612504318356514,,0.9129629629629629,,0.9629629629629629,0.02981848141104289,0.920181518588957,1
nslkdd,mlp,Normal,1690,1008,False,0.5,-0.05,-0.026190476190476195,0.0,0.023809523809523808,0.9268402777777777,0.02315972222222229,0
nslkdd,mlp,DoS,438,772,False,0.5,-0.05,0.4266839378238342,0.0,0.47668393782383417,0.39876378933089374,0.5512362106691062,1
nslkdd,mlp,Probe,197,249,False,0.5,-0.05,0.4520080321285141,0.0,0.5020080321285141,0.6278059099362795,0.32219409006372046,1
nslkdd,mlp,R2L,1,296,True,0.9568207859992981,,0.9297297297297297,,0.9797297297297297,0.02981848141104289,0.920181518588957,1
nslkdd,mlp,Normal,1770,1008,False,0.5,-0.05,-0.02916666666666667,0.0,0.020833333333333332,0.9268402777777777,0.02315972222222229,0
nslkdd,mlp,DoS,368,771,False,0.5,-0.05,0.5090142671854734,0.0,0.5590142671854734,0.39876378933089374,0.5512362106691062,1
nslkdd,mlp,Probe,189,248,False,0.5,-0.05,0.42177419354838713,0.0,0.4717741935483871,0.6278059099362795,0.32219409006372046,1
nslkdd,mlp,R2L,1,297,True,0.9568207859992981,,0.9163299663299663,,0.9663299663299664,0.02981848141104289,0.920181518588957,1
nslkdd,mlp,Normal,1714,1008,False,0.5,-0.05,-0.01924603174603175,0.0,0.030753968253968252,0.9268402777777777,0.02315972222222229,0
nslkdd,mlp,DoS,430,771,False,0.5,-0.05,0.453242542153048,0.0,0.503242542153048,0.39876378933089374,0.5512362106691062,1
nslkdd,mlp,Probe,186,250,False,0.5,-0.05,0.5419999999999999,0.0,0.592,0.6278059099362795,0.32219409006372046,1
nslkdd,mlp,R2L,0,297,True,0.9568207859992981,,0.9196969696969697,,0.9696969696969697,0.02981848141104289,0.920181518588957,1
nslkdd,mlp,Normal,1719,1008,False,0.5,-0.05,-0.03313492063492064,0.0,0.016865079365079364,0.9268402777777777,0.02315972222222229,0
nslkdd,mlp,DoS,402,772,False,0.5,-0.05,0.47072538860103624,0.0,0.5207253886010362,0.39876378933089374,0.5512362106691062,1
nslkdd,mlp,Probe,205,249,False,0.5,-0.05,0.4078313253012048,0.0,0.4578313253012048,0.6278059099362795,0.32219409006372046,1
nslkdd,mlp,R2L,2,297,True,0.9568207859992981,,0.9095959595959595,,0.9595959595959596,0.02981848141104289,0.920181518588957,1
nslkdd,mlp,Normal,1764,1008,False,0.5,-0.05,-0.027182539682539687,0.0,0.022817460317460316,0.9268402777777777,0.02315972222222229,0
nslkdd,mlp,DoS,402,771,False,0.5,-0.05,0.5038261997405966,0.0,0.5538261997405967,0.39876378933089374,0.5512362106691062,1
nslkdd,mlp,Probe,162,250,False,0.5,-0.05,0.57,0.0,0.62,0.6278059099362795,0.32219409006372046,1
nslkdd,mlp,R2L,2,297,True,0.9568207859992981,,0.9297979797979797,,0.9797979797979798,0.02981848141104289,0.920181518588957,1
nslkdd,mlp,Normal,1700,1008,False,0.5,-0.05,-0.025198412698412703,0.0,0.0248015873015873,0.9268402777777777,0.02315972222222229,0
nslkdd,mlp,DoS,421,772,False,0.5,-0.05,0.47072538860103624,0.0,0.5207253886010362,0.39876378933089374,0.5512362106691062,1
nslkdd,mlp,Probe,206,249,False,0.5,-0.05,0.47610441767068273,0.0,0.5261044176706827,0.6278059099362795,0.32219409006372046,1
nslkdd,mlp,R2L,0,296,True,0.99022804107517,,0.9128378378378378,,0.9628378378378378,0.02981848141104289,0.920181518588957,1
nslkdd,mlp,Normal,1755,1008,False,0.5,-0.05,-0.02817460317460318,0.0,0.021825396825396824,0.9268402777777777,0.02315972222222229,0
nslkdd,mlp,DoS,370,771,False,0.5,-0.05,0.5284695201037614,0.0,0.5784695201037614,0.39876378933089374,0.5512362106691062,1
nslkdd,mlp,Probe,202,248,False,0.5,-0.05,0.4782258064516129,0.0,0.5282258064516129,0.6278059099362795,0.32219409006372046,1
nslkdd,mlp,R2L,2,297,True,0.99022804107517,,0.9028619528619528,,0.9528619528619529,0.02981848141104289,0.920181518588957,1
nslkdd,mlp,Normal,1704,1008,False,0.5,-0.05,-0.01825396825396826,0.0,0.031746031746031744,0.9268402777777777,0.02315972222222229,0
nslkdd,mlp,DoS,432,771,False,0.5,-0.05,0.4701037613488976,0.0,0.5201037613488976,0.39876378933089374,0.5512362106691062,1
nslkdd,mlp,Probe,193,250,False,0.5,-0.05,0.57,0.0,0.62,0.6278059099362795,0.32219409006372046,1
nslkdd,mlp,R2L,0,297,True,0.99022804107517,,0.9129629629629629,,0.9629629629629629,0.02981848141104289,0.920181518588957,1
nslkdd,mlp,Normal,1716,1008,False,0.5,-0.05,-0.03214285714285715,0.0,0.017857142857142856,0.9268402777777777,0.02315972222222229,0
nslkdd,mlp,DoS,385,772,False,0.5,-0.05,0.5186528497409326,0.0,0.5686528497409327,0.39876378933089374,0.5512362106691062,1
nslkdd,mlp,Probe,226,249,False,0.5,-0.05,0.44799196787148593,0.0,0.4979919678714859,0.6278059099362795,0.32219409006372046,1
nslkdd,mlp,R2L,3,297,True,0.99022804107517,,0.8994949494949495,,0.9494949494949495,0.02981848141104289,0.920181518588957,1
nslkdd,mlp,Normal,1752,1008,False,0.5,-0.05,-0.025198412698412703,0.0,0.0248015873015873,0.9268402777777777,0.02315972222222229,0
nslkdd,mlp,DoS,396,771,False,0.5,-0.05,0.5323605706874189,0.0,0.582360570687419,0.39876378933089374,0.5512362106691062,1
nslkdd,mlp,Probe,179,250,False,0.5,-0.05,0.602,0.0,0.652,0.6278059099362795,0.32219409006372046,1
nslkdd,mlp,R2L,3,297,True,0.99022804107517,,0.923063973063973,,0.9730639730639731,0.02981848141104289,0.920181518588957,1
nslkdd,mlp,Normal,1625,1008,False,0.49994218349456787,-0.042,-0.01428571428571429,0.008,0.03571428571428571,0.9268402777777777,0.02315972222222229,0
nslkdd,mlp,DoS,508,772,False,0.49994218349456787,-0.05,0.40207253886010363,0.0,0.4520725388601036,0.39876378933089374,0.5512362106691062,1
nslkdd,mlp,Probe,191,249,False,0.4999731183052063,-0.05,0.4881526104417671,0.0,0.5381526104417671,0.6278059099362795,0.32219409006372046,1
nslkdd,mlp,R2L,3,296,True,0.9926827931776643,,0.8891891891891891,,0.9391891891891891,0.02981848141104289,0.920181518588957,1
nslkdd,mlp,Normal,1685,1008,False,0.49994218349456787,-0.043471810089020776,-0.01825396825396826,0.006528189910979229,0.031746031746031744,0.9268402777777777,0.02315972222222229,0
nslkdd,mlp,DoS,427,771,False,0.49994218349456787,-0.05,0.4830739299610895,0.0,0.5330739299610895,0.39876378933089374,0.5512362106691062,1
nslkdd,mlp,Probe,212,248,False,0.4999731183052063,-0.05,0.3895161290322581,0.0,0.43951612903225806,0.6278059099362795,0.32219409006372046,1
nslkdd,mlp,R2L,5,297,True,0.9926827931776643,,0.8826599326599326,,0.9326599326599326,0.02981848141104289,0.920181518588957,1
nslkdd,mlp,Normal,1619,1008,False,0.49994218349456787,-0.04444101297096974,-0.010317460317460322,0.005558987029030266,0.03968253968253968,0.9268402777777777,0.02315972222222229,0
nslkdd,mlp,DoS,512,771,False,0.49994218349456787,-0.05,0.40784695201037613,0.0,0.4578469520103761,0.39876378933089374,0.5512362106691062,1
nslkdd,mlp,Probe,196,250,False,0.4999731183052063,-0.05,0.5339999999999999,0.0,0.584,0.6278059099362795,0.32219409006372046,1
nslkdd,mlp,R2L,4,297,True,0.9926827931776643,,0.8893939393939394,,0.9393939393939394,0.02981848141104289,0.920181518588957,1
nslkdd,mlp,Normal,1665,1008,False,0.49994218349456787,-0.04279279279279279,-0.021230158730158735,0.007207207207207207,0.028769841269841268,0.9268402777777777,0.02315972222222229,0
nslkdd,mlp,DoS,451,772,False,0.49994218349456787,-0.05,0.46554404145077727,0.0,0.5155440414507773,0.39876378933089374,0.5512362106691062,1
nslkdd,mlp,Probe,202,249,False,0.4999731183052063,-0.05,0.4279116465863454,0.0,0.4779116465863454,0.6278059099362795,0.32219409006372046,1
nslkdd,mlp,R2L,12,297,True,0.9926827931776643,,0.8691919191919192,,0.9191919191919192,0.02981848141104289,0.920181518588957,1
nslkdd,mlp,Normal,1684,1008,False,0.49994218349456787,-0.04168646080760095,-0.01428571428571429,0.00831353919239905,0.03571428571428571,0.9268402777777777,0.02315972222222229,0
nslkdd,mlp,DoS,464,771,False,0.49994218349456787,-0.05,0.47658884565499354,0.0,0.5265888456549935,0.39876378933089374,0.5512362106691062,1
nslkdd,mlp,Probe,178,250,False,0.4999731183052063,-0.05,0.5419999999999999,0.0,0.592,0.6278059099362795,0.32219409006372046,1
nslkdd,mlp,R2L,5,297,True,0.9926827931776643,,0.9028619528619528,,0.9528619528619529,0.02981848141104289,0.920181518588957,1
nslkdd,rf,Normal,1921,1008,False,0.499973326921463,-0.05,-0.01924603174603175,0.0,0.030753968253968252,0.9268402777777777,0.02315972222222229,0
nslkdd,rf,DoS,184,772,False,0.499973326921463,-0.05,0.7544041450777201,0.0,0.8044041450777202,0.39876378933089374,0.5512362106691062,1
nslkdd,rf,Probe,223,249,False,0.499973326921463,-0.05,0.34357429718875504,0.0,0.39357429718875503,0.6278059099362795,0.32219409006372046,1
nslkdd,rf,R2L,3,296,True,0.5,,0.9398648648648649,,0.9898648648648649,0.02981848141104289,0.920181518588957,1
nslkdd,rf,Normal,1921,1008,False,0.499973326921463,-0.05,-0.021230158730158735,0.0,0.028769841269841268,0.9268402777777777,0.02315972222222229,0
nslkdd,rf,DoS,182,771,False,0.499973326921463,-0.05,0.7528534370946822,0.0,0.8028534370946823,0.39876378933089374,0.5512362106691062,1
nslkdd,rf,Probe,218,248,False,0.499973326921463,-0.05,0.29677419354838713,0.0,0.3467741935483871,0.6278059099362795,0.32219409006372046,1
nslkdd,rf,R2L,9,297,True,0.5,,0.9196969696969697,,0.9696969696969697,0.02981848141104289,0.920181518588957,1
nslkdd,rf,Normal,1947,1008,False,0.499973326921463,-0.05,-0.011309523809523811,0.0,0.03869047619047619,0.9268402777777777,0.02315972222222229,0
nslkdd,rf,DoS,198,771,False,0.499973326921463,-0.05,0.7502594033722438,0.0,0.8002594033722439,0.39876378933089374,0.5512362106691062,1
nslkdd,rf,Probe,179,250,False,0.499973326921463,-0.05,0.506,0.0,0.556,0.6278059099362795,0.32219409006372046,1
nslkdd,rf,R2L,8,297,True,0.5,,0.9297979797979797,,0.9797979797979798,0.02981848141104289,0.920181518588957,1
nslkdd,rf,Normal,1953,1008,False,0.499973326921463,-0.05,-0.026190476190476195,0.0,0.023809523809523808,0.9268402777777777,0.02315972222222229,0
nslkdd,rf,DoS,178,772,False,0.499973326921463,-0.05,0.7582901554404144,0.0,0.8082901554404145,0.39876378933089374,0.5512362106691062,1
nslkdd,rf,Probe,195,249,False,0.499973326921463,-0.05,0.37971887550200806,0.0,0.42971887550200805,0.6278059099362795,0.32219409006372046,1
nslkdd,rf,R2L,5,297,True,0.5,,0.9365319865319864,,0.9865319865319865,0.02981848141104289,0.920181518588957,1
nslkdd,rf,Normal,1958,1008,False,0.499973326921463,-0.05,-0.02321428571428572,0.0,0.026785714285714284,0.9268402777777777,0.02315972222222229,0
nslkdd,rf,DoS,199,771,False,0.499973326921463,-0.05,0.7541504539559014,0.0,0.8041504539559015,0.39876378933089374,0.5512362106691062,1
nslkdd,rf,Probe,170,250,False,0.499973326921463,-0.05,0.506,0.0,0.556,0.6278059099362795,0.32219409006372046,1
nslkdd,rf,R2L,4,297,True,0.5,,0.9365319865319864,,0.9865319865319865,0.02981848141104289,0.920181518588957,1
nslkdd,rf,Normal,1880,1008,False,0.5,-0.05,-0.01924603174603175,0.0,0.030753968253968252,0.9268402777777777,0.02315972222222229,0
nslkdd,rf,DoS,226,772,False,0.5,-0.05,0.7,0.0,0.75,0.39876378933089374,0.5512362106691062,1
nslkdd,rf,Probe,221,249,False,0.5,-0.05,0.31546184738955824,0.0,0.3654618473895582,0.6278059099362795,0.32219409006372046,1
nslkdd,rf,R2L,4,296,True,0.5,,0.9364864864864865,,0.9864864864864865,0.02981848141104289,0.920181518588957,1
nslkdd,rf,Normal,1896,1008,False,0.5,-0.05,-0.01924603174603175,0.0,0.030753968253968252,0.9268402777777777,0.02315972222222229,0
nslkdd,rf,DoS,217,771,False,0.5,-0.05,0.7074578469520103,0.0,0.7574578469520103,0.39876378933089374,0.5512362106691062,1
nslkdd,rf,Probe,208,248,False,0.5,-0.05,0.3048387096774194,0.0,0.3548387096774194,0.6278059099362795,0.32219409006372046,1
nslkdd,rf,R2L,9,297,True,0.5,,0.9264309764309764,,0.9764309764309764,0.02981848141104289,0.920181518588957,1
nslkdd,rf,Normal,1909,1008,False,0.5,-0.05,-0.012301587301587306,0.0,0.037698412698412696,0.9268402777777777,0.02315972222222229,0
nslkdd,rf,DoS,239,771,False,0.5,-0.05,0.6957846952010376,0.0,0.7457846952010376,0.39876378933089374,0.5512362106691062,1
nslkdd,rf,Probe,177,250,False,0.5,-0.05,0.48600000000000004,0.0,0.536,0.6278059099362795,0.32219409006372046,1
nslkdd,rf,R2L,7,297,True,0.5,,0.9331649831649831,,0.9831649831649831,0.02981848141104289,0.920181518588957,1
nslkdd,rf,Normal,1917,1008,False,0.5,-0.05,-0.02420634920634921,0.0,0.025793650793650792,0.9268402777777777,0.02315972222222229,0
nslkdd,rf,DoS,211,772,False,0.5,-0.05,0.7155440414507772,0.0,0.7655440414507773,0.39876378933089374,0.5512362106691062,1
nslkdd,rf,Probe,198,249,False,0.5,-0.05,0.34759036144578315,0.0,0.39759036144578314,0.6278059099362795,0.32219409006372046,1
nslkdd,rf,R2L,5,297,True,0.5,,0.9365319865319864,,0.9865319865319865,0.02981848141104289,0.920181518588957,1
nslkdd,rf,Normal,1923,1008,False,0.5,-0.05,-0.02420634920634921,0.0,0.025793650793650792,0.9268402777777777,0.02315972222222229,0
nslkdd,rf,DoS,237,771,False,0.5,-0.05,0.7048638132295719,0.0,0.754863813229572,0.39876378933089374,0.5512362106691062,1
nslkdd,rf,Probe,167,250,False,0.5,-0.05,0.49800000000000005,0.0,0.548,0.6278059099362795,0.32219409006372046,1
nslkdd,rf,R2L,4,297,True,0.5,,0.9365319865319864,,0.9865319865319865,0.02981848141104289,0.920181518588957,1
nslkdd,rf,Normal,1919,1008,False,0.5,-0.05,-0.01924603174603175,0.0,0.030753968253968252,0.9268402777777777,0.02315972222222229,0
nslkdd,rf,DoS,194,772,False,0.5,-0.05,0.7414507772020725,0.0,0.7914507772020726,0.39876378933089374,0.5512362106691062,1
nslkdd,rf,Probe,214,249,False,0.5,-0.05,0.35160642570281125,0.0,0.40160642570281124,0.6278059099362795,0.32219409006372046,1
nslkdd,rf,R2L,4,296,True,0.5,,0.9364864864864865,,0.9864864864864865,0.02981848141104289,0.920181518588957,1
nslkdd,rf,Normal,1918,1008,False,0.5,-0.05,-0.020238095238095243,0.0,0.02976190476190476,0.9268402777777777,0.02315972222222229,0
nslkdd,rf,DoS,190,771,False,0.5,-0.05,0.7424773022049286,0.0,0.7924773022049286,0.39876378933089374,0.5512362106691062,1
nslkdd,rf,Probe,214,248,False,0.5,-0.05,0.2887096774193548,0.0,0.3387096774193548,0.6278059099362795,0.32219409006372046,1
nslkdd,rf,R2L,8,297,True,0.5,,0.9264309764309764,,0.9764309764309764,0.02981848141104289,0.920181518588957,1
nslkdd,rf,Normal,1939,1008,False,0.5,-0.05,-0.012301587301587306,0.0,0.037698412698412696,0.9268402777777777,0.02315972222222229,0
nslkdd,rf,DoS,202,771,False,0.5,-0.05,0.7437743190661478,0.0,0.7937743190661478,0.39876378933089374,0.5512362106691062,1
nslkdd,rf,Probe,184,250,False,0.5,-0.05,0.47000000000000003,0.0,0.52,0.6278059099362795,0.32219409006372046,1
nslkdd,rf,R2L,7,297,True,0.5,,0.9331649831649831,,0.9831649831649831,0.02981848141104289,0.920181518588957,1
nslkdd,rf,Normal,1942,1008,False,0.5,-0.05,-0.02420634920634921,0.0,0.025793650793650792,0.9268402777777777,0.02315972222222229,0
nslkdd,rf,DoS,187,772,False,0.5,-0.05,0.7466321243523316,0.0,0.7966321243523317,0.39876378933089374,0.5512362106691062,1
nslkdd,rf,Probe,197,249,False,0.5,-0.05,0.3636546184738956,0.0,0.41365461847389556,0.6278059099362795,0.32219409006372046,1
nslkdd,rf,R2L,5,297,True,0.5,,0.9365319865319864,,0.9865319865319865,0.02981848141104289,0.920181518588957,1
nslkdd,rf,Normal,1952,1008,False,0.5,-0.05,-0.022222222222222227,0.0,0.027777777777777776,0.9268402777777777,0.02315972222222229,0
nslkdd,rf,DoS,202,771,False,0.5,-0.05,0.7502594033722438,0.0,0.8002594033722439,0.39876378933089374,0.5512362106691062,1
nslkdd,rf,Probe,173,250,False,0.5,-0.05,0.49000000000000005,0.0,0.54,0.6278059099362795,0.32219409006372046,1
nslkdd,rf,R2L,4,297,True,0.5,,0.9365319865319864,,0.9865319865319865,0.02981848141104289,0.920181518588957,1
nslkdd,rf,Normal,1905,1008,False,0.5,-0.05,-0.020238095238095243,0.0,0.02976190476190476,0.9268402777777777,0.02315972222222229,0
nslkdd,rf,DoS,222,772,False,0.5,-0.05,0.705181347150259,0.0,0.7551813471502591,0.39876378933089374,0.5512362106691062,1
nslkdd,rf,Probe,200,249,False,0.5,-0.05,0.37570281124497995,0.0,0.42570281124497994,0.6278059099362795,0.32219409006372046,1
nslkdd,rf,R2L,4,296,True,0.5,,0.9364864864864865,,0.9864864864864865,0.02981848141104289,0.920181518588957,1
nslkdd,rf,Normal,1919,1008,False,0.5,-0.05,-0.021230158730158735,0.0,0.028769841269841268,0.9268402777777777,0.02315972222222229,0
nslkdd,rf,DoS,208,771,False,0.5,-0.05,0.7191309987029831,0.0,0.7691309987029832,0.39876378933089374,0.5512362106691062,1
nslkdd,rf,Probe,193,248,False,0.5,-0.05,0.3370967741935484,0.0,0.3870967741935484,0.6278059099362795,0.32219409006372046,1
nslkdd,rf,R2L,10,297,True,0.5,,0.9196969696969697,,0.9696969696969697,0.02981848141104289,0.920181518588957,1
nslkdd,rf,Normal,1941,1008,False,0.5,-0.05,-0.013293650793650795,0.0,0.03670634920634921,0.9268402777777777,0.02315972222222229,0
nslkdd,rf,DoS,222,771,False,0.5,-0.05,0.717833981841764,0.0,0.767833981841764,0.39876378933089374,0.5512362106691062,1
nslkdd,rf,Probe,161,250,False,0.5,-0.05,0.5379999999999999,0.0,0.588,0.6278059099362795,0.32219409006372046,1
nslkdd,rf,R2L,8,297,True,0.5,,0.9297979797979797,,0.9797979797979798,0.02981848141104289,0.920181518588957,1
nslkdd,rf,Normal,1933,1008,False,0.5,-0.05,-0.026190476190476195,0.0,0.023809523809523808,0.9268402777777777,0.02315972222222229,0
nslkdd,rf,DoS,208,772,False,0.5,-0.05,0.7194300518134714,0.0,0.7694300518134715,0.39876378933089374,0.5512362106691062,1
nslkdd,rf,Probe,185,249,False,0.5,-0.05,0.38775100401606427,0.0,0.43775100401606426,0.6278059099362795,0.32219409006372046,1
nslkdd,rf,R2L,5,297,True,0.5,,0.9365319865319864,,0.9865319865319865,0.02981848141104289,0.920181518588957,1
nslkdd,rf,Normal,1949,1008,False,0.5,-0.05,-0.025198412698412703,0.0,0.0248015873015873,0.9268402777777777,0.02315972222222229,0
nslkdd,rf,DoS,225,771,False,0.5,-0.05,0.7204280155642023,0.0,0.7704280155642024,0.39876378933089374,0.5512362106691062,1
nslkdd,rf,Probe,154,250,False,0.5,-0.05,0.5379999999999999,0.0,0.588,0.6278059099362795,0.32219409006372046,1
nslkdd,rf,R2L,3,297,True,0.5,,0.9398989898989899,,0.98989898989899,0.02981848141104289,0.920181518588957,1
nslkdd,rf,Normal,1920,1008,False,0.5,-0.05,-0.01825396825396826,0.0,0.031746031746031744,0.9268402777777777,0.02315972222222229,0
nslkdd,rf,DoS,207,772,False,0.5,-0.05,0.7246113989637305,0.0,0.7746113989637305,0.39876378933089374,0.5512362106691062,1
nslkdd,rf,Probe,202,249,False,0.5,-0.05,0.3676706827309237,0.0,0.41767068273092367,0.6278059099362795,0.32219409006372046,1
nslkdd,rf,R2L,2,296,True,0.5,,0.9432432432432432,,0.9932432432432432,0.02981848141104289,0.920181518588957,1
nslkdd,rf,Normal,1922,1008,False,0.5,-0.05,-0.020238095238095243,0.0,0.02976190476190476,0.9268402777777777,0.02315972222222229,0
nslkdd,rf,DoS,202,771,False,0.5,-0.05,0.7269130998702983,0.0,0.7769130998702983,0.39876378933089374,0.5512362106691062,1
nslkdd,rf,Probe,198,248,False,0.5,-0.05,0.31290322580645163,0.0,0.3629032258064516,0.6278059099362795,0.32219409006372046,1
nslkdd,rf,R2L,8,297,True,0.5,,0.9264309764309764,,0.9764309764309764,0.02981848141104289,0.920181518588957,1
nslkdd,rf,Normal,1946,1008,False,0.5,-0.05,-0.012301587301587306,0.0,0.037698412698412696,0.9268402777777777,0.02315972222222229,0
nslkdd,rf,DoS,217,771,False,0.5,-0.05,0.7243190661478599,0.0,0.77431906614786,0.39876378933089374,0.5512362106691062,1
nslkdd,rf,Probe,162,250,False,0.5,-0.05,0.5219999999999999,0.0,0.572,0.6278059099362795,0.32219409006372046,1
nslkdd,rf,R2L,7,297,True,0.5,,0.9331649831649831,,0.9831649831649831,0.02981848141104289,0.920181518588957,1
nslkdd,rf,Normal,1946,1008,False,0.5,-0.05,-0.02420634920634921,0.0,0.025793650793650792,0.9268402777777777,0.02315972222222229,0
nslkdd,rf,DoS,198,772,False,0.5,-0.05,0.7323834196891191,0.0,0.7823834196891192,0.39876378933089374,0.5512362106691062,1
nslkdd,rf,Probe,182,249,False,0.5,-0.05,0.3917670682730924,0.0,0.44176706827309237,0.6278059099362795,0.32219409006372046,1
nslkdd,rf,R2L,5,297,True,0.5,,0.9365319865319864,,0.9865319865319865,0.02981848141104289,0.920181518588957,1
nslkdd,rf,Normal,1964,1008,False,0.5,-0.05,-0.02420634920634921,0.0,0.025793650793650792,0.9268402777777777,0.02315972222222229,0
nslkdd,rf,DoS,214,771,False,0.5,-0.05,0.7346952010376134,0.0,0.7846952010376135,0.39876378933089374,0.5512362106691062,1
nslkdd,rf,Probe,150,250,False,0.5,-0.05,0.5379999999999999,0.0,0.588,0.6278059099362795,0.32219409006372046,1
nslkdd,rf,R2L,3,297,True,0.5,,0.9398989898989899,,0.98989898989899,0.02981848141104289,0.920181518588957,1
nslkdd,rf,Normal,1910,1008,False,0.5,-0.05,-0.01924603174603175,0.0,0.030753968253968252,0.9268402777777777,0.02315972222222229,0
nslkdd,rf,DoS,209,772,False,0.5,-0.05,0.722020725388601,0.0,0.772020725388601,0.39876378933089374,0.5512362106691062,1
nslkdd,rf,Probe,208,249,False,0.5,-0.05,0.35963855421686747,0.0,0.40963855421686746,0.6278059099362795,0.32219409006372046,1
nslkdd,rf,R2L,4,296,True,0.5,,0.9364864864864865,,0.9864864864864865,0.02981848141104289,0.920181518588957,1
nslkdd,rf,Normal,1920,1008,False,0.5,-0.05,-0.020238095238095243,0.0,0.02976190476190476,0.9268402777777777,0.02315972222222229,0
nslkdd,rf,DoS,200,771,False,0.5,-0.05,0.7295071335927367,0.0,0.7795071335927367,0.39876378933089374,0.5512362106691062,1
nslkdd,rf,Probe,201,248,False,0.5,-0.05,0.31693548387096776,0.0,0.36693548387096775,0.6278059099362795,0.32219409006372046,1
nslkdd,rf,R2L,9,297,True,0.5,,0.9264309764309764,,0.9764309764309764,0.02981848141104289,0.920181518588957,1
nslkdd,rf,Normal,1938,1008,False,0.5,-0.05,-0.012301587301587306,0.0,0.037698412698412696,0.9268402777777777,0.02315972222222229,0
nslkdd,rf,DoS,214,771,False,0.5,-0.05,0.7282101167315175,0.0,0.7782101167315175,0.39876378933089374,0.5512362106691062,1
nslkdd,rf,Probe,173,250,False,0.5,-0.05,0.502,0.0,0.552,0.6278059099362795,0.32219409006372046,1
nslkdd,rf,R2L,7,297,True,0.5,,0.9331649831649831,,0.9831649831649831,0.02981848141104289,0.920181518588957,1
nslkdd,rf,Normal,1940,1008,False,0.5,-0.05,-0.025198412698412703,0.0,0.0248015873015873,0.9268402777777777,0.02315972222222229,0
nslkdd,rf,DoS,196,772,False,0.5,-0.05,0.7349740932642487,0.0,0.7849740932642487,0.39876378933089374,0.5512362106691062,1
nslkdd,rf,Probe,190,249,False,0.5,-0.05,0.37971887550200806,0.0,0.42971887550200805,0.6278059099362795,0.32219409006372046,1
nslkdd,rf,R2L,5,297,True,0.5,,0.9365319865319864,,0.9865319865319865,0.02981848141104289,0.920181518588957,1
nslkdd,rf,Normal,1952,1008,False,0.5,-0.05,-0.02420634920634921,0.0,0.025793650793650792,0.9268402777777777,0.02315972222222229,0
nslkdd,rf,DoS,212,771,False,0.5,-0.05,0.7372892347600518,0.0,0.7872892347600519,0.39876378933089374,0.5512362106691062,1
nslkdd,rf,Probe,163,250,False,0.5,-0.05,0.5139999999999999,0.0,0.564,0.6278059099362795,0.32219409006372046,1
nslkdd,rf,R2L,4,297,True,0.5,,0.9365319865319864,,0.9865319865319865,0.02981848141104289,0.920181518588957,1
nslkdd,rf,Normal,1883,1008,False,0.5,-0.05,-0.017261904761904763,0.0,0.03273809523809524,0.9268402777777777,0.02315972222222229,0
nslkdd,rf,DoS,224,772,False,0.5,-0.05,0.7025906735751295,0.0,0.7525906735751295,0.39876378933089374,0.5512362106691062,1
nslkdd,rf,Probe,219,249,False,0.5,-0.05,0.32751004016064256,0.0,0.37751004016064255,0.6278059099362795,0.32219409006372046,1
nslkdd,rf,R2L,5,296,True,0.5,,0.9331081081081081,,0.9831081081081081,0.02981848141104289,0.920181518588957,1
nslkdd,rf,Normal,1894,1008,False,0.5,-0.05,-0.020238095238095243,0.0,0.02976190476190476,0.9268402777777777,0.02315972222222229,0
nslkdd,rf,DoS,219,771,False,0.5,-0.05,0.7048638132295719,0.0,0.754863813229572,0.39876378933089374,0.5512362106691062,1
nslkdd,rf,Probe,208,248,False,0.5,-0.05,0.29677419354838713,0.0,0.3467741935483871,0.6278059099362795,0.32219409006372046,1
nslkdd,rf,R2L,9,297,True,0.5,,0.9196969696969697,,0.9696969696969697,0.02981848141104289,0.920181518588957,1
nslkdd,rf,Normal,1907,1008,False,0.5,-0.05,-0.013293650793650795,0.0,0.03670634920634921,0.9268402777777777,0.02315972222222229,0
nslkdd,rf,DoS,236,771,False,0.5,-0.05,0.698378728923476,0.0,0.748378728923476,0.39876378933089374,0.5512362106691062,1
nslkdd,rf,Probe,181,250,False,0.5,-0.05,0.47000000000000003,0.0,0.52,0.6278059099362795,0.32219409006372046,1
nslkdd,rf,R2L,8,297,True,0.5,,0.9297979797979797,,0.9797979797979798,0.02981848141104289,0.920181518588957,1
nslkdd,rf,Normal,1918,1008,False,0.5,-0.05,-0.02420634920634921,0.0,0.025793650793650792,0.9268402777777777,0.02315972222222229,0
nslkdd,rf,DoS,212,772,False,0.5,-0.05,0.7142487046632124,0.0,0.7642487046632125,0.39876378933089374,0.5512362106691062,1
nslkdd,rf,Probe,196,249,False,0.5,-0.05,0.35562248995983936,0.0,0.40562248995983935,0.6278059099362795,0.32219409006372046,1
nslkdd,rf,R2L,5,297,True,0.5,,0.9365319865319864,,0.9865319865319865,0.02981848141104289,0.920181518588957,1
nslkdd,rf,Normal,1928,1008,False,0.5,-0.05,-0.021230158730158735,0.0,0.028769841269841268,0.9268402777777777,0.02315972222222229,0
nslkdd,rf,DoS,229,771,False,0.5,-0.05,0.7165369649805448,0.0,0.7665369649805448,0.39876378933089374,0.5512362106691062,1
nslkdd,rf,Probe,170,250,False,0.5,-0.05,0.49800000000000005,0.0,0.548,0.6278059099362795,0.32219409006372046,1
nslkdd,rf,R2L,4,297,True,0.5,,0.9365319865319864,,0.9865319865319865,0.02981848141104289,0.920181518588957,1
nslkdd,rf,Normal,1904,1008,False,0.5,-0.05,-0.020238095238095243,0.0,0.02976190476190476,0.9268402777777777,0.02315972222222229,0
nslkdd,rf,DoS,223,772,False,0.5,-0.05,0.7038860103626943,0.0,0.7538860103626943,0.39876378933089374,0.5512362106691062,1
nslkdd,rf,Probe,201,249,False,0.5,-0.05,0.34357429718875504,0.0,0.39357429718875503,0.6278059099362795,0.32219409006372046,1
nslkdd,rf,R2L,3,296,True,0.5,,0.9398648648648649,,0.9898648648648649,0.02981848141104289,0.920181518588957,1
nslkdd,rf,Normal,1922,1008,False,0.5,-0.05,-0.020238095238095243,0.0,0.02976190476190476,0.9268402777777777,0.02315972222222229,0
nslkdd,rf,DoS,208,771,False,0.5,-0.05,0.7191309987029831,0.0,0.7691309987029832,0.39876378933089374,0.5512362106691062,1
nslkdd,rf,Probe,190,248,False,0.5,-0.05,0.32903225806451614,0.0,0.3790322580645161,0.6278059099362795,0.32219409006372046,1
nslkdd,rf,R2L,10,297,True,0.5,,0.923063973063973,,0.9730639730639731,0.02981848141104289,0.920181518588957,1
nslkdd,rf,Normal,1938,1008,False,0.5,-0.05,-0.013293650793650795,0.0,0.03670634920634921,0.9268402777777777,0.02315972222222229,0
nslkdd,rf,DoS,222,771,False,0.5,-0.05,0.7165369649805448,0.0,0.7665369649805448,0.39876378933089374,0.5512362106691062,1
nslkdd,rf,Probe,165,250,False,0.5,-0.05,0.506,0.0,0.556,0.6278059099362795,0.32219409006372046,1
nslkdd,rf,R2L,7,297,True,0.5,,0.9331649831649831,,0.9831649831649831,0.02981848141104289,0.920181518588957,1
nslkdd,rf,Normal,1935,1008,False,0.5,-0.05,-0.026190476190476195,0.0,0.023809523809523808,0.9268402777777777,0.02315972222222229,0
nslkdd,rf,DoS,208,772,False,0.5,-0.05,0.7194300518134714,0.0,0.7694300518134715,0.39876378933089374,0.5512362106691062,1
nslkdd,rf,Probe,183,249,False,0.5,-0.05,0.3676706827309237,0.0,0.41767068273092367,0.6278059099362795,0.32219409006372046,1
nslkdd,rf,R2L,5,297,True,0.5,,0.9365319865319864,,0.9865319865319865,0.02981848141104289,0.920181518588957,1
nslkdd,rf,Normal,1947,1008,False,0.5,-0.05,-0.02420634920634921,0.0,0.025793650793650792,0.9268402777777777,0.02315972222222229,0
nslkdd,rf,DoS,225,771,False,0.5,-0.05,0.7204280155642023,0.0,0.7704280155642024,0.39876378933089374,0.5512362106691062,1
nslkdd,rf,Probe,155,250,False,0.5,-0.05,0.51,0.0,0.56,0.6278059099362795,0.32219409006372046,1
nslkdd,rf,R2L,4,297,True,0.5,,0.9365319865319864,,0.9865319865319865,0.02981848141104289,0.920181518588957,1
nslkdd,rf,Normal,1901,1008,False,0.5,-0.05,-0.01924603174603175,0.0,0.030753968253968252,0.9268402777777777,0.02315972222222229,0
nslkdd,rf,DoS,203,772,False,0.5,-0.05,0.7297927461139896,0.0,0.7797927461139896,0.39876378933089374,0.5512362106691062,1
nslkdd,rf,Probe,224,249,False,0.5,-0.05,0.3315261044176707,0.0,0.3815261044176707,0.6278059099362795,0.32219409006372046,1
nslkdd,rf,R2L,3,296,True,0.5,,0.9398648648648649,,0.9898648648648649,0.02981848141104289,0.920181518588957,1
nslkdd,rf,Normal,1902,1008,False,0.5,-0.05,-0.020238095238095243,0.0,0.02976190476190476,0.9268402777777777,0.02315972222222229,0
nslkdd,rf,DoS,199,771,False,0.5,-0.05,0.7308041504539559,0.0,0.7808041504539559,0.39876378933089374,0.5512362106691062,1
nslkdd,rf,Probe,220,248,False,0.5,-0.05,0.2887096774193548,0.0,0.3387096774193548,0.6278059099362795,0.32219409006372046,1
nslkdd,rf,R2L,9,297,True,0.5,,0.9196969696969697,,0.9696969696969697,0.02981848141104289,0.920181518588957,1
nslkdd,rf,Normal,1924,1008,False,0.5,-0.05,-0.013293650793650795,0.0,0.03670634920634921,0.9268402777777777,0.02315972222222229,0
nslkdd,rf,DoS,217,771,False,0.5,-0.05,0.7243190661478599,0.0,0.77431906614786,0.39876378933089374,0.5512362106691062,1
nslkdd,rf,Probe,185,250,False,0.5,-0.05,0.47000000000000003,0.0,0.52,0.6278059099362795,0.32219409006372046,1
nslkdd,rf,R2L,6,297,True,0.5,,0.9331649831649831,,0.9831649831649831,0.02981848141104289,0.920181518588957,1
nslkdd,rf,Normal,1930,1008,False,0.5,-0.05,-0.02420634920634921,0.0,0.025793650793650792,0.9268402777777777,0.02315972222222229,0
nslkdd,rf,DoS,193,772,False,0.5,-0.05,0.738860103626943,0.0,0.788860103626943,0.39876378933089374,0.5512362106691062,1
nslkdd,rf,Probe,203,249,False,0.5,-0.05,0.34357429718875504,0.0,0.39357429718875503,0.6278059099362795,0.32219409006372046,1
nslkdd,rf,R2L,5,297,True,0.5,,0.9365319865319864,,0.9865319865319865,0.02981848141104289,0.920181518588957,1
nslkdd,rf,Normal,1943,1008,False,0.5,-0.05,-0.02420634920634921,0.0,0.025793650793650792,0.9268402777777777,0.02315972222222229,0
nslkdd,rf,DoS,213,771,False,0.5,-0.05,0.7359922178988326,0.0,0.7859922178988327,0.39876378933089374,0.5512362106691062,1
nslkdd,rf,Probe,171,250,False,0.5,-0.05,0.49400000000000005,0.0,0.544,0.6278059099362795,0.32219409006372046,1
nslkdd,rf,R2L,4,297,True,0.5,,0.9365319865319864,,0.9865319865319865,0.02981848141104289,0.920181518588957,1
nslkdd,rf,Normal,1868,1008,False,0.5,-0.05,-0.020238095238095243,0.0,0.02976190476190476,0.9268402777777777,0.02315972222222229,0
nslkdd,rf,DoS,230,772,False,0.5,-0.05,0.6948186528497409,0.0,0.7448186528497409,0.39876378933089374,0.5512362106691062,1
nslkdd,rf,Probe,230,249,False,0.5,-0.05,0.31144578313253013,0.0,0.3614457831325301,0.6278059099362795,0.32219409006372046,1
nslkdd,rf,R2L,3,296,True,0.5,,0.9398648648648649,,0.9898648648648649,0.02981848141104289,0.920181518588957,1
nslkdd,rf,Normal,1879,1008,False,0.5,-0.05,-0.01924603174603175,0.0,0.030753968253968252,0.9268402777777777,0.02315972222222229,0
nslkdd,rf,DoS,218,771,False,0.5,-0.05,0.7061608300907911,0.0,0.7561608300907912,0.39876378933089374,0.5512362106691062,1
nslkdd,rf,Probe,224,248,False,0.5,-0.05,0.2846774193548387,0.0,0.3346774193548387,0.6278059099362795,0.32219409006372046,1
nslkdd,rf,R2L,8,297,True,0.5,,0.9264309764309764,,0.9764309764309764,0.02981848141104289,0.920181518588957,1
nslkdd,rf,Normal,1882,1008,False,0.5,-0.05,-0.012301587301587306,0.0,0.037698412698412696,0.9268402777777777,0.02315972222222229,0
nslkdd,rf,DoS,241,771,False,0.5,-0.05,0.6931906614785992,0.0,0.7431906614785992,0.39876378933089374,0.5512362106691062,1
nslkdd,rf,Probe,202,250,False,0.5,-0.05,0.438,0.0,0.488,0.6278059099362795,0.32219409006372046,1
nslkdd,rf,R2L,7,297,True,0.5,,0.9331649831649831,,0.9831649831649831,0.02981848141104289,0.920181518588957,1
nslkdd,rf,Normal,1900,1008,False,0.5,-0.05,-0.02420634920634921,0.0,0.025793650793650792,0.9268402777777777,0.02315972222222229,0
nslkdd,rf,DoS,212,772,False,0.5,-0.05,0.7142487046632124,0.0,0.7642487046632125,0.39876378933089374,0.5512362106691062,1
nslkdd,rf,Probe,214,249,False,0.5,-0.05,0.31546184738955824,0.0,0.3654618473895582,0.6278059099362795,0.32219409006372046,1
nslkdd,rf,R2L,5,297,True,0.5,,0.9365319865319864,,0.9865319865319865,0.02981848141104289,0.920181518588957,1
nslkdd,rf,Normal,1911,1008,False,0.5,-0.05,-0.02420634920634921,0.0,0.025793650793650792,0.9268402777777777,0.02315972222222229,0
nslkdd,rf,DoS,234,771,False,0.5,-0.05,0.7087548638132295,0.0,0.7587548638132295,0.39876378933089374,0.5512362106691062,1
nslkdd,rf,Probe,183,250,False,0.5,-0.05,0.458,0.0,0.508,0.6278059099362795,0.32219409006372046,1
nslkdd,rf,R2L,3,297,True,0.5,,0.9398989898989899,,0.98989898989899,0.02981848141104289,0.920181518588957,1
nslkdd,xgb,Normal,1765,1008,False,0.5,-0.05,-0.01825396825396826,0.0,0.031746031746031744,0.9268402777777777,0.02315972222222229,0
nslkdd,xgb,DoS,347,772,False,0.5,-0.05,0.5445595854922279,0.0,0.594559585492228,0.39876378933089374,0.5512362106691062,1
nslkdd,xgb,Probe,214,249,False,0.5,-0.05,0.37168674698795184,0.0,0.42168674698795183,0.6278059099362795,0.32219409006372046,1
nslkdd,xgb,R2L,5,296,True,0.5,,0.9331081081081081,,0.9831081081081081,0.02981848141104289,0.920181518588957,1
nslkdd,xgb,Normal,1794,1008,False,0.5,-0.05,-0.01924603174603175,0.0,0.030753968253968252,0.9268402777777777,0.02315972222222229,0
nslkdd,xgb,DoS,317,771,False,0.5,-0.05,0.5790531776913099,0.0,0.62905317769131,0.39876378933089374,0.5512362106691062,1
nslkdd,xgb,Probe,210,248,False,0.5,-0.05,0.3209677419354839,0.0,0.3709677419354839,0.6278059099362795,0.32219409006372046,1
nslkdd,xgb,R2L,8,297,True,0.5,,0.923063973063973,,0.9730639730639731,0.02981848141104289,0.920181518588957,1
nslkdd,xgb,Normal,1803,1008,False,0.5,-0.05,-0.009325396825396827,0.0,0.040674603174603176,0.9268402777777777,0.02315972222222229,0
nslkdd,xgb,DoS,353,771,False,0.5,-0.05,0.5518158236057068,0.0,0.6018158236057068,0.39876378933089374,0.5512362106691062,1
nslkdd,xgb,Probe,170,250,False,0.5,-0.05,0.5419999999999999,0.0,0.592,0.6278059099362795,0.32219409006372046,1
nslkdd,xgb,R2L,6,297,True,0.5,,0.9365319865319864,,0.9865319865319865,0.02981848141104289,0.920181518588957,1
nslkdd,xgb,Normal,1825,1008,False,0.5,-0.05,-0.022222222222222227,0.0,0.027777777777777776,0.9268402777777777,0.02315972222222229,0
nslkdd,xgb,DoS,305,772,False,0.5,-0.05,0.5950777202072538,0.0,0.6450777202072538,0.39876378933089374,0.5512362106691062,1
nslkdd,xgb,Probe,195,249,False,0.5,-0.05,0.37168674698795184,0.0,0.42168674698795183,0.6278059099362795,0.32219409006372046,1
nslkdd,xgb,R2L,6,297,True,0.5,,0.9365319865319864,,0.9865319865319865,0.02981848141104289,0.920181518588957,1
nslkdd,xgb,Normal,1837,1008,False,0.5,-0.05,-0.02420634920634921,0.0,0.025793650793650792,0.9268402777777777,0.02315972222222229,0
nslkdd,xgb,DoS,323,771,False,0.5,-0.05,0.5933203631647211,0.0,0.6433203631647212,0.39876378933089374,0.5512362106691062,1
nslkdd,xgb,Probe,168,250,False,0.5,-0.05,0.5219999999999999,0.0,0.572,0.6278059099362795,0.32219409006372046,1
nslkdd,xgb,R2L,3,297,True,0.5,,0.9398989898989899,,0.98989898989899,0.02981848141104289,0.920181518588957,1
nslkdd,xgb,Normal,1818,1008,False,0.5,-0.05,-0.01825396825396826,0.0,0.031746031746031744,0.9268402777777777,0.02315972222222229,0
nslkdd,xgb,DoS,283,772,False,0.5,-0.05,0.627461139896373,0.0,0.677461139896373,0.39876378933089374,0.5512362106691062,1
nslkdd,xgb,Probe,225,249,False,0.5,-0.05,0.4439759036144578,0.0,0.4939759036144578,0.6278059099362795,0.32219409006372046,1
nslkdd,xgb,R2L,5,296,True,0.5,,0.9331081081081081,,0.9831081081081081,0.02981848141104289,0.920181518588957,1
nslkdd,xgb,Normal,1843,1008,False,0.5,-0.05,-0.01924603174603175,0.0,0.030753968253968252,0.9268402777777777,0.02315972222222229,0
nslkdd,xgb,DoS,261,771,False,0.5,-0.05,0.6516861219195849,0.0,0.7016861219195849,0.39876378933089374,0.5512362106691062,1
nslkdd,xgb,Probe,217,248,False,0.5,-0.05,0.38548387096774195,0.0,0.43548387096774194,0.6278059099362795,0.32219409006372046,1
nslkdd,xgb,R2L,8,297,True,0.5,,0.923063973063973,,0.9730639730639731,0.02981848141104289,0.920181518588957,1
nslkdd,xgb,Normal,1854,1008,False,0.5,-0.05,-0.009325396825396827,0.0,0.040674603174603176,0.9268402777777777,0.02315972222222229,0
nslkdd,xgb,DoS,294,771,False,0.5,-0.05,0.6283398184176394,0.0,0.6783398184176395,0.39876378933089374,0.5512362106691062,1
nslkdd,xgb,Probe,178,250,False,0.5,-0.05,0.614,0.0,0.664,0.6278059099362795,0.32219409006372046,1
nslkdd,xgb,R2L,6,297,True,0.5,,0.9365319865319864,,0.9865319865319865,0.02981848141104289,0.920181518588957,1
nslkdd,xgb,Normal,1858,1008,False,0.5,-0.05,-0.022222222222222227,0.0,0.027777777777777776,0.9268402777777777,0.02315972222222229,0
nslkdd,xgb,DoS,255,772,False,0.5,-0.05,0.6598445595854922,0.0,0.7098445595854922,0.39876378933089374,0.5512362106691062,1
nslkdd,xgb,Probe,212,249,False,0.5,-0.05,0.4359437751004016,0.0,0.4859437751004016,0.6278059099362795,0.32219409006372046,1
nslkdd,xgb,R2L,6,297,True,0.5,,0.9365319865319864,,0.9865319865319865,0.02981848141104289,0.920181518588957,1
nslkdd,xgb,Normal,1871,1008,False,0.5,-0.05,-0.02321428571428572,0.0,0.026785714285714284,0.9268402777777777,0.02315972222222229,0
nslkdd,xgb,DoS,274,771,False,0.5,-0.05,0.6568741893644617,0.0,0.7068741893644618,0.39876378933089374,0.5512362106691062,1
nslkdd,xgb,Probe,182,250,False,0.5,-0.05,0.5539999999999999,0.0,0.604,0.6278059099362795,0.32219409006372046,1
nslkdd,xgb,R2L,3,297,True,0.5,,0.9398989898989899,,0.98989898989899,0.02981848141104289,0.920181518588957,1
nslkdd,xgb,Normal,1821,1008,False,0.5,-0.05,-0.01924603174603175,0.0,0.030753968253968252,0.9268402777777777,0.02315972222222229,0
nslkdd,xgb,DoS,327,772,False,0.5,-0.05,0.5691709844559585,0.0,0.6191709844559585,0.39876378933089374,0.5512362106691062,1
nslkdd,xgb,Probe,178,249,False,0.5,-0.05,0.4319277108433735,0.0,0.4819277108433735,0.6278059099362795,0.32219409006372046,1
nslkdd,xgb,R2L,5,296,True,0.5,,0.9331081081081081,,0.9831081081081081,0.02981848141104289,0.920181518588957,1
nslkdd,xgb,Normal,1850,1008,False,0.5,-0.05,-0.020238095238095243,0.0,0.02976190476190476,0.9268402777777777,0.02315972222222229,0
nslkdd,xgb,DoS,295,771,False,0.5,-0.05,0.606290531776913,0.0,0.6562905317769131,0.39876378933089374,0.5512362106691062,1
nslkdd,xgb,Probe,176,248,False,0.5,-0.05,0.3814516129032258,0.0,0.4314516129032258,0.6278059099362795,0.32219409006372046,1
nslkdd,xgb,R2L,8,297,True,0.5,,0.923063973063973,,0.9730639730639731,0.02981848141104289,0.920181518588957,1
nslkdd,xgb,Normal,1852,1008,False,0.5,-0.05,-0.01428571428571429,0.0,0.03571428571428571,0.9268402777777777,0.02315972222222229,0
nslkdd,xgb,DoS,330,771,False,0.5,-0.05,0.5764591439688715,0.0,0.6264591439688716,0.39876378933089374,0.5512362106691062,1
nslkdd,xgb,Probe,143,250,False,0.5,-0.05,0.578,0.0,0.628,0.6278059099362795,0.32219409006372046,1
nslkdd,xgb,R2L,7,297,True,0.5,,0.9297979797979797,,0.9797979797979798,0.02981848141104289,0.920181518588957,1
nslkdd,xgb,Normal,1869,1008,False,0.5,-0.05,-0.02321428571428572,0.0,0.026785714285714284,0.9268402777777777,0.02315972222222229,0
nslkdd,xgb,DoS,286,772,False,0.5,-0.05,0.6183937823834197,0.0,0.6683937823834197,0.39876378933089374,0.5512362106691062,1
nslkdd,xgb,Probe,168,249,False,0.5,-0.05,0.4158634538152611,0.0,0.46586345381526106,0.6278059099362795,0.32219409006372046,1
nslkdd,xgb,R2L,8,297,True,0.5,,0.9331649831649831,,0.9831649831649831,0.02981848141104289,0.920181518588957,1
nslkdd,xgb,Normal,1879,1008,False,0.5,-0.05,-0.02420634920634921,0.0,0.025793650793650792,0.9268402777777777,0.02315972222222229,0
nslkdd,xgb,DoS,306,771,False,0.5,-0.05,0.6153696498054474,0.0,0.6653696498054474,0.39876378933089374,0.5512362106691062,1
nslkdd,xgb,Probe,142,250,False,0.5,-0.05,0.5539999999999999,0.0,0.604,0.6278059099362795,0.32219409006372046,1
nslkdd,xgb,R2L,4,297,True,0.5,,0.9365319865319864,,0.9865319865319865,0.02981848141104289,0.920181518588957,1
nslkdd,xgb,Normal,1750,1008,False,0.5,-0.05,-0.01825396825396826,0.0,0.031746031746031744,0.9268402777777777,0.02315972222222229,0
nslkdd,xgb,DoS,338,772,False,0.5,-0.05,0.5562176165803109,0.0,0.6062176165803109,0.39876378933089374,0.5512362106691062,1
nslkdd,xgb,Probe,236,249,False,0.5,-0.05,0.34357429718875504,0.0,0.39357429718875503,0.6278059099362795,0.32219409006372046,1
nslkdd,xgb,R2L,5,296,True,0.5,,0.9331081081081081,,0.9831081081081081,0.02981848141104289,0.920181518588957,1
nslkdd,xgb,Normal,1796,1008,False,0.5,-0.05,-0.01924603174603175,0.0,0.030753968253968252,0.9268402777777777,0.02315972222222229,0
nslkdd,xgb,DoS,301,771,False,0.5,-0.05,0.5998054474708171,0.0,0.6498054474708171,0.39876378933089374,0.5512362106691062,1
nslkdd,xgb,Probe,224,248,False,0.5,-0.05,0.3088709677419355,0.0,0.3588709677419355,0.6278059099362795,0.32219409006372046,1
nslkdd,xgb,R2L,7,297,True,0.5,,0.9264309764309764,,0.9764309764309764,0.02981848141104289,0.920181518588957,1
nslkdd,xgb,Normal,1797,1008,False,0.5,-0.05,-0.010317460317460322,0.0,0.03968253968253968,0.9268402777777777,0.02315972222222229,0
nslkdd,xgb,DoS,335,771,False,0.5,-0.05,0.5751621271076524,0.0,0.6251621271076524,0.39876378933089374,0.5512362106691062,1
nslkdd,xgb,Probe,195,250,False,0.5,-0.05,0.49400000000000005,0.0,0.544,0.6278059099362795,0.32219409006372046,1
nslkdd,xgb,R2L,5,297,True,0.5,,0.9365319865319864,,0.9865319865319865,0.02981848141104289,0.920181518588957,1
nslkdd,xgb,Normal,1811,1008,False,0.5,-0.05,-0.02321428571428572,0.0,0.026785714285714284,0.9268402777777777,0.02315972222222229,0
nslkdd,xgb,DoS,292,772,False,0.5,-0.05,0.6119170984455958,0.0,0.6619170984455959,0.39876378933089374,0.5512362106691062,1
nslkdd,xgb,Probe,223,249,False,0.5,-0.05,0.34759036144578315,0.0,0.39759036144578314,0.6278059099362795,0.32219409006372046,1
nslkdd,xgb,R2L,5,297,True,0.5,,0.9365319865319864,,0.9865319865319865,0.02981848141104289,0.920181518588957,1
nslkdd,xgb,Normal,1819,1008,False,0.5,-0.05,-0.02321428571428572,0.0,0.026785714285714284,0.9268402777777777,0.02315972222222229,0
nslkdd,xgb,DoS,311,771,False,0.5,-0.05,0.6088845654993514,0.0,0.6588845654993515,0.39876378933089374,0.5512362106691062,1
nslkdd,xgb,Probe,195,250,False,0.5,-0.05,0.466,0.0,0.516,0.6278059099362795,0.32219409006372046,1
nslkdd,xgb,R2L,4,297,True,0.5,,0.9365319865319864,,0.9865319865319865,0.02981848141104289,0.920181518588957,1
nslkdd,xgb,Normal,1819,1008,False,0.5,-0.05,-0.01825396825396826,0.0,0.031746031746031744,0.9268402777777777,0.02315972222222229,0
nslkdd,xgb,DoS,328,772,False,0.5,-0.05,0.5691709844559585,0.0,0.6191709844559585,0.39876378933089374,0.5512362106691062,1
nslkdd,xgb,Probe,182,249,False,0.5,-0.05,0.4359437751004016,0.0,0.4859437751004016,0.6278059099362795,0.32219409006372046,1
nslkdd,xgb,R2L,2,296,True,0.5,,0.9432432432432432,,0.9932432432432432,0.02981848141104289,0.920181518588957,1
nslkdd,xgb,Normal,1844,1008,False,0.5,-0.05,-0.01924603174603175,0.0,0.030753968253968252,0.9268402777777777,0.02315972222222229,0
nslkdd,xgb,DoS,296,771,False,0.5,-0.05,0.606290531776913,0.0,0.6562905317769131,0.39876378933089374,0.5512362106691062,1
nslkdd,xgb,Probe,183,248,False,0.5,-0.05,0.3774193548387097,0.0,0.4274193548387097,0.6278059099362795,0.32219409006372046,1
nslkdd,xgb,R2L,7,297,True,0.5,,0.9264309764309764,,0.9764309764309764,0.02981848141104289,0.920181518588957,1
nslkdd,xgb,Normal,1856,1008,False,0.5,-0.05,-0.009325396825396827,0.0,0.040674603174603176,0.9268402777777777,0.02315972222222229,0
nslkdd,xgb,DoS,333,771,False,0.5,-0.05,0.5777561608300907,0.0,0.6277561608300908,0.39876378933089374,0.5512362106691062,1
nslkdd,xgb,Probe,138,250,False,0.5,-0.05,0.614,0.0,0.664,0.6278059099362795,0.32219409006372046,1
nslkdd,xgb,R2L,5,297,True,0.5,,0.9398989898989899,,0.98989898989899,0.02981848141104289,0.920181518588957,1
nslkdd,xgb,Normal,1869,1008,False,0.5,-0.05,-0.022222222222222227,0.0,0.027777777777777776,0.9268402777777777,0.02315972222222229,0
nslkdd,xgb,DoS,292,772,False,0.5,-0.05,0.6119170984455958,0.0,0.6619170984455959,0.39876378933089374,0.5512362106691062,1
nslkdd,xgb,Probe,164,249,False,0.5,-0.05,0.4399598393574297,0.0,0.4899598393574297,0.6278059099362795,0.32219409006372046,1
nslkdd,xgb,R2L,6,297,True,0.5,,0.9365319865319864,,0.9865319865319865,0.02981848141104289,0.920181518588957,1
nslkdd,xgb,Normal,1877,1008,False,0.5,-0.05,-0.02420634920634921,0.0,0.025793650793650792,0.9268402777777777,0.02315972222222229,0
nslkdd,xgb,DoS,307,771,False,0.5,-0.05,0.6140726329442282,0.0,0.6640726329442282,0.39876378933089374,0.5512362106691062,1
nslkdd,xgb,Probe,144,250,False,0.5,-0.05,0.566,0.0,0.616,0.6278059099362795,0.32219409006372046,1
nslkdd,xgb,R2L,3,297,True,0.5,,0.9398989898989899,,0.98989898989899,0.02981848141104289,0.920181518588957,1
nslkdd,xgb,Normal,1739,1008,False,0.5,-0.05,-0.01825396825396826,0.0,0.031746031746031744,0.9268402777777777,0.02315972222222229,0
nslkdd,xgb,DoS,374,772,False,0.5,-0.05,0.5095854922279792,0.0,0.5595854922279793,0.39876378933089374,0.5512362106691062,1
nslkdd,xgb,Probe,213,249,False,0.5,-0.05,0.4399598393574297,0.0,0.4899598393574297,0.6278059099362795,0.32219409006372046,1
nslkdd,xgb,R2L,5,296,True,0.5,,0.9331081081081081,,0.9831081081081081,0.02981848141104289,0.920181518588957,1
nslkdd,xgb,Normal,1773,1008,False,0.5,-0.05,-0.01924603174603175,0.0,0.030753968253968252,0.9268402777777777,0.02315972222222229,0
nslkdd,xgb,DoS,338,771,False,0.5,-0.05,0.5518158236057068,0.0,0.6018158236057068,0.39876378933089374,0.5512362106691062,1
nslkdd,xgb,Probe,210,248,False,0.5,-0.05,0.36935483870967745,0.0,0.41935483870967744,0.6278059099362795,0.32219409006372046,1
nslkdd,xgb,R2L,8,297,True,0.5,,0.923063973063973,,0.9730639730639731,0.02981848141104289,0.920181518588957,1
nslkdd,xgb,Normal,1769,1008,False,0.5,-0.05,-0.009325396825396827,0.0,0.040674603174603176,0.9268402777777777,0.02315972222222229,0
nslkdd,xgb,DoS,384,771,False,0.5,-0.05,0.5116083009079118,0.0,0.5616083009079118,0.39876378933089374,0.5512362106691062,1
nslkdd,xgb,Probe,173,250,False,0.5,-0.05,0.606,0.0,0.656,0.6278059099362795,0.32219409006372046,1
nslkdd,xgb,R2L,6,297,True,0.5,,0.9365319865319864,,0.9865319865319865,0.02981848141104289,0.920181518588957,1
nslkdd,xgb,Normal,1798,1008,False,0.5,-0.05,-0.02321428571428572,0.0,0.026785714285714284,0.9268402777777777,0.02315972222222229,0
nslkdd,xgb,DoS,327,772,False,0.5,-0.05,0.5665803108808289,0.0,0.616580310880829,0.39876378933089374,0.5512362106691062,1
nslkdd,xgb,Probe,201,249,False,0.5,-0.05,0.4238955823293173,0.0,0.4738955823293173,0.6278059099362795,0.32219409006372046,1
nslkdd,xgb,R2L,5,297,True,0.5,,0.9365319865319864,,0.9865319865319865,0.02981848141104289,0.920181518588957,1
nslkdd,xgb,Normal,1809,1008,False,0.5,-0.05,-0.02420634920634921,0.0,0.025793650793650792,0.9268402777777777,0.02315972222222229,0
nslkdd,xgb,DoS,352,771,False,0.5,-0.05,0.5557068741893644,0.0,0.6057068741893644,0.39876378933089374,0.5512362106691062,1
nslkdd,xgb,Probe,167,250,False,0.5,-0.05,0.57,0.0,0.62,0.6278059099362795,0.32219409006372046,1
nslkdd,xgb,R2L,3,297,True,0.5,,0.9398989898989899,,0.98989898989899,0.02981848141104289,0.920181518588957,1
nslkdd,xgb,Normal,1769,1008,False,0.5,-0.05,-0.01825396825396826,0.0,0.031746031746031744,0.9268402777777777,0.02315972222222229,0
nslkdd,xgb,DoS,349,772,False,0.5,-0.05,0.5419689119170984,0.0,0.5919689119170984,0.39876378933089374,0.5512362106691062,1
nslkdd,xgb,Probe,206,249,False,0.5,-0.05,0.3957831325301205,0.0,0.4457831325301205,0.6278059099362795,0.32219409006372046,1
nslkdd,xgb,R2L,5,296,True,0.5,,0.9331081081081081,,0.9831081081081081,0.02981848141104289,0.920181518588957,1
nslkdd,xgb,Normal,1797,1008,False,0.5,-0.05,-0.01924603174603175,0.0,0.030753968253968252,0.9268402777777777,0.02315972222222229,0
nslkdd,xgb,DoS,322,771,False,0.5,-0.05,0.572568093385214,0.0,0.622568093385214,0.39876378933089374,0.5512362106691062,1
nslkdd,xgb,Probe,201,248,False,0.5,-0.05,0.32903225806451614,0.0,0.3790322580645161,0.6278059099362795,0.32219409006372046,1
nslkdd,xgb,R2L,8,297,True,0.5,,0.923063973063973,,0.9730639730639731,0.02981848141104289,0.920181518588957,1
nslkdd,xgb,Normal,1792,1008,False,0.5,-0.05,-0.009325396825396827,0.0,0.040674603174603176,0.9268402777777777,0.02315972222222229,0
nslkdd,xgb,DoS,362,771,False,0.5,-0.05,0.5401426718547341,0.0,0.5901426718547341,0.39876378933089374,0.5512362106691062,1
nslkdd,xgb,Probe,172,250,False,0.5,-0.05,0.5259999999999999,0.0,0.576,0.6278059099362795,0.32219409006372046,1
nslkdd,xgb,R2L,6,297,True,0.5,,0.9365319865319864,,0.9865319865319865,0.02981848141104289,0.920181518588957,1
nslkdd,xgb,Normal,1821,1008,False,0.5,-0.05,-0.02321428571428572,0.0,0.026785714285714284,0.9268402777777777,0.02315972222222229,0
nslkdd,xgb,DoS,312,772,False,0.5,-0.05,0.5860103626943005,0.0,0.6360103626943006,0.39876378933089374,0.5512362106691062,1
nslkdd,xgb,Probe,193,249,False,0.5,-0.05,0.37570281124497995,0.0,0.42570281124497994,0.6278059099362795,0.32219409006372046,1
nslkdd,xgb,R2L,5,297,True,0.5,,0.9365319865319864,,0.9865319865319865,0.02981848141104289,0.920181518588957,1
nslkdd,xgb,Normal,1828,1008,False,0.5,-0.05,-0.02420634920634921,0.0,0.025793650793650792,0.9268402777777777,0.02315972222222229,0
nslkdd,xgb,DoS,332,771,False,0.5,-0.05,0.5816472114137483,0.0,0.6316472114137484,0.39876378933089374,0.5512362106691062,1
nslkdd,xgb,Probe,167,250,False,0.5,-0.05,0.5139999999999999,0.0,0.564,0.6278059099362795,0.32219409006372046,1
nslkdd,xgb,R2L,3,297,True,0.5,,0.9398989898989899,,0.98989898989899,0.02981848141104289,0.920181518588957,1
nslkdd,xgb,Normal,1755,1008,False,0.5,-0.05,-0.01825396825396826,0.0,0.031746031746031744,0.9268402777777777,0.02315972222222229,0
nslkdd,xgb,DoS,341,772,False,0.5,-0.05,0.5523316062176166,0.0,0.6023316062176166,0.39876378933089374,0.5512362106691062,1
nslkdd,xgb,Probe,229,249,False,0.5,-0.05,0.34759036144578315,0.0,0.39759036144578314,0.6278059099362795,0.32219409006372046,1
nslkdd,xgb,R2L,6,296,True,0.5,,0.9297297297297297,,0.9797297297297297,0.02981848141104289,0.920181518588957,1
nslkdd,xgb,Normal,1789,1008,False,0.5,-0.05,-0.01924603174603175,0.0,0.030753968253968252,0.9268402777777777,0.02315972222222229,0
nslkdd,xgb,DoS,311,771,False,0.5,-0.05,0.5868352788586251,0.0,0.6368352788586251,0.39876378933089374,0.5512362106691062,1
nslkdd,xgb,Probe,221,248,False,0.5,-0.05,0.3048387096774194,0.0,0.3548387096774194,0.6278059099362795,0.32219409006372046,1
nslkdd,xgb,R2L,8,297,True,0.5,,0.923063973063973,,0.9730639730639731,0.02981848141104289,0.920181518588957,1
nslkdd,xgb,Normal,1787,1008,False,0.5,-0.05,-0.009325396825396827,0.0,0.040674603174603176,0.9268402777777777,0.02315972222222229,0
nslkdd,xgb,DoS,349,771,False,0.5,-0.05,0.5570038910505836,0.0,0.6070038910505836,0.39876378933089374,0.5512362106691062,1
nslkdd,xgb,Probe,188,250,False,0.5,-0.05,0.506,0.0,0.556,0.6278059099362795,0.32219409006372046,1
nslkdd,xgb,R2L,8,297,True,0.5,,0.9297979797979797,,0.9797979797979798,0.02981848141104289,0.920181518588957,1
nslkdd,xgb,Normal,1802,1008,False,0.5,-0.05,-0.022222222222222227,0.0,0.027777777777777776,0.9268402777777777,0.02315972222222229,0
nslkdd,xgb,DoS,306,772,False,0.5,-0.05,0.593782383419689,0.0,0.6437823834196891,0.39876378933089374,0.5512362106691062,1
nslkdd,xgb,Probe,215,249,False,0.5,-0.05,0.34759036144578315,0.0,0.39759036144578314,0.6278059099362795,0.32219409006372046,1
nslkdd,xgb,R2L,8,297,True,0.5,,0.9331649831649831,,0.9831649831649831,0.02981848141104289,0.920181518588957,1
nslkdd,xgb,Normal,1833,1008,False,0.5,-0.05,-0.02420634920634921,0.0,0.025793650793650792,0.9268402777777777,0.02315972222222229,0
nslkdd,xgb,DoS,316,771,False,0.5,-0.05,0.6023994811932555,0.0,0.6523994811932555,0.39876378933089374,0.5512362106691062,1
nslkdd,xgb,Probe,178,250,False,0.5,-0.05,0.502,0.0,0.552,0.6278059099362795,0.32219409006372046,1
nslkdd,xgb,R2L,4,297,True,0.5,,0.9365319865319864,,0.9865319865319865,0.02981848141104289,0.920181518588957,1
nslkdd,xgb,Normal,1708,1008,False,0.5,-0.05,-0.01825396825396826,0.0,0.031746031746031744,0.9268402777777777,0.02315972222222229,0
nslkdd,xgb,DoS,357,772,False,0.5,-0.05,0.5316062176165802,0.0,0.5816062176165803,0.39876378933089374,0.5512362106691062,1
nslkdd,xgb,Probe,261,249,False,0.5,-0.05,0.3957831325301205,0.0,0.4457831325301205,0.6278059099362795,0.32219409006372046,1
nslkdd,xgb,R2L,5,296,True,0.5,,0.9331081081081081,,0.9831081081081081,0.02981848141104289,0.920181518588957,1
nslkdd,xgb,Normal,1757,1008,False,0.5,-0.05,-0.01924603174603175,0.0,0.030753968253968252,0.9268402777777777,0.02315972222222229,0
nslkdd,xgb,DoS,327,771,False,0.5,-0.05,0.566083009079118,0.0,0.6160830090791181,0.39876378933089374,0.5512362106691062,1
nslkdd,xgb,Probe,237,248,False,0.5,-0.05,0.3612903225806452,0.0,0.4112903225806452,0.6278059099362795,0.32219409006372046,1
nslkdd,xgb,R2L,8,297,True,0.5,,0.923063973063973,,0.9730639730639731,0.02981848141104289,0.920181518588957,1
nslkdd,xgb,Normal,1744,1008,False,0.5,-0.05,-0.009325396825396827,0.0,0.040674603174603176,0.9268402777777777,0.02315972222222229,0
nslkdd,xgb,DoS,364,771,False,0.5,-0.05,0.5375486381322957,0.0,0.5875486381322957,0.39876378933089374,0.5512362106691062,1
nslkdd,xgb,Probe,218,250,False,0.5,-0.05,0.5619999999999999,0.0,0.612,0.6278059099362795,0.32219409006372046,1
nslkdd,xgb,R2L,5,297,True,0.5,,0.9365319865319864,,0.9865319865319865,0.02981848141104289,0.920181518588957,1
nslkdd,xgb,Normal,1777,1008,False,0.5,-0.05,-0.022222222222222227,0.0,0.027777777777777776,0.9268402777777777,0.02315972222222229,0
nslkdd,xgb,DoS,314,772,False,0.5,-0.05,0.583419689119171,0.0,0.633419689119171,0.39876378933089374,0.5512362106691062,1
nslkdd,xgb,Probe,234,249,False,0.5,-0.05,0.4238955823293173,0.0,0.4738955823293173,0.6278059099362795,0.32219409006372046,1
nslkdd,xgb,R2L,5,297,True,0.5,,0.9365319865319864,,0.9865319865319865,0.02981848141104289,0.920181518588957,1
nslkdd,xgb,Normal,1802,1008,False,0.5,-0.05,-0.02420634920634921,0.0,0.025793650793650792,0.9268402777777777,0.02315972222222229,0
nslkdd,xgb,DoS,333,771,False,0.5,-0.05,0.5803501945525291,0.0,0.6303501945525292,0.39876378933089374,0.5512362106691062,1
nslkdd,xgb,Probe,192,250,False,0.5,-0.05,0.574,0.0,0.624,0.6278059099362795,0.32219409006372046,1
nslkdd,xgb,R2L,3,297,True,0.5,,0.9398989898989899,,0.98989898989899,0.02981848141104289,0.920181518588957,1
nslkdd,xgb,Normal,1700,1008,False,0.5,-0.05,-0.01825396825396826,0.0,0.031746031746031744,0.9268402777777777,0.02315972222222229,0
nslkdd,xgb,DoS,352,772,False,0.5,-0.05,0.5380829015544041,0.0,0.5880829015544041,0.39876378933089374,0.5512362106691062,1
nslkdd,xgb,Probe,274,249,False,0.5,-0.05,0.34759036144578315,0.0,0.39759036144578314,0.6278059099362795,0.32219409006372046,1
nslkdd,xgb,R2L,4,296,True,0.5,,0.9364864864864865,,0.9864864864864865,0.02981848141104289,0.920181518588957,1
nslkdd,xgb,Normal,1749,1008,False,0.5,-0.05,-0.01924603174603175,0.0,0.030753968253968252,0.9268402777777777,0.02315972222222229,0
nslkdd,xgb,DoS,320,771,False,0.5,-0.05,0.5751621271076524,0.0,0.6251621271076524,0.39876378933089374,0.5512362106691062,1
nslkdd,xgb,Probe,253,248,False,0.5,-0.05,0.3048387096774194,0.0,0.3548387096774194,0.6278059099362795,0.32219409006372046,1
nslkdd,xgb,R2L,7,297,True,0.5,,0.9264309764309764,,0.9764309764309764,0.02981848141104289,0.920181518588957,1
nslkdd,xgb,Normal,1734,1008,False,0.5,-0.05,-0.009325396825396827,0.0,0.040674603174603176,0.9268402777777777,0.02315972222222229,0
nslkdd,xgb,DoS,354,771,False,0.5,-0.05,0.5505188067444876,0.0,0.6005188067444877,0.39876378933089374,0.5512362106691062,1
nslkdd,xgb,Probe,238,250,False,0.5,-0.05,0.48600000000000004,0.0,0.536,0.6278059099362795,0.32219409006372046,1
nslkdd,xgb,R2L,6,297,True,0.5,,0.9365319865319864,,0.9865319865319865,0.02981848141104289,0.920181518588957,1
nslkdd,xgb,Normal,1760,1008,False,0.5,-0.05,-0.02321428571428572,0.0,0.026785714285714284,0.9268402777777777,0.02315972222222229,0
nslkdd,xgb,DoS,309,772,False,0.5,-0.05,0.5898963730569948,0.0,0.6398963730569949,0.39876378933089374,0.5512362106691062,1
nslkdd,xgb,Probe,255,249,False,0.5,-0.05,0.34759036144578315,0.0,0.39759036144578314,0.6278059099362795,0.32219409006372046,1
nslkdd,xgb,R2L,7,297,True,0.5,,0.9297979797979797,,0.9797979797979798,0.02981848141104289,0.920181518588957,1
nslkdd,xgb,Normal,1788,1008,False,0.5,-0.05,-0.02420634920634921,0.0,0.025793650793650792,0.9268402777777777,0.02315972222222229,0
nslkdd,xgb,DoS,326,771,False,0.5,-0.05,0.5894293125810635,0.0,0.6394293125810635,0.39876378933089374,0.5512362106691062,1
nslkdd,xgb,Probe,212,250,False,0.5,-0.05,0.48600000000000004,0.0,0.536,0.6278059099362795,0.32219409006372046,1
nslkdd,xgb,R2L,4,297,True,0.5,,0.9365319865319864,,0.9865319865319865,0.02981848141104289,0.920181518588957,1
ugr16,mlp,background,221707,200000,False,0.5,-0.05,-0.036395000000000004,0.0,0.013605,0.9491499999999999,0.0008500000000000174,0
ugr16,mlp,dos,50192,50000,False,0.5,-0.05,-0.05,0.0,0.0,0.9503233333333333,-0.00032333333333334213,0
ugr16,mlp,nerisbotnet,26695,50000,False,0.8779262653936123,-0.05,-0.020900000000000002,0.0,0.0291,0.9472833333333334,0.0027166666666665895,0
ugr16,mlp,scan11,40499,50000,False,0.7969351195663257,-0.05,0.26222,0.0,0.31222,0.5350233333333333,0.41497666666666666,1
ugr16,mlp,scan44,60907,50000,False,0.8491840440184912,-0.05,0.09061999999999999,0.0,0.14062,0.7990233333333333,0.15097666666666665,1
ugr16,mlp,background,221765,200000,False,0.5,-0.05,-0.03726,0.0,0.01274,0.9491499999999999,0.0008500000000000174,0
ugr16,mlp,dos,50244,50000,False,0.5,-0.05,-0.05,0.0,0.0,0.9503233333333333,-0.00032333333333334213,0
ugr16,mlp,nerisbotnet,26669,50000,False,0.8801746935251361,-0.05,-0.007620000000000002,0.0,0.04238,0.9472833333333334,0.0027166666666665895,0
ugr16,mlp,scan11,46894,50000,False,0.8476696906375214,-0.05,0.16604000000000002,0.0,0.21604,0.5350233333333333,0.41497666666666666,1
ugr16,mlp,scan44,54428,50000,False,0.8105846924133329,-0.05,0.12044,0.0,0.17044,0.7990233333333333,0.15097666666666665,1
ugr16,mlp,background,221568,200000,False,0.5,-0.05,-0.035675000000000005,0.0,0.014325,0.9491499999999999,0.0008500000000000174,0
ugr16,mlp,dos,50176,50000,False,0.5,-0.05,-0.05,0.0,0.0,0.9503233333333333,-0.00032333333333334213,0
ugr16,mlp,nerisbotnet,26739,50000,False,0.8800024717366267,-0.05,-0.01534,0.0,0.03466,0.9472833333333334,0.0027166666666665895,0
ugr16,mlp,scan11,55546,50000,False,0.8172677288826316,-0.05,0.30946,0.0,0.35946,0.5350233333333333,0.41497666666666666,1
ugr16,mlp,scan44,45971,50000,False,0.8410454771595807,-0.05,0.049640000000000004,0.0,0.09964,0.7990233333333333,0.15097666666666665,1
ugr16,mlp,background,222159,200000,False,0.5,-0.05,-0.03784,0.0,0.01216,0.9491499999999999,0.0008500000000000174,0
ugr16,mlp,dos,50201,50000,False,0.5,-0.05,-0.05,0.0,0.0,0.9503233333333333,-0.00032333333333334213,0
ugr16,mlp,nerisbotnet,26563,50000,False,0.8752006420545746,-0.05,-0.01772,0.0,0.03228,0.9472833333333334,0.0027166666666665895,0
ugr16,mlp,scan11,43804,50000,False,0.8270118724341802,-0.05,0.2252,0.0,0.2752,0.5350233333333333,0.41497666666666666,1
ugr16,mlp,scan44,57273,50000,False,0.8913600667660515,-0.05,0.06752,0.0,0.11752,0.7990233333333333,0.15097666666666665,1
ugr16,mlp,background,222180,200000,False,0.5,-0.05,-0.037005,0.0,0.012995,0.9491499999999999,0.0008500000000000174,0
ugr16,mlp,dos,50177,50000,False,0.5,-0.05,-0.05,0.0,0.0,0.9503233333333333,-0.00032333333333334213,0
ugr16,mlp,nerisbotnet,26275,50000,False,0.8838636949014445,-0.05,-0.005600000000000001,0.0,0.0444,0.9472833333333334,0.0027166666666665895,0
ugr16,mlp,scan11,40035,50000,False,0.8017131306037282,-0.05,0.22610000000000002,0.0,0.2761,0.5350233333333333,0.41497666666666666,1
ugr16,mlp,scan44,61333,50000,False,0.8540157401419973,-0.05,0.11239999999999999,0.0,0.1624,0.7990233333333333,0.15097666666666665,1
ugr16,mlp,background,222032,200000,False,0.5,-0.05,-0.037615,0.0,0.012385,0.9491499999999999,0.0008500000000000174,0
ugr16,mlp,dos,50187,50000,False,0.5,-0.05,-0.04988,0.0,0.00012,0.9503233333333333,-0.00032333333333334213,0
ugr16,mlp,nerisbotnet,26351,50000,False,0.8740051441094092,-0.05,-0.0177,0.0,0.0323,0.9472833333333334,0.0027166666666665895,0
ugr16,mlp,scan11,48508,50000,False,0.8119348672024289,-0.05,0.37508,0.0,0.42508,0.5350233333333333,0.41497666666666666,1
ugr16,mlp,scan44,52922,50000,False,0.8502521812453185,-0.05,0.11924,0.0,0.16924,0.7990233333333333,0.15097666666666665,1
ugr16,mlp,background,222109,200000,False,0.49986666518684786,-0.02071708035243957,-0.005765000000000006,0.029282919647560433,0.044235,0.9491499999999999,0.0008500000000000174,0
ugr16,mlp,dos,50205,50000,False,0.5,-0.05,-0.05,0.0,0.0,0.9503233333333333,-0.00032333333333334213,0
ugr16,mlp,nerisbotnet,26430,50000,False,0.8782620480951472,-0.05,0.01351999999999999,0.0,0.06352,0.9472833333333334,0.0027166666666665895,0
ugr16,mlp,scan11,44477,50000,False,0.8224334972830804,-0.05,0.37558,0.0,0.42558,0.5350233333333333,0.41497666666666666,1
ugr16,mlp,scan44,56779,50000,False,0.8341353604835606,-0.05,0.08431999999999999,0.0,0.13432,0.7990233333333333,0.15097666666666665,1
ugr16,mlp,background,222008,200000,False,0.5,-0.05,-0.037835,0.0,0.012165,0.9491499999999999,0.0008500000000000174,0
ugr16,mlp,dos,50167,50000,False,0.5,-0.05,-0.05,0.0,0.0,0.9503233333333333,-0.00032333333333334213,0
ugr16,mlp,nerisbotnet,26700,50000,False,0.8726619711740287,-0.05,-0.019620000000000002,0.0,0.03038,0.9472833333333334,0.0027166666666665895,0
ugr16,mlp,scan11,39726,50000,False,0.7836071335558514,-0.05,0.33140000000000003,0.0,0.3814,0.5350233333333333,0.41497666666666666,1
ugr16,mlp,scan44,61399,50000,False,0.8248193254664526,-0.05,0.12374,0.0,0.17374,0.7990233333333333,0.15097666666666665,1
ugr16,mlp,background,222421,200000,False,0.5,-0.05,-0.039130000000000005,0.0,0.01087,0.9491499999999999,0.0008500000000000174,0
ugr16,mlp,dos,50181,50000,False,0.5,-0.05,-0.05,0.0,0.0,0.9503233333333333,-0.00032333333333334213,0
ugr16,mlp,nerisbotnet,25985,50000,False,0.885985438409981,-0.05,0.009459999999999996,0.0,0.05946,0.9472833333333334,0.0027166666666665895,0
ugr16,mlp,scan11,39941,50000,False,0.7731828179138818,-0.05,0.38732,0.0,0.43732,0.5350233333333333,0.41497666666666666,1
ugr16,mlp,scan44,61472,50000,False,0.8655047850205702,-0.05,0.08528000000000001,0.0,0.13528,0.7990233333333333,0.15097666666666665,1
ugr16,mlp,background,221314,200000,False,0.5,-0.05,-0.036075,0.0,0.013925,0.9491499999999999,0.0008500000000000174,0
ugr16,mlp,dos,50205,50000,False,0.5,-0.05,-0.05,0.0,0.0,0.9503233333333333,-0.00032333333333334213,0
ugr16,mlp,nerisbotnet,27120,50000,False,0.8828544617020478,-0.05,0.0007199999999999984,0.0,0.05072,0.9472833333333334,0.0027166666666665895,0
ugr16,mlp,scan11,34954,50000,False,0.8131245983106415,-0.05,0.22442,0.0,0.27442,0.5350233333333333,0.41497666666666666,1
ugr16,mlp,scan44,66407,50000,False,0.8191049155616201,-0.05,0.11544,0.0,0.16544,0.7990233333333333,0.15097666666666665,1
ugr16,rf,background,200377,200000,False,0.5,-0.05,-0.047580000000000004,0.0,0.00242,0.9491499999999999,0.0008500000000000174,0
ugr16,rf,dos,50000,50000,False,0.5,-0.05,-0.05,0.0,0.0,0.9503233333333333,-0.00032333333333334213,0
ugr16,rf,nerisbotnet,49787,50000,False,0.5,-0.05,-0.038740000000000004,0.0,0.01126,0.9472833333333334,0.0027166666666665895,0
ugr16,rf,scan11,32545,50000,False,0.5,-0.05,0.5577399999999999,0.0,0.60774,0.5350233333333333,0.41497666666666666,1
ugr16,rf,scan44,67291,50000,False,0.5,-0.05,0.2133,0.0,0.2633,0.7990233333333333,0.15097666666666665,1
ugr16,rf,background,200217,200000,False,0.5,-0.05,-0.04696,0.0,0.00304,0.9491499999999999,0.0008500000000000174,0
ugr16,rf,dos,50000,50000,False,0.5,-0.05,-0.05,0.0,0.0,0.9503233333333333,-0.00032333333333334213,0
ugr16,rf,nerisbotnet,49946,50000,False,0.5,-0.05,-0.03964,0.0,0.01036,0.9472833333333334,0.0027166666666665895,0
ugr16,rf,scan11,32620,50000,False,0.5,-0.05,0.55716,0.0,0.60716,0.5350233333333333,0.41497666666666666,1
ugr16,rf,scan44,67217,50000,False,0.5,-0.05,0.21412000000000003,0.0,0.26412,0.7990233333333333,0.15097666666666665,1
ugr16,rf,background,200361,200000,False,0.5,-0.05,-0.047450000000000006,0.0,0.00255,0.9491499999999999,0.0008500000000000174,0
ugr16,rf,dos,50000,50000,False,0.5,-0.05,-0.05,0.0,0.0,0.9503233333333333,-0.00032333333333334213,0
ugr16,rf,nerisbotnet,49793,50000,False,0.5,-0.05,-0.03846,0.0,0.01154,0.9472833333333334,0.0027166666666665895,0
ugr16,rf,scan11,32611,50000,False,0.5,-0.05,0.5572999999999999,0.0,0.6073,0.5350233333333333,0.41497666666666666,1
ugr16,rf,scan44,67235,50000,False,0.5,-0.05,0.21400000000000002,0.0,0.264,0.7990233333333333,0.15097666666666665,1
ugr16,rf,background,200301,200000,False,0.5,-0.05,-0.047235,0.0,0.002765,0.9491499999999999,0.0008500000000000174,0
ugr16,rf,dos,50000,50000,False,0.5,-0.05,-0.05,0.0,0.0,0.9503233333333333,-0.00032333333333334213,0
ugr16,rf,nerisbotnet,49844,50000,False,0.5,-0.05,-0.038700000000000005,0.0,0.0113,0.9472833333333334,0.0027166666666665895,0
ugr16,rf,scan11,32627,50000,False,0.5,-0.05,0.5567799999999999,0.0,0.60678,0.5350233333333333,0.41497666666666666,1
ugr16,rf,scan44,67228,50000,False,0.5,-0.05,0.21368000000000004,0.0,0.26368,0.7990233333333333,0.15097666666666665,1
ugr16,rf,background,200258,200000,False,0.5,-0.05,-0.047135,0.0,0.002865,0.9491499999999999,0.0008500000000000174,0
ugr16,rf,dos,50000,50000,False,0.5,-0.05,-0.05,0.0,0.0,0.9503233333333333,-0.00032333333333334213,0
ugr16,rf,nerisbotnet,49903,50000,False,0.5,-0.05,-0.03932,0.0,0.01068,0.9472833333333334,0.0027166666666665895,0
ugr16,rf,scan11,32586,50000,False,0.5,-0.05,0.5574199999999999,0.0,0.60742,0.5350233333333333,0.41497666666666666,1
ugr16,rf,scan44,67253,50000,False,0.5,-0.05,0.21376,0.0,0.26376,0.7990233333333333,0.15097666666666665,1
ugr16,rf,background,200273,200000,False,0.5,-0.05,-0.04714,0.0,0.00286,0.9491499999999999,0.0008500000000000174,0
ugr16,rf,dos,50000,50000,False,0.5,-0.05,-0.05,0.0,0.0,0.9503233333333333,-0.00032333333333334213,0
ugr16,rf,nerisbotnet,49887,50000,False,0.5,-0.05,-0.0391,0.0,0.0109,0.9472833333333334,0.0027166666666665895,0
ugr16,rf,scan11,32438,50000,False,0.5,-0.05,0.5592999999999999,0.0,0.6093,0.5350233333333333,0.41497666666666666,1
ugr16,rf,scan44,67402,50000,False,0.5,-0.05,0.2127,0.0,0.2627,0.7990233333333333,0.15097666666666665,1
ugr16,rf,background,200257,200000,False,0.5,-0.05,-0.047115000000000004,0.0,0.002885,0.9491499999999999,0.0008500000000000174,0
ugr16,rf,dos,50000,50000,False,0.5,-0.05,-0.05,0.0,0.0,0.9503233333333333,-0.00032333333333334213,0
ugr16,rf,nerisbotnet,49886,50000,False,0.5,-0.05,-0.0391,0.0,0.0109,0.9472833333333334,0.0027166666666665895,0
ugr16,rf,scan11,32554,50000,False,0.5,-0.05,0.5585199999999999,0.0,0.60852,0.5350233333333333,0.41497666666666666,1
ugr16,rf,scan44,67303,50000,False,0.5,-0.05,0.21398,0.0,0.26398,0.7990233333333333,0.15097666666666665,1
ugr16,rf,background,200301,200000,False,0.5,-0.05,-0.047345000000000005,0.0,0.002655,0.9491499999999999,0.0008500000000000174,0
ugr16,rf,dos,50000,50000,False,0.5,-0.05,-0.05,0.0,0.0,0.9503233333333333,-0.00032333333333334213,0
ugr16,rf,nerisbotnet,49847,50000,False,0.5,-0.05,-0.0393,0.0,0.0107,0.9472833333333334,0.0027166666666665895,0
ugr16,rf,scan11,32477,50000,False,0.5,-0.05,0.5589599999999999,0.0,0.60896,0.5350233333333333,0.41497666666666666,1
ugr16,rf,scan44,67375,50000,False,0.5,-0.05,0.21306000000000003,0.0,0.26306,0.7990233333333333,0.15097666666666665,1
ugr16,rf,background,200284,200000,False,0.5,-0.05,-0.04719,0.0,0.00281,0.9491499999999999,0.0008500000000000174,0
ugr16,rf,dos,50001,50000,False,0.5,-0.05,-0.05,0.0,0.0,0.9503233333333333,-0.00032333333333334213,0
ugr16,rf,nerisbotnet,49865,50000,False,0.5,-0.05,-0.03894,0.0,0.01106,0.9472833333333334,0.0027166666666665895,0
ugr16,rf,scan11,32719,50000,False,0.5,-0.05,0.55492,0.0,0.60492,0.5350233333333333,0.41497666666666666,1
ugr16,rf,scan44,67131,50000,False,0.5,-0.05,0.21378000000000003,0.0,0.26378,0.7990233333333333,0.15097666666666665,1
ugr16,rf,background,200336,200000,False,0.5,-0.05,-0.047465,0.0,0.002535,0.9491499999999999,0.0008500000000000174,0
ugr16,rf,dos,50000,50000,False,0.5,-0.05,-0.05,0.0,0.0,0.9503233333333333,-0.00032333333333334213,0
ugr16,rf,nerisbotnet,49826,50000,False,0.5,-0.05,-0.039040000000000005,0.0,0.01096,0.9472833333333334,0.0027166666666665895,0
ugr16,rf,scan11,32562,50000,False,0.5,-0.05,0.55762,0.0,0.60762,0.5350233333333333,0.41497666666666666,1
ugr16,rf,scan44,67276,50000,False,0.5,-0.05,0.21344000000000002,0.0,0.26344,0.7990233333333333,0.15097666666666665,1
ugr16,xgb,background,200326,200000,False,0.5,-0.05,-0.047135,0.0,0.002865,0.9491499999999999,0.0008500000000000174,0
ugr16,xgb,dos,50003,50000,False,0.5,-0.05,-0.05,0.0,0.0,0.9503233333333333,-0.00032333333333334213,0
ugr16,xgb,nerisbotnet,49871,50000,False,0.5,-0.05,-0.039900000000000005,0.0,0.0101,0.9472833333333334,0.0027166666666665895,0
ugr16,xgb,scan11,31834,50000,False,0.5,-0.05,0.51986,0.0,0.56986,0.5350233333333333,0.41497666666666666,1
ugr16,xgb,scan44,67966,50000,False,0.8318026787420452,-0.05,0.12891999999999998,0.0,0.17892,0.7990233333333333,0.15097666666666665,1
ugr16,xgb,background,200326,200000,False,0.5,-0.05,-0.047135,0.0,0.002865,0.9491499999999999,0.0008500000000000174,0
ugr16,xgb,dos,50003,50000,False,0.5,-0.05,-0.05,0.0,0.0,0.9503233333333333,-0.00032333333333334213,0
ugr16,xgb,nerisbotnet,49871,50000,False,0.5,-0.05,-0.039900000000000005,0.0,0.0101,0.9472833333333334,0.0027166666666665895,0
ugr16,xgb,scan11,31834,50000,False,0.5,-0.05,0.51986,0.0,0.56986,0.5350233333333333,0.41497666666666666,1
ugr16,xgb,scan44,67966,50000,False,0.8318026787420452,-0.05,0.12891999999999998,0.0,0.17892,0.7990233333333333,0.15097666666666665,1
ugr16,xgb,background,200326,200000,False,0.5,-0.05,-0.047135,0.0,0.002865,0.9491499999999999,0.0008500000000000174,0
ugr16,xgb,dos,50003,50000,False,0.5,-0.05,-0.05,0.0,0.0,0.9503233333333333,-0.00032333333333334213,0
ugr16,xgb,nerisbotnet,49871,50000,False,0.5,-0.05,-0.039900000000000005,0.0,0.0101,0.9472833333333334,0.0027166666666665895,0
ugr16,xgb,scan11,31834,50000,False,0.5,-0.05,0.51986,0.0,0.56986,0.5350233333333333,0.41497666666666666,1
ugr16,xgb,scan44,67966,50000,False,0.8318026787420452,-0.05,0.12891999999999998,0.0,0.17892,0.7990233333333333,0.15097666666666665,1
ugr16,xgb,background,200326,200000,False,0.5,-0.05,-0.047135,0.0,0.002865,0.9491499999999999,0.0008500000000000174,0
ugr16,xgb,dos,50003,50000,False,0.5,-0.05,-0.05,0.0,0.0,0.9503233333333333,-0.00032333333333334213,0
ugr16,xgb,nerisbotnet,49871,50000,False,0.5,-0.05,-0.039900000000000005,0.0,0.0101,0.9472833333333334,0.0027166666666665895,0
ugr16,xgb,scan11,31834,50000,False,0.5,-0.05,0.51986,0.0,0.56986,0.5350233333333333,0.41497666666666666,1
ugr16,xgb,scan44,67966,50000,False,0.8318026787420452,-0.05,0.12891999999999998,0.0,0.17892,0.7990233333333333,0.15097666666666665,1
ugr16,xgb,background,200326,200000,False,0.5,-0.05,-0.047135,0.0,0.002865,0.9491499999999999,0.0008500000000000174,0
ugr16,xgb,dos,50003,50000,False,0.5,-0.05,-0.05,0.0,0.0,0.9503233333333333,-0.00032333333333334213,0
ugr16,xgb,nerisbotnet,49871,50000,False,0.5,-0.05,-0.039900000000000005,0.0,0.0101,0.9472833333333334,0.0027166666666665895,0
ugr16,xgb,scan11,31834,50000,False,0.5,-0.05,0.51986,0.0,0.56986,0.5350233333333333,0.41497666666666666,1
ugr16,xgb,scan44,67966,50000,False,0.8318026787420452,-0.05,0.12891999999999998,0.0,0.17892,0.7990233333333333,0.15097666666666665,1
ugr16,xgb,background,200326,200000,False,0.5,-0.05,-0.047135,0.0,0.002865,0.9491499999999999,0.0008500000000000174,0
ugr16,xgb,dos,50003,50000,False,0.5,-0.05,-0.05,0.0,0.0,0.9503233333333333,-0.00032333333333334213,0
ugr16,xgb,nerisbotnet,49871,50000,False,0.5,-0.05,-0.039900000000000005,0.0,0.0101,0.9472833333333334,0.0027166666666665895,0
ugr16,xgb,scan11,31834,50000,False,0.5,-0.05,0.51986,0.0,0.56986,0.5350233333333333,0.41497666666666666,1
ugr16,xgb,scan44,67966,50000,False,0.8318026787420452,-0.05,0.12891999999999998,0.0,0.17892,0.7990233333333333,0.15097666666666665,1
ugr16,xgb,background,200326,200000,False,0.5,-0.05,-0.047135,0.0,0.002865,0.9491499999999999,0.0008500000000000174,0
ugr16,xgb,dos,50003,50000,False,0.5,-0.05,-0.05,0.0,0.0,0.9503233333333333,-0.00032333333333334213,0
ugr16,xgb,nerisbotnet,49871,50000,False,0.5,-0.05,-0.039900000000000005,0.0,0.0101,0.9472833333333334,0.0027166666666665895,0
ugr16,xgb,scan11,31834,50000,False,0.5,-0.05,0.51986,0.0,0.56986,0.5350233333333333,0.41497666666666666,1
ugr16,xgb,scan44,67966,50000,False,0.8318026787420452,-0.05,0.12891999999999998,0.0,0.17892,0.7990233333333333,0.15097666666666665,1
ugr16,xgb,background,200326,200000,False,0.5,-0.05,-0.047135,0.0,0.002865,0.9491499999999999,0.0008500000000000174,0
ugr16,xgb,dos,50003,50000,False,0.5,-0.05,-0.05,0.0,0.0,0.9503233333333333,-0.00032333333333334213,0
ugr16,xgb,nerisbotnet,49871,50000,False,0.5,-0.05,-0.039900000000000005,0.0,0.0101,0.9472833333333334,0.0027166666666665895,0
ugr16,xgb,scan11,31834,50000,False,0.5,-0.05,0.51986,0.0,0.56986,0.5350233333333333,0.41497666666666666,1
ugr16,xgb,scan44,67966,50000,False,0.8318026787420452,-0.05,0.12891999999999998,0.0,0.17892,0.7990233333333333,0.15097666666666665,1
ugr16,xgb,background,200326,200000,False,0.5,-0.05,-0.047135,0.0,0.002865,0.9491499999999999,0.0008500000000000174,0
ugr16,xgb,dos,50003,50000,False,0.5,-0.05,-0.05,0.0,0.0,0.9503233333333333,-0.00032333333333334213,0
ugr16,xgb,nerisbotnet,49871,50000,False,0.5,-0.05,-0.039900000000000005,0.0,0.0101,0.9472833333333334,0.0027166666666665895,0
ugr16,xgb,scan11,31834,50000,False,0.5,-0.05,0.51986,0.0,0.56986,0.5350233333333333,0.41497666666666666,1
ugr16,xgb,scan44,67966,50000,False,0.8318026787420452,-0.05,0.12891999999999998,0.0,0.17892,0.7990233333333333,0.15097666666666665,1
ugr16,xgb,background,200326,200000,False,0.5,-0.05,-0.047135,0.0,0.002865,0.9491499999999999,0.0008500000000000174,0
ugr16,xgb,dos,50003,50000,False,0.5,-0.05,-0.05,0.0,0.0,0.9503233333333333,-0.00032333333333334213,0
ugr16,xgb,nerisbotnet,49871,50000,False,0.5,-0.05,-0.039900000000000005,0.0,0.0101,0.9472833333333334,0.0027166666666665895,0
ugr16,xgb,scan11,31834,50000,False,0.5,-0.05,0.51986,0.0,0.56986,0.5350233333333333,0.41497666666666666,1
ugr16,xgb,scan44,67966,50000,False,0.8318026787420452,-0.05,0.12891999999999998,0.0,0.17892,0.7990233333333333,0.15097666666666665,1
ciciot2023,mlp,Benign,17247,17999,False,0.9461524970829487,-0.05,0.005391966220345573,0.0,0.055391966220345576,0.9505799641726637,-0.000579964172663705,0
ciciot2023,mlp,BruteForce,1050,3919,False,0.9909461224451661,-0.05,-0.01606277111508038,0.0,0.033937228884919624,0.9558129005818419,-0.005812900581841918,0
ciciot2023,mlp,DDoS,194808,195662,False,0.4999828338623047,-0.05,-0.0368651041081048,0.0,0.013134895891895208,0.9500033294205956,-3.3294205956657663e-06,0
ciciot2023,mlp,DoS,73207,72046,False,0.49995940923690796,-0.05,-0.03269161369125281,0.0,0.01730838630874719,0.9498612247829219,0.00013877521707805762,0
ciciot2023,mlp,Mirai,53940,54156,False,0.4999539852142334,-0.05,-0.044829751089445306,0.0,0.005170248910554694,0.950362697674883,-0.00036269767488306126,0
ciciot2023,mlp,Recon,79770,65879,False,0.6980104297399521,-0.05,0.0030518071008971,0.0,0.0530518071008971,0.9497292995008668,0.0002707004991331363,0
ciciot2023,mlp,Spoofing,32414,35934,False,0.8816153705120087,-0.05,-0.001772694384148718,0.0,0.048227305615851285,0.9528379475048357,-0.0028379475048357916,0
ciciot2023,mlp,Web,3738,10579,False,0.9695341847836971,-0.05,-0.00821911333774459,0.0,0.04178088666225541,0.9519120427455815,-0.0019120427455815436,0
ciciot2023,mlp,Benign,16261,17999,False,0.93495406024158,-0.05,0.006225345852547359,0.0,0.05622534585254736,0.9505799641726637,-0.000579964172663705,0
ciciot2023,mlp,BruteForce,991,3919,False,0.9907653434202075,-0.05,0.0017989282980352128,0.0,0.051798928298035216,0.9558129005818419,-0.005812900581841918,0
ciciot2023,mlp,DDoS,195612,195662,False,0.49997103214263916,-0.05,-0.03800482464658442,0.0,0.011995175353415584,0.9500033294205956,-3.3294205956657663e-06,0
ciciot2023,mlp,DoS,71905,72046,False,0.49997973442077637,-0.03706626799249009,-0.00815173639063932,0.01293373200750991,0.041848263609360684,0.9498612247829219,0.00013877521707805762,0
ciciot2023,mlp,Mirai,53920,54156,False,0.49996262788772583,-0.05,-0.04457123864391757,0.0,0.005428761356082428,0.950362697674883,-0.00036269767488306126,0
ciciot2023,mlp,Recon,80704,65879,False,0.6972324848175049,-0.05,-0.00036354528757267385,0.0,0.04963645471242733,0.9497292995008668,0.0002707004991331363,0
ciciot2023,mlp,Spoofing,33271,35934,False,0.8813613578677177,-0.05,-0.0047503756887627355,0.0,0.04524962431123727,0.9528379475048357,-0.0028379475048357916,0
ciciot2023,mlp,Web,3510,10579,False,0.9739069864153862,-0.05,-0.0023584459778807076,0.0,0.047641554022119295,0.9519120427455815,-0.0019120427455815436,0
ciciot2023,mlp,Benign,16448,17999,False,0.9370981231331825,-0.05,0.005391966220345573,0.0,0.055391966220345576,0.9505799641726637,-0.000579964172663705,0
ciciot2023,mlp,BruteForce,1053,3919,False,0.9918562900274992,-0.05,-0.0022837458535340666,0.0,0.047716254146465936,0.9558129005818419,-0.005812900581841918,0
ciciot2023,mlp,DDoS,194772,195662,False,0.4999851584434509,-0.05,-0.035030307366785585,0.0,0.014969692633214422,0.9500033294205956,-3.3294205956657663e-06,0
ciciot2023,mlp,DoS,73323,72046,False,0.4999873638153076,-0.05,-0.028527607361963192,0.0,0.02147239263803681,0.9498612247829219,0.00013877521707805762,0
ciciot2023,mlp,Mirai,53918,54156,False,0.4999767541885376,-0.05,-0.0447558903907231,0.0,0.0052441096092769035,0.950362697674883,-0.00036269767488306126,0
ciciot2023,mlp,Recon,80173,65879,False,0.7058076411485672,-0.05,-0.0008644636378815768,0.0,0.049135536362118426,0.9497292995008668,0.0002707004991331363,0
ciciot2023,mlp,Spoofing,33195,35934,False,0.8881870210170746,-0.05,-0.006614905103801416,0.0,0.04338509489619859,0.9528379475048357,-0.0028379475048357916,0
ciciot2023,mlp,Web,3292,10579,False,0.9713908974081278,-0.05,-0.006895736837130163,0.0,0.04310426316286984,0.9519120427455815,-0.0019120427455815436,0
ciciot2023,mlp,Benign,16959,17999,False,0.9505629222840071,-0.05,0.002558475470859488,0.0,0.05255847547085949,0.9505799641726637,-0.000579964172663705,0
ciciot2023,mlp,BruteForce,969,3919,False,0.9922989928163588,-0.05,-0.005856085736157188,0.0,0.044143914263842815,0.9558129005818419,-0.005812900581841918,0
ciciot2023,mlp,DDoS,195282,195662,False,0.49998313188552856,-0.05,-0.04096400936308532,0.0,0.00903599063691468,0.9500033294205956,-3.3294205956657663e-06,0
ciciot2023,mlp,DoS,72614,72046,False,0.4999692142009735,-0.013973889332635582,0.0002456763734280873,0.03602611066736442,0.05024567637342809,0.9498612247829219,0.00013877521707805762,0
ciciot2023,mlp,Mirai,54020,54156,False,0.49996721744537354,-0.05,-0.04595612674495901,0.0,0.004043873255040993,0.950362697674883,-0.00036269767488306126,0
ciciot2023,mlp,Recon,79247,65879,False,0.7029947489500046,-0.05,-0.001213588548702925,0.0,0.04878641145129708,0.9497292995008668,0.0002707004991331363,0
ciciot2023,mlp,Spoofing,32970,35934,False,0.8851992711424828,-0.05,-0.005974842767295603,0.0,0.0440251572327044,0.9528379475048357,-0.0028379475048357916,0
ciciot2023,mlp,Web,4113,10579,False,0.9746853485703468,-0.05,-0.0038708762642971975,0.0,0.046129123735702805,0.9519120427455815,-0.0019120427455815436,0
ciciot2023,mlp,Benign,16399,17999,False,0.9471763074398041,-0.05,0.0018917717650980548,0.0,0.05189177176509806,0.9505799641726637,-0.000579964172663705,0
ciciot2023,mlp,BruteForce,1016,3919,False,0.9889645790681243,-0.05,-0.0007527430466955851,0.0,0.04924725695330442,0.9558129005818419,-0.005812900581841918,0
ciciot2023,mlp,DDoS,196893,195662,False,0.4999566674232483,-0.05,-0.04086179227443244,0.0,0.00913820772556756,0.9500033294205956,-3.3294205956657663e-06,0
ciciot2023,mlp,DoS,71126,72046,False,0.49992647767066956,-0.043209234316564975,-0.00838769674929906,0.006790765683435031,0.04161230325070094,0.9498612247829219,0.00013877521707805762,0
ciciot2023,mlp,Mirai,53960,54156,False,0.4999059736728668,-0.05,-0.04495900731220918,0.0,0.005040992687790826,0.950362697674883,-0.00036269767488306126,0
ciciot2023,mlp,Recon,81141,65879,False,0.7070764303207397,-0.05,-0.00018139316018762203,0.0,0.04981860683981238,0.9497292995008668,0.0002707004991331363,0
ciciot2023,mlp,Spoofing,31561,35934,False,0.8861571550369263,-0.05,-0.005306951633550404,0.0,0.0446930483664496,0.9528379475048357,-0.0028379475048357916,0
ciciot2023,mlp,Web,4078,10579,False,0.9701506234705448,-0.05,-0.0007514887985631963,0.0,0.049248511201436806,0.9519120427455815,-0.0019120427455815436,0
ciciot2023,mlp,Benign,16785,17999,False,0.946769580245018,-0.05,0.004003000166675923,0.0,0.054003000166675925,0.9505799641726637,-0.000579964172663705,0
ciciot2023,mlp,BruteForce,1086,3919,False,0.9913658266887069,-0.05,-0.005345751467211023,0.0,0.04465424853278898,0.9558129005818419,-0.005812900581841918,0
ciciot2023,mlp,DDoS,195713,195662,False,0.4999713897705078,-0.05,-0.03932342509020659,0.0,0.010676574909793419,0.9500033294205956,-3.3294205956657663e-06,0
ciciot2023,mlp,DoS,72164,72046,False,0.49994534254074097,-0.025015243057480187,-0.00019848430169613906,0.024984756942519816,0.049801515698303864,0.9498612247829219,0.00013877521707805762,0
ciciot2023,mlp,Mirai,53991,54156,False,0.49992477893829346,-0.05,-0.045014402836250834,0.0,0.004985597163749169,0.950362697674883,-0.00036269767488306126,0
ciciot2023,mlp,Recon,79551,65879,False,0.7060759365558624,-0.05,-0.0011984092047541764,0.0,0.048801590795245826,0.9497292995008668,0.0002707004991331363,0
ciciot2023,mlp,Spoofing,33481,35934,False,0.8845076337456703,-0.05,-0.0047503756887627355,0.0,0.04524962431123727,0.9528379475048357,-0.0028379475048357916,0
ciciot2023,mlp,Web,3403,10579,False,0.9736529514193535,-0.05,-0.008124586444843561,0.0,0.04187541355515644,0.9519120427455815,-0.0019120427455815436,0
ciciot2023,mlp,Benign,16542,17999,False,0.9375636726617813,-0.05,0.003225179176620921,0.0,0.053225179176620924,0.9505799641726637,-0.000579964172663705,0
ciciot2023,mlp,BruteForce,1169,3919,False,0.990678389556706,-0.05,-0.01606277111508038,0.0,0.033937228884919624,0.9558129005818419,-0.005812900581841918,0
ciciot2023,mlp,DDoS,195591,195662,False,0.4999959468841553,-0.04996932374188997,-0.04703059357463381,3.067625811003574e-05,0.0029694064253661927,0.9500033294205956,-3.3294205956657663e-06,0
ciciot2023,mlp,DoS,72183,72046,False,0.5,-0.05,-0.04815395719401494,0.0,0.0018460428059850651,0.9498612247829219,0.00013877521707805762,0
ciciot2023,mlp,Mirai,53996,54156,False,0.4999959468841553,-0.05,-0.04577147499815348,0.0,0.004228525001846517,0.950362697674883,-0.00036269767488306126,0
ciciot2023,mlp,Recon,81269,65879,False,0.6558943539857864,-0.05,0.0001525524066849776,0.0,0.05015255240668498,0.9497292995008668,0.0002707004991331363,0
ciciot2023,mlp,Spoofing,33064,35934,False,0.8804953172802925,-0.05,-0.0030806478543997373,0.0,0.046919352145600265,0.9528379475048357,-0.0028379475048357916,0
ciciot2023,mlp,Web,2360,10579,False,0.9706390453502536,-0.05,-0.002452972870781743,0.0,0.04754702712921826,0.9519120427455815,-0.0019120427455815436,0
ciciot2023,mlp,Benign,16175,17999,False,0.9438073933124542,-0.05,0.0034474137452080653,0.0,0.05344741374520807,0.9505799641726637,-0.000579964172663705,0
ciciot2023,mlp,BruteForce,1183,3919,False,0.9926693062298,-0.05,-0.005856085736157188,0.0,0.044143914263842815,0.9558129005818419,-0.005812900581841918,0
ciciot2023,mlp,DDoS,195582,195662,False,0.4999619722366333,-0.05,-0.04496580838384562,0.0,0.005034191616154388,0.9500033294205956,-3.3294205956657663e-06,0
ciciot2023,mlp,DoS,72257,72046,False,0.4999637007713318,-0.047495052382468136,-0.04025622518946229,0.0025049476175318655,0.009743774810537712,0.9498612247829219,0.00013877521707805762,0
ciciot2023,mlp,Mirai,53994,54156,False,0.49996519088745117,-0.05,-0.04505133318561194,0.0,0.004948666814388064,0.950362697674883,-0.00036269767488306126,0
ciciot2023,mlp,Recon,78936,65879,False,0.677262507379055,-0.05,9.183503088996264e-05,0.0,0.050091835030889965,0.9497292995008668,0.0002707004991331363,0
ciciot2023,mlp,Spoofing,33770,35934,False,0.8785589709877968,-0.05,-0.0044999165136082875,0.0,0.045500083486391715,0.9528379475048357,-0.0028379475048357916,0
ciciot2023,mlp,Web,4277,10579,False,0.9775333572179079,-0.05,-0.009258909159655923,0.0,0.04074109084034408,0.9519120427455815,-0.0019120427455815436,0
ciciot2023,mlp,Benign,16681,17999,False,0.9433549288660288,-0.05,0.0047808211567309244,0.0,0.05478082115673093,0.9505799641726637,-0.000579964172663705,0
ciciot2023,mlp,BruteForce,1012,3919,False,0.990042544901371,-0.05,-0.005345751467211023,0.0,0.04465424853278898,0.9558129005818419,-0.005812900581841918,0
ciciot2023,mlp,DDoS,195550,195662,False,0.4999873638153076,-0.05,-0.044004967750508536,0.0,0.00599503224949147,0.9500033294205956,-3.3294205956657663e-06,0
ciciot2023,mlp,DoS,72433,72046,False,0.4999445080757141,-0.05,-0.04167198734142076,0.0,0.00832801265857924,0.9498612247829219,0.00013877521707805762,0
ciciot2023,mlp,Mirai,54025,54156,False,0.4999399185180664,-0.05,-0.04671319890686166,0.0,0.003286801093138341,0.950362697674883,-0.00036269767488306126,0
ciciot2023,mlp,Recon,81197,65879,False,0.6871093064546585,-0.05,0.0001221937187874736,0.0,0.050122193718787476,0.9497292995008668,0.0002707004991331363,0
ciciot2023,mlp,Spoofing,32881,35934,False,0.8847934007644653,-0.05,-0.0019674959648244006,0.0,0.0480325040351756,0.9528379475048357,-0.0028379475048357916,0
ciciot2023,mlp,Web,2395,10579,False,0.973558334633708,-0.05,-0.008313640230645625,0.0,0.04168635976935438,0.9519120427455815,-0.0019120427455815436,0
ciciot2023,mlp,Benign,16903,17999,False,0.9440074600279331,-0.05,0.0011695094171898443,0.0,0.05116950941718985,0.9505799641726637,-0.000579964172663705,0
ciciot2023,mlp,BruteForce,1071,3919,False,0.991369117051363,-0.05,-0.013511099770349581,0.0,0.03648890022965042,0.9558129005818419,-0.005812900581841918,0
ciciot2023,mlp,DDoS,195703,195662,False,0.4999740719795227,-0.04162506451101925,-0.03630802097494659,0.008374935488980752,0.013691979025053409,0.9500033294205956,-3.3294205956657663e-06,0
ciciot2023,mlp,DoS,71783,72046,False,0.4999294877052307,-0.041070309126116214,-0.02904116814257558,0.008929690873883789,0.020958831857424424,0.9498612247829219,0.00013877521707805762,0
ciciot2023,mlp,Mirai,54038,54156,False,0.49991941452026367,-0.05,-0.045697614299431276,0.0,0.004302385700568728,0.950362697674883,-0.00036269767488306126,0
ciciot2023,mlp,Recon,80634,65879,False,0.689473956823349,-0.05,0.0005320360054038437,0.0,0.050532036005403846,0.9497292995008668,0.0002707004991331363,0
ciciot2023,mlp,Spoofing,32591,35934,False,0.8836667090654373,-0.05,-0.0048895196749596526,0.0,0.04511048032504035,0.9528379475048357,-0.0028379475048357916,0
ciciot2023,mlp,Web,3451,10579,False,0.9704329967498779,-0.05,-0.00585594101521883,0.0,0.04414405898478117,0.9519120427455815,-0.0019120427455815436,0
ciciot2023,rf,Benign,17906,17999,False,0.9339779317378998,-0.05,-0.001330629479415528,0.0,0.048669370520584475,0.9505799641726637,-0.000579964172663705,0
ciciot2023,rf,BruteForce,2658,3919,False,0.9909833632409573,-0.05,-0.01402143403929574,0.0,0.03597856596070426,0.9558129005818419,-0.005812900581841918,0
ciciot2023,rf,DDoS,195628,195662,False,0.5,-0.05,-0.049356032341486854,0.0,0.0006439676585131502,0.9500033294205956,-3.3294205956657663e-06,0
ciciot2023,rf,DoS,72050,72046,False,0.5,-0.05,-0.04938927907170419,0.0,0.000610720928295811,0.9498612247829219,0.00013877521707805762,0
ciciot2023,rf,Mirai,54156,54156,False,0.5,-0.05,-0.04987074377723614,0.0,0.00012925622276386734,0.950362697674883,-0.00036269767488306126,0
ciciot2023,rf,Recon,71226,65879,False,0.6646604984998703,-0.05,-0.002852957695168419,0.0,0.047147042304831584,0.9497292995008668,0.0002707004991331363,0
ciciot2023,rf,Spoofing,35542,35934,False,0.8412240222096443,-0.05,-0.003525908610229868,0.0,0.046474091389770135,0.9528379475048357,-0.0028379475048357916,0
ciciot2023,rf,Web,7008,10579,False,0.9673296306282282,-0.05,-0.001980338406276587,0.0,0.048019661593723416,0.9519120427455815,-0.0019120427455815436,0
ciciot2023,rf,Benign,17814,17999,False,0.9388390257954597,-0.05,-0.0006083671315073105,0.0,0.04939163286849269,0.9505799641726637,-0.000579964172663705,0
ciciot2023,rf,BruteForce,2631,3919,False,0.9891777066513896,-0.05,-0.006366420005103346,0.0,0.04363357999489666,0.9558129005818419,-0.005812900581841918,0
ciciot2023,rf,DDoS,195629,195662,False,0.5,-0.05,-0.049391808322515364,0.0,0.0006081916774846419,0.9500033294205956,-3.3294205956657663e-06,0
ciciot2023,rf,DoS,72056,72046,False,0.5,-0.05,-0.0492643588818255,0.0,0.0007356411181744996,0.9498612247829219,0.00013877521707805762,0
ciciot2023,rf,Mirai,54165,54156,False,0.5,-0.05,-0.049796883078513925,0.0,0.00020311692148607726,0.950362697674883,-0.00036269767488306126,0
ciciot2023,rf,Recon,71626,65879,False,0.6424904614686966,-0.05,-0.003323517357579811,0.0,0.04667648264242019,0.9497292995008668,0.0002707004991331363,0
ciciot2023,rf,Spoofing,35328,35934,False,0.8372169360518456,-0.05,-0.003776367785384316,0.0,0.04622363221461569,0.9528379475048357,-0.0028379475048357916,0
ciciot2023,rf,Web,6925,10579,False,0.9626869186758995,-0.05,-0.0032091880139899845,0.0,0.04679081198601002,0.9519120427455815,-0.0019120427455815436,0
ciciot2023,rf,Benign,17878,17999,False,0.9316992331296206,-0.05,5.833657425412253e-05,0.0,0.050058336574254125,0.9505799641726637,-0.000579964172663705,0
ciciot2023,rf,BruteForce,2616,3919,False,0.9880761560052633,-0.05,-0.0012630773156417502,0.0,0.04873692268435825,0.9558129005818419,-0.005812900581841918,0
ciciot2023,rf,DDoS,195661,195662,False,0.5,-0.05,-0.04944802772127445,0.0,0.0005519722787255574,0.9500033294205956,-3.3294205956657663e-06,0
ciciot2023,rf,DoS,72056,72046,False,0.5,-0.05,-0.0493476390084113,0.0,0.0006523609915887072,0.9498612247829219,0.00013877521707805762,0
ciciot2023,rf,Mirai,54149,54156,False,0.5,-0.05,-0.049630696506388954,0.0,0.0003693034936110496,0.950362697674883,-0.00036269767488306126,0
ciciot2023,rf,Recon,71580,65879,False,0.643123596906662,-0.05,-0.0018966590263968797,0.0,0.04810334097360312,0.9497292995008668,0.0002707004991331363,0
ciciot2023,rf,Spoofing,35438,35934,False,0.8413940072059631,-0.05,-0.0031084766516391166,0.0,0.046891523348360886,0.9528379475048357,-0.0028379475048357916,0
ciciot2023,rf,Web,6796,10579,False,0.9683537799865007,-0.05,-0.004910672086208531,0.0,0.04508932791379147,0.9519120427455815,-0.0019120427455815436,0
ciciot2023,rf,Benign,17998,17999,False,0.9327616095542908,-0.05,0.00033612978498805124,0.0,0.050336129784988054,0.9505799641726637,-0.000579964172663705,0
ciciot2023,rf,BruteForce,2565,3919,False,0.9887772025540471,-0.05,-0.0022837458535340666,0.0,0.047716254146465936,0.9558129005818419,-0.005812900581841918,0
ciciot2023,rf,DDoS,195643,195662,False,0.5,-0.049984665947669996,-0.04945824943013973,1.5334052330009252e-05,0.0005417505698602692,0.9500033294205956,-3.3294205956657663e-06,0
ciciot2023,rf,DoS,72042,72046,False,0.5,-0.05,-0.04936151902950893,0.0,0.0006384809704910752,0.9498612247829219,0.00013877521707805762,0
ciciot2023,rf,Mirai,54159,54156,False,0.5,-0.05,-0.049815348253194475,0.0,0.0001846517468055248,0.950362697674883,-0.00036269767488306126,0
ciciot2023,rf,Recon,71796,65879,False,0.6368583589792252,-0.05,-0.0028074196633221526,0.0,0.04719258033667785,0.9497292995008668,0.0002707004991331363,0
ciciot2023,rf,Spoofing,35170,35934,False,0.8364304229617119,-0.05,-0.0029971614626815857,0.0,0.04700283853731842,0.9528379475048357,-0.0028379475048357916,0
ciciot2023,rf,Web,6801,10579,False,0.9671559222042561,-0.05,-0.006895736837130163,0.0,0.04310426316286984,0.9519120427455815,-0.0019120427455815436,0
ciciot2023,rf,Benign,17929,17999,False,0.9296926166862249,-0.05,-0.0012195121951219523,0.0,0.04878048780487805,0.9505799641726637,-0.000579964172663705,0
ciciot2023,rf,BruteForce,2601,3919,False,0.9895127043128014,-0.05,-0.007897422811941827,0.0,0.042102577188058175,0.9558129005818419,-0.005812900581841918,0
ciciot2023,rf,DDoS,195641,195662,False,0.5,-0.05,-0.049330478069323634,0.0,0.0006695219306763705,0.9500033294205956,-3.3294205956657663e-06,0
ciciot2023,rf,DoS,72037,72046,False,0.5,-0.05,-0.049194958776337346,0.0,0.0008050412236626599,0.9498612247829219,0.00013877521707805762,0
ciciot2023,rf,Mirai,54136,54156,False,0.5,-0.05,-0.04946450993426398,0.0,0.0005354900657360219,0.950362697674883,-0.00036269767488306126,0
ciciot2023,rf,Recon,71668,65879,False,0.6298028230667114,-0.05,-0.0026404468798858563,0.0,0.047359553120114146,0.9497292995008668,0.0002707004991331363,0
ciciot2023,rf,Spoofing,35042,35934,False,0.8400915861129761,-0.05,-0.004332943730171984,0.0,0.04566705626982802,0.9528379475048357,-0.0028379475048357916,0
ciciot2023,rf,Web,7120,10579,False,0.9720781594514847,-0.05,-0.00500519897910956,0.0,0.04499480102089044,0.9519120427455815,-0.0019120427455815436,0
ciciot2023,rf,Benign,17971,17999,False,0.9307409934699535,-0.05,-0.0026084782487916028,0.0,0.0473915217512084,0.9505799641726637,-0.000579964172663705,0
ciciot2023,rf,BruteForce,2603,3919,False,0.9873911803588271,-0.05,-0.0025389129880071457,0.0,0.04746108701199286,0.9558129005818419,-0.005812900581841918,0
ciciot2023,rf,DDoS,195611,195662,False,0.5,-0.05,-0.049320256360458344,0.0,0.0006797436395416586,0.9500033294205956,-3.3294205956657663e-06,0
ciciot2023,rf,DoS,72045,72046,False,0.5,-0.05,-0.04936151902950893,0.0,0.0006384809704910752,0.9498612247829219,0.00013877521707805762,0
ciciot2023,rf,Mirai,54154,54156,False,0.5,-0.05,-0.04972302237979172,0.0,0.00027697762020828715,0.950362697674883,-0.00036269767488306126,0
ciciot2023,rf,Recon,71556,65879,False,0.6389975845813751,-0.05,-0.0018511209945506202,0.0,0.04814887900544938,0.9497292995008668,0.0002707004991331363,0
ciciot2023,rf,Spoofing,35482,35934,False,0.8329206332564354,-0.05,-0.002273612734457621,0.0,0.04772638726554238,0.9528379475048357,-0.0028379475048357916,0
ciciot2023,rf,Web,6752,10579,False,0.9614605531096458,-0.05,0.004069382739389352,0.0,0.054069382739389354,0.9519120427455815,-0.0019120427455815436,0
ciciot2023,rf,Benign,17988,17999,False,0.9254999589174986,-0.05,2.777932107338177e-06,0.0,0.05000277793210734,0.9505799641726637,-0.000579964172663705,0
ciciot2023,rf,BruteForce,2584,3919,False,0.9906299384310842,-0.05,-0.006366420005103346,0.0,0.04363357999489666,0.9558129005818419,-0.005812900581841918,0
ciciot2023,rf,DDoS,195639,195662,False,0.5,-0.05,-0.0494429168668418,0.0,0.0005570831331582014,0.9500033294205956,-3.3294205956657663e-06,0
ciciot2023,rf,DoS,72029,72046,False,0.5,-0.05,-0.0493059989451184,0.0,0.0006940010548816035,0.9498612247829219,0.00013877521707805762,0
ciciot2023,rf,Mirai,54154,54156,False,0.5,-0.05,-0.04985227860255558,0.0,0.00014772139744441981,0.950362697674883,-0.00036269767488306126,0
ciciot2023,rf,Recon,71397,65879,False,0.6519956737756729,-0.05,-0.002625267535937101,0.0,0.0473747324640629,0.9497292995008668,0.0002707004991331363,0
ciciot2023,rf,Spoofing,35573,35934,False,0.8333476446568966,-0.05,-0.0014944064117548839,0.0,0.04850559358824512,0.9528379475048357,-0.0028379475048357916,0
ciciot2023,rf,Web,6810,10579,False,0.9661933705210686,-0.05,-0.00415445694300029,0.0,0.04584554305699971,0.9519120427455815,-0.0019120427455815436,0
ciciot2023,rf,Benign,17794,17999,False,0.9311428517103195,-0.05,-0.00044169120506695053,0.0,0.04955830879493305,0.9505799641726637,-0.000579964172663705,0
ciciot2023,rf,BruteForce,2590,3919,False,0.991298511158675,-0.05,-0.005600918601684109,0.0,0.044399081398315894,0.9558129005818419,-0.005812900581841918,0
ciciot2023,rf,DDoS,195621,195662,False,0.5,-0.049994888074388746,-0.04931003465159305,5.111925611258505e-06,0.0006899653484069467,0.9500033294205956,-3.3294205956657663e-06,0
ciciot2023,rf,DoS,72043,72046,False,0.5,-0.05,-0.0492643588818255,0.0,0.0007356411181744996,0.9498612247829219,0.00013877521707805762,0
ciciot2023,rf,Mirai,54155,54156,False,0.5,-0.05,-0.04972302237979172,0.0,0.00027697762020828715,0.950362697674883,-0.00036269767488306126,0
ciciot2023,rf,Recon,71630,65879,False,0.6374193429946899,-0.05,-0.002093990497730694,0.0,0.04790600950226931,0.9497292995008668,0.0002707004991331363,0
ciciot2023,rf,Spoofing,35591,35934,False,0.8340531811118126,-0.05,-0.002023153559303173,0.0,0.04797684644069683,0.9528379475048357,-0.0028379475048357916,0
ciciot2023,rf,Web,6750,10579,False,0.9627762697637081,-0.05,-0.0016967577275734946,0.0,0.04830324227242651,0.9519120427455815,-0.0019120427455815436,0
ciciot2023,rf,Benign,18105,17999,False,0.9347227066755295,-0.05,-0.001830657258736601,0.0,0.0481693427412634,0.9505799641726637,-0.000579964172663705,0
ciciot2023,rf,BruteForce,2623,3919,False,0.9906382886692882,-0.05,0.002054095432508292,0.0,0.052054095432508295,0.9558129005818419,-0.005812900581841918,0
ciciot2023,rf,DDoS,195612,195662,False,0.5,-0.05,-0.04936625405035214,0.0,0.0006337459496478621,0.9500033294205956,-3.3294205956657663e-06,0
ciciot2023,rf,DoS,72050,72046,False,0.5,-0.05,-0.049417039113899455,0.0,0.0005829608861005469,0.9498612247829219,0.00013877521707805762,0
ciciot2023,rf,Mirai,54157,54156,False,0.5,-0.05,-0.049815348253194475,0.0,0.0001846517468055248,0.950362697674883,-0.00036269767488306126,0
ciciot2023,rf,Recon,71362,65879,False,0.6537689566612244,-0.05,-0.0027770609754246417,0.0,0.04722293902457536,0.9497292995008668,0.0002707004991331363,0
ciciot2023,rf,Spoofing,35552,35934,False,0.8329202383756638,-0.05,-0.0018283519786274835,0.0,0.04817164802137252,0.9528379475048357,-0.0028379475048357916,0
ciciot2023,rf,Web,6713,10579,False,0.9654080867767334,-0.05,-0.00415445694300029,0.0,0.04584554305699971,0.9519120427455815,-0.0019120427455815436,0
ciciot2023,rf,Benign,17872,17999,False,0.9322955533862114,-0.05,-0.0032196233124062446,0.0,0.04678037668759376,0.9505799641726637,-0.000579964172663705,0
ciciot2023,rf,BruteForce,2589,3919,False,0.9899165835231543,-0.05,-0.006366420005103346,0.0,0.04363357999489666,0.9558129005818419,-0.005812900581841918,0
ciciot2023,rf,DDoS,195639,195662,False,0.4999961853027344,-0.05,-0.04944802772127445,0.0,0.0005519722787255574,0.9500033294205956,-3.3294205956657663e-06,0
ciciot2023,rf,DoS,72043,72046,False,0.4999961853027344,-0.05,-0.049292118924020766,0.0,0.0007078810759792355,0.9498612247829219,0.00013877521707805762,0
ciciot2023,rf,Mirai,54162,54156,False,0.4999961853027344,-0.05,-0.04990767412659724,0.0,9.23258734027624e-05,0.950362697674883,-0.00036269767488306126,0
ciciot2023,rf,Recon,71665,65879,False,0.6517672538757324,-0.05,-0.00399140849132501,0.0,0.04600859150867499,0.9497292995008668,0.0002707004991331363,0
ciciot2023,rf,Spoofing,35370,35934,False,0.835297241806984,-0.05,-0.0024962431123726828,0.0,0.04750375688762732,0.9528379475048357,-0.0028379475048357916,0
ciciot2023,rf,Web,6834,10579,False,0.9651846121996641,-0.05,-0.00037338122695907555,0.0,0.04962661877304093,0.9519120427455815,-0.0019120427455815436,0
ciciot2023,xgb,Benign,18103,17999,False,0.8944198116660118,-0.05,-0.0004972498472137349,0.0,0.04950275015278627,0.9505799641726637,-0.000579964172663705,0
ciciot2023,xgb,BruteForce,2853,3919,False,0.9867436848580837,-0.05,-0.012745598366930344,0.0,0.03725440163306966,0.9558129005818419,-0.005812900581841918,0
ciciot2023,xgb,DDoS,195671,195662,False,0.5,-0.05,-0.049713792151771935,0.0,0.00028620784822806674,0.9500033294205956,-3.3294205956657663e-06,0
ciciot2023,xgb,DoS,72033,72046,False,0.5,-0.05,-0.04937539905060656,0.0,0.0006246009493934431,0.9498612247829219,0.00013877521707805762,0
ciciot2023,xgb,Mirai,54155,54156,False,0.5,-0.05,-0.04990767412659724,0.0,9.23258734027624e-05,0.950362697674883,-0.00036269767488306126,0
ciciot2023,xgb,Recon,70060,65879,False,0.5990105122327805,-0.05,-0.0013805613321392282,0.0,0.048619438667860775,0.9497292995008668,0.0002707004991331363,0
ciciot2023,xgb,Spoofing,35945,35934,False,0.8009941130876541,-0.05,0.0003979518005231761,0.0,0.05039795180052318,0.9528379475048357,-0.0028379475048357916,0
ciciot2023,xgb,Web,7354,10579,False,0.9605584517121315,-0.05,0.0025569524529728688,0.0,0.05255695245297287,0.9519120427455815,-0.0019120427455815436,0
ciciot2023,xgb,Benign,17854,17999,False,0.8866998702287674,-0.05,-0.0009417189843880236,0.0,0.04905828101561198,0.9505799641726637,-0.000579964172663705,0
ciciot2023,xgb,BruteForce,2830,3919,False,0.9858092572540045,-0.05,-0.005345751467211023,0.0,0.04465424853278898,0.9558129005818419,-0.005812900581841918,0
ciciot2023,xgb,DDoS,195659,195662,False,0.5,-0.05,-0.04968312702517607,0.0,0.00031687297482393105,0.9500033294205956,-3.3294205956657663e-06,0
ciciot2023,xgb,DoS,72035,72046,False,0.5,-0.05,-0.04944479915609472,0.0,0.0005552008439052827,0.9498612247829219,0.00013877521707805762,0
ciciot2023,xgb,Mirai,54150,54156,False,0.5,-0.05,-0.04983381342787503,0.0,0.00016618657212497231,0.950362697674883,-0.00036269767488306126,0
ciciot2023,xgb,Recon,70491,65879,False,0.5624959468841553,-0.05,-0.0030502891665022264,0.0,0.046949710833497776,0.9497292995008668,0.0002707004991331363,0
ciciot2023,xgb,Spoofing,35768,35934,False,0.8086134791374207,-0.05,-0.0016057216007124217,0.0,0.04839427839928758,0.9528379475048357,-0.0028379475048357916,0
ciciot2023,xgb,Web,7387,10579,False,0.95200833119452,-0.05,0.009457415634748084,0.0,0.05945741563474809,0.9519120427455815,-0.0019120427455815436,0
ciciot2023,xgb,Benign,17417,17999,False,0.8935161270201206,-0.05,-0.0007194844158008792,0.0,0.049280515584199124,0.9505799641726637,-0.000579964172663705,0
ciciot2023,xgb,BruteForce,2936,3919,False,0.9867785945534706,-0.05,-0.008152589946414907,0.0,0.041847410053585096,0.9558129005818419,-0.005812900581841918,0
ciciot2023,xgb,DDoS,195687,195662,False,0.5,-0.05,-0.04973423556950251,0.0,0.00026576443049749056,0.9500033294205956,-3.3294205956657663e-06,0
ciciot2023,xgb,DoS,72025,72046,False,0.5,-0.05,-0.049278238902923134,0.0,0.0007217610970768675,0.9498612247829219,0.00013877521707805762,0
ciciot2023,xgb,Mirai,54146,54156,False,0.5,-0.05,-0.049796883078513925,0.0,0.00020311692148607726,0.950362697674883,-0.00036269767488306126,0
ciciot2023,xgb,Recon,70830,65879,False,0.5315444618463516,-0.05,-0.0018511209945506202,0.0,0.04814887900544938,0.9497292995008668,0.0002707004991331363,0
ciciot2023,xgb,Spoofing,35966,35934,False,0.8042541593313217,-0.05,-0.0006595424945733883,0.0,0.049340457505426615,0.9528379475048357,-0.0028379475048357916,0
ciciot2023,xgb,Web,7167,10579,False,0.9621664071455598,-0.05,-0.001318650155969374,0.0,0.04868134984403063,0.9519120427455815,-0.0019120427455815436,0
ciciot2023,xgb,Benign,17785,17999,False,0.8885173201560974,-0.05,0.00022501250069448253,0.0,0.050225012500694485,0.9505799641726637,-0.000579964172663705,0
ciciot2023,xgb,BruteForce,2827,3919,False,0.9857519846409559,-0.05,-0.007897422811941827,0.0,0.042102577188058175,0.9558129005818419,-0.005812900581841918,0
ciciot2023,xgb,DDoS,195667,195662,False,0.5,-0.04998977855233637,-0.04970868129733929,1.02214476636326e-05,0.0002913187026607108,0.9500033294205956,-3.3294205956657663e-06,0
ciciot2023,xgb,DoS,72033,72046,False,0.5,-0.05,-0.049417039113899455,0.0,0.0005829608861005469,0.9498612247829219,0.00013877521707805762,0
ciciot2023,xgb,Mirai,54149,54156,False,0.5,-0.05,-0.049815348253194475,0.0,0.0001846517468055248,0.950362697674883,-0.00036269767488306126,0
ciciot2023,xgb,Recon,70596,65879,False,0.5370154231786728,-0.05,-0.0003180072557264074,0.0,0.049681992744273595,0.9497292995008668,0.0002707004991331363,0
ciciot2023,xgb,Spoofing,35947,35934,False,0.8015453889966011,-0.05,-0.00015862414426448534,0.0,0.04984137585573552,0.9528379475048357,-0.0028379475048357916,0
ciciot2023,xgb,Web,7170,10579,False,0.9543451890349388,-0.05,0.0029350600245769895,0.0,0.05293506002457699,0.9519120427455815,-0.0019120427455815436,0
ciciot2023,xgb,Benign,17805,17999,False,0.8841898366808891,-0.05,0.001447302627923773,0.0,0.051447302627923776,0.9505799641726637,-0.000579964172663705,0
ciciot2023,xgb,BruteForce,2782,3919,False,0.9860429195687175,-0.05,-0.007642255677468741,0.0,0.04235774432253126,0.9558129005818419,-0.005812900581841918,0
ciciot2023,xgb,DDoS,195684,195662,False,0.5,-0.05,-0.049749568132800445,0.0,0.00025043186719955843,0.9500033294205956,-3.3294205956657663e-06,0
ciciot2023,xgb,DoS,72024,72046,False,0.5,-0.05,-0.04933375898731367,0.0,0.0006662410126863393,0.9498612247829219,0.00013877521707805762,0
ciciot2023,xgb,Mirai,54150,54156,False,0.5,-0.05,-0.04985227860255558,0.0,0.00014772139744441981,0.950362697674883,-0.00036269767488306126,0
ciciot2023,xgb,Recon,70114,65879,False,0.5643799751996994,-0.05,-0.0005153387270602217,0.0,0.04948466127293978,0.9497292995008668,0.0002707004991331363,0
ciciot2023,xgb,Spoofing,36231,35934,False,0.8066990673542023,-0.05,-0.0021901263427394693,0.0,0.04780987365726053,0.9528379475048357,-0.0028379475048357916,0
ciciot2023,xgb,Web,7384,10579,False,0.9558528698980808,-0.05,0.0010445221665563859,0.0,0.05104452216655639,0.9519120427455815,-0.0019120427455815436,0
ciciot2023,xgb,Benign,18104,17999,False,0.8960293754935265,-0.05,-0.0005528084893605262,0.0,0.04944719151063948,0.9505799641726637,-0.000579964172663705,0
ciciot2023,xgb,BruteForce,2905,3919,False,0.9860657639801502,-0.05,-0.006876754274049504,0.0,0.0431232457259505,0.9558129005818419,-0.005812900581841918,0
ciciot2023,xgb,DDoS,195684,195662,False,0.5,-0.0497649271274095,-0.04961157506311906,0.00023507287259050304,0.0003884249368809478,0.9500033294205956,-3.3294205956657663e-06,0
ciciot2023,xgb,DoS,72023,72046,False,0.5,-0.05,-0.0496113594092663,0.0,0.0003886405907336979,0.9498612247829219,0.00013877521707805762,0
ciciot2023,xgb,Mirai,54149,54156,False,0.5,-0.05,-0.04983381342787503,0.0,0.00016618657212497231,0.950362697674883,-0.00036269767488306126,0
ciciot2023,xgb,Recon,69896,65879,False,0.5937103778123856,-0.05,-0.0010162570773691176,0.0,0.048983742922630885,0.9497292995008668,0.0002707004991331363,0
ciciot2023,xgb,Spoofing,35865,35934,False,0.8101772367954254,-0.05,-0.0005203985083764712,0.0,0.04947960149162353,0.9528379475048357,-0.0028379475048357916,0
ciciot2023,xgb,Web,7548,10579,False,0.950296251103282,-0.05,0.00652708195481614,0.0,0.05652708195481614,0.9519120427455815,-0.0019120427455815436,0
ciciot2023,xgb,Benign,17831,17999,False,0.8988344334065914,-0.05,-0.0022195677537640984,0.0,0.047780432246235904,0.9505799641726637,-0.000579964172663705,0
ciciot2023,xgb,BruteForce,2973,3919,False,0.9841743856668472,-0.05,-0.0050905843327379435,0.0,0.04490941566726206,0.9558129005818419,-0.005812900581841918,0
ciciot2023,xgb,DDoS,195633,195662,False,0.5,-0.05,-0.04960646420868641,0.0,0.0003935357913135918,0.9500033294205956,-3.3294205956657663e-06,0
ciciot2023,xgb,DoS,72073,72046,False,0.5,-0.05,-0.0496529994725592,0.0,0.00034700052744080173,0.9498612247829219,0.00013877521707805762,0
ciciot2023,xgb,Mirai,54150,54156,False,0.5,-0.05,-0.04983381342787503,0.0,0.00016618657212497231,0.950362697674883,-0.00036269767488306126,0
ciciot2023,xgb,Recon,70486,65879,False,0.5532817542552948,-0.0499858127855177,-0.002033273121935672,1.4187214482308543e-05,0.04796672687806433,0.9497292995008668,0.0002707004991331363,0
ciciot2023,xgb,Spoofing,35887,35934,False,0.8043636381626129,-0.05,-0.0009100016697278362,0.0,0.049089998330272167,0.9528379475048357,-0.0028379475048357916,0
ciciot2023,xgb,Web,7141,10579,False,0.9605380687862635,-0.05,0.0018007373097646273,0.0,0.05180073730976463,0.9519120427455815,-0.0019120427455815436,0
ciciot2023,xgb,Benign,17778,17999,False,0.897229015827179,-0.05,-0.0022751263959108897,0.0,0.04772487360408911,0.9505799641726637,-0.000579964172663705,0
ciciot2023,xgb,BruteForce,2818,3919,False,0.986702274531126,-0.05,-0.0027940801224802247,0.0,0.04720591987751978,0.9558129005818419,-0.005812900581841918,0
ciciot2023,xgb,DDoS,195672,195662,False,0.5,-0.05,-0.049713792151771935,0.0,0.00028620784822806674,0.9500033294205956,-3.3294205956657663e-06,0
ciciot2023,xgb,DoS,72031,72046,False,0.5,-0.05,-0.0493476390084113,0.0,0.0006523609915887072,0.9498612247829219,0.00013877521707805762,0
ciciot2023,xgb,Mirai,54150,54156,False,0.5,-0.05,-0.04983381342787503,0.0,0.00016618657212497231,0.950362697674883,-0.00036269767488306126,0
ciciot2023,xgb,Recon,70594,65879,False,0.5544160008430481,-0.05,-0.0018663003384993757,0.0,0.04813369966150063,0.9497292995008668,0.0002707004991331363,0
ciciot2023,xgb,Spoofing,36005,35934,False,0.7981508821249008,-0.05,0.00101018533978961,0.0,0.05101018533978961,0.9528379475048357,-0.0028379475048357916,0
ciciot2023,xgb,Web,7126,10579,False,0.9591958019882441,-0.05,-0.0005624350127611324,0.0,0.04943756498723887,0.9519120427455815,-0.0019120427455815436,0
ciciot2023,xgb,Benign,18036,17999,False,0.901826448738575,-0.05,-0.0018862159008833854,0.0,0.04811378409911662,0.9505799641726637,-0.000579964172663705,0
ciciot2023,xgb,BruteForce,2784,3919,False,0.9857766218483448,-0.05,-0.010449094156672625,0.0,0.03955090584332738,0.9558129005818419,-0.005812900581841918,0
ciciot2023,xgb,DDoS,195700,195662,False,0.5,-0.05,-0.049764900696098374,0.0,0.00023509930390162628,0.9500033294205956,-3.3294205956657663e-06,0
ciciot2023,xgb,DoS,72016,72046,False,0.5,-0.05,-0.04923659883963024,0.0,0.0007634011603697637,0.9498612247829219,0.00013877521707805762,0
ciciot2023,xgb,Mirai,54148,54156,False,0.5,-0.05,-0.04983381342787503,0.0,0.00016618657212497231,0.950362697674883,-0.00036269767488306126,0
ciciot2023,xgb,Recon,70498,65879,False,0.5694112479686737,-0.05,-0.0017904036187555983,0.0,0.048209596381244404,0.9497292995008668,0.0002707004991331363,0
ciciot2023,xgb,Spoofing,35823,35934,False,0.8015477508306503,-0.05,0.00020315021984749354,0.0,0.050203150219847496,0.9528379475048357,-0.0028379475048357916,0
ciciot2023,xgb,Web,7169,10579,False,0.9507976919412613,-0.05,0.014467340958502689,0.0,0.06446734095850269,0.9519120427455815,-0.0019120427455815436,0
ciciot2023,xgb,Benign,18075,17999,False,0.8855696991086006,-0.05,0.0005583643535751956,0.0,0.0505583643535752,0.9505799641726637,-0.000579964172663705,0
ciciot2023,xgb,BruteForce,2831,3919,False,0.9849753901362419,-0.05,-0.01376626690482266,0.0,0.03623373309517734,0.9558129005818419,-0.005812900581841918,0
ciciot2023,xgb,DDoS,195667,195662,False,0.5,-0.05,-0.04968312702517607,0.0,0.00031687297482393105,0.9500033294205956,-3.3294205956657663e-06,0
ciciot2023,xgb,DoS,72028,72046,False,0.5,-0.05,-0.04933375898731367,0.0,0.0006662410126863393,0.9498612247829219,0.00013877521707805762,0
ciciot2023,xgb,Mirai,54152,54156,False,0.5,-0.05,-0.04987074377723614,0.0,0.00012925622276386734,0.950362697674883,-0.00036269767488306126,0
ciciot2023,xgb,Recon,69945,65879,False,0.6057837754487991,-0.05,-0.00021175184808512604,0.0,0.04978824815191488,0.9497292995008668,0.0002707004991331363,0
ciciot2023,xgb,Spoofing,35975,35934,False,0.8120044618844986,-0.05,-0.0012161184393610566,0.0,0.048783881560638946,0.9528379475048357,-0.0028379475048357916,0
ciciot2023,xgb,Web,7501,10579,False,0.9548243805766106,-0.05,0.0025569524529728688,0.0,0.05255695245297287,0.9519120427455815,-0.0019120427455815436,0
