ladder,rung,realization,arch,seed,coverage,S_sup,score_KS,n_focal
placebo_seen_only,0.0,0,mlp,12345,0.46488294314381273,0.0,0.6284258490269579,299
placebo_seen_only,0.25,0,mlp,12345,0.35451505016722407,0.0,0.7053489259500348,299
placebo_seen_only,0.5,0,mlp,12345,0.21739130434782608,0.0,0.7722385580570582,299
placebo_seen_only,0.75,0,mlp,12345,0.11371237458193979,0.0,0.8527081322529236,299
placebo_seen_only,1.0,0,mlp,12345,0.026755852842809364,0.0,0.9430540279679468,299
placebo_seen_only,0.0,1,mlp,12345,0.4080267558528428,0.0,0.6953154811339812,299
placebo_seen_only,0.25,1,mlp,12345,0.29431438127090304,0.0,0.7120378891607372,299
placebo_seen_only,0.5,1,mlp,12345,0.24414715719063546,0.0,0.7488271868196,299
placebo_seen_only,0.75,1,mlp,12345,0.11371237458193979,0.0,0.8427195798074117,299
placebo_seen_only,1.0,1,mlp,12345,0.026755852842809364,0.0,0.946398509573298,299
placebo_seen_only,0.0,2,mlp,12345,0.40468227424749165,0.0,0.6652151466858207,299
placebo_seen_only,0.25,2,mlp,12345,0.3210702341137124,0.0,0.7187268523714395,299
placebo_seen_only,0.5,2,mlp,12345,0.2508361204013378,0.0,0.7387937420035465,299
placebo_seen_only,0.75,2,mlp,12345,0.14381270903010032,0.0,0.8359408318556262,299
placebo_seen_only,1.0,2,mlp,12345,0.030100334448160536,0.0,0.9430540279679468,299
placebo_seen_only,0.0,3,mlp,12345,0.46488294314381273,0.0,0.6451482570537137,299
placebo_seen_only,0.25,3,mlp,12345,0.3612040133779264,0.0,0.6953154811339812,299
placebo_seen_only,0.5,3,mlp,12345,0.2608695652173913,0.0,0.7387937420035465,299
placebo_seen_only,0.75,3,mlp,12345,0.15719063545150502,0.0,0.8425849026957869,299
placebo_seen_only,1.0,3,mlp,12345,0.023411371237458192,0.0,0.9497429911786492,299
placebo_seen_only,0.0,4,mlp,12345,0.4214046822742475,0.0,0.6618706650804695,299
placebo_seen_only,0.25,4,mlp,12345,0.3377926421404682,0.0,0.708693407555386,299
placebo_seen_only,0.5,4,mlp,12345,0.25752508361204013,0.0,0.7555161500303024,299
placebo_seen_only,0.75,4,mlp,12345,0.13043478260869565,0.0,0.84929631209176,299
placebo_seen_only,1.0,4,mlp,12345,0.03678929765886288,0.0,0.9363650647572445,299
placebo_seen_only,0.0,5,mlp,12345,0.42474916387959866,0.0,0.6551817018697672,299
placebo_seen_only,0.25,5,mlp,12345,0.3411371237458194,0.0,0.7321047787928442,299
placebo_seen_only,0.5,5,mlp,12345,0.21739130434782608,0.0,0.7722385580570582,299
placebo_seen_only,0.75,5,mlp,12345,0.11371237458193979,0.0,0.84929631209176,299
placebo_seen_only,1.0,5,mlp,12345,0.006688963210702341,0.0,0.9664653992054051,299
placebo_seen_only,0.0,6,mlp,12345,0.43812709030100333,0.0,0.6785930731072254,299
placebo_seen_only,0.25,6,mlp,12345,0.3210702341137124,0.0,0.7120378891607372,299
placebo_seen_only,0.5,6,mlp,12345,0.2709030100334448,0.0,0.728760297187493,299
placebo_seen_only,0.75,6,mlp,12345,0.11371237458193979,0.0,0.8626966846984355,299
placebo_seen_only,1.0,6,mlp,12345,0.033444816053511704,0.0,0.9363650647572445,299
placebo_seen_only,0.0,7,mlp,12345,0.4080267558528428,0.0,0.6451482570537137,299
placebo_seen_only,0.25,7,mlp,12345,0.35785953177257523,0.0,0.6986599627393324,299
placebo_seen_only,0.5,7,mlp,12345,0.21070234113712374,0.0,0.7989944108998676,299
placebo_seen_only,0.75,7,mlp,12345,0.12040133779264214,0.0,0.8425849026957869,299
placebo_seen_only,1.0,7,mlp,12345,0.016722408026755852,0.0,0.9564319543893516,299
placebo_seen_only,0.0,8,mlp,12345,0.4214046822742475,0.0,0.6785930731072254,299
placebo_seen_only,0.25,8,mlp,12345,0.3377926421404682,0.0,0.671904109896523,299
placebo_seen_only,0.5,8,mlp,12345,0.23411371237458195,0.0,0.7588606316356535,299
placebo_seen_only,0.75,8,mlp,12345,0.14046822742474915,0.0,0.8193082085699536,299
placebo_seen_only,1.0,8,mlp,12345,0.023411371237458192,0.0,0.9497429911786492,299
placebo_seen_only,0.0,9,mlp,12345,0.4414715719063545,0.0,0.6585261834751184,299
placebo_seen_only,0.25,9,mlp,12345,0.3712374581939799,0.0,0.6819375547125766,299
placebo_seen_only,0.5,9,mlp,12345,0.2508361204013378,0.0,0.7387937420035465,299
placebo_seen_only,0.75,9,mlp,12345,0.12040133779264214,0.0,0.8460191690422213,299
placebo_seen_only,1.0,9,mlp,12345,0.026755852842809364,0.0,0.9430540279679468,299
placebo_seen_only,0.0,10,mlp,12345,0.45484949832775917,0.0,0.6585261834751184,299
placebo_seen_only,0.25,10,mlp,12345,0.3745819397993311,0.0,0.6919709995286301,299
placebo_seen_only,0.5,10,mlp,12345,0.23411371237458195,0.0,0.7722385580570582,299
placebo_seen_only,0.75,10,mlp,12345,0.13712374581939799,0.0,0.8326861349913582,299
placebo_seen_only,1.0,10,mlp,12345,0.010033444816053512,0.0,0.9631209176000539,299
placebo_seen_only,0.0,11,mlp,12345,0.431438127090301,0.0,0.6618706650804695,299
placebo_seen_only,0.25,11,mlp,12345,0.32441471571906355,0.0,0.7387937420035465,299
placebo_seen_only,0.5,11,mlp,12345,0.23076923076923078,0.0,0.7789275212677605,299
placebo_seen_only,0.75,11,mlp,12345,0.11371237458193979,0.0,0.8593522030930844,299
placebo_seen_only,1.0,11,mlp,12345,0.026755852842809364,0.0,0.9430540279679468,299
placebo_seen_only,0.0,12,mlp,12345,0.451505016722408,0.0,0.6351148122376602,299
placebo_seen_only,0.25,12,mlp,12345,0.2909698996655518,0.0,0.7220713339767907,299
placebo_seen_only,0.5,12,mlp,12345,0.22408026755852842,0.0,0.7723507889834123,299
placebo_seen_only,0.75,12,mlp,12345,0.11705685618729098,0.0,0.856030167673004,299
placebo_seen_only,1.0,12,mlp,12345,0.016722408026755852,0.0,0.9564319543893516,299
placebo_seen_only,0.0,13,mlp,12345,0.4414715719063545,0.0,0.6217368858162555,299
placebo_seen_only,0.25,13,mlp,12345,0.3511705685618729,0.0,0.7053489259500348,299
placebo_seen_only,0.5,13,mlp,12345,0.23745819397993312,0.0,0.7623173441673587,299
placebo_seen_only,0.75,13,mlp,12345,0.10702341137123746,0.0,0.8627191308837063,299
placebo_seen_only,1.0,13,mlp,12345,0.023411371237458192,0.0,0.9497429911786492,299
placebo_seen_only,0.0,14,mlp,12345,0.49498327759197325,0.0,0.5949810329734462,299
placebo_seen_only,0.25,14,mlp,12345,0.32441471571906355,0.0,0.7053489259500348,299
placebo_seen_only,0.5,14,mlp,12345,0.23076923076923078,0.0,0.7890731970101681,299
placebo_seen_only,0.75,14,mlp,12345,0.12040133779264214,0.0,0.8359183856703554,299
placebo_seen_only,1.0,14,mlp,12345,0.006688963210702341,0.0,0.9664653992054051,299
placebo_seen_only,0.0,15,mlp,12345,0.5083612040133779,0.0,0.6217368858162555,299
placebo_seen_only,0.25,15,mlp,12345,0.33444816053511706,0.0,0.7153823707660883,299
placebo_seen_only,0.5,15,mlp,12345,0.22408026755852842,0.0,0.7755830396624094,299
placebo_seen_only,0.75,15,mlp,12345,0.10033444816053512,0.0,0.8661309510448699,299
placebo_seen_only,1.0,15,mlp,12345,0.023411371237458192,0.0,0.9497429911786492,299
placebo_seen_only,0.0,16,mlp,12345,0.391304347826087,0.0,0.6551817018697672,299
placebo_seen_only,0.25,16,mlp,12345,0.35785953177257523,0.0,0.6819375547125766,299
placebo_seen_only,0.5,16,mlp,12345,0.27759197324414714,0.0,0.7387937420035465,299
placebo_seen_only,0.75,16,mlp,12345,0.14046822742474915,0.0,0.8392404210904357,299
placebo_seen_only,1.0,16,mlp,12345,0.016722408026755852,0.0,0.9564319543893516,299
placebo_seen_only,0.0,17,mlp,12345,0.411371237458194,0.0,0.6551817018697672,299
placebo_seen_only,0.25,17,mlp,12345,0.3411371237458194,0.0,0.6919709995286301,299
placebo_seen_only,0.5,17,mlp,12345,0.2140468227424749,0.0,0.7722385580570582,299
placebo_seen_only,0.75,17,mlp,12345,0.14046822742474915,0.0,0.8292518686449238,299
placebo_seen_only,1.0,17,mlp,12345,0.010033444816053512,0.0,0.9597764359947027,299
placebo_seen_only,0.0,18,mlp,12345,0.44481605351170567,0.0,0.6652151466858207,299
placebo_seen_only,0.25,18,mlp,12345,0.31438127090301005,0.0,0.7153823707660883,299
placebo_seen_only,0.5,18,mlp,12345,0.21070234113712374,0.0,0.7857287154048169,299
placebo_seen_only,0.75,18,mlp,12345,0.12374581939799331,0.0,0.8392853134609773,299
placebo_seen_only,1.0,18,mlp,12345,0.010033444816053512,0.0,0.9597764359947027,299
placebo_seen_only,0.0,19,mlp,12345,0.5150501672240803,0.0,0.6551817018697672,299
placebo_seen_only,0.25,19,mlp,12345,0.3411371237458194,0.0,0.7053489259500348,299
placebo_seen_only,0.5,19,mlp,12345,0.2508361204013378,0.0,0.7389508653004422,299
placebo_seen_only,0.75,19,mlp,12345,0.15384615384615385,0.0,0.8157168189266234,299
placebo_seen_only,1.0,19,mlp,12345,0.023411371237458192,0.0,0.9497429911786492,299
placebo_seen_only,0.0,0,mlp,1337,0.4180602006688963,0.0,0.8424726717694327,299
placebo_seen_only,0.25,0,mlp,1337,0.28762541806020064,0.0,0.8290947453480281,299
placebo_seen_only,0.5,0,mlp,1337,0.2040133779264214,0.0,0.8792619694282957,299
placebo_seen_only,0.75,0,mlp,1337,0.0802675585284281,0.0,0.8826064510336469,299
placebo_seen_only,1.0,0,mlp,1337,0.010033444816053512,0.0,0.9564095082040808,299
placebo_seen_only,0.0,1,mlp,1337,0.34782608695652173,0.0,0.8525061165854863,299
placebo_seen_only,0.25,1,mlp,1337,0.27759197324414714,0.0,0.8458171533747839,299
placebo_seen_only,0.5,1,mlp,1337,0.21739130434782608,0.0,0.8658840430068909,299
placebo_seen_only,0.75,1,mlp,1337,0.08361204013377926,0.0,0.875984826378757,299
placebo_seen_only,1.0,1,mlp,1337,0.013377926421404682,0.0,0.9530650265987295,299
placebo_seen_only,0.0,2,mlp,1337,0.4080267558528428,0.0,0.8290947453480281,299
placebo_seen_only,0.25,2,mlp,1337,0.2809364548494983,0.0,0.8625395614015398,299
placebo_seen_only,0.5,2,mlp,1337,0.23076923076923078,0.0,0.8692285246122422,299
placebo_seen_only,0.75,2,mlp,1337,0.11036789297658862,0.0,0.885950932638998,299
placebo_seen_only,1.0,2,mlp,1337,0.013377926421404682,0.0,0.9530650265987295,299
placebo_seen_only,0.0,3,mlp,1337,0.39464882943143814,0.0,0.8424726717694327,299
placebo_seen_only,0.25,3,mlp,1337,0.3311036789297659,0.0,0.8458171533747839,299
placebo_seen_only,0.5,3,mlp,1337,0.22742474916387959,0.0,0.8658840430068909,299
placebo_seen_only,0.75,3,mlp,1337,0.12374581939799331,0.0,0.8926398958497004,299
placebo_seen_only,1.0,3,mlp,1337,0.013377926421404682,0.0,0.9531099189692712,299
placebo_seen_only,0.0,4,mlp,1337,0.3411371237458194,0.0,0.8491616349801351,299
placebo_seen_only,0.25,4,mlp,1337,0.30434782608695654,0.0,0.8558281520055666,299
placebo_seen_only,0.5,4,mlp,1337,0.23411371237458195,0.0,0.8525061165854863,299
placebo_seen_only,0.75,4,mlp,1337,0.10702341137123746,0.0,0.8893627528001616,299
placebo_seen_only,1.0,4,mlp,1337,0.013377926421404682,0.0,0.9564544005746224,299
placebo_seen_only,0.0,5,mlp,1337,0.391304347826087,0.0,0.8457947071895131,299
placebo_seen_only,0.25,5,mlp,1337,0.2809364548494983,0.0,0.8591950797961886,299
placebo_seen_only,0.5,5,mlp,1337,0.1806020066889632,0.0,0.8759174878229445,299
placebo_seen_only,0.75,5,mlp,1337,0.10033444816053512,0.0,0.8792619694282957,299
placebo_seen_only,1.0,5,mlp,1337,0.0033444816053511705,0.0,0.9631433637853247,299
placebo_seen_only,0.0,6,mlp,1337,0.35451505016722407,0.0,0.8525061165854863,299
placebo_seen_only,0.25,6,mlp,1337,0.3010033444816054,0.0,0.8391281901640816,299
placebo_seen_only,0.5,6,mlp,1337,0.23745819397993312,0.0,0.8625395614015398,299
placebo_seen_only,0.75,6,mlp,1337,0.10033444816053512,0.0,0.8759174878229445,299
placebo_seen_only,1.0,6,mlp,1337,0.006688963210702341,0.0,0.9564095082040808,299
placebo_seen_only,0.0,7,mlp,1337,0.38461538461538464,0.0,0.8458171533747839,299
placebo_seen_only,0.25,7,mlp,1337,0.2976588628762542,0.0,0.8558505981908374,299
placebo_seen_only,0.5,7,mlp,1337,0.17391304347826086,0.0,0.8759174878229445,299
placebo_seen_only,0.75,7,mlp,1337,0.09364548494983277,0.0,0.885950932638998,299
placebo_seen_only,1.0,7,mlp,1337,0.013377926421404682,0.0,0.9530650265987295,299
placebo_seen_only,0.0,8,mlp,1337,0.34448160535117056,0.0,0.8123723373212722,299
placebo_seen_only,0.25,8,mlp,1337,0.3277591973244147,0.0,0.8558505981908374,299
placebo_seen_only,0.5,8,mlp,1337,0.22742474916387959,0.0,0.8658840430068909,299
placebo_seen_only,0.75,8,mlp,1337,0.11371237458193979,0.0,0.8725730062175934,299
placebo_seen_only,1.0,8,mlp,1337,0.010033444816053512,0.0,0.9564095082040808,299
placebo_seen_only,0.0,9,mlp,1337,0.33444816053511706,0.0,0.8290947453480281,299
placebo_seen_only,0.25,9,mlp,1337,0.3110367892976589,0.0,0.8324392269533792,299
placebo_seen_only,0.5,9,mlp,1337,0.21070234113712374,0.0,0.8692285246122422,299
placebo_seen_only,0.75,9,mlp,1337,0.0903010033444816,0.0,0.8826064510336469,299
placebo_seen_only,1.0,9,mlp,1337,0.006688963210702341,0.0,0.9564095082040808,299
placebo_seen_only,0.0,10,mlp,1337,0.42474916387959866,0.0,0.8257502637426769,299
placebo_seen_only,0.25,10,mlp,1337,0.3277591973244147,0.0,0.8458171533747839,299
placebo_seen_only,0.5,10,mlp,1337,0.17725752508361203,0.0,0.8725730062175934,299
placebo_seen_only,0.75,10,mlp,1337,0.12040133779264214,0.0,0.885950932638998,299
placebo_seen_only,1.0,10,mlp,1337,0.0,0.0,0.9664429530201343,299
placebo_seen_only,0.0,11,mlp,1337,0.38461538461538464,0.0,0.8391281901640816,299
placebo_seen_only,0.25,11,mlp,1337,0.2608695652173913,0.0,0.8625395614015398,299
placebo_seen_only,0.5,11,mlp,1337,0.20066889632107024,0.0,0.8591950797961886,299
placebo_seen_only,0.75,11,mlp,1337,0.0903010033444816,0.0,0.8792619694282957,299
placebo_seen_only,1.0,11,mlp,1337,0.010033444816053512,0.0,0.9564095082040808,299
placebo_seen_only,0.0,12,mlp,1337,0.41471571906354515,0.0,0.8391281901640816,299
placebo_seen_only,0.25,12,mlp,1337,0.27424749163879597,0.0,0.8625395614015398,299
placebo_seen_only,0.5,12,mlp,1337,0.1806020066889632,0.0,0.8826064510336469,299
placebo_seen_only,0.75,12,mlp,1337,0.09698996655518395,0.0,0.8826737895894593,299
placebo_seen_only,1.0,12,mlp,1337,0.006688963210702341,0.0,0.9597539898094319,299
placebo_seen_only,0.0,13,mlp,1337,0.3712374581939799,0.0,0.8324392269533792,299
placebo_seen_only,0.25,13,mlp,1337,0.3076923076923077,0.0,0.8591950797961886,299
placebo_seen_only,0.5,13,mlp,1337,0.19063545150501673,0.0,0.8792619694282957,299
placebo_seen_only,0.75,13,mlp,1337,0.08695652173913043,0.0,0.8826064510336469,299
placebo_seen_only,1.0,13,mlp,1337,0.013377926421404682,0.0,0.9564095082040808,299
placebo_seen_only,0.0,14,mlp,1337,0.4414715719063545,0.0,0.8157168189266234,299
placebo_seen_only,0.25,14,mlp,1337,0.2976588628762542,0.0,0.8391281901640816,299
placebo_seen_only,0.5,14,mlp,1337,0.1939799331103679,0.0,0.8692285246122422,299
placebo_seen_only,0.75,14,mlp,1337,0.11036789297658862,0.0,0.8826737895894593,299
placebo_seen_only,1.0,14,mlp,1337,0.0033444816053511705,0.0,0.9597539898094319,299
placebo_seen_only,0.0,15,mlp,1337,0.36789297658862874,0.0,0.8391281901640816,299
placebo_seen_only,0.25,15,mlp,1337,0.25418060200668896,0.0,0.8491616349801351,299
placebo_seen_only,0.5,15,mlp,1337,0.20735785953177258,0.0,0.8591950797961886,299
placebo_seen_only,0.75,15,mlp,1337,0.07357859531772576,0.0,0.8926398958497004,299
placebo_seen_only,1.0,15,mlp,1337,0.006688963210702341,0.0,0.9597539898094319,299
placebo_seen_only,0.0,16,mlp,1337,0.3277591973244147,0.0,0.8357837085587304,299
placebo_seen_only,0.25,16,mlp,1337,0.2976588628762542,0.0,0.8658840430068909,299
placebo_seen_only,0.5,16,mlp,1337,0.21739130434782608,0.0,0.8591950797961886,299
placebo_seen_only,0.75,16,mlp,1337,0.09364548494983277,0.0,0.8759174878229445,299
placebo_seen_only,1.0,16,mlp,1337,0.006688963210702341,0.0,0.9631433637853247,299
placebo_seen_only,0.0,17,mlp,1337,0.36454849498327757,0.0,0.8190613005319746,299
placebo_seen_only,0.25,17,mlp,1337,0.2909698996655518,0.0,0.8424726717694327,299
placebo_seen_only,0.5,17,mlp,1337,0.19732441471571907,0.0,0.8658840430068909,299
placebo_seen_only,0.75,17,mlp,1337,0.10367892976588629,0.0,0.8725730062175934,299
placebo_seen_only,1.0,17,mlp,1337,0.0033444816053511705,0.0,0.9597988821799736,299
placebo_seen_only,0.0,18,mlp,1337,0.35451505016722407,0.0,0.8224057821373257,299
placebo_seen_only,0.25,18,mlp,1337,0.24414715719063546,0.0,0.8591950797961886,299
placebo_seen_only,0.5,18,mlp,1337,0.17391304347826086,0.0,0.8625395614015398,299
placebo_seen_only,0.75,18,mlp,1337,0.11371237458193979,0.0,0.8725730062175934,299
placebo_seen_only,1.0,18,mlp,1337,0.006688963210702341,0.0,0.9597539898094319,299
placebo_seen_only,0.0,19,mlp,1337,0.34782608695652173,0.0,0.8391281901640816,299
placebo_seen_only,0.25,19,mlp,1337,0.2842809364548495,0.0,0.8391281901640816,299
placebo_seen_only,0.5,19,mlp,1337,0.2140468227424749,0.0,0.8458171533747839,299
placebo_seen_only,0.75,19,mlp,1337,0.13043478260869565,0.0,0.8826064510336469,299
placebo_seen_only,1.0,19,mlp,1337,0.010033444816053512,0.0,0.9564544005746224,299
placebo_seen_only,0.0,0,mlp,2024,0.34448160535117056,0.0,0.8557608134497542,299
placebo_seen_only,0.25,0,mlp,2024,0.29431438127090304,0.0,0.852416331844403,299
placebo_seen_only,0.5,0,mlp,2024,0.18729096989966554,0.0,0.8657942582658077,299
placebo_seen_only,0.75,0,mlp,2024,0.0802675585284281,0.0,0.8795088774662746,299
placebo_seen_only,1.0,0,mlp,2024,0.010033444816053512,0.0,0.9496980988081075,299
placebo_seen_only,0.0,1,mlp,2024,0.3411371237458194,0.0,0.8457273686337007,299
placebo_seen_only,0.25,1,mlp,2024,0.2709030100334448,0.0,0.8457273686337007,299
placebo_seen_only,0.5,1,mlp,2024,0.21070234113712374,0.0,0.8591052950551054,299
placebo_seen_only,0.75,1,mlp,2024,0.11705685618729098,0.0,0.8760297187492986,299
placebo_seen_only,1.0,1,mlp,2024,0.023411371237458192,0.0,0.946398509573298,299
placebo_seen_only,0.0,2,mlp,2024,0.3377926421404682,0.0,0.8423828870283495,299
placebo_seen_only,0.25,2,mlp,2024,0.30434782608695654,0.0,0.8457273686337007,299
placebo_seen_only,0.5,2,mlp,2024,0.22742474916387959,0.0,0.8624497766604565,299
placebo_seen_only,0.75,2,mlp,2024,0.11705685618729098,0.0,0.87248322147651,299
placebo_seen_only,1.0,2,mlp,2024,0.016722408026755852,0.0,0.9531099189692712,299
placebo_seen_only,0.0,3,mlp,2024,0.4080267558528428,0.0,0.852416331844403,299
placebo_seen_only,0.25,3,mlp,2024,0.27759197324414714,0.0,0.852416331844403,299
placebo_seen_only,0.5,3,mlp,2024,0.19063545150501673,0.0,0.8557608134497542,299
placebo_seen_only,0.75,3,mlp,2024,0.12709030100334448,0.0,0.8657942582658077,299
placebo_seen_only,1.0,3,mlp,2024,0.016722408026755852,0.0,0.9531099189692712,299
placebo_seen_only,0.0,4,mlp,2024,0.3979933110367893,0.0,0.8457273686337007,299
placebo_seen_only,0.25,4,mlp,2024,0.2608695652173913,0.0,0.852416331844403,299
placebo_seen_only,0.5,4,mlp,2024,0.20066889632107024,0.0,0.8490718502390519,299
placebo_seen_only,0.75,4,mlp,2024,0.09364548494983277,0.0,0.8761643958609234,299
placebo_seen_only,1.0,4,mlp,2024,0.013377926421404682,0.0,0.94976543736392,299
placebo_seen_only,0.0,5,mlp,2024,0.3745819397993311,0.0,0.8591052950551054,299
placebo_seen_only,0.25,5,mlp,2024,0.2809364548494983,0.0,0.8557608134497542,299
placebo_seen_only,0.5,5,mlp,2024,0.1806020066889632,0.0,0.87248322147651,299
placebo_seen_only,0.75,5,mlp,2024,0.10367892976588629,0.0,0.8661309510448699,299
placebo_seen_only,1.0,5,mlp,2024,0.010033444816053512,0.0,0.9698323269960271,299
placebo_seen_only,0.0,6,mlp,2024,0.36789297658862874,0.0,0.8624497766604565,299
placebo_seen_only,0.25,6,mlp,2024,0.2709030100334448,0.0,0.8457273686337007,299
placebo_seen_only,0.5,6,mlp,2024,0.22408026755852842,0.0,0.8557608134497542,299
placebo_seen_only,0.75,6,mlp,2024,0.09364548494983277,0.0,0.8694754326502211,299
placebo_seen_only,1.0,6,mlp,2024,0.020066889632107024,0.0,0.9531099189692712,299
placebo_seen_only,0.0,7,mlp,2024,0.3277591973244147,0.0,0.852416331844403,299
placebo_seen_only,0.25,7,mlp,2024,0.3110367892976589,0.0,0.852416331844403,299
placebo_seen_only,0.5,7,mlp,2024,0.18729096989966554,0.0,0.8591052950551054,299
placebo_seen_only,0.75,7,mlp,2024,0.10367892976588629,0.0,0.8659962739332451,299
placebo_seen_only,1.0,7,mlp,2024,0.016722408026755852,0.0,0.9564319543893516,299
placebo_seen_only,0.0,8,mlp,2024,0.36454849498327757,0.0,0.8457273686337007,299
placebo_seen_only,0.25,8,mlp,2024,0.2809364548494983,0.0,0.8624497766604565,299
placebo_seen_only,0.5,8,mlp,2024,0.21070234113712374,0.0,0.8591052950551054,299
placebo_seen_only,0.75,8,mlp,2024,0.11705685618729098,0.0,0.8624497766604565,299
placebo_seen_only,1.0,8,mlp,2024,0.013377926421404682,0.0,0.9564544005746224,299
placebo_seen_only,0.0,9,mlp,2024,0.3779264214046823,0.0,0.8390384054229983,299
placebo_seen_only,0.25,9,mlp,2024,0.2842809364548495,0.0,0.8390384054229983,299
placebo_seen_only,0.5,9,mlp,2024,0.19732441471571907,0.0,0.8557608134497542,299
placebo_seen_only,0.75,9,mlp,2024,0.09698996655518395,0.0,0.859397095463626,299
placebo_seen_only,1.0,9,mlp,2024,0.010033444816053512,0.0,0.9631433637853247,299
placebo_seen_only,0.0,10,mlp,2024,0.38461538461538464,0.0,0.8356939238176472,299
placebo_seen_only,0.25,10,mlp,2024,0.2976588628762542,0.0,0.852416331844403,299
placebo_seen_only,0.5,10,mlp,2024,0.16722408026755853,0.0,0.8591052950551054,299
placebo_seen_only,0.75,10,mlp,2024,0.10367892976588629,0.0,0.8624497766604565,299
placebo_seen_only,1.0,10,mlp,2024,0.006688963210702341,0.0,0.9664878453906759,299
placebo_seen_only,0.0,11,mlp,2024,0.34782608695652173,0.0,0.8390384054229983,299
placebo_seen_only,0.25,11,mlp,2024,0.24749163879598662,0.0,0.8557608134497542,299
placebo_seen_only,0.5,11,mlp,2024,0.17725752508361203,0.0,0.8457273686337007,299
placebo_seen_only,0.75,11,mlp,2024,0.08695652173913043,0.0,0.8795088774662746,299
placebo_seen_only,1.0,11,mlp,2024,0.006688963210702341,0.0,0.9563870620188099,299
placebo_seen_only,0.0,12,mlp,2024,0.40468227424749165,0.0,0.8457273686337007,299
placebo_seen_only,0.25,12,mlp,2024,0.23745819397993312,0.0,0.8624497766604565,299
placebo_seen_only,0.5,12,mlp,2024,0.16387959866220736,0.0,0.8624497766604565,299
placebo_seen_only,0.75,12,mlp,2024,0.09698996655518395,0.0,0.8660860586743283,299
placebo_seen_only,1.0,12,mlp,2024,0.006688963210702341,0.0,0.9597988821799736,299
placebo_seen_only,0.0,13,mlp,2024,0.4013377926421405,0.0,0.8490718502390519,299
placebo_seen_only,0.25,13,mlp,2024,0.27759197324414714,0.0,0.8624497766604565,299
placebo_seen_only,0.5,13,mlp,2024,0.17391304347826086,0.0,0.8591052950551054,299
placebo_seen_only,0.75,13,mlp,2024,0.08695652173913043,0.0,0.8795088774662746,299
placebo_seen_only,1.0,13,mlp,2024,0.013377926421404682,0.0,0.9531099189692712,299
placebo_seen_only,0.0,14,mlp,2024,0.38127090301003347,0.0,0.832349442212296,299
placebo_seen_only,0.25,14,mlp,2024,0.30434782608695654,0.0,0.8624497766604565,299
placebo_seen_only,0.5,14,mlp,2024,0.20735785953177258,0.0,0.8591052950551054,299
placebo_seen_only,0.75,14,mlp,2024,0.11705685618729098,0.0,0.8591277412403762,299
placebo_seen_only,1.0,14,mlp,2024,0.006688963210702341,0.0,0.9698323269960271,299
placebo_seen_only,0.0,15,mlp,2024,0.44816053511705684,0.0,0.8591052950551054,299
placebo_seen_only,0.25,15,mlp,2024,0.24414715719063546,0.0,0.8557608134497542,299
placebo_seen_only,0.5,15,mlp,2024,0.2040133779264214,0.0,0.8591052950551054,299
placebo_seen_only,0.75,15,mlp,2024,0.07692307692307693,0.0,0.8928868038876793,299
placebo_seen_only,1.0,15,mlp,2024,0.006688963210702341,0.0,0.9597988821799736,299
placebo_seen_only,0.0,16,mlp,2024,0.3712374581939799,0.0,0.8457273686337007,299
placebo_seen_only,0.25,16,mlp,2024,0.3311036789297659,0.0,0.8624497766604565,299
placebo_seen_only,0.5,16,mlp,2024,0.23745819397993312,0.0,0.852416331844403,299
placebo_seen_only,0.75,16,mlp,2024,0.08695652173913043,0.0,0.8793742003546497,299
placebo_seen_only,1.0,16,mlp,2024,0.010033444816053512,0.0,0.9664878453906759,299
placebo_seen_only,0.0,17,mlp,2024,0.35785953177257523,0.0,0.8423828870283495,299
placebo_seen_only,0.25,17,mlp,2024,0.2842809364548495,0.0,0.8557608134497542,299
placebo_seen_only,0.5,17,mlp,2024,0.17725752508361203,0.0,0.8457273686337007,299
placebo_seen_only,0.75,17,mlp,2024,0.0903010033444816,0.0,0.8694305402796795,299
placebo_seen_only,1.0,17,mlp,2024,0.010033444816053512,0.0,0.9597988821799736,299
placebo_seen_only,0.0,18,mlp,2024,0.36789297658862874,0.0,0.8356939238176472,299
placebo_seen_only,0.25,18,mlp,2024,0.27424749163879597,0.0,0.8591052950551054,299
placebo_seen_only,0.5,18,mlp,2024,0.19063545150501673,0.0,0.8591052950551054,299
placebo_seen_only,0.75,18,mlp,2024,0.11036789297658862,0.0,0.8626517923278939,299
placebo_seen_only,1.0,18,mlp,2024,0.010033444816053512,0.0,0.9597988821799736,299
placebo_seen_only,0.0,19,mlp,2024,0.40468227424749165,0.0,0.852416331844403,299
placebo_seen_only,0.25,19,mlp,2024,0.27424749163879597,0.0,0.8490718502390519,299
placebo_seen_only,0.5,19,mlp,2024,0.22073578595317725,0.0,0.8490718502390519,299
placebo_seen_only,0.75,19,mlp,2024,0.14046822742474915,0.0,0.8691387398711589,299
placebo_seen_only,1.0,19,mlp,2024,0.013377926421404682,0.0,0.9564544005746224,299
placebo_seen_only,0.0,0,mlp,3407,0.32441471571906355,0.0,0.8926623420349712,299
placebo_seen_only,0.25,0,mlp,3407,0.26755852842809363,0.0,0.8692060784269713,299
placebo_seen_only,0.5,0,mlp,3407,0.1806020066889632,0.0,0.8927072344055128,299
placebo_seen_only,0.75,0,mlp,3407,0.07357859531772576,0.0,0.8928868038876793,299
placebo_seen_only,1.0,0,mlp,3407,0.030100334448160536,0.0,0.9430540279679468,299
placebo_seen_only,0.0,1,mlp,3407,0.3076923076923077,0.0,0.875984826378757,299
placebo_seen_only,0.25,1,mlp,3407,0.23411371237458195,0.0,0.8625620075868107,299
placebo_seen_only,0.5,1,mlp,3407,0.18729096989966554,0.0,0.8793293079841081,299
placebo_seen_only,0.75,1,mlp,3407,0.08361204013377926,0.0,0.8860182711948105,299
placebo_seen_only,1.0,1,mlp,3407,0.026755852842809364,0.0,0.946398509573298,299
placebo_seen_only,0.0,2,mlp,3407,0.3110367892976589,0.0,0.8625620075868107,299
placebo_seen_only,0.25,2,mlp,3407,0.26755852842809363,0.0,0.8558730443761082,299
placebo_seen_only,0.5,2,mlp,3407,0.19732441471571907,0.0,0.8893627528001616,299
placebo_seen_only,0.75,2,mlp,3407,0.09698996655518395,0.0,0.9060851608269175,299
placebo_seen_only,1.0,2,mlp,3407,0.030100334448160536,0.0,0.9430540279679468,299
placebo_seen_only,0.0,3,mlp,3407,0.34782608695652173,0.0,0.8826288972189177,299
placebo_seen_only,0.25,3,mlp,3407,0.2842809364548495,0.0,0.875984826378757,299
placebo_seen_only,0.5,3,mlp,3407,0.1939799331103679,0.0,0.8826288972189177,299
placebo_seen_only,0.75,3,mlp,3407,0.11371237458193979,0.0,0.8860182711948105,299
placebo_seen_only,1.0,3,mlp,3407,0.023411371237458192,0.0,0.946398509573298,299
placebo_seen_only,0.0,4,mlp,3407,0.3010033444816054,0.0,0.8726403447734058,299
placebo_seen_only,0.25,4,mlp,3407,0.25418060200668896,0.0,0.8860182711948105,299
placebo_seen_only,0.5,4,mlp,3407,0.17725752508361203,0.0,0.8692958631680546,299
placebo_seen_only,0.75,4,mlp,3407,0.09364548494983277,0.0,0.8993961976162151,299
placebo_seen_only,1.0,4,mlp,3407,0.03678929765886288,0.0,0.9363650647572445,299
placebo_seen_only,0.0,5,mlp,3407,0.3177257525083612,0.0,0.8792844156135665,299
placebo_seen_only,0.25,5,mlp,3407,0.2140468227424749,0.0,0.8860182711948105,299
placebo_seen_only,0.5,5,mlp,3407,0.1605351170568562,0.0,0.896051716010864,299
placebo_seen_only,0.75,5,mlp,3407,0.10033444816053512,0.0,0.875984826378757,299
placebo_seen_only,1.0,5,mlp,3407,0.010033444816053512,0.0,0.9631209176000539,299
placebo_seen_only,0.0,6,mlp,3407,0.3010033444816054,0.0,0.8859733788242689,299
placebo_seen_only,0.25,6,mlp,3407,0.2508361204013378,0.0,0.8726403447734058,299
placebo_seen_only,0.5,6,mlp,3407,0.23076923076923078,0.0,0.8692958631680546,299
placebo_seen_only,0.75,6,mlp,3407,0.0802675585284281,0.0,0.896051716010864,299
placebo_seen_only,1.0,6,mlp,3407,0.03678929765886288,0.0,0.9363650647572445,299
placebo_seen_only,0.0,7,mlp,3407,0.29431438127090304,0.0,0.869250970797513,299
placebo_seen_only,0.25,7,mlp,3407,0.2608695652173913,0.0,0.8793293079841081,299
placebo_seen_only,0.5,7,mlp,3407,0.16387959866220736,0.0,0.8893627528001616,299
placebo_seen_only,0.75,7,mlp,3407,0.10367892976588629,0.0,0.8927072344055128,299
placebo_seen_only,1.0,7,mlp,3407,0.020066889632107024,0.0,0.9530874727840004,299
placebo_seen_only,0.0,8,mlp,3407,0.29431438127090304,0.0,0.8692958631680546,299
placebo_seen_only,0.25,8,mlp,3407,0.26755852842809363,0.0,0.8793293079841081,299
placebo_seen_only,0.5,8,mlp,3407,0.2040133779264214,0.0,0.8793293079841081,299
placebo_seen_only,0.75,8,mlp,3407,0.11371237458193979,0.0,0.8993961976162151,299
placebo_seen_only,1.0,8,mlp,3407,0.023411371237458192,0.0,0.9497429911786492,299
placebo_seen_only,0.0,9,mlp,3407,0.3177257525083612,0.0,0.8793293079841081,299
placebo_seen_only,0.25,9,mlp,3407,0.2608695652173913,0.0,0.8625620075868107,299
placebo_seen_only,0.5,9,mlp,3407,0.18729096989966554,0.0,0.8860182711948105,299
placebo_seen_only,0.75,9,mlp,3407,0.0903010033444816,0.0,0.8927072344055128,299
placebo_seen_only,1.0,9,mlp,3407,0.030100334448160536,0.0,0.9430540279679468,299
placebo_seen_only,0.0,10,mlp,3407,0.35785953177257523,0.0,0.8659064891921618,299
placebo_seen_only,0.25,10,mlp,3407,0.27759197324414714,0.0,0.8860182711948105,299
placebo_seen_only,0.5,10,mlp,3407,0.17391304347826086,0.0,0.8860182711948105,299
placebo_seen_only,0.75,10,mlp,3407,0.10702341137123746,0.0,0.8927072344055128,299
placebo_seen_only,1.0,10,mlp,3407,0.010033444816053512,0.0,0.9597764359947027,299
placebo_seen_only,0.0,11,mlp,3407,0.3110367892976589,0.0,0.8692958631680546,299
placebo_seen_only,0.25,11,mlp,3407,0.23076923076923078,0.0,0.8893627528001616,299
placebo_seen_only,0.5,11,mlp,3407,0.17725752508361203,0.0,0.869250970797513,299
placebo_seen_only,0.75,11,mlp,3407,0.07357859531772576,0.0,0.9027406792215663,299
placebo_seen_only,1.0,11,mlp,3407,0.026755852842809364,0.0,0.9430540279679468,299
placebo_seen_only,0.0,12,mlp,3407,0.2976588628762542,0.0,0.8793293079841081,299
placebo_seen_only,0.25,12,mlp,3407,0.2140468227424749,0.0,0.8927072344055128,299
placebo_seen_only,0.5,12,mlp,3407,0.14715719063545152,0.0,0.896051716010864,299
placebo_seen_only,0.75,12,mlp,3407,0.08695652173913043,0.0,0.9060851608269175,299
placebo_seen_only,1.0,12,mlp,3407,0.016722408026755852,0.0,0.9564319543893516,299
placebo_seen_only,0.0,13,mlp,3407,0.30434782608695654,0.0,0.8659513815627035,299
placebo_seen_only,0.25,13,mlp,3407,0.24749163879598662,0.0,0.8826288972189177,299
placebo_seen_only,0.5,13,mlp,3407,0.16722408026755853,0.0,0.8893627528001616,299
placebo_seen_only,0.75,13,mlp,3407,0.0802675585284281,0.0,0.8928868038876793,299
placebo_seen_only,1.0,13,mlp,3407,0.023411371237458192,0.0,0.9497429911786492,299
placebo_seen_only,0.0,14,mlp,3407,0.32441471571906355,0.0,0.8592624183520011,299
placebo_seen_only,0.25,14,mlp,3407,0.24414715719063546,0.0,0.8860182711948105,299
placebo_seen_only,0.5,14,mlp,3407,0.16387959866220736,0.0,0.8860182711948105,299
placebo_seen_only,0.75,14,mlp,3407,0.10367892976588629,0.0,0.8927072344055128,299
placebo_seen_only,1.0,14,mlp,3407,0.006688963210702341,0.0,0.9664653992054051,299
placebo_seen_only,0.0,15,mlp,3407,0.36789297658862874,0.0,0.8793293079841081,299
placebo_seen_only,0.25,15,mlp,3407,0.22742474916387959,0.0,0.8826737895894593,299
placebo_seen_only,0.5,15,mlp,3407,0.18394648829431437,0.0,0.8860182711948105,299
placebo_seen_only,0.75,15,mlp,3407,0.06688963210702341,0.0,0.9062647303090839,299
placebo_seen_only,1.0,15,mlp,3407,0.023411371237458192,0.0,0.9497429911786492,299
placebo_seen_only,0.0,16,mlp,3407,0.29431438127090304,0.0,0.8893627528001616,299
placebo_seen_only,0.25,16,mlp,3407,0.2709030100334448,0.0,0.8826737895894593,299
placebo_seen_only,0.5,16,mlp,3407,0.20066889632107024,0.0,0.8826737895894593,299
placebo_seen_only,0.75,16,mlp,3407,0.09698996655518395,0.0,0.8793966465399206,299
placebo_seen_only,1.0,16,mlp,3407,0.016722408026755852,0.0,0.9564319543893516,299
placebo_seen_only,0.0,17,mlp,3407,0.31438127090301005,0.0,0.8525734551412988,299
placebo_seen_only,0.25,17,mlp,3407,0.23745819397993312,0.0,0.8793293079841081,299
placebo_seen_only,0.5,17,mlp,3407,0.1605351170568562,0.0,0.8726403447734058,299
placebo_seen_only,0.75,17,mlp,3407,0.10367892976588629,0.0,0.8792619694282957,299
placebo_seen_only,1.0,17,mlp,3407,0.013377926421404682,0.0,0.9597764359947027,299
placebo_seen_only,0.0,18,mlp,3407,0.3277591973244147,0.0,0.8525285627707571,299
placebo_seen_only,0.25,18,mlp,3407,0.23745819397993312,0.0,0.8893627528001616,299
placebo_seen_only,0.5,18,mlp,3407,0.14046822742474915,0.0,0.8927072344055128,299
placebo_seen_only,0.75,18,mlp,3407,0.11371237458193979,0.0,0.8793293079841081,299
placebo_seen_only,1.0,18,mlp,3407,0.016722408026755852,0.0,0.9564319543893516,299
placebo_seen_only,0.0,19,mlp,3407,0.3311036789297659,0.0,0.8860182711948105,299
placebo_seen_only,0.25,19,mlp,3407,0.25752508361204013,0.0,0.8793293079841081,299
placebo_seen_only,0.5,19,mlp,3407,0.19063545150501673,0.0,0.8659513815627035,299
placebo_seen_only,0.75,19,mlp,3407,0.12709030100334448,0.0,0.8927072344055128,299
placebo_seen_only,1.0,19,mlp,3407,0.023411371237458192,0.0,0.9497429911786492,299
placebo_seen_only,0.0,0,mlp,42,0.34448160535117056,0.0,0.8524612242149446,299
placebo_seen_only,0.25,0,mlp,42,0.28762541806020064,0.0,0.8524612242149446,299
placebo_seen_only,0.5,0,mlp,42,0.17725752508361203,0.0,0.8758725954524028,299
placebo_seen_only,0.75,0,mlp,42,0.08695652173913043,0.0,0.8929092500729501,299
placebo_seen_only,1.0,0,mlp,42,0.033444816053511704,0.0,0.9464209557585689,299
placebo_seen_only,0.0,1,mlp,42,0.3076923076923077,0.0,0.8491167426095935,299
placebo_seen_only,0.25,1,mlp,42,0.24749163879598662,0.0,0.8457722610042423,299
placebo_seen_only,0.5,1,mlp,42,0.21739130434782608,0.0,0.8491167426095935,299
placebo_seen_only,0.75,1,mlp,42,0.10367892976588629,0.0,0.8728423604408431,299
placebo_seen_only,1.0,1,mlp,42,0.046822742474916385,0.0,0.9397319925478664,299
placebo_seen_only,0.0,2,mlp,42,0.31438127090301005,0.0,0.8457722610042423,299
placebo_seen_only,0.25,2,mlp,42,0.26755852842809363,0.0,0.83908329779354,299
placebo_seen_only,0.5,2,mlp,42,0.2040133779264214,0.0,0.859150187425647,299
placebo_seen_only,0.75,2,mlp,42,0.10702341137123746,0.0,0.8758725954524028,299
placebo_seen_only,1.0,2,mlp,42,0.023411371237458192,0.0,0.94976543736392,299
placebo_seen_only,0.0,3,mlp,42,0.3511705685618729,0.0,0.859150187425647,299
placebo_seen_only,0.25,3,mlp,42,0.2809364548494983,0.0,0.8457722610042423,299
placebo_seen_only,0.5,3,mlp,42,0.21070234113712374,0.0,0.8491167426095935,299
placebo_seen_only,0.75,3,mlp,42,0.11705685618729098,0.0,0.8624946690309981,299
placebo_seen_only,1.0,3,mlp,42,0.03678929765886288,0.0,0.9430764741532177,299
placebo_seen_only,0.0,4,mlp,42,0.32441471571906355,0.0,0.8524612242149446,299
placebo_seen_only,0.25,4,mlp,42,0.24414715719063546,0.0,0.8558057058202958,299
placebo_seen_only,0.5,4,mlp,42,0.1939799331103679,0.0,0.8491167426095935,299
placebo_seen_only,0.75,4,mlp,42,0.11036789297658862,0.0,0.8661533972301407,299
placebo_seen_only,1.0,4,mlp,42,0.04013377926421405,0.0,0.9330430293371641,299
placebo_seen_only,0.0,5,mlp,42,0.3177257525083612,0.0,0.8524612242149446,299
placebo_seen_only,0.25,5,mlp,42,0.2508361204013378,0.0,0.8658391506363493,299
placebo_seen_only,0.5,5,mlp,42,0.1705685618729097,0.0,0.8725281138470516,299
placebo_seen_only,0.75,5,mlp,42,0.10033444816053512,0.0,0.8761868420461942,299
placebo_seen_only,1.0,5,mlp,42,0.016722408026755852,0.0,0.9597988821799736,299
placebo_seen_only,0.0,6,mlp,42,0.31438127090301005,0.0,0.859150187425647,299
placebo_seen_only,0.25,6,mlp,42,0.25752508361204013,0.0,0.8624946690309981,299
placebo_seen_only,0.5,6,mlp,42,0.23076923076923078,0.0,0.8491167426095935,299
placebo_seen_only,0.75,6,mlp,42,0.09364548494983277,0.0,0.882830912886355,299
placebo_seen_only,1.0,6,mlp,42,0.033444816053511704,0.0,0.9397319925478664,299
placebo_seen_only,0.0,7,mlp,42,0.3177257525083612,0.0,0.8558057058202958,299
placebo_seen_only,0.25,7,mlp,42,0.25752508361204013,0.0,0.8558057058202958,299
placebo_seen_only,0.5,7,mlp,42,0.1705685618729097,0.0,0.8558057058202958,299
placebo_seen_only,0.75,7,mlp,42,0.10033444816053512,0.0,0.8694978788354919,299
placebo_seen_only,1.0,7,mlp,42,0.043478260869565216,0.0,0.9363875109425153,299
placebo_seen_only,0.0,8,mlp,42,0.3177257525083612,0.0,0.8424277793988911,299
placebo_seen_only,0.25,8,mlp,42,0.25418060200668896,0.0,0.859150187425647,299
placebo_seen_only,0.5,8,mlp,42,0.20066889632107024,0.0,0.859150187425647,299
placebo_seen_only,0.75,8,mlp,42,0.12374581939799331,0.0,0.8624946690309981,299
placebo_seen_only,1.0,8,mlp,42,0.030100334448160536,0.0,0.9531099189692712,299
placebo_seen_only,0.0,9,mlp,42,0.3779264214046823,0.0,0.8424277793988911,299
placebo_seen_only,0.25,9,mlp,42,0.26755852842809363,0.0,0.83908329779354,299
placebo_seen_only,0.5,9,mlp,42,0.19732441471571907,0.0,0.8624946690309981,299
placebo_seen_only,0.75,9,mlp,42,0.09698996655518395,0.0,0.8795313236515454,299
placebo_seen_only,1.0,9,mlp,42,0.043478260869565216,0.0,0.9363875109425153,299
placebo_seen_only,0.0,10,mlp,42,0.35451505016722407,0.0,0.83908329779354,299
placebo_seen_only,0.25,10,mlp,42,0.29431438127090304,0.0,0.8491167426095935,299
placebo_seen_only,0.5,10,mlp,42,0.17725752508361203,0.0,0.8658391506363493,299
placebo_seen_only,0.75,10,mlp,42,0.11705685618729098,0.0,0.8691836322417005,299
placebo_seen_only,1.0,10,mlp,42,0.016722408026755852,0.0,0.9564544005746224,299
placebo_seen_only,0.0,11,mlp,42,0.32441471571906355,0.0,0.8491167426095935,299
placebo_seen_only,0.25,11,mlp,42,0.24414715719063546,0.0,0.8624946690309981,299
placebo_seen_only,0.5,11,mlp,42,0.18394648829431437,0.0,0.8524612242149446,299
placebo_seen_only,0.75,11,mlp,42,0.0802675585284281,0.0,0.8895647684675989,299
placebo_seen_only,1.0,11,mlp,42,0.030100334448160536,0.0,0.9464209557585689,299
placebo_seen_only,0.0,12,mlp,42,0.3377926421404682,0.0,0.8491167426095935,299
placebo_seen_only,0.25,12,mlp,42,0.23411371237458195,0.0,0.879217077057754,299
placebo_seen_only,0.5,12,mlp,42,0.17725752508361203,0.0,0.8691836322417005,299
placebo_seen_only,0.75,12,mlp,42,0.08695652173913043,0.0,0.8828758052568966,299
placebo_seen_only,1.0,12,mlp,42,0.020066889632107024,0.0,0.9531099189692712,299
placebo_seen_only,0.0,13,mlp,42,0.3377926421404682,0.0,0.8491167426095935,299
placebo_seen_only,0.25,13,mlp,42,0.29431438127090304,0.0,0.859150187425647,299
placebo_seen_only,0.5,13,mlp,42,0.1705685618729097,0.0,0.859150187425647,299
placebo_seen_only,0.75,13,mlp,42,0.07357859531772576,0.0,0.8962537316783012,299
placebo_seen_only,1.0,13,mlp,42,0.033444816053511704,0.0,0.9531099189692712,299
placebo_seen_only,0.0,14,mlp,42,0.36454849498327757,0.0,0.8323943345828376,299
placebo_seen_only,0.25,14,mlp,42,0.2842809364548495,0.0,0.8658391506363493,299
placebo_seen_only,0.5,14,mlp,42,0.1806020066889632,0.0,0.859150187425647,299
placebo_seen_only,0.75,14,mlp,42,0.12040133779264214,0.0,0.8624946690309981,299
placebo_seen_only,1.0,14,mlp,42,0.013377926421404682,0.0,0.9631433637853247,299
placebo_seen_only,0.0,15,mlp,42,0.3879598662207358,0.0,0.8524612242149446,299
placebo_seen_only,0.25,15,mlp,42,0.24414715719063546,0.0,0.8725281138470516,299
placebo_seen_only,0.5,15,mlp,42,0.1939799331103679,0.0,0.859150187425647,299
placebo_seen_only,0.75,15,mlp,42,0.07357859531772576,0.0,0.8962537316783012,299
placebo_seen_only,1.0,15,mlp,42,0.03678929765886288,0.0,0.9363875109425153,299
placebo_seen_only,0.0,16,mlp,42,0.30434782608695654,0.0,0.8424277793988911,299
placebo_seen_only,0.25,16,mlp,42,0.29431438127090304,0.0,0.8558057058202958,299
placebo_seen_only,0.5,16,mlp,42,0.20735785953177258,0.0,0.8457722610042423,299
placebo_seen_only,0.75,16,mlp,42,0.11036789297658862,0.0,0.8594644340194384,299
placebo_seen_only,1.0,16,mlp,42,0.020066889632107024,0.0,0.9597988821799736,299
placebo_seen_only,0.0,17,mlp,42,0.34448160535117056,0.0,0.8491167426095935,299
placebo_seen_only,0.25,17,mlp,42,0.2508361204013378,0.0,0.8558057058202958,299
placebo_seen_only,0.5,17,mlp,42,0.18729096989966554,0.0,0.8491167426095935,299
placebo_seen_only,0.75,17,mlp,42,0.11371237458193979,0.0,0.8594644340194384,299
placebo_seen_only,1.0,17,mlp,42,0.020066889632107024,0.0,0.9631433637853247,299
placebo_seen_only,0.0,18,mlp,42,0.33444816053511706,0.0,0.8290498529774865,299
placebo_seen_only,0.25,18,mlp,42,0.24414715719063546,0.0,0.8691836322417005,299
placebo_seen_only,0.5,18,mlp,42,0.17391304347826086,0.0,0.8658391506363493,299
placebo_seen_only,0.75,18,mlp,42,0.11371237458193979,0.0,0.8624946690309981,299
placebo_seen_only,1.0,18,mlp,42,0.023411371237458192,0.0,0.9564544005746224,299
placebo_seen_only,0.0,19,mlp,42,0.3712374581939799,0.0,0.8524612242149446,299
placebo_seen_only,0.25,19,mlp,42,0.2709030100334448,0.0,0.859150187425647,299
placebo_seen_only,0.5,19,mlp,42,0.20735785953177258,0.0,0.8424277793988911,299
placebo_seen_only,0.75,19,mlp,42,0.13377926421404682,0.0,0.8624946690309981,299
placebo_seen_only,1.0,19,mlp,42,0.04013377926421405,0.0,0.9464209557585689,299
placebo_seen_only,0.0,0,mlp,512,0.35785953177257523,0.0,0.7054836030616597,299
placebo_seen_only,0.25,0,mlp,512,0.2809364548494983,0.0,0.7556508271419272,299
placebo_seen_only,0.5,0,mlp,512,0.1939799331103679,0.0,0.8426073488810577,299
placebo_seen_only,0.75,0,mlp,512,0.0903010033444816,0.0,0.8861080559358937,299
placebo_seen_only,1.0,0,mlp,512,0.023411371237458192,0.0,0.946398509573298,299
placebo_seen_only,0.0,1,mlp,512,0.3210702341137124,0.0,0.7456173823258737,299
placebo_seen_only,0.25,1,mlp,512,0.25752508361204013,0.0,0.7656842719579807,299
placebo_seen_only,0.5,1,mlp,512,0.19732441471571907,0.0,0.8024735696168436,299
placebo_seen_only,0.75,1,mlp,512,0.10033444816053512,0.0,0.8761643958609234,299
placebo_seen_only,1.0,1,mlp,512,0.026755852842809364,0.0,0.946398509573298,299
placebo_seen_only,0.0,2,mlp,512,0.34782608695652173,0.0,0.7222060110884155,299
placebo_seen_only,0.25,2,mlp,512,0.24749163879598662,0.0,0.7757177167740342,299
placebo_seen_only,0.5,2,mlp,512,0.20735785953177258,0.0,0.7857511615900877,299
placebo_seen_only,0.75,2,mlp,512,0.10367892976588629,0.0,0.8760746111198402,299
placebo_seen_only,1.0,2,mlp,512,0.016722408026755852,0.0,0.9497429911786492,299
placebo_seen_only,0.0,3,mlp,512,0.36789297658862874,0.0,0.7222060110884155,299
placebo_seen_only,0.25,3,mlp,512,0.2842809364548495,0.0,0.7723732351686831,299
placebo_seen_only,0.5,3,mlp,512,0.20735785953177258,0.0,0.8191959776435994,299
placebo_seen_only,0.75,3,mlp,512,0.09698996655518395,0.0,0.8760746111198402,299
placebo_seen_only,1.0,3,mlp,512,0.020066889632107024,0.0,0.9497429911786492,299
placebo_seen_only,0.0,4,mlp,512,0.30434782608695654,0.0,0.7288949742991179,299
placebo_seen_only,0.25,4,mlp,512,0.2809364548494983,0.0,0.7757177167740342,299
placebo_seen_only,0.5,4,mlp,512,0.2040133779264214,0.0,0.8091625328275459,299
placebo_seen_only,0.75,4,mlp,512,0.08695652173913043,0.0,0.8961415007519472,299
placebo_seen_only,1.0,4,mlp,512,0.023411371237458192,0.0,0.946398509573298,299
placebo_seen_only,0.0,5,mlp,512,0.34448160535117056,0.0,0.7288949742991179,299
placebo_seen_only,0.25,5,mlp,512,0.22073578595317725,0.0,0.7924401248007901,299
placebo_seen_only,0.5,5,mlp,512,0.14715719063545152,0.0,0.8325739040650042,299
placebo_seen_only,0.75,5,mlp,512,0.09364548494983277,0.0,0.8760521649345694,299
placebo_seen_only,1.0,5,mlp,512,0.010033444816053512,0.0,0.9631209176000539,299
placebo_seen_only,0.0,6,mlp,512,0.3311036789297659,0.0,0.7389284191151714,299
placebo_seen_only,0.25,6,mlp,512,0.25752508361204013,0.0,0.7757177167740342,299
placebo_seen_only,0.5,6,mlp,512,0.21070234113712374,0.0,0.8024735696168436,299
placebo_seen_only,0.75,6,mlp,512,0.08361204013377926,0.0,0.8895423222823281,299
placebo_seen_only,1.0,6,mlp,512,0.023411371237458192,0.0,0.9497429911786492,299
placebo_seen_only,0.0,7,mlp,512,0.2909698996655518,0.0,0.7355839375098202,299
placebo_seen_only,0.25,7,mlp,512,0.25418060200668896,0.0,0.7757177167740342,299
placebo_seen_only,0.5,7,mlp,512,0.1605351170568562,0.0,0.8626742385131647,299
placebo_seen_only,0.75,7,mlp,512,0.08361204013377926,0.0,0.8728199142555723,299
placebo_seen_only,1.0,7,mlp,512,0.016722408026755852,0.0,0.9564319543893516,299
placebo_seen_only,0.0,8,mlp,512,0.34448160535117056,0.0,0.7422729007205225,299
placebo_seen_only,0.25,8,mlp,512,0.2809364548494983,0.0,0.7422729007205225,299
placebo_seen_only,0.5,8,mlp,512,0.20066889632107024,0.0,0.8125070144328971,299
placebo_seen_only,0.75,8,mlp,512,0.11705685618729098,0.0,0.8593297569078135,299
placebo_seen_only,1.0,8,mlp,512,0.016722408026755852,0.0,0.9564319543893516,299
placebo_seen_only,0.0,9,mlp,512,0.3377926421404682,0.0,0.7188615294830644,299
placebo_seen_only,0.25,9,mlp,512,0.2842809364548495,0.0,0.7489618639312249,299
placebo_seen_only,0.5,9,mlp,512,0.2140468227424749,0.0,0.8191959776435994,299
placebo_seen_only,0.75,9,mlp,512,0.09364548494983277,0.0,0.8728199142555723,299
placebo_seen_only,1.0,9,mlp,512,0.013377926421404682,0.0,0.9564319543893516,299
placebo_seen_only,0.0,10,mlp,512,0.3377926421404682,0.0,0.712172566272362,299
placebo_seen_only,0.25,10,mlp,512,0.2909698996655518,0.0,0.7723732351686831,299
placebo_seen_only,0.5,10,mlp,512,0.1605351170568562,0.0,0.829229422459653,299
placebo_seen_only,0.75,10,mlp,512,0.10033444816053512,0.0,0.8793966465399206,299
placebo_seen_only,1.0,10,mlp,512,0.010033444816053512,0.0,0.9631209176000539,299
placebo_seen_only,0.0,11,mlp,512,0.33444816053511706,0.0,0.7355839375098202,299
placebo_seen_only,0.25,11,mlp,512,0.22408026755852842,0.0,0.8125070144328971,299
placebo_seen_only,0.5,11,mlp,512,0.19063545150501673,0.0,0.829229422459653,299
placebo_seen_only,0.75,11,mlp,512,0.08361204013377926,0.0,0.8795088774662746,299
placebo_seen_only,1.0,11,mlp,512,0.020066889632107024,0.0,0.9530874727840004,299
placebo_seen_only,0.0,12,mlp,512,0.3411371237458194,0.0,0.7422729007205225,299
placebo_seen_only,0.25,12,mlp,512,0.23411371237458195,0.0,0.7790621983793854,299
placebo_seen_only,0.5,12,mlp,512,0.16387959866220736,0.0,0.8325739040650042,299
placebo_seen_only,0.75,12,mlp,512,0.0903010033444816,0.0,0.8828533590716258,299
placebo_seen_only,1.0,12,mlp,512,0.016722408026755852,0.0,0.9564319543893516,299
placebo_seen_only,0.0,13,mlp,512,0.36454849498327757,0.0,0.7155170478777132,299
placebo_seen_only,0.25,13,mlp,512,0.26421404682274247,0.0,0.7957846064061412,299
placebo_seen_only,0.5,13,mlp,512,0.17725752508361203,0.0,0.8459518304864089,299
placebo_seen_only,0.75,13,mlp,512,0.08361204013377926,0.0,0.8861978406769769,299
placebo_seen_only,1.0,13,mlp,512,0.023411371237458192,0.0,0.9497429911786492,299
placebo_seen_only,0.0,14,mlp,512,0.391304347826087,0.0,0.6820722318242015,299
placebo_seen_only,0.25,14,mlp,512,0.2608695652173913,0.0,0.7824066799847366,299
placebo_seen_only,0.5,14,mlp,512,0.15719063545150502,0.0,0.8225629054342215,299
placebo_seen_only,0.75,14,mlp,512,0.10367892976588629,0.0,0.8860856097506229,299
placebo_seen_only,1.0,14,mlp,512,0.006688963210702341,0.0,0.9664653992054051,299
placebo_seen_only,0.0,15,mlp,512,0.3712374581939799,0.0,0.7088280846670109,299
placebo_seen_only,0.25,15,mlp,512,0.2508361204013378,0.0,0.7857511615900877,299
placebo_seen_only,0.5,15,mlp,512,0.17725752508361203,0.0,0.8258849408543019,299
placebo_seen_only,0.75,15,mlp,512,0.07692307692307693,0.0,0.8928868038876793,299
placebo_seen_only,1.0,15,mlp,512,0.010033444816053512,0.0,0.9564319543893516,299
placebo_seen_only,0.0,16,mlp,512,0.33444816053511706,0.0,0.7422729007205225,299
placebo_seen_only,0.25,16,mlp,512,0.2842809364548495,0.0,0.7690287535633319,299
placebo_seen_only,0.5,16,mlp,512,0.20066889632107024,0.0,0.8125070144328971,299
placebo_seen_only,0.75,16,mlp,512,0.11036789297658862,0.0,0.872730129514489,299
placebo_seen_only,1.0,16,mlp,512,0.010033444816053512,0.0,0.9631209176000539,299
placebo_seen_only,0.0,17,mlp,512,0.3311036789297659,0.0,0.7188615294830644,299
placebo_seen_only,0.25,17,mlp,512,0.24749163879598662,0.0,0.7790621983793854,299
placebo_seen_only,0.5,17,mlp,512,0.16387959866220736,0.0,0.8158514960382482,299
placebo_seen_only,0.75,17,mlp,512,0.11036789297658862,0.0,0.8727076833292182,299
placebo_seen_only,1.0,17,mlp,512,0.013377926421404682,0.0,0.9597764359947027,299
placebo_seen_only,0.0,18,mlp,512,0.3511705685618729,0.0,0.732239455904469,299
placebo_seen_only,0.25,18,mlp,512,0.22408026755852842,0.0,0.8058180512221947,299
placebo_seen_only,0.5,18,mlp,512,0.15384615384615385,0.0,0.8426073488810577,299
placebo_seen_only,0.75,18,mlp,512,0.10702341137123746,0.0,0.869363201723867,299
placebo_seen_only,1.0,18,mlp,512,0.010033444816053512,0.0,0.9564319543893516,299
placebo_seen_only,0.0,19,mlp,512,0.33444816053511706,0.0,0.7188615294830644,299
placebo_seen_only,0.25,19,mlp,512,0.2909698996655518,0.0,0.7623397903526296,299
placebo_seen_only,0.5,19,mlp,512,0.20066889632107024,0.0,0.7924401248007901,299
placebo_seen_only,0.75,19,mlp,512,0.12374581939799331,0.0,0.8593297569078135,299
placebo_seen_only,1.0,19,mlp,512,0.020066889632107024,0.0,0.9530874727840004,299
placebo_seen_only,0.0,0,mlp,6021,0.44481605351170567,0.0,0.805436466072591,299
placebo_seen_only,0.25,0,mlp,6021,0.36789297658862874,0.0,0.8020919844672398,299
placebo_seen_only,0.5,0,mlp,6021,0.20735785953177258,0.0,0.8188143924939957,299
placebo_seen_only,0.75,0,mlp,6021,0.09364548494983277,0.0,0.8728199142555723,299
placebo_seen_only,1.0,0,mlp,6021,0.020066889632107024,0.0,0.9497429911786492,299
placebo_seen_only,0.0,1,mlp,6021,0.3712374581939799,0.0,0.805436466072591,299
placebo_seen_only,0.25,1,mlp,6021,0.3277591973244147,0.0,0.8020919844672398,299
placebo_seen_only,0.5,1,mlp,6021,0.27759197324414714,0.0,0.8154699108886445,299
placebo_seen_only,0.75,1,mlp,6021,0.14715719063545152,0.0,0.8560975062288164,299
placebo_seen_only,1.0,1,mlp,6021,0.05016722408026756,0.0,0.946398509573298,299
placebo_seen_only,0.0,2,mlp,6021,0.38461538461538464,0.0,0.7920585396511863,299
placebo_seen_only,0.25,2,mlp,6021,0.3411371237458194,0.0,0.7987475028618887,299
placebo_seen_only,0.5,2,mlp,6021,0.25752508361204013,0.0,0.8121254292832933,299
placebo_seen_only,0.75,2,mlp,6021,0.12709030100334448,0.0,0.8393526520167898,299
placebo_seen_only,1.0,2,mlp,6021,0.03678929765886288,0.0,0.9497429911786492,299
placebo_seen_only,0.0,3,mlp,6021,0.4983277591973244,0.0,0.8020919844672398,299
placebo_seen_only,0.25,3,mlp,6021,0.36454849498327757,0.0,0.7987475028618887,299
placebo_seen_only,0.5,3,mlp,6021,0.28762541806020064,0.0,0.8121254292832933,299
placebo_seen_only,0.75,3,mlp,6021,0.14046822742474915,0.0,0.8226302439900339,299
placebo_seen_only,1.0,3,mlp,6021,0.05016722408026756,0.0,0.946398509573298,299
placebo_seen_only,0.0,4,mlp,6021,0.40468227424749165,0.0,0.7987475028618887,299
placebo_seen_only,0.25,4,mlp,6021,0.3745819397993311,0.0,0.805436466072591,299
placebo_seen_only,0.5,4,mlp,6021,0.2140468227424749,0.0,0.8020919844672398,299
placebo_seen_only,0.75,4,mlp,6021,0.11036789297658862,0.0,0.8594195416488968,299
placebo_seen_only,1.0,4,mlp,6021,0.033444816053511704,0.0,0.9397095463625956,299
placebo_seen_only,0.0,5,mlp,6021,0.4180602006688963,0.0,0.805436466072591,299
placebo_seen_only,0.25,5,mlp,6021,0.2842809364548495,0.0,0.8087809476779422,299
placebo_seen_only,0.5,5,mlp,6021,0.23411371237458195,0.0,0.8221588740993468,299
placebo_seen_only,0.75,5,mlp,6021,0.11036789297658862,0.0,0.8594419878341676,299
placebo_seen_only,1.0,5,mlp,6021,0.016722408026755852,0.0,0.9631209176000539,299
placebo_seen_only,0.0,6,mlp,6021,0.43812709030100333,0.0,0.8154699108886445,299
placebo_seen_only,0.25,6,mlp,6021,0.28762541806020064,0.0,0.7987475028618887,299
placebo_seen_only,0.5,6,mlp,6021,0.24414715719063546,0.0,0.805436466072591,299
placebo_seen_only,0.75,6,mlp,6021,0.11705685618729098,0.0,0.8694754326502211,299
placebo_seen_only,1.0,6,mlp,6021,0.04013377926421405,0.0,0.9430540279679468,299
placebo_seen_only,0.0,7,mlp,6021,0.4013377926421405,0.0,0.8020919844672398,299
placebo_seen_only,0.25,7,mlp,6021,0.3377926421404682,0.0,0.7987475028618887,299
placebo_seen_only,0.5,7,mlp,6021,0.1939799331103679,0.0,0.8087809476779422,299
placebo_seen_only,0.75,7,mlp,6021,0.14381270903010032,0.0,0.8560975062288164,299
placebo_seen_only,1.0,7,mlp,6021,0.030100334448160536,0.0,0.9530874727840004,299
placebo_seen_only,0.0,8,mlp,6021,0.4080267558528428,0.0,0.7920585396511863,299
placebo_seen_only,0.25,8,mlp,6021,0.30434782608695654,0.0,0.8121254292832933,299
placebo_seen_only,0.5,8,mlp,6021,0.24749163879598662,0.0,0.8154699108886445,299
placebo_seen_only,0.75,8,mlp,6021,0.17391304347826086,0.0,0.8426971336221409,299
placebo_seen_only,1.0,8,mlp,6021,0.03678929765886288,0.0,0.9564319543893516,299
placebo_seen_only,0.0,9,mlp,6021,0.38127090301003347,0.0,0.7920585396511863,299
placebo_seen_only,0.25,9,mlp,6021,0.3311036789297659,0.0,0.7887140580458352,299
placebo_seen_only,0.5,9,mlp,6021,0.24749163879598662,0.0,0.8087809476779422,299
placebo_seen_only,0.75,9,mlp,6021,0.10702341137123746,0.0,0.8560975062288164,299
placebo_seen_only,1.0,9,mlp,6021,0.04013377926421405,0.0,0.9430540279679468,299
placebo_seen_only,0.0,10,mlp,6021,0.411371237458194,0.0,0.7887140580458352,299
placebo_seen_only,0.25,10,mlp,6021,0.31438127090301005,0.0,0.8087809476779422,299
placebo_seen_only,0.5,10,mlp,6021,0.23411371237458195,0.0,0.8121254292832933,299
placebo_seen_only,0.75,10,mlp,6021,0.13377926421404682,0.0,0.8494085430181141,299
placebo_seen_only,1.0,10,mlp,6021,0.010033444816053512,0.0,0.9631209176000539,299
placebo_seen_only,0.0,11,mlp,6021,0.40468227424749165,0.0,0.7954030212565375,299
placebo_seen_only,0.25,11,mlp,6021,0.3311036789297659,0.0,0.8020919844672398,299
placebo_seen_only,0.5,11,mlp,6021,0.22408026755852842,0.0,0.7987475028618887,299
placebo_seen_only,0.75,11,mlp,6021,0.10367892976588629,0.0,0.8694754326502211,299
placebo_seen_only,1.0,11,mlp,6021,0.026755852842809364,0.0,0.9430540279679468,299
placebo_seen_only,0.0,12,mlp,6021,0.4816053511705686,0.0,0.805436466072591,299
placebo_seen_only,0.25,12,mlp,6021,0.29431438127090304,0.0,0.8188143924939957,299
placebo_seen_only,0.5,12,mlp,6021,0.20066889632107024,0.0,0.8154699108886445,299
placebo_seen_only,0.75,12,mlp,6021,0.09364548494983277,0.0,0.8694754326502211,299
placebo_seen_only,1.0,12,mlp,6021,0.020066889632107024,0.0,0.9597764359947027,299
placebo_seen_only,0.0,13,mlp,6021,0.3979933110367893,0.0,0.8020919844672398,299
placebo_seen_only,0.25,13,mlp,6021,0.38461538461538464,0.0,0.8154699108886445,299
placebo_seen_only,0.5,13,mlp,6021,0.20735785953177258,0.0,0.8087809476779422,299
placebo_seen_only,0.75,13,mlp,6021,0.0903010033444816,0.0,0.8761419496756526,299
placebo_seen_only,1.0,13,mlp,6021,0.020066889632107024,0.0,0.9530874727840004,299
placebo_seen_only,0.0,14,mlp,6021,0.5050167224080268,0.0,0.7820250948351327,299
placebo_seen_only,0.25,14,mlp,6021,0.34448160535117056,0.0,0.8188143924939957,299
placebo_seen_only,0.5,14,mlp,6021,0.2140468227424749,0.0,0.8121254292832933,299
placebo_seen_only,0.75,14,mlp,6021,0.13712374581939799,0.0,0.8393750982020606,299
placebo_seen_only,1.0,14,mlp,6021,0.026755852842809364,0.0,0.9664653992054051,299
placebo_seen_only,0.0,15,mlp,6021,0.431438127090301,0.0,0.8121254292832933,299
placebo_seen_only,0.25,15,mlp,6021,0.27424749163879597,0.0,0.8087809476779422,299
placebo_seen_only,0.5,15,mlp,6021,0.22742474916387959,0.0,0.8121254292832933,299
placebo_seen_only,0.75,15,mlp,6021,0.08695652173913043,0.0,0.8828533590716258,299
placebo_seen_only,1.0,15,mlp,6021,0.016722408026755852,0.0,0.9530874727840004,299
placebo_seen_only,0.0,16,mlp,6021,0.36454849498327757,0.0,0.7987475028618887,299
placebo_seen_only,0.25,16,mlp,6021,0.391304347826087,0.0,0.8154699108886445,299
placebo_seen_only,0.5,16,mlp,6021,0.26755852842809363,0.0,0.8087809476779422,299
placebo_seen_only,0.75,16,mlp,6021,0.12374581939799331,0.0,0.8427195798074117,299
placebo_seen_only,1.0,16,mlp,6021,0.016722408026755852,0.0,0.9564319543893516,299
placebo_seen_only,0.0,17,mlp,6021,0.40468227424749165,0.0,0.7887140580458352,299
placebo_seen_only,0.25,17,mlp,6021,0.3210702341137124,0.0,0.8121254292832933,299
placebo_seen_only,0.5,17,mlp,6021,0.25752508361204013,0.0,0.7987475028618887,299
placebo_seen_only,0.75,17,mlp,6021,0.1505016722408027,0.0,0.8427195798074117,299
placebo_seen_only,1.0,17,mlp,6021,0.020066889632107024,0.0,0.9631209176000539,299
placebo_seen_only,0.0,18,mlp,6021,0.43812709030100333,0.0,0.7887140580458352,299
placebo_seen_only,0.25,18,mlp,6021,0.3277591973244147,0.0,0.8121254292832933,299
placebo_seen_only,0.5,18,mlp,6021,0.22742474916387959,0.0,0.8121254292832933,299
placebo_seen_only,0.75,18,mlp,6021,0.13043478260869565,0.0,0.8393526520167898,299
placebo_seen_only,1.0,18,mlp,6021,0.013377926421404682,0.0,0.9597764359947027,299
placebo_seen_only,0.0,19,mlp,6021,0.42474916387959866,0.0,0.8020919844672398,299
placebo_seen_only,0.25,19,mlp,6021,0.3177257525083612,0.0,0.8020919844672398,299
placebo_seen_only,0.5,19,mlp,6021,0.22408026755852842,0.0,0.8020919844672398,299
placebo_seen_only,0.75,19,mlp,6021,0.15719063545150502,0.0,0.8259971717806559,299
placebo_seen_only,1.0,19,mlp,6021,0.023411371237458192,0.0,0.9497429911786492,299
placebo_seen_only,0.0,0,mlp,7,0.36789297658862874,0.0,0.8960966083814056,299
placebo_seen_only,0.25,0,mlp,7,0.2709030100334448,0.0,0.8927521267760544,299
placebo_seen_only,0.5,0,mlp,7,0.19063545150501673,0.0,0.9261969428295661,299
placebo_seen_only,0.75,0,mlp,7,0.10033444816053512,0.0,0.9195079796188638,299
placebo_seen_only,1.0,0,mlp,7,0.043478260869565216,0.0,0.9563870620188099,299
placebo_seen_only,0.0,1,mlp,7,0.3277591973244147,0.0,0.8927521267760544,299
placebo_seen_only,0.25,1,mlp,7,0.25418060200668896,0.0,0.8994410899867568,299
placebo_seen_only,0.5,1,mlp,7,0.2040133779264214,0.0,0.9027855715921079,299
placebo_seen_only,0.75,1,mlp,7,0.12040133779264214,0.0,0.9128190164081614,299
placebo_seen_only,1.0,1,mlp,7,0.04013377926421405,0.0,0.9563870620188099,299
placebo_seen_only,0.0,2,mlp,7,0.27424749163879597,0.0,0.8760297187492986,299
placebo_seen_only,0.25,2,mlp,7,0.2608695652173913,0.0,0.8894076451707033,299
placebo_seen_only,0.5,2,mlp,7,0.22742474916387959,0.0,0.9061300531974591,299
placebo_seen_only,0.75,2,mlp,7,0.13377926421404682,0.0,0.9261969428295661,299
placebo_seen_only,1.0,2,mlp,7,0.043478260869565216,0.0,0.9530425804134587,299
placebo_seen_only,0.0,3,mlp,7,0.32441471571906355,0.0,0.9061300531974591,299
placebo_seen_only,0.25,3,mlp,7,0.2976588628762542,0.0,0.8894076451707033,299
placebo_seen_only,0.5,3,mlp,7,0.2140468227424749,0.0,0.9027855715921079,299
placebo_seen_only,0.75,3,mlp,7,0.15719063545150502,0.0,0.9228524612242149,299
placebo_seen_only,1.0,3,mlp,7,0.06020066889632107,0.0,0.9530425804134587,299
placebo_seen_only,0.0,4,mlp,7,0.31438127090301005,0.0,0.8860631635653521,299
placebo_seen_only,0.25,4,mlp,7,0.25418060200668896,0.0,0.8994410899867568,299
placebo_seen_only,0.5,4,mlp,7,0.18729096989966554,0.0,0.8960966083814056,299
placebo_seen_only,0.75,4,mlp,7,0.14715719063545152,0.0,0.9261969428295661,299
placebo_seen_only,1.0,4,mlp,7,0.0802675585284281,0.0,0.9530425804134587,299
placebo_seen_only,0.0,5,mlp,7,0.3210702341137124,0.0,0.8960966083814056,299
placebo_seen_only,0.25,5,mlp,7,0.24414715719063546,0.0,0.8994410899867568,299
placebo_seen_only,0.5,5,mlp,7,0.1505016722408027,0.0,0.9261969428295661,299
placebo_seen_only,0.75,5,mlp,7,0.10702341137123746,0.0,0.9094745348028103,299
placebo_seen_only,1.0,5,mlp,7,0.046822742474916385,0.0,0.959731543624161,299
placebo_seen_only,0.0,6,mlp,7,0.33444816053511706,0.0,0.8960966083814056,299
placebo_seen_only,0.25,6,mlp,7,0.2809364548494983,0.0,0.8960966083814056,299
placebo_seen_only,0.5,6,mlp,7,0.24749163879598662,0.0,0.9061300531974591,299
placebo_seen_only,0.75,6,mlp,7,0.11705685618729098,0.0,0.9228524612242149,299
placebo_seen_only,1.0,6,mlp,7,0.056856187290969896,0.0,0.9563870620188099,299
placebo_seen_only,0.0,7,mlp,7,0.3076923076923077,0.0,0.8927521267760544,299
placebo_seen_only,0.25,7,mlp,7,0.27759197324414714,0.0,0.8927521267760544,299
placebo_seen_only,0.5,7,mlp,7,0.1605351170568562,0.0,0.9228524612242149,299
placebo_seen_only,0.75,7,mlp,7,0.11705685618729098,0.0,0.9261969428295661,299
placebo_seen_only,1.0,7,mlp,7,0.030100334448160536,0.0,0.9563870620188099,299
placebo_seen_only,0.0,8,mlp,7,0.3076923076923077,0.0,0.8894076451707033,299
placebo_seen_only,0.25,8,mlp,7,0.2976588628762542,0.0,0.9027855715921079,299
placebo_seen_only,0.5,8,mlp,7,0.22408026755852842,0.0,0.9061300531974591,299
placebo_seen_only,0.75,8,mlp,7,0.14715719063545152,0.0,0.9261969428295661,299
placebo_seen_only,1.0,8,mlp,7,0.05351170568561873,0.0,0.959731543624161,299
placebo_seen_only,0.0,9,mlp,7,0.3177257525083612,0.0,0.8927521267760544,299
placebo_seen_only,0.25,9,mlp,7,0.29431438127090304,0.0,0.8827186819600009,299
placebo_seen_only,0.5,9,mlp,7,0.20735785953177258,0.0,0.9094745348028103,299
placebo_seen_only,0.75,9,mlp,7,0.11371237458193979,0.0,0.9128190164081614,299
placebo_seen_only,1.0,9,mlp,7,0.043478260869565216,0.0,0.9563870620188099,299
placebo_seen_only,0.0,10,mlp,7,0.32441471571906355,0.0,0.8793742003546497,299
placebo_seen_only,0.25,10,mlp,7,0.3411371237458194,0.0,0.9027855715921079,299
placebo_seen_only,0.5,10,mlp,7,0.1939799331103679,0.0,0.9161634980135126,299
placebo_seen_only,0.75,10,mlp,7,0.13712374581939799,0.0,0.9195079796188638,299
placebo_seen_only,1.0,10,mlp,7,0.016722408026755852,0.0,0.959731543624161,299
placebo_seen_only,0.0,11,mlp,7,0.36454849498327757,0.0,0.8894076451707033,299
placebo_seen_only,0.25,11,mlp,7,0.24414715719063546,0.0,0.9061300531974591,299
placebo_seen_only,0.5,11,mlp,7,0.20735785953177258,0.0,0.9061300531974591,299
placebo_seen_only,0.75,11,mlp,7,0.11371237458193979,0.0,0.9195079796188638,299
placebo_seen_only,1.0,11,mlp,7,0.04013377926421405,0.0,0.959731543624161,299
placebo_seen_only,0.0,12,mlp,7,0.35451505016722407,0.0,0.8860631635653521,299
placebo_seen_only,0.25,12,mlp,7,0.2140468227424749,0.0,0.9027855715921079,299
placebo_seen_only,0.5,12,mlp,7,0.19063545150501673,0.0,0.9094745348028103,299
placebo_seen_only,0.75,12,mlp,7,0.13377926421404682,0.0,0.9228524612242149,299
placebo_seen_only,1.0,12,mlp,7,0.03678929765886288,0.0,0.9563870620188099,299
placebo_seen_only,0.0,13,mlp,7,0.35785953177257523,0.0,0.8827186819600009,299
placebo_seen_only,0.25,13,mlp,7,0.23076923076923078,0.0,0.9061300531974591,299
placebo_seen_only,0.5,13,mlp,7,0.1806020066889632,0.0,0.9094745348028103,299
placebo_seen_only,0.75,13,mlp,7,0.12040133779264214,0.0,0.9161634980135126,299
placebo_seen_only,1.0,13,mlp,7,0.026755852842809364,0.0,0.9563870620188099,299
placebo_seen_only,0.0,14,mlp,7,0.3979933110367893,0.0,0.8793742003546497,299
placebo_seen_only,0.25,14,mlp,7,0.2809364548494983,0.0,0.9161634980135126,299
placebo_seen_only,0.5,14,mlp,7,0.17725752508361203,0.0,0.9161634980135126,299
placebo_seen_only,0.75,14,mlp,7,0.13043478260869565,0.0,0.9128190164081614,299
placebo_seen_only,1.0,14,mlp,7,0.056856187290969896,0.0,0.9563870620188099,299
placebo_seen_only,0.0,15,mlp,7,0.391304347826087,0.0,0.9094745348028103,299
placebo_seen_only,0.25,15,mlp,7,0.23745819397993312,0.0,0.8960966083814056,299
placebo_seen_only,0.5,15,mlp,7,0.19063545150501673,0.0,0.9195079796188638,299
placebo_seen_only,0.75,15,mlp,7,0.10702341137123746,0.0,0.9228524612242149,299
placebo_seen_only,1.0,15,mlp,7,0.03678929765886288,0.0,0.959731543624161,299
placebo_seen_only,0.0,16,mlp,7,0.3076923076923077,0.0,0.8927521267760544,299
placebo_seen_only,0.25,16,mlp,7,0.3177257525083612,0.0,0.9128190164081614,299
placebo_seen_only,0.5,16,mlp,7,0.19732441471571907,0.0,0.9094745348028103,299
placebo_seen_only,0.75,16,mlp,7,0.12374581939799331,0.0,0.9161634980135126,299
placebo_seen_only,1.0,16,mlp,7,0.06688963210702341,0.0,0.9563870620188099,299
placebo_seen_only,0.0,17,mlp,7,0.33444816053511706,0.0,0.8827186819600009,299
placebo_seen_only,0.25,17,mlp,7,0.23076923076923078,0.0,0.8960966083814056,299
placebo_seen_only,0.5,17,mlp,7,0.17725752508361203,0.0,0.8960966083814056,299
placebo_seen_only,0.75,17,mlp,7,0.10702341137123746,0.0,0.9228524612242149,299
placebo_seen_only,1.0,17,mlp,7,0.04013377926421405,0.0,0.9563870620188099,299
placebo_seen_only,0.0,18,mlp,7,0.3377926421404682,0.0,0.8693407555385962,299
placebo_seen_only,0.25,18,mlp,7,0.2408026755852843,0.0,0.9128190164081614,299
placebo_seen_only,0.5,18,mlp,7,0.1505016722408027,0.0,0.9094745348028103,299
placebo_seen_only,0.75,18,mlp,7,0.11705685618729098,0.0,0.9228524612242149,299
placebo_seen_only,1.0,18,mlp,7,0.023411371237458192,0.0,0.9563870620188099,299
placebo_seen_only,0.0,19,mlp,7,0.3712374581939799,0.0,0.8960966083814056,299
placebo_seen_only,0.25,19,mlp,7,0.2608695652173913,0.0,0.9027855715921079,299
placebo_seen_only,0.5,19,mlp,7,0.22742474916387959,0.0,0.8994410899867568,299
placebo_seen_only,0.75,19,mlp,7,0.13043478260869565,0.0,0.9161634980135126,299
placebo_seen_only,1.0,19,mlp,7,0.043478260869565216,0.0,0.9530425804134587,299
placebo_seen_only,0.0,0,mlp,88,0.3511705685618729,0.0,0.9027631254068371,299
placebo_seen_only,0.25,0,mlp,88,0.27424749163879597,0.0,0.8860407173800813,299
placebo_seen_only,0.5,0,mlp,88,0.18729096989966554,0.0,0.9094520886175395,299
placebo_seen_only,0.75,0,mlp,88,0.06354515050167224,0.0,0.9061076070121883,299
placebo_seen_only,1.0,0,mlp,88,0.020066889632107024,0.0,0.9530874727840004,299
placebo_seen_only,0.0,1,mlp,88,0.2976588628762542,0.0,0.8860631635653521,299
placebo_seen_only,0.25,1,mlp,88,0.2140468227424749,0.0,0.8860407173800813,299
placebo_seen_only,0.5,1,mlp,88,0.21070234113712374,0.0,0.8893851989854324,299
placebo_seen_only,0.75,1,mlp,88,0.08361204013377926,0.0,0.899418643801486,299
placebo_seen_only,1.0,1,mlp,88,0.023411371237458192,0.0,0.9497429911786492,299
placebo_seen_only,0.0,2,mlp,88,0.29431438127090304,0.0,0.8826962357747301,299
placebo_seen_only,0.25,2,mlp,88,0.2408026755852843,0.0,0.8860407173800813,299
placebo_seen_only,0.5,2,mlp,88,0.1939799331103679,0.0,0.9061076070121883,299
placebo_seen_only,0.75,2,mlp,88,0.09698996655518395,0.0,0.919485533433593,299
placebo_seen_only,1.0,2,mlp,88,0.023411371237458192,0.0,0.9497429911786492,299
placebo_seen_only,0.0,3,mlp,88,0.3110367892976589,0.0,0.8960741621961348,299
placebo_seen_only,0.25,3,mlp,88,0.26421404682274247,0.0,0.8960741621961348,299
placebo_seen_only,0.5,3,mlp,88,0.20735785953177258,0.0,0.9027631254068371,299
placebo_seen_only,0.75,3,mlp,88,0.09364548494983277,0.0,0.9061300531974591,299
placebo_seen_only,1.0,3,mlp,88,0.020066889632107024,0.0,0.9530874727840004,299
placebo_seen_only,0.0,4,mlp,88,0.3210702341137124,0.0,0.8826962357747301,299
placebo_seen_only,0.25,4,mlp,88,0.24749163879598662,0.0,0.899418643801486,299
placebo_seen_only,0.5,4,mlp,88,0.19063545150501673,0.0,0.8860407173800813,299
placebo_seen_only,0.75,4,mlp,88,0.08695652173913043,0.0,0.9094745348028103,299
placebo_seen_only,1.0,4,mlp,88,0.033444816053511704,0.0,0.9397095463625956,299
placebo_seen_only,0.0,5,mlp,88,0.3177257525083612,0.0,0.8960741621961348,299
placebo_seen_only,0.25,5,mlp,88,0.23411371237458195,0.0,0.8994410899867568,299
placebo_seen_only,0.5,5,mlp,88,0.15384615384615385,0.0,0.9161634980135126,299
placebo_seen_only,0.75,5,mlp,88,0.0903010033444816,0.0,0.9027631254068371,299
placebo_seen_only,1.0,5,mlp,88,0.006688963210702341,0.0,0.9664653992054051,299
placebo_seen_only,0.0,6,mlp,88,0.2809364548494983,0.0,0.9061076070121883,299
placebo_seen_only,0.25,6,mlp,88,0.26755852842809363,0.0,0.8960741621961348,299
placebo_seen_only,0.5,6,mlp,88,0.21070234113712374,0.0,0.8893851989854324,299
placebo_seen_only,0.75,6,mlp,88,0.0903010033444816,0.0,0.9094745348028103,299
placebo_seen_only,1.0,6,mlp,88,0.023411371237458192,0.0,0.946398509573298,299
placebo_seen_only,0.0,7,mlp,88,0.3177257525083612,0.0,0.8960741621961348,299
placebo_seen_only,0.25,7,mlp,88,0.25752508361204013,0.0,0.8960741621961348,299
placebo_seen_only,0.5,7,mlp,88,0.16387959866220736,0.0,0.9061300531974591,299
placebo_seen_only,0.75,7,mlp,88,0.10367892976588629,0.0,0.9061300531974591,299
placebo_seen_only,1.0,7,mlp,88,0.016722408026755852,0.0,0.9564319543893516,299
placebo_seen_only,0.0,8,mlp,88,0.3110367892976589,0.0,0.8760072725640278,299
placebo_seen_only,0.25,8,mlp,88,0.2709030100334448,0.0,0.899418643801486,299
placebo_seen_only,0.5,8,mlp,88,0.2040133779264214,0.0,0.8960966083814056,299
placebo_seen_only,0.75,8,mlp,88,0.10702341137123746,0.0,0.9094520886175395,299
placebo_seen_only,1.0,8,mlp,88,0.016722408026755852,0.0,0.9564319543893516,299
placebo_seen_only,0.0,9,mlp,88,0.3411371237458194,0.0,0.8760072725640278,299
placebo_seen_only,0.25,9,mlp,88,0.25752508361204013,0.0,0.8826962357747301,299
placebo_seen_only,0.5,9,mlp,88,0.18729096989966554,0.0,0.8960741621961348,299
placebo_seen_only,0.75,9,mlp,88,0.0903010033444816,0.0,0.9027855715921079,299
placebo_seen_only,1.0,9,mlp,88,0.026755852842809364,0.0,0.9430540279679468,299
placebo_seen_only,0.0,10,mlp,88,0.38127090301003347,0.0,0.8826962357747301,299
placebo_seen_only,0.25,10,mlp,88,0.27424749163879597,0.0,0.8927296805907836,299
placebo_seen_only,0.5,10,mlp,88,0.1605351170568562,0.0,0.9094520886175395,299
placebo_seen_only,0.75,10,mlp,88,0.10367892976588629,0.0,0.9161634980135126,299
placebo_seen_only,1.0,10,mlp,88,0.006688963210702341,0.0,0.9664653992054051,299
placebo_seen_only,0.0,11,mlp,88,0.2976588628762542,0.0,0.8893851989854324,299
placebo_seen_only,0.25,11,mlp,88,0.20066889632107024,0.0,0.899418643801486,299
placebo_seen_only,0.5,11,mlp,88,0.16387959866220736,0.0,0.9061076070121883,299
placebo_seen_only,0.75,11,mlp,88,0.07692307692307693,0.0,0.9128190164081614,299
placebo_seen_only,1.0,11,mlp,88,0.023411371237458192,0.0,0.946398509573298,299
placebo_seen_only,0.0,12,mlp,88,0.31438127090301005,0.0,0.8826962357747301,299
placebo_seen_only,0.25,12,mlp,88,0.23076923076923078,0.0,0.9127965702228906,299
placebo_seen_only,0.5,12,mlp,88,0.1605351170568562,0.0,0.9161410518282418,299
placebo_seen_only,0.75,12,mlp,88,0.07692307692307693,0.0,0.9161410518282418,299
placebo_seen_only,1.0,12,mlp,88,0.010033444816053512,0.0,0.9631209176000539,299
placebo_seen_only,0.0,13,mlp,88,0.3511705685618729,0.0,0.8927296805907836,299
placebo_seen_only,0.25,13,mlp,88,0.26421404682274247,0.0,0.9027631254068371,299
placebo_seen_only,0.5,13,mlp,88,0.15384615384615385,0.0,0.8994410899867568,299
placebo_seen_only,0.75,13,mlp,88,0.08361204013377926,0.0,0.9027855715921079,299
placebo_seen_only,1.0,13,mlp,88,0.020066889632107024,0.0,0.9530874727840004,299
placebo_seen_only,0.0,14,mlp,88,0.35451505016722407,0.0,0.8726627909586766,299
placebo_seen_only,0.25,14,mlp,88,0.2842809364548495,0.0,0.9127965702228906,299
placebo_seen_only,0.5,14,mlp,88,0.15719063545150502,0.0,0.9027631254068371,299
placebo_seen_only,0.75,14,mlp,88,0.11036789297658862,0.0,0.9061300531974591,299
placebo_seen_only,1.0,14,mlp,88,0.006688963210702341,0.0,0.9664653992054051,299
placebo_seen_only,0.0,15,mlp,88,0.3745819397993311,0.0,0.9027631254068371,299
placebo_seen_only,0.25,15,mlp,88,0.22408026755852842,0.0,0.899418643801486,299
placebo_seen_only,0.5,15,mlp,88,0.19732441471571907,0.0,0.9027631254068371,299
placebo_seen_only,0.75,15,mlp,88,0.07357859531772576,0.0,0.9261969428295661,299
placebo_seen_only,1.0,15,mlp,88,0.016722408026755852,0.0,0.9564319543893516,299
placebo_seen_only,0.0,16,mlp,88,0.31438127090301005,0.0,0.8893851989854324,299
placebo_seen_only,0.25,16,mlp,88,0.26755852842809363,0.0,0.9094520886175395,299
placebo_seen_only,0.5,16,mlp,88,0.20735785953177258,0.0,0.8893851989854324,299
placebo_seen_only,0.75,16,mlp,88,0.08695652173913043,0.0,0.9127965702228906,299
placebo_seen_only,1.0,16,mlp,88,0.016722408026755852,0.0,0.9564319543893516,299
placebo_seen_only,0.0,17,mlp,88,0.3377926421404682,0.0,0.8760072725640278,299
placebo_seen_only,0.25,17,mlp,88,0.26421404682274247,0.0,0.8960741621961348,299
placebo_seen_only,0.5,17,mlp,88,0.16387959866220736,0.0,0.8894076451707033,299
placebo_seen_only,0.75,17,mlp,88,0.10033444816053512,0.0,0.8960741621961348,299
placebo_seen_only,1.0,17,mlp,88,0.006688963210702341,0.0,0.9631209176000539,299
placebo_seen_only,0.0,18,mlp,88,0.3712374581939799,0.0,0.8659738277479743,299
placebo_seen_only,0.25,18,mlp,88,0.22742474916387959,0.0,0.9027631254068371,299
placebo_seen_only,0.5,18,mlp,88,0.1505016722408027,0.0,0.9061076070121883,299
placebo_seen_only,0.75,18,mlp,88,0.10367892976588629,0.0,0.9061076070121883,299
placebo_seen_only,1.0,18,mlp,88,0.006688963210702341,0.0,0.9631209176000539,299
placebo_seen_only,0.0,19,mlp,88,0.3210702341137124,0.0,0.8960741621961348,299
placebo_seen_only,0.25,19,mlp,88,0.2508361204013378,0.0,0.8960741621961348,299
placebo_seen_only,0.5,19,mlp,88,0.19732441471571907,0.0,0.8860407173800813,299
placebo_seen_only,0.75,19,mlp,88,0.12040133779264214,0.0,0.9094520886175395,299
placebo_seen_only,1.0,19,mlp,88,0.023411371237458192,0.0,0.9497429911786492,299
placebo_seen_only,0.0,0,mlp,91,0.4983277591973244,0.0,0.819128639087787,299
placebo_seen_only,0.25,0,mlp,91,0.41471571906354515,0.0,0.7790173060088438,299
placebo_seen_only,0.5,0,mlp,91,0.27424749163879597,0.0,0.8659738277479743,299
placebo_seen_only,0.75,0,mlp,91,0.13712374581939799,0.0,0.8760072725640278,299
placebo_seen_only,1.0,0,mlp,91,0.046822742474916385,0.0,0.9229197997800274,299
placebo_seen_only,0.0,1,mlp,91,0.5183946488294314,0.0,0.7923727862449776,299
placebo_seen_only,0.25,1,mlp,91,0.3779264214046823,0.0,0.8124396758770847,299
placebo_seen_only,0.5,1,mlp,91,0.3076923076923077,0.0,0.8325290116944625,299
placebo_seen_only,0.75,1,mlp,91,0.19063545150501673,0.0,0.8525734551412988,299
placebo_seen_only,1.0,1,mlp,91,0.046822742474916385,0.0,0.9262642813853785,299
placebo_seen_only,0.0,2,mlp,91,0.49498327759197325,0.0,0.7957172678503288,299
placebo_seen_only,0.25,2,mlp,91,0.36454849498327757,0.0,0.8090951942717335,299
placebo_seen_only,0.5,2,mlp,91,0.28762541806020064,0.0,0.8492514197212184,299
placebo_seen_only,0.75,2,mlp,91,0.14715719063545152,0.0,0.8760072725640278,299
placebo_seen_only,1.0,2,mlp,91,0.033444816053511704,0.0,0.9229197997800274,299
placebo_seen_only,0.0,3,mlp,91,0.5117056856187291,0.0,0.8024062310610311,299
placebo_seen_only,0.25,3,mlp,91,0.3979933110367893,0.0,0.8291620839038405,299
placebo_seen_only,0.5,3,mlp,91,0.3177257525083612,0.0,0.8492514197212184,299
placebo_seen_only,0.75,3,mlp,91,0.15719063545150502,0.0,0.8659738277479743,299
placebo_seen_only,1.0,3,mlp,91,0.0903010033444816,0.0,0.9262642813853785,299
placebo_seen_only,0.0,4,mlp,91,0.48494983277591974,0.0,0.7890283046396265,299
placebo_seen_only,0.25,4,mlp,91,0.36789297658862874,0.0,0.8458844919305964,299
placebo_seen_only,0.5,4,mlp,91,0.2508361204013378,0.0,0.819128639087787,299
placebo_seen_only,0.75,4,mlp,91,0.14046822742474915,0.0,0.899418643801486,299
placebo_seen_only,1.0,4,mlp,91,0.05351170568561873,0.0,0.916230836569325,299
placebo_seen_only,0.0,5,mlp,91,0.5317725752508361,0.0,0.7823393414289241,299
placebo_seen_only,0.25,5,mlp,91,0.38127090301003347,0.0,0.819128639087787,299
placebo_seen_only,0.5,5,mlp,91,0.2508361204013378,0.0,0.8726627909586766,299
placebo_seen_only,0.75,5,mlp,91,0.1705685618729097,0.0,0.8692958631680546,299
placebo_seen_only,1.0,5,mlp,91,0.020066889632107024,0.0,0.9429866894121344,299
placebo_seen_only,0.0,6,mlp,91,0.4983277591973244,0.0,0.79906174945568,299
placebo_seen_only,0.25,6,mlp,91,0.36789297658862874,0.0,0.8124621220623555,299
placebo_seen_only,0.5,6,mlp,91,0.2909698996655518,0.0,0.8492289735359476,299
placebo_seen_only,0.75,6,mlp,91,0.16722408026755853,0.0,0.8826962357747301,299
placebo_seen_only,1.0,6,mlp,91,0.08695652173913043,0.0,0.9128863549639739,299
placebo_seen_only,0.0,7,mlp,91,0.4214046822742475,0.0,0.8057731588516531,299
placebo_seen_only,0.25,7,mlp,91,0.4013377926421405,0.0,0.8191510852730578,299
placebo_seen_only,0.5,7,mlp,91,0.23076923076923078,0.0,0.8592624183520011,299
placebo_seen_only,0.75,7,mlp,91,0.14715719063545152,0.0,0.8760072725640278,299
placebo_seen_only,1.0,7,mlp,91,0.043478260869565216,0.0,0.9329532445960809,299
placebo_seen_only,0.0,8,mlp,91,0.47157190635451507,0.0,0.7555834885861148,299
placebo_seen_only,0.25,8,mlp,91,0.3745819397993311,0.0,0.8358510471145428,299
placebo_seen_only,0.5,8,mlp,91,0.27759197324414714,0.0,0.8525734551412988,299
placebo_seen_only,0.75,8,mlp,91,0.1939799331103679,0.0,0.8592848645372719,299
placebo_seen_only,1.0,8,mlp,91,0.06020066889632107,0.0,0.9296087629907297,299
placebo_seen_only,0.0,9,mlp,91,0.5050167224080268,0.0,0.7923727862449776,299
placebo_seen_only,0.25,9,mlp,91,0.43478260869565216,0.0,0.802428677246302,299
placebo_seen_only,0.5,9,mlp,91,0.25752508361204013,0.0,0.8592624183520011,299
placebo_seen_only,0.75,9,mlp,91,0.14046822742474915,0.0,0.8626068999573523,299
placebo_seen_only,1.0,9,mlp,91,0.046822742474916385,0.0,0.9229197997800274,299
placebo_seen_only,0.0,10,mlp,91,0.5418060200668896,0.0,0.7823393414289241,299
placebo_seen_only,0.25,10,mlp,91,0.39464882943143814,0.0,0.819128639087787,299
placebo_seen_only,0.5,10,mlp,91,0.2842809364548495,0.0,0.8492514197212184,299
placebo_seen_only,0.75,10,mlp,91,0.14046822742474915,0.0,0.8893851989854324,299
placebo_seen_only,1.0,10,mlp,91,0.033444816053511704,0.0,0.9396422078067832,299
placebo_seen_only,0.0,11,mlp,91,0.5451505016722408,0.0,0.7756728244034926,299
placebo_seen_only,0.25,11,mlp,91,0.34448160535117056,0.0,0.8291845300891113,299
placebo_seen_only,0.5,11,mlp,91,0.2976588628762542,0.0,0.8458844919305964,299
placebo_seen_only,0.75,11,mlp,91,0.16722408026755853,0.0,0.8793517541693789,299
placebo_seen_only,1.0,11,mlp,91,0.04013377926421405,0.0,0.9229197997800274,299
placebo_seen_only,0.0,12,mlp,91,0.4782608695652174,0.0,0.7890283046396265,299
placebo_seen_only,0.25,12,mlp,91,0.3210702341137124,0.0,0.8392179749051649,299
placebo_seen_only,0.5,12,mlp,91,0.2408026755852843,0.0,0.8592848645372719,299
placebo_seen_only,0.75,12,mlp,91,0.17725752508361203,0.0,0.8893627528001616,299
placebo_seen_only,1.0,12,mlp,91,0.04013377926421405,0.0,0.936297726201432,299
placebo_seen_only,0.0,13,mlp,91,0.4816053511705686,0.0,0.7957172678503288,299
placebo_seen_only,0.25,13,mlp,91,0.4013377926421405,0.0,0.8157841574824358,299
placebo_seen_only,0.5,13,mlp,91,0.25418060200668896,0.0,0.8793293079841081,299
placebo_seen_only,0.75,13,mlp,91,0.1505016722408027,0.0,0.8793293079841081,299
placebo_seen_only,1.0,13,mlp,91,0.03678929765886288,0.0,0.9296087629907297,299
placebo_seen_only,0.0,14,mlp,91,0.5217391304347826,0.0,0.758927970191466,299
placebo_seen_only,0.25,14,mlp,91,0.39464882943143814,0.0,0.7923727862449776,299
placebo_seen_only,0.5,14,mlp,91,0.25418060200668896,0.0,0.8358734932998136,299
placebo_seen_only,0.75,14,mlp,91,0.17391304347826086,0.0,0.8826737895894593,299
placebo_seen_only,1.0,14,mlp,91,0.05016722408026756,0.0,0.9463311710174855,299
placebo_seen_only,0.0,15,mlp,91,0.568561872909699,0.0,0.7823393414289241,299
placebo_seen_only,0.25,15,mlp,91,0.3612040133779264,0.0,0.839195528719894,299
placebo_seen_only,0.5,15,mlp,91,0.2809364548494983,0.0,0.839195528719894,299
placebo_seen_only,0.75,15,mlp,91,0.10702341137123746,0.0,0.9027631254068371,299
placebo_seen_only,1.0,15,mlp,91,0.026755852842809364,0.0,0.9296087629907297,299
placebo_seen_only,0.0,16,mlp,91,0.46153846153846156,0.0,0.8024062310610311,299
placebo_seen_only,0.25,16,mlp,91,0.4180602006688963,0.0,0.8291620839038405,299
placebo_seen_only,0.5,16,mlp,91,0.2976588628762542,0.0,0.8224731206931382,299
placebo_seen_only,0.75,16,mlp,91,0.17391304347826086,0.0,0.8525959013265696,299
placebo_seen_only,1.0,16,mlp,91,0.033444816053511704,0.0,0.936297726201432,299
placebo_seen_only,0.0,17,mlp,91,0.5016722408026756,0.0,0.7689614150075195,299
placebo_seen_only,0.25,17,mlp,91,0.391304347826087,0.0,0.7957172678503288,299
placebo_seen_only,0.5,17,mlp,91,0.22742474916387959,0.0,0.8425624565105161,299
placebo_seen_only,0.75,17,mlp,91,0.14381270903010032,0.0,0.8659738277479743,299
placebo_seen_only,1.0,17,mlp,91,0.030100334448160536,0.0,0.9396422078067832,299
placebo_seen_only,0.0,18,mlp,91,0.49498327759197325,0.0,0.7890283046396265,299
placebo_seen_only,0.25,18,mlp,91,0.391304347826087,0.0,0.8191510852730578,299
placebo_seen_only,0.5,18,mlp,91,0.23076923076923078,0.0,0.8459069381158673,299
placebo_seen_only,0.75,18,mlp,91,0.1806020066889632,0.0,0.8659513815627035,299
placebo_seen_only,1.0,18,mlp,91,0.04013377926421405,0.0,0.936297726201432,299
placebo_seen_only,0.0,19,mlp,91,0.5518394648829431,0.0,0.7823393414289241,299
placebo_seen_only,0.25,19,mlp,91,0.35785953177257523,0.0,0.7957397140355996,299
placebo_seen_only,0.5,19,mlp,91,0.2842809364548495,0.0,0.839195528719894,299
placebo_seen_only,0.75,19,mlp,91,0.1705685618729097,0.0,0.8860407173800813,299
placebo_seen_only,1.0,19,mlp,91,0.033444816053511704,0.0,0.9296087629907297,299
placebo_seen_only,0.0,0,rf,12345,0.21070234113712374,0.0,0.8025409081726561,299
placebo_seen_only,0.25,0,rf,12345,0.2040133779264214,0.0,0.8025409081726561,299
placebo_seen_only,0.5,0,rf,12345,0.11371237458193979,0.0,0.8694305402796795,299
placebo_seen_only,0.75,0,rf,12345,0.06688963210702341,0.0,0.9162757289398666,299
placebo_seen_only,1.0,0,rf,12345,0.0,0.0,0.9798882179973514,299
placebo_seen_only,0.0,1,rf,12345,0.23411371237458195,0.0,0.7724405737244955,299
placebo_seen_only,0.25,1,rf,12345,0.19063545150501673,0.0,0.8092298713833584,299
placebo_seen_only,0.5,1,rf,12345,0.11371237458193979,0.0,0.8727974680703015,299
placebo_seen_only,0.75,1,rf,12345,0.046822742474916385,0.0,0.9296985477318129,299
placebo_seen_only,1.0,1,rf,12345,0.0,0.0,0.9832326996027025,299
placebo_seen_only,0.0,2,rf,12345,0.25752508361204013,0.0,0.762407128908442,299
placebo_seen_only,0.25,2,rf,12345,0.18394648829431437,0.0,0.8359857242261678,299
placebo_seen_only,0.5,2,rf,12345,0.10702341137123746,0.0,0.8694978788354919,299
placebo_seen_only,0.75,2,rf,12345,0.046822742474916385,0.0,0.9330430293371641,299
placebo_seen_only,1.0,2,rf,12345,0.0,0.0,0.9798657718120806,299
placebo_seen_only,0.0,3,rf,12345,0.24414715719063546,0.0,0.7791295369351978,299
placebo_seen_only,0.25,3,rf,12345,0.1939799331103679,0.0,0.8259522794101143,299
placebo_seen_only,0.5,3,rf,12345,0.12040133779264214,0.0,0.8627415770689771,299
placebo_seen_only,0.75,3,rf,12345,0.06688963210702341,0.0,0.919597764359947,299
placebo_seen_only,1.0,3,rf,12345,0.0,0.0,0.9798657718120806,299
placebo_seen_only,0.0,4,rf,12345,0.2408026755852843,0.0,0.762407128908442,299
placebo_seen_only,0.25,4,rf,12345,0.17725752508361203,0.0,0.8359857242261678,299
placebo_seen_only,0.5,4,rf,12345,0.13043478260869565,0.0,0.8527305784381944,299
placebo_seen_only,0.75,4,rf,12345,0.06020066889632107,0.0,0.922964692150569,299
placebo_seen_only,1.0,4,rf,12345,0.0,0.0,0.9798657718120806,299
placebo_seen_only,0.0,5,rf,12345,0.27759197324414714,0.0,0.7456847208816861,299
placebo_seen_only,0.25,5,rf,12345,0.1705685618729097,0.0,0.8460191690422213,299
placebo_seen_only,0.5,5,rf,12345,0.11371237458193979,0.0,0.8694529864649503,299
placebo_seen_only,0.75,5,rf,12345,0.07357859531772576,0.0,0.9062871764943548,299
placebo_seen_only,1.0,5,rf,12345,0.0,0.0,0.9798882179973514,299
placebo_seen_only,0.0,6,rf,12345,0.22742474916387959,0.0,0.7657516105137931,299
placebo_seen_only,0.25,6,rf,12345,0.15719063545150502,0.0,0.8293192072007363,299
placebo_seen_only,0.5,6,rf,12345,0.13043478260869565,0.0,0.8694305402796795,299
placebo_seen_only,0.75,6,rf,12345,0.056856187290969896,0.0,0.9196651029157594,299
placebo_seen_only,1.0,6,rf,12345,0.0,0.0,0.9798657718120806,299
placebo_seen_only,0.0,7,rf,12345,0.21739130434782608,0.0,0.7925074633566025,299
placebo_seen_only,0.25,7,rf,12345,0.20066889632107024,0.0,0.8159188345940608,299
placebo_seen_only,0.5,7,rf,12345,0.11705685618729098,0.0,0.8761195034903818,299
placebo_seen_only,0.75,7,rf,12345,0.05016722408026756,0.0,0.9196651029157594,299
placebo_seen_only,1.0,7,rf,12345,0.0,0.0,0.9798657718120806,299
placebo_seen_only,0.0,8,rf,12345,0.22408026755852842,0.0,0.782474018540549,299
placebo_seen_only,0.25,8,rf,12345,0.1939799331103679,0.0,0.8058853897780073,299
placebo_seen_only,0.5,8,rf,12345,0.15384615384615385,0.0,0.8460191690422213,299
placebo_seen_only,0.75,8,rf,12345,0.06354515050167224,0.0,0.9129761397050571,299
placebo_seen_only,1.0,8,rf,12345,0.0,0.0,0.9832326996027025,299
placebo_seen_only,0.0,9,rf,12345,0.2709030100334448,0.0,0.762407128908442,299
placebo_seen_only,0.25,9,rf,12345,0.2040133779264214,0.0,0.8058853897780073,299
placebo_seen_only,0.5,9,rf,12345,0.12709030100334448,0.0,0.8560526138582748,299
placebo_seen_only,0.75,9,rf,12345,0.07023411371237458,0.0,0.919597764359947,299
placebo_seen_only,1.0,9,rf,12345,0.0,0.0,0.9798657718120806,299
placebo_seen_only,0.0,10,rf,12345,0.25752508361204013,0.0,0.7590626473030908,299
placebo_seen_only,0.25,10,rf,12345,0.1939799331103679,0.0,0.8326412426208166,299
placebo_seen_only,0.5,10,rf,12345,0.13043478260869565,0.0,0.8660860586743283,299
placebo_seen_only,0.75,10,rf,12345,0.07023411371237458,0.0,0.9062647303090839,299
placebo_seen_only,1.0,10,rf,12345,0.0,0.0,0.9798882179973514,299
placebo_seen_only,0.0,11,rf,12345,0.26755852842809363,0.0,0.7456847208816861,299
placebo_seen_only,0.25,11,rf,12345,0.17391304347826086,0.0,0.8460191690422213,299
placebo_seen_only,0.5,11,rf,12345,0.13043478260869565,0.0,0.8527305784381944,299
placebo_seen_only,0.75,11,rf,12345,0.06354515050167224,0.0,0.9196202105452178,299
placebo_seen_only,1.0,11,rf,12345,0.0,0.0,0.9798657718120806,299
placebo_seen_only,0.0,12,rf,12345,0.23745819397993312,0.0,0.7690960921191443,299
placebo_seen_only,0.25,12,rf,12345,0.17725752508361203,0.0,0.8326412426208166,299
placebo_seen_only,0.5,12,rf,12345,0.11705685618729098,0.0,0.8660860586743283,299
placebo_seen_only,0.75,12,rf,12345,0.07357859531772576,0.0,0.9062871764943548,299
placebo_seen_only,1.0,12,rf,12345,0.0,0.0,0.9798882179973514,299
placebo_seen_only,0.0,13,rf,12345,0.23076923076923078,0.0,0.7724405737244955,299
placebo_seen_only,0.25,13,rf,12345,0.19063545150501673,0.0,0.8159188345940608,299
placebo_seen_only,0.5,13,rf,12345,0.08695652173913043,0.0,0.8962088393077596,299
placebo_seen_only,0.75,13,rf,12345,0.046822742474916385,0.0,0.9330430293371641,299
placebo_seen_only,1.0,13,rf,12345,0.0,0.0,0.9798882179973514,299
placebo_seen_only,0.0,14,rf,12345,0.22408026755852842,0.0,0.8092298713833584,299
placebo_seen_only,0.25,14,rf,12345,0.19732441471571907,0.0,0.8058853897780073,299
placebo_seen_only,0.5,14,rf,12345,0.11036789297658862,0.0,0.8661533972301407,299
placebo_seen_only,0.75,14,rf,12345,0.06020066889632107,0.0,0.922964692150569,299
placebo_seen_only,1.0,14,rf,12345,0.0,0.0,0.9798882179973514,299
placebo_seen_only,0.0,15,rf,12345,0.2809364548494983,0.0,0.742340239276335,299
placebo_seen_only,0.25,15,rf,12345,0.19063545150501673,0.0,0.8125743529887096,299
placebo_seen_only,0.5,15,rf,12345,0.12040133779264214,0.0,0.8727750218850306,299
placebo_seen_only,0.75,15,rf,12345,0.04013377926421405,0.0,0.9397319925478664,299
placebo_seen_only,1.0,15,rf,12345,0.0,0.0,0.9798657718120806,299
placebo_seen_only,0.0,16,rf,12345,0.2408026755852843,0.0,0.7690960921191443,299
placebo_seen_only,0.25,16,rf,12345,0.21070234113712374,0.0,0.7958519449619537,299
placebo_seen_only,0.5,16,rf,12345,0.12374581939799331,0.0,0.8527530246234653,299
placebo_seen_only,0.75,16,rf,12345,0.05351170568561873,0.0,0.9263091737559201,299
placebo_seen_only,1.0,16,rf,12345,0.0,0.0,0.9798882179973514,299
placebo_seen_only,0.0,17,rf,12345,0.25752508361204013,0.0,0.7490516486723081,299
placebo_seen_only,0.25,17,rf,12345,0.18394648829431437,0.0,0.819263316199412,299
placebo_seen_only,0.5,17,rf,12345,0.09698996655518395,0.0,0.8828084667010841,299
placebo_seen_only,0.75,17,rf,12345,0.06020066889632107,0.0,0.9229871383358398,299
placebo_seen_only,1.0,17,rf,12345,0.0,0.0,0.9832326996027025,299
placebo_seen_only,0.0,18,rf,12345,0.25752508361204013,0.0,0.762407128908442,299
placebo_seen_only,0.25,18,rf,12345,0.19732441471571907,0.0,0.8092298713833584,299
placebo_seen_only,0.5,18,rf,12345,0.12374581939799331,0.0,0.8694529864649503,299
placebo_seen_only,0.75,18,rf,12345,0.056856187290969896,0.0,0.9230095845211106,299
placebo_seen_only,1.0,18,rf,12345,0.0,0.0,0.9798882179973514,299
placebo_seen_only,0.0,19,rf,12345,0.27759197324414714,0.0,0.762407128908442,299
placebo_seen_only,0.25,19,rf,12345,0.2040133779264214,0.0,0.7991964265673049,299
placebo_seen_only,0.5,19,rf,12345,0.13377926421404682,0.0,0.8493860968328433,299
placebo_seen_only,0.75,19,rf,12345,0.056856187290969896,0.0,0.9196651029157594,299
placebo_seen_only,1.0,19,rf,12345,0.0,0.0,0.9798657718120806,299
placebo_seen_only,0.0,0,rf,1337,0.1806020066889632,0.0,0.819263316199412,299
placebo_seen_only,0.25,0,rf,1337,0.18394648829431437,0.0,0.8326412426208166,299
placebo_seen_only,0.5,0,rf,1337,0.10367892976588629,0.0,0.8828084667010841,299
placebo_seen_only,0.75,0,rf,1337,0.046822742474916385,0.0,0.9262867275706493,299
placebo_seen_only,1.0,0,rf,1337,0.0,0.0,0.9698098808107563,299
placebo_seen_only,0.0,1,rf,1337,0.22408026755852842,0.0,0.8159188345940608,299
placebo_seen_only,0.25,1,rf,1337,0.1605351170568562,0.0,0.8326412426208166,299
placebo_seen_only,0.5,1,rf,1337,0.10367892976588629,0.0,0.8828084667010841,299
placebo_seen_only,0.75,1,rf,1337,0.12709030100334448,0.0,0.9329756907813517,299
placebo_seen_only,1.0,1,rf,1337,0.18394648829431437,0.0,0.9731543624161074,299
placebo_seen_only,0.0,2,rf,1337,0.2140468227424749,0.0,0.8025409081726561,299
placebo_seen_only,0.25,2,rf,1337,0.1505016722408027,0.0,0.8527081322529236,299
placebo_seen_only,0.5,2,rf,1337,0.11371237458193979,0.0,0.8861529483064353,299
placebo_seen_only,0.75,2,rf,1337,0.04013377926421405,0.0,0.9262867275706493,299
placebo_seen_only,1.0,2,rf,1337,0.0,0.0,0.9731543624161074,299
placebo_seen_only,0.0,3,rf,1337,0.23076923076923078,0.0,0.7925074633566025,299
placebo_seen_only,0.25,3,rf,1337,0.24414715719063546,0.0,0.8326412426208166,299
placebo_seen_only,0.5,3,rf,1337,0.13712374581939799,0.0,0.8627415770689771,299
placebo_seen_only,0.75,3,rf,1337,0.056856187290969896,0.0,0.9162532827545958,299
placebo_seen_only,1.0,3,rf,1337,0.0,0.0,0.9698098808107563,299
placebo_seen_only,0.0,4,rf,1337,0.2140468227424749,0.0,0.7925074633566025,299
placebo_seen_only,0.25,4,rf,1337,0.1705685618729097,0.0,0.839330205831519,299
placebo_seen_only,0.5,4,rf,1337,0.14046822742474915,0.0,0.8627415770689771,299
placebo_seen_only,0.75,4,rf,1337,0.046822742474916385,0.0,0.919597764359947,299
placebo_seen_only,1.0,4,rf,1337,0.0,0.0,0.9698098808107563,299
placebo_seen_only,0.0,5,rf,1337,0.2408026755852843,0.0,0.782474018540549,299
placebo_seen_only,0.25,5,rf,1337,0.14046822742474915,0.0,0.8627415770689771,299
placebo_seen_only,0.5,5,rf,1337,0.4214046822742475,0.0,0.8727750218850306,299
placebo_seen_only,0.75,5,rf,1337,0.07023411371237458,0.0,0.9028753563331912,299
placebo_seen_only,1.0,5,rf,1337,0.0,0.0,0.9765437363920002,299
placebo_seen_only,0.0,6,rf,1337,0.3879598662207358,0.0,0.7991964265673049,299
placebo_seen_only,0.25,6,rf,1337,0.1705685618729097,0.0,0.8493636506475725,299
placebo_seen_only,0.5,6,rf,1337,0.11371237458193979,0.0,0.8828084667010841,299
placebo_seen_only,0.75,6,rf,1337,0.05016722408026756,0.0,0.919597764359947,299
placebo_seen_only,1.0,6,rf,1337,0.19732441471571907,0.0,0.9731543624161074,299
placebo_seen_only,0.0,7,rf,1337,0.3712374581939799,0.0,0.819263316199412,299
placebo_seen_only,0.25,7,rf,1337,0.1939799331103679,0.0,0.8259522794101143,299
placebo_seen_only,0.5,7,rf,1337,0.3311036789297659,0.0,0.89953087472784,299
placebo_seen_only,0.75,7,rf,1337,0.046822742474916385,0.0,0.9262867275706493,299
placebo_seen_only,1.0,7,rf,1337,0.0,0.0,0.9731543624161074,299
placebo_seen_only,0.0,8,rf,1337,0.26421404682274247,0.0,0.8025409081726561,299
placebo_seen_only,0.25,8,rf,1337,0.1605351170568562,0.0,0.8226077978047631,299
placebo_seen_only,0.5,8,rf,1337,0.12709030100334448,0.0,0.8527081322529236,299
placebo_seen_only,0.75,8,rf,1337,0.056856187290969896,0.0,0.9095643195438935,299
placebo_seen_only,1.0,8,rf,1337,0.0,0.0,0.9731543624161074,299
placebo_seen_only,0.0,9,rf,1337,0.24749163879598662,0.0,0.7925074633566025,299
placebo_seen_only,0.25,9,rf,1337,0.16722408026755853,0.0,0.8259522794101143,299
placebo_seen_only,0.5,9,rf,1337,0.11705685618729098,0.0,0.859397095463626,299
placebo_seen_only,0.75,9,rf,1337,0.05351170568561873,0.0,0.9229422459652982,299
placebo_seen_only,1.0,9,rf,1337,0.11036789297658862,0.0,0.9698098808107563,299
placebo_seen_only,0.0,10,rf,1337,0.20735785953177258,0.0,0.7891629817512513,299
placebo_seen_only,0.25,10,rf,1337,0.15719063545150502,0.0,0.8460191690422213,299
placebo_seen_only,0.5,10,rf,1337,0.10033444816053512,0.0,0.879463985095733,299
placebo_seen_only,0.75,10,rf,1337,0.09698996655518395,0.0,0.9062198379385423,299
placebo_seen_only,1.0,10,rf,1337,0.0,0.0,0.973199254786649,299
placebo_seen_only,0.0,11,rf,1337,0.23411371237458195,0.0,0.7891629817512513,299
placebo_seen_only,0.25,11,rf,1337,0.14046822742474915,0.0,0.8527081322529236,299
placebo_seen_only,0.5,11,rf,1337,0.13043478260869565,0.0,0.8660860586743283,299
placebo_seen_only,0.75,11,rf,1337,0.05016722408026756,0.0,0.9229422459652982,299
placebo_seen_only,1.0,11,rf,1337,0.0,0.0,0.9731543624161074,299
placebo_seen_only,0.0,12,rf,1337,0.23411371237458195,0.0,0.782474018540549,299
placebo_seen_only,0.25,12,rf,1337,0.18729096989966554,0.0,0.8560526138582748,299
placebo_seen_only,0.5,12,rf,1337,0.11036789297658862,0.0,0.8828084667010841,299
placebo_seen_only,0.75,12,rf,1337,0.06354515050167224,0.0,0.9162532827545958,299
placebo_seen_only,1.0,12,rf,1337,0.0,0.0,0.9698098808107563,299
placebo_seen_only,0.0,13,rf,1337,0.2508361204013378,0.0,0.8025409081726561,299
placebo_seen_only,0.25,13,rf,1337,0.1806020066889632,0.0,0.8326412426208166,299
placebo_seen_only,0.5,13,rf,1337,0.07692307692307693,0.0,0.89953087472784,299
placebo_seen_only,0.75,13,rf,1337,0.04013377926421405,0.0,0.9296312091760005,299
placebo_seen_only,1.0,13,rf,1337,0.0,0.0,0.9698098808107563,299
placebo_seen_only,0.0,14,rf,1337,0.18394648829431437,0.0,0.819263316199412,299
placebo_seen_only,0.25,14,rf,1337,0.2608695652173913,0.0,0.8359857242261678,299
placebo_seen_only,0.5,14,rf,1337,0.25418060200668896,0.0,0.8861529483064353,299
placebo_seen_only,0.75,14,rf,1337,0.043478260869565216,0.0,0.9229422459652982,299
placebo_seen_only,1.0,14,rf,1337,0.0,0.0,0.973199254786649,299
placebo_seen_only,0.0,15,rf,1337,0.3076923076923077,0.0,0.7757850553298467,299
placebo_seen_only,0.25,15,rf,1337,0.1605351170568562,0.0,0.8326412426208166,299
placebo_seen_only,0.5,15,rf,1337,0.09364548494983277,0.0,0.8894974299117865,299
placebo_seen_only,0.75,15,rf,1337,0.2976588628762542,0.0,0.939664653992054,299
placebo_seen_only,1.0,15,rf,1337,0.0,0.0,0.9698098808107563,299
placebo_seen_only,0.0,16,rf,1337,0.4916387959866221,0.0,0.8025409081726561,299
placebo_seen_only,0.25,16,rf,1337,0.1806020066889632,0.0,0.8259522794101143,299
placebo_seen_only,0.5,16,rf,1337,0.11705685618729098,0.0,0.8727750218850306,299
placebo_seen_only,0.75,16,rf,1337,0.10367892976588629,0.0,0.9262867275706493,299
placebo_seen_only,1.0,16,rf,1337,0.0,0.0,0.9731543624161074,299
placebo_seen_only,0.0,17,rf,1337,0.2508361204013378,0.0,0.7858185001459002,299
placebo_seen_only,0.25,17,rf,1337,0.1505016722408027,0.0,0.839330205831519,299
placebo_seen_only,0.5,17,rf,1337,0.14046822742474915,0.0,0.8894974299117865,299
placebo_seen_only,0.75,17,rf,1337,0.05016722408026756,0.0,0.9095643195438935,299
placebo_seen_only,1.0,17,rf,1337,0.0,0.0,0.9698547731812979,299
placebo_seen_only,0.0,18,rf,1337,0.25752508361204013,0.0,0.7958519449619537,299
placebo_seen_only,0.25,18,rf,1337,0.1939799331103679,0.0,0.839330205831519,299
placebo_seen_only,0.5,18,rf,1337,0.10367892976588629,0.0,0.879463985095733,299
placebo_seen_only,0.75,18,rf,1337,0.046822742474916385,0.0,0.9229422459652982,299
placebo_seen_only,1.0,18,rf,1337,0.0,0.0,0.9698098808107563,299
placebo_seen_only,0.0,19,rf,1337,0.23411371237458195,0.0,0.7925074633566025,299
placebo_seen_only,0.25,19,rf,1337,0.451505016722408,0.0,0.8125743529887096,299
placebo_seen_only,0.5,19,rf,1337,0.23411371237458195,0.0,0.859397095463626,299
placebo_seen_only,0.75,19,rf,1337,0.25752508361204013,0.0,0.9129088011492447,299
placebo_seen_only,1.0,19,rf,1337,0.0,0.0,0.9698098808107563,299
placebo_seen_only,0.0,0,rf,2024,0.18729096989966554,0.0,0.819263316199412,299
placebo_seen_only,0.25,0,rf,2024,0.19732441471571907,0.0,0.819263316199412,299
placebo_seen_only,0.5,0,rf,2024,0.10033444816053512,0.0,0.8861529483064353,299
placebo_seen_only,0.75,0,rf,2024,0.05351170568561873,0.0,0.9262867275706493,299
placebo_seen_only,1.0,0,rf,2024,0.0,0.0,0.9832551457879734,299
placebo_seen_only,0.0,1,rf,2024,0.21070234113712374,0.0,0.819263316199412,299
placebo_seen_only,0.25,1,rf,2024,0.17725752508361203,0.0,0.8292967610154655,299
placebo_seen_only,0.5,1,rf,2024,0.10033444816053512,0.0,0.8894974299117865,299
placebo_seen_only,0.75,1,rf,2024,0.046822742474916385,0.0,0.9263091737559201,299
placebo_seen_only,1.0,1,rf,2024,0.0,0.0,0.9832551457879734,299
placebo_seen_only,0.0,2,rf,2024,0.2408026755852843,0.0,0.7925074633566025,299
placebo_seen_only,0.25,2,rf,2024,0.1705685618729097,0.0,0.8460191690422213,299
placebo_seen_only,0.5,2,rf,2024,0.10367892976588629,0.0,0.8861529483064353,299
placebo_seen_only,0.75,2,rf,2024,0.043478260869565216,0.0,0.9263540661264618,299
placebo_seen_only,1.0,2,rf,2024,0.0,0.0,0.9798657718120806,299
placebo_seen_only,0.0,3,rf,2024,0.2140468227424749,0.0,0.7925074633566025,299
placebo_seen_only,0.25,3,rf,2024,0.1806020066889632,0.0,0.8326412426208166,299
placebo_seen_only,0.5,3,rf,2024,0.10702341137123746,0.0,0.8661533972301407,299
placebo_seen_only,0.75,3,rf,2024,0.06354515050167224,0.0,0.9095643195438935,299
placebo_seen_only,1.0,3,rf,2024,0.0,0.0,0.9798657718120806,299
placebo_seen_only,0.0,4,rf,2024,0.22742474916387959,0.0,0.7891629817512513,299
placebo_seen_only,0.25,4,rf,2024,0.1605351170568562,0.0,0.839330205831519,299
placebo_seen_only,0.5,4,rf,2024,0.12040133779264214,0.0,0.8627415770689771,299
placebo_seen_only,0.75,4,rf,2024,0.05351170568561873,0.0,0.9296985477318129,299
placebo_seen_only,1.0,4,rf,2024,0.0,0.0,0.9798657718120806,299
placebo_seen_only,0.0,5,rf,2024,0.25418060200668896,0.0,0.782474018540549,299
placebo_seen_only,0.25,5,rf,2024,0.13712374581939799,0.0,0.8627415770689771,299
placebo_seen_only,0.5,5,rf,2024,0.10702341137123746,0.0,0.8694305402796795,299
placebo_seen_only,0.75,5,rf,2024,0.07023411371237458,0.0,0.9029426948890036,299
placebo_seen_only,1.0,5,rf,2024,0.0,0.0,0.9899441089986757,299
placebo_seen_only,0.0,6,rf,2024,0.22408026755852842,0.0,0.7891629817512513,299
placebo_seen_only,0.25,6,rf,2024,0.14715719063545152,0.0,0.8493636506475725,299
placebo_seen_only,0.5,6,rf,2024,0.13043478260869565,0.0,0.8727750218850306,299
placebo_seen_only,0.75,6,rf,2024,0.05351170568561873,0.0,0.919597764359947,299
placebo_seen_only,1.0,6,rf,2024,0.0,0.0,0.9798657718120806,299
placebo_seen_only,0.0,7,rf,2024,0.20735785953177258,0.0,0.8092298713833584,299
placebo_seen_only,0.25,7,rf,2024,0.17725752508361203,0.0,0.8226077978047631,299
placebo_seen_only,0.5,7,rf,2024,0.10367892976588629,0.0,0.8961863931224888,299
placebo_seen_only,0.75,7,rf,2024,0.05016722408026756,0.0,0.9296312091760005,299
placebo_seen_only,1.0,7,rf,2024,0.0,0.0,0.9799106641826222,299
placebo_seen_only,0.0,8,rf,2024,0.2140468227424749,0.0,0.7991964265673049,299
placebo_seen_only,0.25,8,rf,2024,0.17725752508361203,0.0,0.8159188345940608,299
placebo_seen_only,0.5,8,rf,2024,0.1505016722408027,0.0,0.8426746874368701,299
placebo_seen_only,0.75,8,rf,2024,0.056856187290969896,0.0,0.9230095845211106,299
placebo_seen_only,1.0,8,rf,2024,0.0,0.0,0.9798657718120806,299
placebo_seen_only,0.0,9,rf,2024,0.24414715719063546,0.0,0.782474018540549,299
placebo_seen_only,0.25,9,rf,2024,0.19063545150501673,0.0,0.819263316199412,299
placebo_seen_only,0.5,9,rf,2024,0.11705685618729098,0.0,0.859397095463626,299
placebo_seen_only,0.75,9,rf,2024,0.06020066889632107,0.0,0.9229422459652982,299
placebo_seen_only,1.0,9,rf,2024,0.0,0.0,0.9798657718120806,299
placebo_seen_only,0.0,10,rf,2024,0.23411371237458195,0.0,0.7858185001459002,299
placebo_seen_only,0.25,10,rf,2024,0.1806020066889632,0.0,0.8359857242261678,299
placebo_seen_only,0.5,10,rf,2024,0.11705685618729098,0.0,0.8828084667010841,299
placebo_seen_only,0.75,10,rf,2024,0.07023411371237458,0.0,0.9062198379385423,299
placebo_seen_only,1.0,10,rf,2024,0.0,0.0,0.9899441089986757,299
placebo_seen_only,0.0,11,rf,2024,0.22742474916387959,0.0,0.7925074633566025,299
placebo_seen_only,0.25,11,rf,2024,0.14046822742474915,0.0,0.8560526138582748,299
placebo_seen_only,0.5,11,rf,2024,0.12040133779264214,0.0,0.8627415770689771,299
placebo_seen_only,0.75,11,rf,2024,0.05351170568561873,0.0,0.9230095845211106,299
placebo_seen_only,1.0,11,rf,2024,0.0,0.0,0.9798657718120806,299
placebo_seen_only,0.0,12,rf,2024,0.2140468227424749,0.0,0.7791295369351978,299
placebo_seen_only,0.25,12,rf,2024,0.15719063545150502,0.0,0.8527081322529236,299
placebo_seen_only,0.5,12,rf,2024,0.11036789297658862,0.0,0.8761195034903818,299
placebo_seen_only,0.75,12,rf,2024,0.06354515050167224,0.0,0.919597764359947,299
placebo_seen_only,1.0,12,rf,2024,0.0,0.0,0.9899441089986757,299
placebo_seen_only,0.0,13,rf,2024,0.22742474916387959,0.0,0.7991964265673049,299
placebo_seen_only,0.25,13,rf,2024,0.18729096989966554,0.0,0.8292967610154655,299
placebo_seen_only,0.5,13,rf,2024,0.0802675585284281,0.0,0.89953087472784,299
placebo_seen_only,0.75,13,rf,2024,0.04013377926421405,0.0,0.9330430293371641,299
placebo_seen_only,1.0,13,rf,2024,0.0,0.0,0.9865996273933245,299
placebo_seen_only,0.0,14,rf,2024,0.20735785953177258,0.0,0.8092298713833584,299
placebo_seen_only,0.25,14,rf,2024,0.18394648829431437,0.0,0.8292967610154655,299
placebo_seen_only,0.5,14,rf,2024,0.11705685618729098,0.0,0.879463985095733,299
placebo_seen_only,0.75,14,rf,2024,0.056856187290969896,0.0,0.919597764359947,299
placebo_seen_only,1.0,14,rf,2024,0.0,0.0,0.9832551457879734,299
placebo_seen_only,0.0,15,rf,2024,0.25418060200668896,0.0,0.7757850553298467,299
placebo_seen_only,0.25,15,rf,2024,0.15719063545150502,0.0,0.8259522794101143,299
placebo_seen_only,0.5,15,rf,2024,0.11371237458193979,0.0,0.8894974299117865,299
placebo_seen_only,0.75,15,rf,2024,0.033444816053511704,0.0,0.9363875109425153,299
placebo_seen_only,1.0,15,rf,2024,0.0,0.0,0.9865996273933245,299
placebo_seen_only,0.0,16,rf,2024,0.2408026755852843,0.0,0.8025409081726561,299
placebo_seen_only,0.25,16,rf,2024,0.20735785953177258,0.0,0.8259522794101143,299
placebo_seen_only,0.5,16,rf,2024,0.12040133779264214,0.0,0.8694305402796795,299
placebo_seen_only,0.75,16,rf,2024,0.056856187290969896,0.0,0.9229422459652982,299
placebo_seen_only,1.0,16,rf,2024,0.0,0.0,0.9798657718120806,299
placebo_seen_only,0.0,17,rf,2024,0.24749163879598662,0.0,0.7791295369351978,299
placebo_seen_only,0.25,17,rf,2024,0.17725752508361203,0.0,0.839330205831519,299
placebo_seen_only,0.5,17,rf,2024,0.10033444816053512,0.0,0.8894974299117865,299
placebo_seen_only,0.75,17,rf,2024,0.05016722408026756,0.0,0.9230095845211106,299
placebo_seen_only,1.0,17,rf,2024,0.0,0.0,0.9832551457879734,299
placebo_seen_only,0.0,18,rf,2024,0.2408026755852843,0.0,0.7891629817512513,299
placebo_seen_only,0.25,18,rf,2024,0.17725752508361203,0.0,0.8292967610154655,299
placebo_seen_only,0.5,18,rf,2024,0.10033444816053512,0.0,0.879463985095733,299
placebo_seen_only,0.75,18,rf,2024,0.05016722408026756,0.0,0.9262867275706493,299
placebo_seen_only,1.0,18,rf,2024,0.0,0.0,0.9899441089986757,299
placebo_seen_only,0.0,19,rf,2024,0.2508361204013378,0.0,0.782474018540549,299
placebo_seen_only,0.25,19,rf,2024,0.18729096989966554,0.0,0.8092298713833584,299
placebo_seen_only,0.5,19,rf,2024,0.13043478260869565,0.0,0.859397095463626,299
placebo_seen_only,0.75,19,rf,2024,0.05351170568561873,0.0,0.9163206213104083,299
placebo_seen_only,1.0,19,rf,2024,0.0,0.0,0.9832551457879734,299
placebo_seen_only,0.0,0,rf,3407,0.15719063545150502,0.0,0.8159412807793316,299
placebo_seen_only,0.25,0,rf,3407,0.15719063545150502,0.0,0.8192857623846828,299
placebo_seen_only,0.5,0,rf,3407,0.09364548494983277,0.0,0.8795088774662746,299
placebo_seen_only,0.75,0,rf,3407,0.046822742474916385,0.0,0.926331619941191,299
placebo_seen_only,1.0,0,rf,3407,0.0,0.0,0.9731543624161074,299
placebo_seen_only,0.0,1,rf,3407,0.19063545150501673,0.0,0.7925299095418734,299
placebo_seen_only,0.25,1,rf,3407,0.15384615384615385,0.0,0.8293192072007363,299
placebo_seen_only,0.5,1,rf,3407,0.08695652173913043,0.0,0.8861978406769769,299
placebo_seen_only,0.75,1,rf,3407,0.03678929765886288,0.0,0.9363650647572445,299
placebo_seen_only,1.0,1,rf,3407,0.0,0.0,0.9731768086013782,299
placebo_seen_only,0.0,2,rf,3407,0.20066889632107024,0.0,0.7724854660950371,299
placebo_seen_only,0.25,2,rf,3407,0.13377926421404682,0.0,0.8460416152274921,299
placebo_seen_only,0.5,2,rf,3407,0.0903010033444816,0.0,0.8828533590716258,299
placebo_seen_only,0.75,2,rf,3407,0.03678929765886288,0.0,0.9330205831518933,299
placebo_seen_only,1.0,2,rf,3407,0.0,0.0,0.9731543624161074,299
placebo_seen_only,0.0,3,rf,3407,0.19063545150501673,0.0,0.785840946331171,299
placebo_seen_only,0.25,3,rf,3407,0.13377926421404682,0.0,0.8393750982020606,299
placebo_seen_only,0.5,3,rf,3407,0.10033444816053512,0.0,0.8728199142555723,299
placebo_seen_only,0.75,3,rf,3407,0.05016722408026756,0.0,0.9229871383358398,299
placebo_seen_only,1.0,3,rf,3407,0.0,0.0,0.9731543624161074,299
placebo_seen_only,0.0,4,rf,3407,0.20066889632107024,0.0,0.7724854660950371,299
placebo_seen_only,0.25,4,rf,3407,0.13377926421404682,0.0,0.8426971336221409,299
placebo_seen_only,0.5,4,rf,3407,0.11036789297658862,0.0,0.8627864694395188,299
placebo_seen_only,0.75,4,rf,3407,0.03678929765886288,0.0,0.9363650647572445,299
placebo_seen_only,1.0,4,rf,3407,0.0,0.0,0.9731543624161074,299
placebo_seen_only,0.0,5,rf,3407,0.22408026755852842,0.0,0.765774056699064,299
placebo_seen_only,0.25,5,rf,3407,0.11705685618729098,0.0,0.8560975062288164,299
placebo_seen_only,0.5,5,rf,3407,0.09364548494983277,0.0,0.8795088774662746,299
placebo_seen_only,0.75,5,rf,3407,0.06688963210702341,0.0,0.9062647303090839,299
placebo_seen_only,1.0,5,rf,3407,0.0,0.0,0.9731768086013782,299
placebo_seen_only,0.0,6,rf,3407,0.20066889632107024,0.0,0.7724854660950371,299
placebo_seen_only,0.25,6,rf,3407,0.13377926421404682,0.0,0.8393750982020606,299
placebo_seen_only,0.5,6,rf,3407,0.09698996655518395,0.0,0.8761643958609234,299
placebo_seen_only,0.75,6,rf,3407,0.05016722408026756,0.0,0.9229871383358398,299
placebo_seen_only,1.0,6,rf,3407,0.0,0.0,0.9731543624161074,299
placebo_seen_only,0.0,7,rf,3407,0.17725752508361203,0.0,0.7992188727525757,299
placebo_seen_only,0.25,7,rf,3407,0.14715719063545152,0.0,0.8226526901753047,299
placebo_seen_only,0.5,7,rf,3407,0.08695652173913043,0.0,0.8895198760970573,299
placebo_seen_only,0.75,7,rf,3407,0.043478260869565216,0.0,0.9296761015465421,299
placebo_seen_only,1.0,7,rf,3407,0.0,0.0,0.9731543624161074,299
placebo_seen_only,0.0,8,rf,3407,0.19063545150501673,0.0,0.7925299095418734,299
placebo_seen_only,0.25,8,rf,3407,0.1705685618729097,0.0,0.8126192453592512,299
placebo_seen_only,0.5,8,rf,3407,0.12374581939799331,0.0,0.8527305784381944,299
placebo_seen_only,0.75,8,rf,3407,0.05016722408026756,0.0,0.9229871383358398,299
placebo_seen_only,1.0,8,rf,3407,0.0,0.0,0.9731543624161074,299
placebo_seen_only,0.0,9,rf,3407,0.20735785953177258,0.0,0.7657965028843348,299
placebo_seen_only,0.25,9,rf,3407,0.16387959866220736,0.0,0.8092747637539001,299
placebo_seen_only,0.5,9,rf,3407,0.10367892976588629,0.0,0.8694529864649503,299
placebo_seen_only,0.75,9,rf,3407,0.043478260869565216,0.0,0.9296761015465421,299
placebo_seen_only,1.0,9,rf,3407,0.0,0.0,0.9731543624161074,299
placebo_seen_only,0.0,10,rf,3407,0.20735785953177258,0.0,0.7657965028843348,299
placebo_seen_only,0.25,10,rf,3407,0.14381270903010032,0.0,0.8360081704114386,299
placebo_seen_only,0.5,10,rf,3407,0.09364548494983277,0.0,0.8795088774662746,299
placebo_seen_only,0.75,10,rf,3407,0.05351170568561873,0.0,0.9196426567304886,299
placebo_seen_only,1.0,10,rf,3407,0.0,0.0,0.9731768086013782,299
placebo_seen_only,0.0,11,rf,3407,0.21070234113712374,0.0,0.7624295750937128,299
placebo_seen_only,0.25,11,rf,3407,0.12709030100334448,0.0,0.8527305784381944,299
placebo_seen_only,0.5,11,rf,3407,0.11036789297658862,0.0,0.8627864694395188,299
placebo_seen_only,0.75,11,rf,3407,0.046822742474916385,0.0,0.926331619941191,299
placebo_seen_only,1.0,11,rf,3407,0.0,0.0,0.9731543624161074,299
placebo_seen_only,0.0,12,rf,3407,0.20735785953177258,0.0,0.7624520212789836,299
placebo_seen_only,0.25,12,rf,3407,0.13377926421404682,0.0,0.8460416152274921,299
placebo_seen_only,0.5,12,rf,3407,0.09698996655518395,0.0,0.882830912886355,299
placebo_seen_only,0.75,12,rf,3407,0.056856187290969896,0.0,0.9162981751251374,299
placebo_seen_only,1.0,12,rf,3407,0.0,0.0,0.9731543624161074,299
placebo_seen_only,0.0,13,rf,3407,0.1939799331103679,0.0,0.7791744293057394,299
placebo_seen_only,0.25,13,rf,3407,0.14381270903010032,0.0,0.8293192072007363,299
placebo_seen_only,0.5,13,rf,3407,0.06020066889632107,0.0,0.9096092119144351,299
placebo_seen_only,0.75,13,rf,3407,0.04013377926421405,0.0,0.9330205831518933,299
placebo_seen_only,1.0,13,rf,3407,0.0,0.0,0.9731543624161074,299
placebo_seen_only,0.0,14,rf,3407,0.1605351170568562,0.0,0.8126192453592512,299
placebo_seen_only,0.25,14,rf,3407,0.16387959866220736,0.0,0.8092747637539001,299
placebo_seen_only,0.5,14,rf,3407,0.0903010033444816,0.0,0.8828533590716258,299
placebo_seen_only,0.75,14,rf,3407,0.043478260869565216,0.0,0.9296761015465421,299
placebo_seen_only,1.0,14,rf,3407,0.0,0.0,0.9731768086013782,299
placebo_seen_only,0.0,15,rf,3407,0.22073578595317725,0.0,0.7557406118830104,299
placebo_seen_only,0.25,15,rf,3407,0.14715719063545152,0.0,0.8259971717806559,299
placebo_seen_only,0.5,15,rf,3407,0.08695652173913043,0.0,0.8861978406769769,299
placebo_seen_only,0.75,15,rf,3407,0.026755852842809364,0.0,0.946398509573298,299
placebo_seen_only,1.0,15,rf,3407,0.0,0.0,0.9731543624161074,299
placebo_seen_only,0.0,16,rf,3407,0.19732441471571907,0.0,0.785840946331171,299
placebo_seen_only,0.25,16,rf,3407,0.17725752508361203,0.0,0.8059078359632781,299
placebo_seen_only,0.5,16,rf,3407,0.11371237458193979,0.0,0.8661085048595991,299
placebo_seen_only,0.75,16,rf,3407,0.04013377926421405,0.0,0.9296761015465421,299
placebo_seen_only,1.0,16,rf,3407,0.0,0.0,0.9731543624161074,299
placebo_seen_only,0.0,17,rf,3407,0.2140468227424749,0.0,0.765774056699064,299
placebo_seen_only,0.25,17,rf,3407,0.14381270903010032,0.0,0.8293416533860071,299
placebo_seen_only,0.5,17,rf,3407,0.08361204013377926,0.0,0.8928643577024085,299
placebo_seen_only,0.75,17,rf,3407,0.043478260869565216,0.0,0.9296761015465421,299
placebo_seen_only,1.0,17,rf,3407,0.0,0.0,0.9731768086013782,299
placebo_seen_only,0.0,18,rf,3407,0.20735785953177258,0.0,0.7724630199097663,299
placebo_seen_only,0.25,18,rf,3407,0.1505016722408027,0.0,0.8259747255953851,299
placebo_seen_only,0.5,18,rf,3407,0.09364548494983277,0.0,0.8761643958609234,299
placebo_seen_only,0.75,18,rf,3407,0.046822742474916385,0.0,0.926331619941191,299
placebo_seen_only,1.0,18,rf,3407,0.0,0.0,0.9731768086013782,299
placebo_seen_only,0.0,19,rf,3407,0.21070234113712374,0.0,0.7724630199097663,299
placebo_seen_only,0.25,19,rf,3407,0.16722408026755853,0.0,0.8059302821485489,299
placebo_seen_only,0.5,19,rf,3407,0.11371237458193979,0.0,0.8594419878341676,299
placebo_seen_only,0.75,19,rf,3407,0.05016722408026756,0.0,0.9229871383358398,299
placebo_seen_only,1.0,19,rf,3407,0.0,0.0,0.9731543624161074,299
placebo_seen_only,0.0,0,rf,42,0.16722408026755853,0.0,0.819263316199412,299
placebo_seen_only,0.25,0,rf,42,0.1605351170568562,0.0,0.8292967610154655,299
placebo_seen_only,0.5,0,rf,42,0.0903010033444816,0.0,0.8861529483064353,299
placebo_seen_only,0.75,0,rf,42,0.043478260869565216,0.0,0.9262867275706493,299
placebo_seen_only,1.0,0,rf,42,0.0,0.0,0.9798882179973514,299
placebo_seen_only,0.0,1,rf,42,0.19732441471571907,0.0,0.8159188345940608,299
placebo_seen_only,0.25,1,rf,42,0.1939799331103679,0.0,0.8292967610154655,299
placebo_seen_only,0.5,1,rf,42,0.09698996655518395,0.0,0.8861529483064353,299
placebo_seen_only,0.75,1,rf,42,0.04013377926421405,0.0,0.9263091737559201,299
placebo_seen_only,1.0,1,rf,42,0.0,0.0,0.9865771812080537,299
placebo_seen_only,0.0,2,rf,42,0.23076923076923078,0.0,0.8025409081726561,299
placebo_seen_only,0.25,2,rf,42,0.14046822742474915,0.0,0.8460191690422213,299
placebo_seen_only,0.5,2,rf,42,0.09698996655518395,0.0,0.8894974299117865,299
placebo_seen_only,0.75,2,rf,42,0.04013377926421405,0.0,0.9296761015465421,299
placebo_seen_only,1.0,2,rf,42,0.0,0.0,0.9765437363920002,299
placebo_seen_only,0.0,3,rf,42,0.19063545150501673,0.0,0.7958519449619537,299
placebo_seen_only,0.25,3,rf,42,0.14046822742474915,0.0,0.8426746874368701,299
placebo_seen_only,0.5,3,rf,42,0.11371237458193979,0.0,0.8727750218850306,299
placebo_seen_only,0.75,3,rf,42,0.05016722408026756,0.0,0.919597764359947,299
placebo_seen_only,1.0,3,rf,42,0.0,0.0,0.9765437363920002,299
placebo_seen_only,0.0,4,rf,42,0.1939799331103679,0.0,0.7925074633566025,299
placebo_seen_only,0.25,4,rf,42,0.13377926421404682,0.0,0.8460191690422213,299
placebo_seen_only,0.5,4,rf,42,0.11036789297658862,0.0,0.8627415770689771,299
placebo_seen_only,0.75,4,rf,42,0.03678929765886288,0.0,0.9296536553612713,299
placebo_seen_only,1.0,4,rf,42,0.0,0.0,0.9698547731812979,299
placebo_seen_only,0.0,5,rf,42,0.23076923076923078,0.0,0.782474018540549,299
placebo_seen_only,0.25,5,rf,42,0.12040133779264214,0.0,0.859397095463626,299
placebo_seen_only,0.5,5,rf,42,0.09364548494983277,0.0,0.879463985095733,299
placebo_seen_only,0.75,5,rf,42,0.06354515050167224,0.0,0.9029202487037328,299
placebo_seen_only,1.0,5,rf,42,0.0,0.0,0.9865771812080537,299
placebo_seen_only,0.0,6,rf,42,0.20066889632107024,0.0,0.7958519449619537,299
placebo_seen_only,0.25,6,rf,42,0.13377926421404682,0.0,0.8460191690422213,299
placebo_seen_only,0.5,6,rf,42,0.11371237458193979,0.0,0.8828084667010841,299
placebo_seen_only,0.75,6,rf,42,0.05016722408026756,0.0,0.919597764359947,299
placebo_seen_only,1.0,6,rf,42,0.0,0.0,0.9731543624161074,299
placebo_seen_only,0.0,7,rf,42,0.17725752508361203,0.0,0.8292967610154655,299
placebo_seen_only,0.25,7,rf,42,0.14381270903010032,0.0,0.8259522794101143,299
placebo_seen_only,0.5,7,rf,42,0.4214046822742475,0.0,0.8961863931224888,299
placebo_seen_only,0.75,7,rf,42,0.04013377926421405,0.0,0.9263091737559201,299
placebo_seen_only,1.0,7,rf,42,0.0,0.0,0.9832326996027025,299
placebo_seen_only,0.0,8,rf,42,0.1939799331103679,0.0,0.8092298713833584,299
placebo_seen_only,0.25,8,rf,42,0.16387959866220736,0.0,0.8226077978047631,299
placebo_seen_only,0.5,8,rf,42,0.14046822742474915,0.0,0.8560526138582748,299
placebo_seen_only,0.75,8,rf,42,0.05351170568561873,0.0,0.9129312473345155,299
placebo_seen_only,1.0,8,rf,42,0.0,0.0,0.9798882179973514,299
placebo_seen_only,0.0,9,rf,42,0.20735785953177258,0.0,0.7858185001459002,299
placebo_seen_only,0.25,9,rf,42,0.16387959866220736,0.0,0.8226077978047631,299
placebo_seen_only,0.5,9,rf,42,0.11371237458193979,0.0,0.8627415770689771,299
placebo_seen_only,0.75,9,rf,42,0.06020066889632107,0.0,0.9229422459652982,299
placebo_seen_only,1.0,9,rf,42,0.0,0.0,0.9698547731812979,299
placebo_seen_only,0.0,10,rf,42,0.21739130434782608,0.0,0.7858185001459002,299
placebo_seen_only,0.25,10,rf,42,0.1605351170568562,0.0,0.8493636506475725,299
placebo_seen_only,0.5,10,rf,42,0.09698996655518395,0.0,0.879463985095733,299
placebo_seen_only,0.75,10,rf,42,0.06354515050167224,0.0,0.9095867657291643,299
placebo_seen_only,1.0,10,rf,42,0.0,0.0,0.9832326996027025,299
placebo_seen_only,0.0,11,rf,42,0.22742474916387959,0.0,0.7858185001459002,299
placebo_seen_only,0.25,11,rf,42,0.12374581939799331,0.0,0.8493636506475725,299
placebo_seen_only,0.5,11,rf,42,0.11705685618729098,0.0,0.8627415770689771,299
placebo_seen_only,0.75,11,rf,42,0.046822742474916385,0.0,0.9229422459652982,299
placebo_seen_only,1.0,11,rf,42,0.0,0.0,0.9765437363920002,299
placebo_seen_only,0.0,12,rf,42,0.20735785953177258,0.0,0.7858185001459002,299
placebo_seen_only,0.25,12,rf,42,0.13043478260869565,0.0,0.8560526138582748,299
placebo_seen_only,0.5,12,rf,42,0.09698996655518395,0.0,0.879463985095733,299
placebo_seen_only,0.75,12,rf,42,0.05351170568561873,0.0,0.9162532827545958,299
placebo_seen_only,1.0,12,rf,42,0.0,0.0,0.9832326996027025,299
placebo_seen_only,0.0,13,rf,42,0.19732441471571907,0.0,0.7991964265673049,299
placebo_seen_only,0.25,13,rf,42,0.14715719063545152,0.0,0.839330205831519,299
placebo_seen_only,0.5,13,rf,42,0.06354515050167224,0.0,0.902897802518462,299
placebo_seen_only,0.75,13,rf,42,0.03678929765886288,0.0,0.9263091737559201,299
placebo_seen_only,1.0,13,rf,42,0.0,0.0,0.9832326996027025,299
placebo_seen_only,0.0,14,rf,42,0.16722408026755853,0.0,0.8159188345940608,299
placebo_seen_only,0.25,14,rf,42,0.15719063545150502,0.0,0.8426746874368701,299
placebo_seen_only,0.5,14,rf,42,0.10702341137123746,0.0,0.8828084667010841,299
placebo_seen_only,0.75,14,rf,42,0.046822742474916385,0.0,0.9229422459652982,299
placebo_seen_only,1.0,14,rf,42,0.21070234113712374,0.0,0.9832326996027025,299
placebo_seen_only,0.0,15,rf,42,0.22408026755852842,0.0,0.7757850553298467,299
placebo_seen_only,0.25,15,rf,42,0.14381270903010032,0.0,0.8226077978047631,299
placebo_seen_only,0.5,15,rf,42,0.0903010033444816,0.0,0.8928419115171377,299
placebo_seen_only,0.75,15,rf,42,0.026755852842809364,0.0,0.939664653992054,299
placebo_seen_only,1.0,15,rf,42,0.0,0.0,0.9798882179973514,299
placebo_seen_only,0.0,16,rf,42,0.3076923076923077,0.0,0.8058853897780073,299
placebo_seen_only,0.25,16,rf,42,0.16722408026755853,0.0,0.8292967610154655,299
placebo_seen_only,0.5,16,rf,42,0.10702341137123746,0.0,0.8761195034903818,299
placebo_seen_only,0.75,16,rf,42,0.046822742474916385,0.0,0.9262867275706493,299
placebo_seen_only,1.0,16,rf,42,0.0,0.0,0.9765437363920002,299
placebo_seen_only,0.0,17,rf,42,0.21070234113712374,0.0,0.7791295369351978,299
placebo_seen_only,0.25,17,rf,42,0.14715719063545152,0.0,0.839330205831519,299
placebo_seen_only,0.5,17,rf,42,0.08695652173913043,0.0,0.8894974299117865,299
placebo_seen_only,0.75,17,rf,42,0.046822742474916385,0.0,0.919597764359947,299
placebo_seen_only,1.0,17,rf,42,0.013377926421404682,0.0,0.9832326996027025,299
placebo_seen_only,0.0,18,rf,42,0.21739130434782608,0.0,0.7958519449619537,299
placebo_seen_only,0.25,18,rf,42,0.15384615384615385,0.0,0.839330205831519,299
placebo_seen_only,0.5,18,rf,42,0.0903010033444816,0.0,0.879463985095733,299
placebo_seen_only,0.75,18,rf,42,0.046822742474916385,0.0,0.9229422459652982,299
placebo_seen_only,1.0,18,rf,42,0.0,0.0,0.9832326996027025,299
placebo_seen_only,0.0,19,rf,42,0.2140468227424749,0.0,0.7925074633566025,299
placebo_seen_only,0.25,19,rf,42,0.1705685618729097,0.0,0.819263316199412,299
placebo_seen_only,0.5,19,rf,42,0.11705685618729098,0.0,0.859397095463626,299
placebo_seen_only,0.75,19,rf,42,0.05016722408026756,0.0,0.919597764359947,299
placebo_seen_only,1.0,19,rf,42,0.07357859531772576,0.0,0.9798882179973514,299
placebo_seen_only,0.0,0,rf,512,0.1705685618729097,0.0,0.819263316199412,299
placebo_seen_only,0.25,0,rf,512,0.17725752508361203,0.0,0.8292967610154655,299
placebo_seen_only,0.5,0,rf,512,0.10702341137123746,0.0,0.8861529483064353,299
placebo_seen_only,0.75,0,rf,512,0.046822742474916385,0.0,0.9262867275706493,299
placebo_seen_only,1.0,0,rf,512,0.0,0.0,0.9731768086013782,299
placebo_seen_only,0.0,1,rf,512,0.21739130434782608,0.0,0.8259522794101143,299
placebo_seen_only,0.25,1,rf,512,0.16387959866220736,0.0,0.839330205831519,299
placebo_seen_only,0.5,1,rf,512,0.12709030100334448,0.0,0.8894974299117865,299
placebo_seen_only,0.75,1,rf,512,0.03678929765886288,0.0,0.9329756907813517,299
placebo_seen_only,1.0,1,rf,512,0.0,0.0,0.9765212902067294,299
placebo_seen_only,0.0,2,rf,512,0.23411371237458195,0.0,0.8125743529887096,299
placebo_seen_only,0.25,2,rf,512,0.14381270903010032,0.0,0.8527081322529236,299
placebo_seen_only,0.5,2,rf,512,0.09364548494983277,0.0,0.8928419115171377,299
placebo_seen_only,0.75,2,rf,512,0.04013377926421405,0.0,0.9296312091760005,299
placebo_seen_only,1.0,2,rf,512,0.0,0.0,0.9731768086013782,299
placebo_seen_only,0.0,3,rf,512,0.2040133779264214,0.0,0.7991964265673049,299
placebo_seen_only,0.25,3,rf,512,0.17391304347826086,0.0,0.8359857242261678,299
placebo_seen_only,0.5,3,rf,512,0.10702341137123746,0.0,0.8660860586743283,299
placebo_seen_only,0.75,3,rf,512,0.06020066889632107,0.0,0.919597764359947,299
placebo_seen_only,1.0,3,rf,512,0.0,0.0,0.9765212902067294,299
placebo_seen_only,0.0,4,rf,512,0.21739130434782608,0.0,0.8025409081726561,299
placebo_seen_only,0.25,4,rf,512,0.14715719063545152,0.0,0.8426746874368701,299
placebo_seen_only,0.5,4,rf,512,0.14381270903010032,0.0,0.8627415770689771,299
placebo_seen_only,0.75,4,rf,512,0.043478260869565216,0.0,0.919597764359947,299
placebo_seen_only,1.0,4,rf,512,0.0,0.0,0.9765212902067294,299
placebo_seen_only,0.0,5,rf,512,0.35451505016722407,0.0,0.7891629817512513,299
placebo_seen_only,0.25,5,rf,512,0.14381270903010032,0.0,0.8660860586743283,299
placebo_seen_only,0.5,5,rf,512,0.10702341137123746,0.0,0.8727750218850306,299
placebo_seen_only,0.75,5,rf,512,0.10702341137123746,0.0,0.9028753563331912,299
placebo_seen_only,1.0,5,rf,512,0.0,0.0,0.9798657718120806,299
placebo_seen_only,0.0,6,rf,512,0.2709030100334448,0.0,0.7991964265673049,299
placebo_seen_only,0.25,6,rf,512,0.13377926421404682,0.0,0.8493636506475725,299
placebo_seen_only,0.5,6,rf,512,0.10033444816053512,0.0,0.8828084667010841,299
placebo_seen_only,0.75,6,rf,512,0.06020066889632107,0.0,0.919597764359947,299
placebo_seen_only,1.0,6,rf,512,0.0,0.0,0.9765212902067294,299
placebo_seen_only,0.0,7,rf,512,0.19063545150501673,0.0,0.819263316199412,299
placebo_seen_only,0.25,7,rf,512,0.17725752508361203,0.0,0.8259522794101143,299
placebo_seen_only,0.5,7,rf,512,0.12709030100334448,0.0,0.89953087472784,299
placebo_seen_only,0.75,7,rf,512,0.043478260869565216,0.0,0.9296312091760005,299
placebo_seen_only,1.0,7,rf,512,0.0,0.0,0.9731768086013782,299
placebo_seen_only,0.0,8,rf,512,0.23076923076923078,0.0,0.8092298713833584,299
placebo_seen_only,0.25,8,rf,512,0.1705685618729097,0.0,0.8259522794101143,299
placebo_seen_only,0.5,8,rf,512,0.13043478260869565,0.0,0.859397095463626,299
placebo_seen_only,0.75,8,rf,512,0.056856187290969896,0.0,0.9095643195438935,299
placebo_seen_only,1.0,8,rf,512,0.0,0.0,0.9765212902067294,299
placebo_seen_only,0.0,9,rf,512,0.23076923076923078,0.0,0.7891629817512513,299
placebo_seen_only,0.25,9,rf,512,0.17391304347826086,0.0,0.8359857242261678,299
placebo_seen_only,0.5,9,rf,512,0.11371237458193979,0.0,0.859397095463626,299
placebo_seen_only,0.75,9,rf,512,0.07692307692307693,0.0,0.9229422459652982,299
placebo_seen_only,1.0,9,rf,512,0.0,0.0,0.9731768086013782,299
placebo_seen_only,0.0,10,rf,512,0.22073578595317725,0.0,0.7858185001459002,299
placebo_seen_only,0.25,10,rf,512,0.15719063545150502,0.0,0.8460191690422213,299
placebo_seen_only,0.5,10,rf,512,0.13712374581939799,0.0,0.8828084667010841,299
placebo_seen_only,0.75,10,rf,512,0.06020066889632107,0.0,0.9062198379385423,299
placebo_seen_only,1.0,10,rf,512,0.0,0.0,0.9798657718120806,299
placebo_seen_only,0.0,11,rf,512,0.2408026755852843,0.0,0.7925074633566025,299
placebo_seen_only,0.25,11,rf,512,0.14381270903010032,0.0,0.8627415770689771,299
placebo_seen_only,0.5,11,rf,512,0.11036789297658862,0.0,0.8694305402796795,299
placebo_seen_only,0.75,11,rf,512,0.06020066889632107,0.0,0.9229422459652982,299
placebo_seen_only,1.0,11,rf,512,0.0,0.0,0.9798657718120806,299
placebo_seen_only,0.0,12,rf,512,0.22408026755852842,0.0,0.7958519449619537,299
placebo_seen_only,0.25,12,rf,512,0.28762541806020064,0.0,0.8560526138582748,299
placebo_seen_only,0.5,12,rf,512,0.10033444816053512,0.0,0.879463985095733,299
placebo_seen_only,0.75,12,rf,512,0.06688963210702341,0.0,0.919597764359947,299
placebo_seen_only,1.0,12,rf,512,0.0,0.0,0.9798657718120806,299
placebo_seen_only,0.0,13,rf,512,0.23076923076923078,0.0,0.8159188345940608,299
placebo_seen_only,0.25,13,rf,512,0.17725752508361203,0.0,0.8359857242261678,299
placebo_seen_only,0.5,13,rf,512,0.07023411371237458,0.0,0.9028753563331912,299
placebo_seen_only,0.75,13,rf,512,0.11036789297658862,0.0,0.9296312091760005,299
placebo_seen_only,1.0,13,rf,512,0.10702341137123746,0.0,0.9765212902067294,299
placebo_seen_only,0.0,14,rf,512,0.19063545150501673,0.0,0.8125743529887096,299
placebo_seen_only,0.25,14,rf,512,0.17725752508361203,0.0,0.839330205831519,299
placebo_seen_only,0.5,14,rf,512,0.10033444816053512,0.0,0.8894974299117865,299
placebo_seen_only,0.75,14,rf,512,0.06688963210702341,0.0,0.9229422459652982,299
placebo_seen_only,1.0,14,rf,512,0.0,0.0,0.9765212902067294,299
placebo_seen_only,0.0,15,rf,512,0.25418060200668896,0.0,0.7891629817512513,299
placebo_seen_only,0.25,15,rf,512,0.15719063545150502,0.0,0.8292967610154655,299
placebo_seen_only,0.5,15,rf,512,0.09364548494983277,0.0,0.8894974299117865,299
placebo_seen_only,0.75,15,rf,512,0.026755852842809364,0.0,0.939664653992054,299
placebo_seen_only,1.0,15,rf,512,0.0,0.0,0.9731768086013782,299
placebo_seen_only,0.0,16,rf,512,0.22073578595317725,0.0,0.8092298713833584,299
placebo_seen_only,0.25,16,rf,512,0.2140468227424749,0.0,0.8292967610154655,299
placebo_seen_only,0.5,16,rf,512,0.1505016722408027,0.0,0.8694305402796795,299
placebo_seen_only,0.75,16,rf,512,0.046822742474916385,0.0,0.9329756907813517,299
placebo_seen_only,1.0,16,rf,512,0.0,0.0,0.9798657718120806,299
placebo_seen_only,0.0,17,rf,512,0.2140468227424749,0.0,0.7925074633566025,299
placebo_seen_only,0.25,17,rf,512,0.1705685618729097,0.0,0.839330205831519,299
placebo_seen_only,0.5,17,rf,512,0.0903010033444816,0.0,0.8928419115171377,299
placebo_seen_only,0.75,17,rf,512,0.05016722408026756,0.0,0.9129088011492447,299
placebo_seen_only,1.0,17,rf,512,0.0,0.0,0.9765212902067294,299
placebo_seen_only,0.0,18,rf,512,0.21070234113712374,0.0,0.8025409081726561,299
placebo_seen_only,0.25,18,rf,512,0.16387959866220736,0.0,0.839330205831519,299
placebo_seen_only,0.5,18,rf,512,0.09698996655518395,0.0,0.879463985095733,299
placebo_seen_only,0.75,18,rf,512,0.05351170568561873,0.0,0.9296312091760005,299
placebo_seen_only,1.0,18,rf,512,0.0,0.0,0.9765212902067294,299
placebo_seen_only,0.0,19,rf,512,0.23411371237458195,0.0,0.7991964265673049,299
placebo_seen_only,0.25,19,rf,512,0.20735785953177258,0.0,0.8125743529887096,299
placebo_seen_only,0.5,19,rf,512,0.12374581939799331,0.0,0.859397095463626,299
placebo_seen_only,0.75,19,rf,512,0.06020066889632107,0.0,0.9095643195438935,299
placebo_seen_only,1.0,19,rf,512,0.0,0.0,0.9731768086013782,299
placebo_seen_only,0.0,0,rf,6021,0.27759197324414714,0.0,0.7858185001459002,299
placebo_seen_only,0.25,0,rf,6021,0.24414715719063546,0.0,0.782474018540549,299
placebo_seen_only,0.5,0,rf,6021,0.14046822742474915,0.0,0.8560526138582748,299
placebo_seen_only,0.75,0,rf,6021,0.07692307692307693,0.0,0.9095643195438935,299
placebo_seen_only,1.0,0,rf,6021,0.0,0.0,0.9698098808107563,299
placebo_seen_only,0.0,1,rf,6021,0.3010033444816054,0.0,0.7557181656977396,299
placebo_seen_only,0.25,1,rf,6021,0.21070234113712374,0.0,0.7958519449619537,299
placebo_seen_only,0.5,1,rf,6021,0.13377926421404682,0.0,0.859397095463626,299
placebo_seen_only,0.75,1,rf,6021,0.06688963210702341,0.0,0.9162532827545958,299
placebo_seen_only,1.0,1,rf,6021,0.0,0.0,0.9731543624161074,299
placebo_seen_only,0.0,2,rf,6021,0.31438127090301005,0.0,0.742340239276335,299
placebo_seen_only,0.25,2,rf,6021,0.23745819397993312,0.0,0.8125743529887096,299
placebo_seen_only,0.5,2,rf,6021,0.14715719063545152,0.0,0.8660860586743283,299
placebo_seen_only,0.75,2,rf,6021,0.06354515050167224,0.0,0.9229422459652982,299
placebo_seen_only,1.0,2,rf,6021,0.0,0.0,0.9664653992054051,299
placebo_seen_only,0.0,3,rf,6021,0.3110367892976589,0.0,0.7490292024870373,299
placebo_seen_only,0.25,3,rf,6021,0.2408026755852843,0.0,0.8125743529887096,299
placebo_seen_only,0.5,3,rf,6021,0.15719063545150502,0.0,0.8460191690422213,299
placebo_seen_only,0.75,3,rf,6021,0.08695652173913043,0.0,0.9062198379385423,299
placebo_seen_only,1.0,3,rf,6021,0.0,0.0,0.9731543624161074,299
placebo_seen_only,0.0,4,rf,6021,0.2976588628762542,0.0,0.7456847208816861,299
placebo_seen_only,0.25,4,rf,6021,0.2140468227424749,0.0,0.8159188345940608,299
placebo_seen_only,0.5,4,rf,6021,0.14715719063545152,0.0,0.8460191690422213,299
placebo_seen_only,0.75,4,rf,6021,0.07023411371237458,0.0,0.919597764359947,299
placebo_seen_only,1.0,4,rf,6021,0.0,0.0,0.9664653992054051,299
placebo_seen_only,0.0,5,rf,6021,0.3377926421404682,0.0,0.7189288680388768,299
placebo_seen_only,0.25,5,rf,6021,0.21070234113712374,0.0,0.8125743529887096,299
placebo_seen_only,0.5,5,rf,6021,0.14715719063545152,0.0,0.8560526138582748,299
placebo_seen_only,0.75,5,rf,6021,0.0802675585284281,0.0,0.8894974299117865,299
placebo_seen_only,1.0,5,rf,6021,0.0,0.0,0.9731543624161074,299
placebo_seen_only,0.0,6,rf,6021,0.2809364548494983,0.0,0.7523736840923885,299
placebo_seen_only,0.25,6,rf,6021,0.21070234113712374,0.0,0.8259522794101143,299
placebo_seen_only,0.5,6,rf,6021,0.17391304347826086,0.0,0.8627415770689771,299
placebo_seen_only,0.75,6,rf,6021,0.07692307692307693,0.0,0.9129088011492447,299
placebo_seen_only,1.0,6,rf,6021,0.0,0.0,0.9698098808107563,299
placebo_seen_only,0.0,7,rf,6021,0.28762541806020064,0.0,0.7724405737244955,299
placebo_seen_only,0.25,7,rf,6021,0.26421404682274247,0.0,0.7958519449619537,299
placebo_seen_only,0.5,7,rf,6021,0.1505016722408027,0.0,0.8727750218850306,299
placebo_seen_only,0.75,7,rf,6021,0.07023411371237458,0.0,0.9129088011492447,299
placebo_seen_only,1.0,7,rf,6021,0.0,0.0,0.9731543624161074,299
placebo_seen_only,0.0,8,rf,6021,0.28762541806020064,0.0,0.7590626473030908,299
placebo_seen_only,0.25,8,rf,6021,0.2842809364548495,0.0,0.7958519449619537,299
placebo_seen_only,0.5,8,rf,6021,0.19063545150501673,0.0,0.8292967610154655,299
placebo_seen_only,0.75,8,rf,6021,0.07357859531772576,0.0,0.9028753563331912,299
placebo_seen_only,1.0,8,rf,6021,0.0,0.0,0.9698098808107563,299
placebo_seen_only,0.0,9,rf,6021,0.3210702341137124,0.0,0.7389957576709838,299
placebo_seen_only,0.25,9,rf,6021,0.24749163879598662,0.0,0.7891629817512513,299
placebo_seen_only,0.5,9,rf,6021,0.1806020066889632,0.0,0.8426746874368701,299
placebo_seen_only,0.75,9,rf,6021,0.08361204013377926,0.0,0.9028753563331912,299
placebo_seen_only,1.0,9,rf,6021,0.0,0.0,0.9698098808107563,299
placebo_seen_only,0.0,10,rf,6021,0.30434782608695654,0.0,0.7389957576709838,299
placebo_seen_only,0.25,10,rf,6021,0.23076923076923078,0.0,0.8125743529887096,299
placebo_seen_only,0.5,10,rf,6021,0.2976588628762542,0.0,0.8627415770689771,299
placebo_seen_only,0.75,10,rf,6021,0.0903010033444816,0.0,0.89953087472784,299
placebo_seen_only,1.0,10,rf,6021,0.0,0.0,0.9731543624161074,299
placebo_seen_only,0.0,11,rf,6021,0.3177257525083612,0.0,0.7289623128549303,299
placebo_seen_only,0.25,11,rf,6021,0.21070234113712374,0.0,0.8259522794101143,299
placebo_seen_only,0.5,11,rf,6021,0.33444816053511706,0.0,0.8460191690422213,299
placebo_seen_only,0.75,11,rf,6021,0.07023411371237458,0.0,0.9129088011492447,299
placebo_seen_only,1.0,11,rf,6021,0.0,0.0,0.9698098808107563,299
placebo_seen_only,0.0,12,rf,6021,0.3010033444816054,0.0,0.7356512760656326,299
placebo_seen_only,0.25,12,rf,6021,0.1939799331103679,0.0,0.8125743529887096,299
placebo_seen_only,0.5,12,rf,6021,0.14381270903010032,0.0,0.8527081322529236,299
placebo_seen_only,0.75,12,rf,6021,0.07357859531772576,0.0,0.9028753563331912,299
placebo_seen_only,1.0,12,rf,6021,0.0,0.0,0.9731543624161074,299
placebo_seen_only,0.0,13,rf,6021,0.3010033444816054,0.0,0.7523736840923885,299
placebo_seen_only,0.25,13,rf,6021,0.2408026755852843,0.0,0.7925074633566025,299
placebo_seen_only,0.5,13,rf,6021,0.11371237458193979,0.0,0.8894974299117865,299
placebo_seen_only,0.75,13,rf,6021,0.05351170568561873,0.0,0.919597764359947,299
placebo_seen_only,1.0,13,rf,6021,0.0,0.0,0.9731543624161074,299
placebo_seen_only,0.0,14,rf,6021,0.2909698996655518,0.0,0.782474018540549,299
placebo_seen_only,0.25,14,rf,6021,0.2608695652173913,0.0,0.7791295369351978,299
placebo_seen_only,0.5,14,rf,6021,0.13712374581939799,0.0,0.8627415770689771,299
placebo_seen_only,0.75,14,rf,6021,0.07023411371237458,0.0,0.919597764359947,299
placebo_seen_only,1.0,14,rf,6021,0.0,0.0,0.9698098808107563,299
placebo_seen_only,0.0,15,rf,6021,0.34782608695652173,0.0,0.7122399048281745,299
placebo_seen_only,0.25,15,rf,6021,0.21739130434782608,0.0,0.7991964265673049,299
placebo_seen_only,0.5,15,rf,6021,0.19063545150501673,0.0,0.8660860586743283,299
placebo_seen_only,0.75,15,rf,6021,0.05351170568561873,0.0,0.9329756907813517,299
placebo_seen_only,1.0,15,rf,6021,0.0,0.0,0.9664653992054051,299
placebo_seen_only,0.0,16,rf,6021,0.3076923076923077,0.0,0.742340239276335,299
placebo_seen_only,0.25,16,rf,6021,0.2709030100334448,0.0,0.7791295369351978,299
placebo_seen_only,0.5,16,rf,6021,0.15719063545150502,0.0,0.8426746874368701,299
placebo_seen_only,0.75,16,rf,6021,0.06688963210702341,0.0,0.9162532827545958,299
placebo_seen_only,1.0,16,rf,6021,0.0,0.0,0.9731543624161074,299
placebo_seen_only,0.0,17,rf,6021,0.31438127090301005,0.0,0.7389957576709838,299
placebo_seen_only,0.25,17,rf,6021,0.23745819397993312,0.0,0.8025409081726561,299
placebo_seen_only,0.5,17,rf,6021,0.11036789297658862,0.0,0.8761195034903818,299
placebo_seen_only,0.75,17,rf,6021,0.06688963210702341,0.0,0.9095643195438935,299
placebo_seen_only,1.0,17,rf,6021,0.0,0.0,0.9698098808107563,299
placebo_seen_only,0.0,18,rf,6021,0.3277591973244147,0.0,0.7323067944602815,299
placebo_seen_only,0.25,18,rf,6021,0.2842809364548495,0.0,0.7891629817512513,299
placebo_seen_only,0.5,18,rf,6021,0.1605351170568562,0.0,0.859397095463626,299
placebo_seen_only,0.75,18,rf,6021,0.06688963210702341,0.0,0.9162532827545958,299
placebo_seen_only,1.0,18,rf,6021,0.0,0.0,0.9698098808107563,299
placebo_seen_only,0.0,19,rf,6021,0.2976588628762542,0.0,0.7256178312495791,299
placebo_seen_only,0.25,19,rf,6021,0.23745819397993312,0.0,0.7757850553298467,299
placebo_seen_only,0.5,19,rf,6021,0.16722408026755853,0.0,0.839330205831519,299
placebo_seen_only,0.75,19,rf,6021,0.0802675585284281,0.0,0.9062198379385423,299
placebo_seen_only,1.0,19,rf,6021,0.0,0.0,0.9698098808107563,299
placebo_seen_only,0.0,0,rf,7,0.16387959866220736,0.0,0.8092747637539001,299
placebo_seen_only,0.25,0,rf,7,0.1705685618729097,0.0,0.8159188345940608,299
placebo_seen_only,0.5,0,rf,7,0.10033444816053512,0.0,0.8761195034903818,299
placebo_seen_only,0.75,0,rf,7,0.046822742474916385,0.0,0.926331619941191,299
placebo_seen_only,1.0,0,rf,7,0.0,0.0,0.9765212902067294,299
placebo_seen_only,0.0,1,rf,7,0.20735785953177258,0.0,0.782474018540549,299
placebo_seen_only,0.25,1,rf,7,0.16722408026755853,0.0,0.8226077978047631,299
placebo_seen_only,0.5,1,rf,7,0.09698996655518395,0.0,0.8761643958609234,299
placebo_seen_only,0.75,1,rf,7,0.04013377926421405,0.0,0.9330205831518933,299
placebo_seen_only,1.0,1,rf,7,0.0,0.0,0.9798657718120806,299
placebo_seen_only,0.0,2,rf,7,0.21070234113712374,0.0,0.7657516105137931,299
placebo_seen_only,0.25,2,rf,7,0.14381270903010032,0.0,0.8293416533860071,299
placebo_seen_only,0.5,2,rf,7,0.0903010033444816,0.0,0.8828533590716258,299
placebo_seen_only,0.75,2,rf,7,0.04013377926421405,0.0,0.9330205831518933,299
placebo_seen_only,1.0,2,rf,7,0.0,0.0,0.9798657718120806,299
placebo_seen_only,0.0,3,rf,7,0.19732441471571907,0.0,0.7791295369351978,299
placebo_seen_only,0.25,3,rf,7,0.14715719063545152,0.0,0.8226526901753047,299
placebo_seen_only,0.5,3,rf,7,0.11036789297658862,0.0,0.8660860586743283,299
placebo_seen_only,0.75,3,rf,7,0.05351170568561873,0.0,0.9196426567304886,299
placebo_seen_only,1.0,3,rf,7,0.0,0.0,0.9765212902067294,299
placebo_seen_only,0.0,4,rf,7,0.20735785953177258,0.0,0.7657965028843348,299
placebo_seen_only,0.25,4,rf,7,0.14381270903010032,0.0,0.8359857242261678,299
placebo_seen_only,0.5,4,rf,7,0.11036789297658862,0.0,0.8594419878341676,299
placebo_seen_only,0.75,4,rf,7,0.043478260869565216,0.0,0.9296761015465421,299
placebo_seen_only,1.0,4,rf,7,0.0,0.0,0.9765212902067294,299
placebo_seen_only,0.0,5,rf,7,0.22742474916387959,0.0,0.7557181656977396,299
placebo_seen_only,0.25,5,rf,7,0.12709030100334448,0.0,0.8460640614127629,299
placebo_seen_only,0.5,5,rf,7,0.09698996655518395,0.0,0.8761643958609234,299
placebo_seen_only,0.75,5,rf,7,0.06688963210702341,0.0,0.9062647303090839,299
placebo_seen_only,1.0,5,rf,7,0.0,0.0,0.9798657718120806,299
placebo_seen_only,0.0,6,rf,7,0.2040133779264214,0.0,0.7691409844896859,299
placebo_seen_only,0.25,6,rf,7,0.13712374581939799,0.0,0.8360306165967094,299
placebo_seen_only,0.5,6,rf,7,0.10702341137123746,0.0,0.8694754326502211,299
placebo_seen_only,0.75,6,rf,7,0.05016722408026756,0.0,0.9229871383358398,299
placebo_seen_only,1.0,6,rf,7,0.0,0.0,0.9798657718120806,299
placebo_seen_only,0.0,7,rf,7,0.18729096989966554,0.0,0.7925074633566025,299
placebo_seen_only,0.25,7,rf,7,0.15719063545150502,0.0,0.8159637269646024,299
placebo_seen_only,0.5,7,rf,7,0.0903010033444816,0.0,0.8828533590716258,299
placebo_seen_only,0.75,7,rf,7,0.043478260869565216,0.0,0.9296761015465421,299
placebo_seen_only,1.0,7,rf,7,0.0,0.0,0.9798657718120806,299
placebo_seen_only,0.0,8,rf,7,0.19732441471571907,0.0,0.7858185001459002,299
placebo_seen_only,0.25,8,rf,7,0.16387959866220736,0.0,0.8092747637539001,299
placebo_seen_only,0.5,8,rf,7,0.13712374581939799,0.0,0.8360306165967094,299
placebo_seen_only,0.75,8,rf,7,0.056856187290969896,0.0,0.9162981751251374,299
placebo_seen_only,1.0,8,rf,7,0.0,0.0,0.9798657718120806,299
placebo_seen_only,0.0,9,rf,7,0.22408026755852842,0.0,0.7523736840923885,299
placebo_seen_only,0.25,9,rf,7,0.16722408026755853,0.0,0.8059302821485489,299
placebo_seen_only,0.5,9,rf,7,0.11705685618729098,0.0,0.8627415770689771,299
placebo_seen_only,0.75,9,rf,7,0.043478260869565216,0.0,0.926331619941191,299
placebo_seen_only,1.0,9,rf,7,0.0,0.0,0.9765212902067294,299
placebo_seen_only,0.0,10,rf,7,0.21070234113712374,0.0,0.7624520212789836,299
placebo_seen_only,0.25,10,rf,7,0.14715719063545152,0.0,0.8292967610154655,299
placebo_seen_only,0.5,10,rf,7,0.09698996655518395,0.0,0.8761643958609234,299
placebo_seen_only,0.75,10,rf,7,0.056856187290969896,0.0,0.9162981751251374,299
placebo_seen_only,1.0,10,rf,7,0.0,0.0,0.9799106641826222,299
placebo_seen_only,0.0,11,rf,7,0.22073578595317725,0.0,0.7590626473030908,299
placebo_seen_only,0.25,11,rf,7,0.13377926421404682,0.0,0.8393750982020606,299
placebo_seen_only,0.5,11,rf,7,0.12374581939799331,0.0,0.8527530246234653,299
placebo_seen_only,0.75,11,rf,7,0.05351170568561873,0.0,0.9196426567304886,299
placebo_seen_only,1.0,11,rf,7,0.0,0.0,0.9798657718120806,299
placebo_seen_only,0.0,12,rf,7,0.21739130434782608,0.0,0.7557630580682813,299
placebo_seen_only,0.25,12,rf,7,0.14381270903010032,0.0,0.8359857242261678,299
placebo_seen_only,0.5,12,rf,7,0.10033444816053512,0.0,0.8728199142555723,299
placebo_seen_only,0.75,12,rf,7,0.056856187290969896,0.0,0.9162981751251374,299
placebo_seen_only,1.0,12,rf,7,0.0,0.0,0.9765212902067294,299
placebo_seen_only,0.0,13,rf,7,0.20735785953177258,0.0,0.7724405737244955,299
placebo_seen_only,0.25,13,rf,7,0.16387959866220736,0.0,0.8159188345940608,299
placebo_seen_only,0.5,13,rf,7,0.06688963210702341,0.0,0.9062647303090839,299
placebo_seen_only,0.75,13,rf,7,0.04013377926421405,0.0,0.9330205831518933,299
placebo_seen_only,1.0,13,rf,7,0.0,0.0,0.9765212902067294,299
placebo_seen_only,0.0,14,rf,7,0.16387959866220736,0.0,0.8058853897780073,299
placebo_seen_only,0.25,14,rf,7,0.17725752508361203,0.0,0.8025409081726561,299
placebo_seen_only,0.5,14,rf,7,0.09698996655518395,0.0,0.8761643958609234,299
placebo_seen_only,0.75,14,rf,7,0.046822742474916385,0.0,0.926331619941191,299
placebo_seen_only,1.0,14,rf,7,0.0,0.0,0.9799106641826222,299
placebo_seen_only,0.0,15,rf,7,0.2408026755852843,0.0,0.7557181656977396,299
placebo_seen_only,0.25,15,rf,7,0.15719063545150502,0.0,0.8159637269646024,299
placebo_seen_only,0.5,15,rf,7,0.0903010033444816,0.0,0.8828533590716258,299
placebo_seen_only,0.75,15,rf,7,0.026755852842809364,0.0,0.9430540279679468,299
placebo_seen_only,1.0,15,rf,7,0.0,0.0,0.9765212902067294,299
placebo_seen_only,0.0,16,rf,7,0.20735785953177258,0.0,0.7757850553298467,299
placebo_seen_only,0.25,16,rf,7,0.1806020066889632,0.0,0.7958519449619537,299
placebo_seen_only,0.5,16,rf,7,0.11371237458193979,0.0,0.8627415770689771,299
placebo_seen_only,0.75,16,rf,7,0.05016722408026756,0.0,0.926331619941191,299
placebo_seen_only,1.0,16,rf,7,0.0,0.0,0.9798657718120806,299
placebo_seen_only,0.0,17,rf,7,0.22408026755852842,0.0,0.762407128908442,299
placebo_seen_only,0.25,17,rf,7,0.1505016722408027,0.0,0.8259971717806559,299
placebo_seen_only,0.5,17,rf,7,0.08695652173913043,0.0,0.8861978406769769,299
placebo_seen_only,0.75,17,rf,7,0.05016722408026756,0.0,0.9229871383358398,299
placebo_seen_only,1.0,17,rf,7,0.0,0.0,0.9765212902067294,299
placebo_seen_only,0.0,18,rf,7,0.21070234113712374,0.0,0.7590626473030908,299
placebo_seen_only,0.25,18,rf,7,0.1605351170568562,0.0,0.8226077978047631,299
placebo_seen_only,0.5,18,rf,7,0.09698996655518395,0.0,0.8761643958609234,299
placebo_seen_only,0.75,18,rf,7,0.046822742474916385,0.0,0.926331619941191,299
placebo_seen_only,1.0,18,rf,7,0.0,0.0,0.9765212902067294,299
placebo_seen_only,0.0,19,rf,7,0.22742474916387959,0.0,0.762407128908442,299
placebo_seen_only,0.25,19,rf,7,0.17725752508361203,0.0,0.8025409081726561,299
placebo_seen_only,0.5,19,rf,7,0.11705685618729098,0.0,0.8560975062288164,299
placebo_seen_only,0.75,19,rf,7,0.05351170568561873,0.0,0.9196426567304886,299
placebo_seen_only,1.0,19,rf,7,0.0,0.0,0.9765212902067294,299
placebo_seen_only,0.0,0,rf,88,0.15719063545150502,0.0,0.8025633543579269,299
placebo_seen_only,0.25,0,rf,88,0.1605351170568562,0.0,0.8025633543579269,299
placebo_seen_only,0.5,0,rf,88,0.09364548494983277,0.0,0.8727974680703015,299
placebo_seen_only,0.75,0,rf,88,0.056856187290969896,0.0,0.9196202105452178,299
placebo_seen_only,1.0,0,rf,88,0.0,0.0,0.9765212902067294,299
placebo_seen_only,0.0,1,rf,88,0.2909698996655518,0.0,0.7757850553298467,299
placebo_seen_only,0.25,1,rf,88,0.15719063545150502,0.0,0.8092298713833584,299
placebo_seen_only,0.5,1,rf,88,0.11371237458193979,0.0,0.8761419496756526,299
placebo_seen_only,0.75,1,rf,88,0.03678929765886288,0.0,0.9263091737559201,299
placebo_seen_only,1.0,1,rf,88,0.0,0.0,0.9765212902067294,299
placebo_seen_only,0.0,2,rf,88,0.2040133779264214,0.0,0.762407128908442,299
placebo_seen_only,0.25,2,rf,88,0.13043478260869565,0.0,0.8326636888060874,299
placebo_seen_only,0.5,2,rf,88,0.1605351170568562,0.0,0.8761419496756526,299
placebo_seen_only,0.75,2,rf,88,0.04013377926421405,0.0,0.9329981369666225,299
placebo_seen_only,1.0,2,rf,88,0.0,0.0,0.9664878453906759,299
placebo_seen_only,0.0,3,rf,88,0.17725752508361203,0.0,0.782474018540549,299
placebo_seen_only,0.25,3,rf,88,0.14715719063545152,0.0,0.8259747255953851,299
placebo_seen_only,0.5,3,rf,88,0.10033444816053512,0.0,0.8661085048595991,299
placebo_seen_only,0.75,3,rf,88,0.046822742474916385,0.0,0.9196202105452178,299
placebo_seen_only,1.0,3,rf,88,0.0,0.0,0.9731768086013782,299
placebo_seen_only,0.0,4,rf,88,0.20066889632107024,0.0,0.7624295750937128,299
placebo_seen_only,0.25,4,rf,88,0.12040133779264214,0.0,0.839330205831519,299
placebo_seen_only,0.5,4,rf,88,0.10367892976588629,0.0,0.8594195416488968,299
placebo_seen_only,0.75,4,rf,88,0.03678929765886288,0.0,0.9296536553612713,299
placebo_seen_only,1.0,4,rf,88,0.0,0.0,0.9664878453906759,299
placebo_seen_only,0.0,5,rf,88,0.22408026755852842,0.0,0.7456847208816861,299
placebo_seen_only,0.25,5,rf,88,0.13712374581939799,0.0,0.8426971336221409,299
placebo_seen_only,0.5,5,rf,88,0.09698996655518395,0.0,0.8694529864649503,299
placebo_seen_only,0.75,5,rf,88,0.06688963210702341,0.0,0.8995533209131108,299
placebo_seen_only,1.0,5,rf,88,0.0,0.0,0.9798657718120806,299
placebo_seen_only,0.0,6,rf,88,0.49498327759197325,0.0,0.7757850553298467,299
placebo_seen_only,0.25,6,rf,88,0.13043478260869565,0.0,0.8326636888060874,299
placebo_seen_only,0.5,6,rf,88,0.10367892976588629,0.0,0.8727974680703015,299
placebo_seen_only,0.75,6,rf,88,0.046822742474916385,0.0,0.9196202105452178,299
placebo_seen_only,1.0,6,rf,88,0.026755852842809364,0.0,0.9664878453906759,299
placebo_seen_only,0.0,7,rf,88,0.18394648829431437,0.0,0.7958519449619537,299
placebo_seen_only,0.25,7,rf,88,0.14715719063545152,0.0,0.8159412807793316,299
placebo_seen_only,0.5,7,rf,88,0.08361204013377926,0.0,0.882830912886355,299
placebo_seen_only,0.75,7,rf,88,0.04013377926421405,0.0,0.922964692150569,299
placebo_seen_only,1.0,7,rf,88,0.0,0.0,0.9765212902067294,299
placebo_seen_only,0.0,8,rf,88,0.18394648829431437,0.0,0.7824964647258198,299
placebo_seen_only,0.25,8,rf,88,0.15719063545150502,0.0,0.8059078359632781,299
placebo_seen_only,0.5,8,rf,88,0.12374581939799331,0.0,0.8460191690422213,299
placebo_seen_only,0.75,8,rf,88,0.11371237458193979,0.0,0.9162757289398666,299
placebo_seen_only,1.0,8,rf,88,0.0,0.0,0.9731768086013782,299
placebo_seen_only,0.0,9,rf,88,0.22742474916387959,0.0,0.762407128908442,299
placebo_seen_only,0.25,9,rf,88,0.15384615384615385,0.0,0.8125743529887096,299
placebo_seen_only,0.5,9,rf,88,0.10702341137123746,0.0,0.8560750600435456,299
placebo_seen_only,0.75,9,rf,88,0.04013377926421405,0.0,0.9196202105452178,299
placebo_seen_only,1.0,9,rf,88,0.0,0.0,0.9698323269960271,299
placebo_seen_only,0.0,10,rf,88,0.2040133779264214,0.0,0.7590626473030908,299
placebo_seen_only,0.25,10,rf,88,0.13377926421404682,0.0,0.8293192072007363,299
placebo_seen_only,0.5,10,rf,88,0.1705685618729097,0.0,0.8761195034903818,299
placebo_seen_only,0.75,10,rf,88,0.056856187290969896,0.0,0.9095867657291643,299
placebo_seen_only,1.0,10,rf,88,0.0,0.0,0.9765212902067294,299
placebo_seen_only,0.0,11,rf,88,0.21070234113712374,0.0,0.7523736840923885,299
placebo_seen_only,0.25,11,rf,88,0.1605351170568562,0.0,0.8460416152274921,299
placebo_seen_only,0.5,11,rf,88,0.11036789297658862,0.0,0.8560750600435456,299
placebo_seen_only,0.75,11,rf,88,0.043478260869565216,0.0,0.922964692150569,299
placebo_seen_only,1.0,11,rf,88,0.0,0.0,0.9698323269960271,299
placebo_seen_only,0.0,12,rf,88,0.1939799331103679,0.0,0.7690960921191443,299
placebo_seen_only,0.25,12,rf,88,0.13377926421404682,0.0,0.8326636888060874,299
placebo_seen_only,0.5,12,rf,88,0.19063545150501673,0.0,0.8727974680703015,299
placebo_seen_only,0.75,12,rf,88,0.056856187290969896,0.0,0.9095867657291643,299
placebo_seen_only,1.0,12,rf,88,0.0,0.0,0.9731768086013782,299
placebo_seen_only,0.0,13,rf,88,0.23076923076923078,0.0,0.7724405737244955,299
placebo_seen_only,0.25,13,rf,88,0.14046822742474915,0.0,0.8226077978047631,299
placebo_seen_only,0.5,13,rf,88,0.07023411371237458,0.0,0.8962088393077596,299
placebo_seen_only,0.75,13,rf,88,0.05016722408026756,0.0,0.9263091737559201,299
placebo_seen_only,1.0,13,rf,88,0.0,0.0,0.9798657718120806,299
placebo_seen_only,0.0,14,rf,88,0.1605351170568562,0.0,0.8058853897780073,299
placebo_seen_only,0.25,14,rf,88,0.3377926421404682,0.0,0.8125743529887096,299
placebo_seen_only,0.5,14,rf,88,0.09698996655518395,0.0,0.8694529864649503,299
placebo_seen_only,0.75,14,rf,88,0.28762541806020064,0.0,0.9263091737559201,299
placebo_seen_only,1.0,14,rf,88,0.0,0.0,0.9765212902067294,299
placebo_seen_only,0.0,15,rf,88,0.22073578595317725,0.0,0.7423626854616058,299
placebo_seen_only,0.25,15,rf,88,0.18394648829431437,0.0,0.8159412807793316,299
placebo_seen_only,0.5,15,rf,88,0.08695652173913043,0.0,0.8794864312810038,299
placebo_seen_only,0.75,15,rf,88,0.026755852842809364,0.0,0.9396871001773248,299
placebo_seen_only,1.0,15,rf,88,0.0,0.0,0.9698323269960271,299
placebo_seen_only,0.0,16,rf,88,0.20066889632107024,0.0,0.7657516105137931,299
placebo_seen_only,0.25,16,rf,88,0.16722408026755853,0.0,0.7958743911472246,299
placebo_seen_only,0.5,16,rf,88,0.10702341137123746,0.0,0.8560750600435456,299
placebo_seen_only,0.75,16,rf,88,0.04013377926421405,0.0,0.9263091737559201,299
placebo_seen_only,1.0,16,rf,88,0.0,0.0,0.9731768086013782,299
placebo_seen_only,0.0,17,rf,88,0.20735785953177258,0.0,0.7557181656977396,299
placebo_seen_only,0.25,17,rf,88,0.13712374581939799,0.0,0.8226077978047631,299
placebo_seen_only,0.5,17,rf,88,0.20066889632107024,0.0,0.8861753944917061,299
placebo_seen_only,0.75,17,rf,88,0.056856187290969896,0.0,0.9229422459652982,299
placebo_seen_only,1.0,17,rf,88,0.0,0.0,0.9765212902067294,299
placebo_seen_only,0.0,18,rf,88,0.26755852842809363,0.0,0.7590626473030908,299
placebo_seen_only,0.25,18,rf,88,0.14715719063545152,0.0,0.8125967991739804,299
placebo_seen_only,0.5,18,rf,88,0.09364548494983277,0.0,0.8694529864649503,299
placebo_seen_only,0.75,18,rf,88,0.2408026755852843,0.0,0.922964692150569,299
placebo_seen_only,1.0,18,rf,88,0.020066889632107024,0.0,0.9765212902067294,299
placebo_seen_only,0.0,19,rf,88,0.29431438127090304,0.0,0.7657516105137931,299
placebo_seen_only,0.25,19,rf,88,0.16387959866220736,0.0,0.7958519449619537,299
placebo_seen_only,0.5,19,rf,88,0.11705685618729098,0.0,0.859397095463626,299
placebo_seen_only,0.75,19,rf,88,0.043478260869565216,0.0,0.9229422459652982,299
placebo_seen_only,1.0,19,rf,88,0.0,0.0,0.9731768086013782,299
placebo_seen_only,0.0,0,rf,91,0.1505016722408027,0.0,0.8226077978047631,299
placebo_seen_only,0.25,0,rf,91,0.13377926421404682,0.0,0.8359857242261678,299
placebo_seen_only,0.5,0,rf,91,0.0802675585284281,0.0,0.8894974299117865,299
placebo_seen_only,0.75,0,rf,91,0.04013377926421405,0.0,0.9296761015465421,299
placebo_seen_only,1.0,0,rf,91,0.0,0.0,0.9798882179973514,299
placebo_seen_only,0.0,1,rf,91,0.1605351170568562,0.0,0.819263316199412,299
placebo_seen_only,0.25,1,rf,91,0.12709030100334448,0.0,0.8360081704114386,299
placebo_seen_only,0.5,1,rf,91,0.08361204013377926,0.0,0.8894974299117865,299
placebo_seen_only,0.75,1,rf,91,0.03678929765886288,0.0,0.9329756907813517,299
placebo_seen_only,1.0,1,rf,91,0.0,0.0,0.9832326996027025,299
placebo_seen_only,0.0,2,rf,91,0.17725752508361203,0.0,0.8092298713833584,299
placebo_seen_only,0.25,2,rf,91,0.12374581939799331,0.0,0.8527081322529236,299
placebo_seen_only,0.5,2,rf,91,0.0802675585284281,0.0,0.8928419115171377,299
placebo_seen_only,0.75,2,rf,91,0.030100334448160536,0.0,0.9397095463625956,299
placebo_seen_only,1.0,2,rf,91,0.0,0.0,0.973199254786649,299
placebo_seen_only,0.0,3,rf,91,0.16722408026755853,0.0,0.7992188727525757,299
placebo_seen_only,0.25,3,rf,91,0.12709030100334448,0.0,0.839330205831519,299
placebo_seen_only,0.5,3,rf,91,0.09364548494983277,0.0,0.8727974680703015,299
placebo_seen_only,0.75,3,rf,91,0.043478260869565216,0.0,0.922964692150569,299
placebo_seen_only,1.0,3,rf,91,0.0,0.0,0.9765437363920002,299
placebo_seen_only,0.0,4,rf,91,0.1806020066889632,0.0,0.7991964265673049,299
placebo_seen_only,0.25,4,rf,91,0.13712374581939799,0.0,0.8460416152274921,299
placebo_seen_only,0.5,4,rf,91,0.10033444816053512,0.0,0.8661085048595991,299
placebo_seen_only,0.75,4,rf,91,0.03678929765886288,0.0,0.9296761015465421,299
placebo_seen_only,1.0,4,rf,91,0.0,0.0,0.9731543624161074,299
placebo_seen_only,0.0,5,rf,91,0.19063545150501673,0.0,0.7858185001459002,299
placebo_seen_only,0.25,5,rf,91,0.10702341137123746,0.0,0.8660860586743283,299
placebo_seen_only,0.5,5,rf,91,0.08695652173913043,0.0,0.8794864312810038,299
placebo_seen_only,0.75,5,rf,91,0.056856187290969896,0.0,0.9129536935197863,299
placebo_seen_only,1.0,5,rf,91,0.0,0.0,0.9865771812080537,299
placebo_seen_only,0.0,6,rf,91,0.17391304347826086,0.0,0.7958519449619537,299
placebo_seen_only,0.25,6,rf,91,0.11371237458193979,0.0,0.8493860968328433,299
placebo_seen_only,0.5,6,rf,91,0.08361204013377926,0.0,0.8828084667010841,299
placebo_seen_only,0.75,6,rf,91,0.05016722408026756,0.0,0.922964692150569,299
placebo_seen_only,1.0,6,rf,91,0.0,0.0,0.9731543624161074,299
placebo_seen_only,0.0,7,rf,91,0.4682274247491639,0.0,0.8259522794101143,299
placebo_seen_only,0.25,7,rf,91,0.14046822742474915,0.0,0.8292967610154655,299
placebo_seen_only,0.5,7,rf,91,0.07023411371237458,0.0,0.8962088393077596,299
placebo_seen_only,0.75,7,rf,91,0.03678929765886288,0.0,0.9296536553612713,299
placebo_seen_only,1.0,7,rf,91,0.0,0.0,0.9798882179973514,299
placebo_seen_only,0.0,8,rf,91,0.1705685618729097,0.0,0.8092298713833584,299
placebo_seen_only,0.25,8,rf,91,0.14381270903010032,0.0,0.8259522794101143,299
placebo_seen_only,0.5,8,rf,91,0.11036789297658862,0.0,0.8627415770689771,299
placebo_seen_only,0.75,8,rf,91,0.05016722408026756,0.0,0.9162757289398666,299
placebo_seen_only,1.0,8,rf,91,0.0,0.0,0.9798882179973514,299
placebo_seen_only,0.0,9,rf,91,0.18729096989966554,0.0,0.7891629817512513,299
placebo_seen_only,0.25,9,rf,91,0.14715719063545152,0.0,0.8292967610154655,299
placebo_seen_only,0.5,9,rf,91,0.09698996655518395,0.0,0.8661085048595991,299
placebo_seen_only,0.75,9,rf,91,0.04013377926421405,0.0,0.9263091737559201,299
placebo_seen_only,1.0,9,rf,91,0.0,0.0,0.9731543624161074,299
placebo_seen_only,0.0,10,rf,91,0.1806020066889632,0.0,0.785840946331171,299
placebo_seen_only,0.25,10,rf,91,0.13377926421404682,0.0,0.8460191690422213,299
placebo_seen_only,0.5,10,rf,91,0.08695652173913043,0.0,0.8794864312810038,299
placebo_seen_only,0.75,10,rf,91,0.05016722408026756,0.0,0.9162757289398666,299
placebo_seen_only,1.0,10,rf,91,0.0,0.0,0.9832326996027025,299
placebo_seen_only,0.0,11,rf,91,0.20066889632107024,0.0,0.7858185001459002,299
placebo_seen_only,0.25,11,rf,91,0.11036789297658862,0.0,0.859397095463626,299
placebo_seen_only,0.5,11,rf,91,0.10367892976588629,0.0,0.8660860586743283,299
placebo_seen_only,0.75,11,rf,91,0.03678929765886288,0.0,0.926331619941191,299
placebo_seen_only,1.0,11,rf,91,0.0,0.0,0.9765437363920002,299
placebo_seen_only,0.0,12,rf,91,0.19063545150501673,0.0,0.7925074633566025,299
placebo_seen_only,0.25,12,rf,91,0.10702341137123746,0.0,0.8627415770689771,299
placebo_seen_only,0.5,12,rf,91,0.08361204013377926,0.0,0.882830912886355,299
placebo_seen_only,0.75,12,rf,91,0.05016722408026756,0.0,0.9196426567304886,299
placebo_seen_only,1.0,12,rf,91,0.0,0.0,0.9798882179973514,299
placebo_seen_only,0.0,13,rf,91,0.16387959866220736,0.0,0.8058853897780073,299
placebo_seen_only,0.25,13,rf,91,0.13377926421404682,0.0,0.8426746874368701,299
placebo_seen_only,0.5,13,rf,91,0.056856187290969896,0.0,0.9095867657291643,299
placebo_seen_only,0.75,13,rf,91,0.03678929765886288,0.0,0.9330205831518933,299
placebo_seen_only,1.0,13,rf,91,0.0,0.0,0.9832326996027025,299
placebo_seen_only,0.0,14,rf,91,0.15384615384615385,0.0,0.8226077978047631,299
placebo_seen_only,0.25,14,rf,91,0.13712374581939799,0.0,0.8426746874368701,299
placebo_seen_only,0.5,14,rf,91,0.08361204013377926,0.0,0.8894974299117865,299
placebo_seen_only,0.75,14,rf,91,0.04013377926421405,0.0,0.922964692150569,299
placebo_seen_only,1.0,14,rf,91,0.0,0.0,0.9832326996027025,299
placebo_seen_only,0.0,15,rf,91,0.21070234113712374,0.0,0.782474018540549,299
placebo_seen_only,0.25,15,rf,91,0.1806020066889632,0.0,0.8292967610154655,299
placebo_seen_only,0.5,15,rf,91,0.07023411371237458,0.0,0.8928419115171377,299
placebo_seen_only,0.75,15,rf,91,0.023411371237458192,0.0,0.9396871001773248,299
placebo_seen_only,1.0,15,rf,91,0.0,0.0,0.9765437363920002,299
placebo_seen_only,0.0,16,rf,91,0.16387959866220736,0.0,0.8058853897780073,299
placebo_seen_only,0.25,16,rf,91,0.14715719063545152,0.0,0.8259522794101143,299
placebo_seen_only,0.5,16,rf,91,0.09698996655518395,0.0,0.8727750218850306,299
placebo_seen_only,0.75,16,rf,91,0.04013377926421405,0.0,0.9296312091760005,299
placebo_seen_only,1.0,16,rf,91,0.0,0.0,0.9765437363920002,299
placebo_seen_only,0.0,17,rf,91,0.19063545150501673,0.0,0.7891629817512513,299
placebo_seen_only,0.25,17,rf,91,0.12709030100334448,0.0,0.8393526520167898,299
placebo_seen_only,0.5,17,rf,91,0.06688963210702341,0.0,0.8995533209131108,299
placebo_seen_only,0.75,17,rf,91,0.046822742474916385,0.0,0.9196426567304886,299
placebo_seen_only,1.0,17,rf,91,0.0,0.0,0.9832326996027025,299
placebo_seen_only,0.0,18,rf,91,0.17391304347826086,0.0,0.7991964265673049,299
placebo_seen_only,0.25,18,rf,91,0.12709030100334448,0.0,0.8460191690422213,299
placebo_seen_only,0.5,18,rf,91,0.08361204013377926,0.0,0.882830912886355,299
placebo_seen_only,0.75,18,rf,91,0.04013377926421405,0.0,0.9263091737559201,299
placebo_seen_only,1.0,18,rf,91,0.0,0.0,0.9832326996027025,299
placebo_seen_only,0.0,19,rf,91,0.23076923076923078,0.0,0.8025409081726561,299
placebo_seen_only,0.25,19,rf,91,0.16722408026755853,0.0,0.819263316199412,299
placebo_seen_only,0.5,19,rf,91,0.10702341137123746,0.0,0.8594195416488968,299
placebo_seen_only,0.75,19,rf,91,0.05016722408026756,0.0,0.9196202105452178,299
placebo_seen_only,1.0,19,rf,91,0.0,0.0,0.9765437363920002,299
placebo_seen_only,0.0,0,xgb,12345,0.25752508361204013,0.0,0.836075508967251,299
placebo_seen_only,0.25,0,xgb,12345,0.2140468227424749,0.0,0.8494534353886557,299
placebo_seen_only,0.5,0,xgb,12345,0.13712374581939799,0.0,0.9063096226796256,299
placebo_seen_only,0.75,0,xgb,12345,0.06688963210702341,0.0,0.9497878835491909,299
placebo_seen_only,1.0,0,xgb,12345,0.0,0.0,0.9865771812080537,299
placebo_seen_only,0.0,1,xgb,12345,0.25418060200668896,0.0,0.8394199905726022,299
placebo_seen_only,0.25,1,xgb,12345,0.22408026755852842,0.0,0.8494534353886557,299
placebo_seen_only,0.5,1,xgb,12345,0.16722408026755853,0.0,0.9063096226796256,299
placebo_seen_only,0.75,1,xgb,12345,0.06688963210702341,0.0,0.953132365154542,299
placebo_seen_only,1.0,1,xgb,12345,0.0,0.0,0.9865771812080537,299
placebo_seen_only,0.0,2,xgb,12345,0.2709030100334448,0.0,0.8193531009404952,299
placebo_seen_only,0.25,2,xgb,12345,0.23745819397993312,0.0,0.8661758434154115,299
placebo_seen_only,0.5,2,xgb,12345,0.13712374581939799,0.0,0.9163430674956791,299
placebo_seen_only,0.75,2,xgb,12345,0.056856187290969896,0.0,0.9430989203384885,299
placebo_seen_only,1.0,2,xgb,12345,0.0,0.0,0.9865771812080537,299
placebo_seen_only,0.0,3,xgb,12345,0.27759197324414714,0.0,0.8126641377297928,299
placebo_seen_only,0.25,3,xgb,12345,0.24749163879598662,0.0,0.8527979169940069,299
placebo_seen_only,0.5,3,xgb,12345,0.15719063545150502,0.0,0.8895872146528697,299
placebo_seen_only,0.75,3,xgb,12345,0.08361204013377926,0.0,0.9397544387331374,299
placebo_seen_only,1.0,3,xgb,12345,0.0,0.0,0.9865771812080537,299
placebo_seen_only,0.0,4,xgb,12345,0.30434782608695654,0.0,0.8059751745190905,299
placebo_seen_only,0.25,4,xgb,12345,0.20735785953177258,0.0,0.8527979169940069,299
placebo_seen_only,0.5,4,xgb,12345,0.14381270903010032,0.0,0.8828982514421674,299
placebo_seen_only,0.75,4,xgb,12345,0.056856187290969896,0.0,0.9397544387331374,299
placebo_seen_only,1.0,4,xgb,12345,0.0,0.0,0.9865771812080537,299
placebo_seen_only,0.0,5,xgb,12345,0.32441471571906355,0.0,0.7992862113083882,299
placebo_seen_only,0.25,5,xgb,12345,0.22408026755852842,0.0,0.8661758434154115,299
placebo_seen_only,0.5,5,xgb,12345,0.13712374581939799,0.0,0.8895872146528697,299
placebo_seen_only,0.75,5,xgb,12345,0.06688963210702341,0.0,0.9297209939170837,299
placebo_seen_only,1.0,5,xgb,12345,0.0,0.0,0.9865771812080537,299
placebo_seen_only,0.0,6,xgb,12345,0.26421404682274247,0.0,0.8093196561244417,299
placebo_seen_only,0.25,6,xgb,12345,0.19063545150501673,0.0,0.8594868802047092,299
placebo_seen_only,0.5,6,xgb,12345,0.14715719063545152,0.0,0.9029651410742744,299
placebo_seen_only,0.75,6,xgb,12345,0.0802675585284281,0.0,0.9430989203384885,299
placebo_seen_only,1.0,6,xgb,12345,0.0,0.0,0.9865771812080537,299
placebo_seen_only,0.0,7,xgb,12345,0.25418060200668896,0.0,0.8293865457565487,299
placebo_seen_only,0.25,7,xgb,12345,0.22408026755852842,0.0,0.856142398599358,299
placebo_seen_only,0.5,7,xgb,12345,0.11705685618729098,0.0,0.9196875491010302,299
placebo_seen_only,0.75,7,xgb,12345,0.06688963210702341,0.0,0.9564768467598932,299
placebo_seen_only,1.0,7,xgb,12345,0.0,0.0,0.9865771812080537,299
placebo_seen_only,0.0,8,xgb,12345,0.2608695652173913,0.0,0.816008619335144,299
placebo_seen_only,0.25,8,xgb,12345,0.2140468227424749,0.0,0.8461089537833045,299
placebo_seen_only,0.5,8,xgb,12345,0.1705685618729097,0.0,0.8728648066261139,299
placebo_seen_only,0.75,8,xgb,12345,0.07357859531772576,0.0,0.9364099571277862,299
placebo_seen_only,1.0,8,xgb,12345,0.0,0.0,0.9865771812080537,299
placebo_seen_only,0.0,9,xgb,12345,0.3076923076923077,0.0,0.8026306929137393,299
placebo_seen_only,0.25,9,xgb,12345,0.21739130434782608,0.0,0.8527979169940069,299
placebo_seen_only,0.5,9,xgb,12345,0.15384615384615385,0.0,0.8828982514421674,299
placebo_seen_only,0.75,9,xgb,12345,0.06020066889632107,0.0,0.9497878835491909,299
placebo_seen_only,1.0,9,xgb,12345,0.0,0.0,0.9865771812080537,299
placebo_seen_only,0.0,10,xgb,12345,0.2909698996655518,0.0,0.8026306929137393,299
placebo_seen_only,0.25,10,xgb,12345,0.23076923076923078,0.0,0.856142398599358,299
placebo_seen_only,0.5,10,xgb,12345,0.14715719063545152,0.0,0.9129985858903279,299
placebo_seen_only,0.75,10,xgb,12345,0.08361204013377926,0.0,0.933065475522435,299
placebo_seen_only,1.0,10,xgb,12345,0.0,0.0,0.9865771812080537,299
placebo_seen_only,0.0,11,xgb,12345,0.2809364548494983,0.0,0.8126641377297928,299
placebo_seen_only,0.25,11,xgb,12345,0.2140468227424749,0.0,0.8628313618100604,299
placebo_seen_only,0.5,11,xgb,12345,0.14046822742474915,0.0,0.8895872146528697,299
placebo_seen_only,0.75,11,xgb,12345,0.06688963210702341,0.0,0.9464434019438397,299
placebo_seen_only,1.0,11,xgb,12345,0.0,0.0,0.9865771812080537,299
placebo_seen_only,0.0,12,xgb,12345,0.28762541806020064,0.0,0.7992862113083882,299
placebo_seen_only,0.25,12,xgb,12345,0.1806020066889632,0.0,0.8795537698368162,299
placebo_seen_only,0.5,12,xgb,12345,0.13377926421404682,0.0,0.9096541042849767,299
placebo_seen_only,0.75,12,xgb,12345,0.056856187290969896,0.0,0.9464434019438397,299
placebo_seen_only,1.0,12,xgb,12345,0.0,0.0,0.9865771812080537,299
placebo_seen_only,0.0,13,xgb,12345,0.3076923076923077,0.0,0.8293865457565487,299
placebo_seen_only,0.25,13,xgb,12345,0.2408026755852843,0.0,0.8527979169940069,299
placebo_seen_only,0.5,13,xgb,12345,0.12709030100334448,0.0,0.9163430674956791,299
placebo_seen_only,0.75,13,xgb,12345,0.056856187290969896,0.0,0.9497878835491909,299
placebo_seen_only,1.0,13,xgb,12345,0.0,0.0,0.9865771812080537,299
placebo_seen_only,0.0,14,xgb,12345,0.31438127090301005,0.0,0.8193531009404952,299
placebo_seen_only,0.25,14,xgb,12345,0.24749163879598662,0.0,0.856142398599358,299
placebo_seen_only,0.5,14,xgb,12345,0.12040133779264214,0.0,0.9096541042849767,299
placebo_seen_only,0.75,14,xgb,12345,0.06020066889632107,0.0,0.9497878835491909,299
placebo_seen_only,1.0,14,xgb,12345,0.0,0.0,0.9865771812080537,299
placebo_seen_only,0.0,15,xgb,12345,0.3311036789297659,0.0,0.8026306929137393,299
placebo_seen_only,0.25,15,xgb,12345,0.22073578595317725,0.0,0.8494534353886557,299
placebo_seen_only,0.5,15,xgb,12345,0.15384615384615385,0.0,0.9063096226796256,299
placebo_seen_only,0.75,15,xgb,12345,0.046822742474916385,0.0,0.9665102915759467,299
placebo_seen_only,1.0,15,xgb,12345,0.0,0.0,0.9865771812080537,299
placebo_seen_only,0.0,16,xgb,12345,0.2608695652173913,0.0,0.816008619335144,299
placebo_seen_only,0.25,16,xgb,12345,0.23745819397993312,0.0,0.8461089537833045,299
placebo_seen_only,0.5,16,xgb,12345,0.15719063545150502,0.0,0.8795537698368162,299
placebo_seen_only,0.75,16,xgb,12345,0.06020066889632107,0.0,0.9497878835491909,299
placebo_seen_only,1.0,16,xgb,12345,0.0,0.0,0.9865771812080537,299
placebo_seen_only,0.0,17,xgb,12345,0.3010033444816054,0.0,0.795941729703037,299
placebo_seen_only,0.25,17,xgb,12345,0.20735785953177258,0.0,0.8594868802047092,299
placebo_seen_only,0.5,17,xgb,12345,0.10702341137123746,0.0,0.9063096226796256,299
placebo_seen_only,0.75,17,xgb,12345,0.06354515050167224,0.0,0.9464434019438397,299
placebo_seen_only,1.0,17,xgb,12345,0.0,0.0,0.9865771812080537,299
placebo_seen_only,0.0,18,xgb,12345,0.3110367892976589,0.0,0.8026306929137393,299
placebo_seen_only,0.25,18,xgb,12345,0.21739130434782608,0.0,0.8628313618100604,299
placebo_seen_only,0.5,18,xgb,12345,0.11705685618729098,0.0,0.896276177863572,299
placebo_seen_only,0.75,18,xgb,12345,0.06688963210702341,0.0,0.9564768467598932,299
placebo_seen_only,1.0,18,xgb,12345,0.0,0.0,0.9865771812080537,299
placebo_seen_only,0.0,19,xgb,12345,0.3411371237458194,0.0,0.795941729703037,299
placebo_seen_only,0.25,19,xgb,12345,0.22408026755852842,0.0,0.8327310273618999,299
placebo_seen_only,0.5,19,xgb,12345,0.17391304347826086,0.0,0.876209288231465,299
placebo_seen_only,0.75,19,xgb,12345,0.07692307692307693,0.0,0.933065475522435,299
placebo_seen_only,1.0,19,xgb,12345,0.0,0.0,0.9865771812080537,299
placebo_seen_only,0.0,0,xgb,1337,0.36454849498327757,0.0,0.8293640995712779,299
placebo_seen_only,0.25,0,xgb,1337,0.2909698996655518,0.0,0.8393975443873314,299
placebo_seen_only,0.5,0,xgb,1337,0.18394648829431437,0.0,0.9062871764943548,299
placebo_seen_only,0.75,0,xgb,1337,0.06020066889632107,0.0,0.9464209557585689,299
placebo_seen_only,1.0,0,xgb,1337,0.0,0.0,0.9865771812080537,299
placebo_seen_only,0.0,1,xgb,1337,0.33444816053511706,0.0,0.8360530627819802,299
placebo_seen_only,0.25,1,xgb,1337,0.22408026755852842,0.0,0.8460865075980337,299
placebo_seen_only,0.5,1,xgb,1337,0.19063545150501673,0.0,0.9029426948890036,299
placebo_seen_only,0.75,1,xgb,1337,0.08695652173913043,0.0,0.9464209557585689,299
placebo_seen_only,1.0,1,xgb,1337,0.0,0.0,0.9865771812080537,299
placebo_seen_only,0.0,2,xgb,1337,0.34448160535117056,0.0,0.8159861731498732,299
placebo_seen_only,0.25,2,xgb,1337,0.24749163879598662,0.0,0.8594644340194384,299
placebo_seen_only,0.5,2,xgb,1337,0.18729096989966554,0.0,0.9096316580997059,299
placebo_seen_only,0.75,2,xgb,1337,0.07357859531772576,0.0,0.9397319925478664,299
placebo_seen_only,1.0,2,xgb,1337,0.0,0.0,0.9865771812080537,299
placebo_seen_only,0.0,3,xgb,1337,0.3612040133779264,0.0,0.8059527283338197,299
placebo_seen_only,0.25,3,xgb,1337,0.27759197324414714,0.0,0.8427420259926826,299
placebo_seen_only,0.5,3,xgb,1337,0.15719063545150502,0.0,0.8862202868622477,299
placebo_seen_only,0.75,3,xgb,1337,0.09364548494983277,0.0,0.9363875109425153,299
placebo_seen_only,1.0,3,xgb,1337,0.0,0.0,0.9865771812080537,299
placebo_seen_only,0.0,4,xgb,1337,0.36454849498327757,0.0,0.7992637651231174,299
placebo_seen_only,0.25,4,xgb,1337,0.2709030100334448,0.0,0.8527754708087361,299
placebo_seen_only,0.5,4,xgb,1337,0.16387959866220736,0.0,0.8761868420461942,299
placebo_seen_only,0.75,4,xgb,1337,0.07023411371237458,0.0,0.933065475522435,299
placebo_seen_only,1.0,4,xgb,1337,0.0,0.0,0.9865771812080537,299
placebo_seen_only,0.0,5,xgb,1337,0.3779264214046823,0.0,0.792574801912415,299
placebo_seen_only,0.25,5,xgb,1337,0.26421404682274247,0.0,0.8628089156247896,299
placebo_seen_only,0.5,5,xgb,1337,0.1605351170568562,0.0,0.8862202868622477,299
placebo_seen_only,0.75,5,xgb,1337,0.07692307692307693,0.0,0.9230095845211106,299
placebo_seen_only,1.0,5,xgb,1337,0.0,0.0,0.9865771812080537,299
placebo_seen_only,0.0,6,xgb,1337,0.2909698996655518,0.0,0.7992637651231174,299
placebo_seen_only,0.25,6,xgb,1337,0.26421404682274247,0.0,0.8561199524140872,299
placebo_seen_only,0.5,6,xgb,1337,0.18729096989966554,0.0,0.8962537316783012,299
placebo_seen_only,0.75,6,xgb,1337,0.06688963210702341,0.0,0.9363875109425153,299
placebo_seen_only,1.0,6,xgb,1337,0.0,0.0,0.9865771812080537,299
placebo_seen_only,0.0,7,xgb,1337,0.3277591973244147,0.0,0.8260196179659267,299
placebo_seen_only,0.25,7,xgb,1337,0.22073578595317725,0.0,0.8460865075980337,299
placebo_seen_only,0.5,7,xgb,1337,0.14046822742474915,0.0,0.9129761397050571,299
placebo_seen_only,0.75,7,xgb,1337,0.09364548494983277,0.0,0.94976543736392,299
placebo_seen_only,1.0,7,xgb,1337,0.0,0.0,0.9865771812080537,299
placebo_seen_only,0.0,8,xgb,1337,0.3076923076923077,0.0,0.812641691544522,299
placebo_seen_only,0.25,8,xgb,1337,0.26755852842809363,0.0,0.8360530627819802,299
placebo_seen_only,0.5,8,xgb,1337,0.1939799331103679,0.0,0.8694978788354919,299
placebo_seen_only,0.75,8,xgb,1337,0.07692307692307693,0.0,0.9330430293371641,299
placebo_seen_only,1.0,8,xgb,1337,0.0,0.0,0.9865771812080537,299
placebo_seen_only,0.0,9,xgb,1337,0.3076923076923077,0.0,0.7992637651231174,299
placebo_seen_only,0.25,9,xgb,1337,0.3010033444816054,0.0,0.8460865075980337,299
placebo_seen_only,0.5,9,xgb,1337,0.19732441471571907,0.0,0.8828758052568966,299
placebo_seen_only,0.75,9,xgb,1337,0.08361204013377926,0.0,0.9397319925478664,299
placebo_seen_only,1.0,9,xgb,1337,0.0,0.0,0.9865771812080537,299
placebo_seen_only,0.0,10,xgb,1337,0.34448160535117056,0.0,0.7992637651231174,299
placebo_seen_only,0.25,10,xgb,1337,0.29431438127090304,0.0,0.8460865075980337,299
placebo_seen_only,0.5,10,xgb,1337,0.16387959866220736,0.0,0.9062871764943548,299
placebo_seen_only,0.75,10,xgb,1337,0.09364548494983277,0.0,0.9263540661264618,299
placebo_seen_only,1.0,10,xgb,1337,0.0,0.0,0.9865771812080537,299
placebo_seen_only,0.0,11,xgb,1337,0.3311036789297659,0.0,0.8059527283338197,299
placebo_seen_only,0.25,11,xgb,1337,0.24414715719063546,0.0,0.8594644340194384,299
placebo_seen_only,0.5,11,xgb,1337,0.19063545150501673,0.0,0.8895647684675989,299
placebo_seen_only,0.75,11,xgb,1337,0.0802675585284281,0.0,0.9397319925478664,299
placebo_seen_only,1.0,11,xgb,1337,0.0,0.0,0.9865771812080537,299
placebo_seen_only,0.0,12,xgb,1337,0.34448160535117056,0.0,0.7992637651231174,299
placebo_seen_only,0.25,12,xgb,1337,0.19063545150501673,0.0,0.8761868420461942,299
placebo_seen_only,0.5,12,xgb,1337,0.14715719063545152,0.0,0.9029426948890036,299
placebo_seen_only,0.75,12,xgb,1337,0.07692307692307693,0.0,0.9397319925478664,299
placebo_seen_only,1.0,12,xgb,1337,0.0,0.0,0.9865771812080537,299
placebo_seen_only,0.0,13,xgb,1337,0.34782608695652173,0.0,0.8226751363605755,299
placebo_seen_only,0.25,13,xgb,1337,0.26755852842809363,0.0,0.8460865075980337,299
placebo_seen_only,0.5,13,xgb,1337,0.1605351170568562,0.0,0.9062871764943548,299
placebo_seen_only,0.75,13,xgb,1337,0.06688963210702341,0.0,0.9464209557585689,299
placebo_seen_only,1.0,13,xgb,1337,0.0,0.0,0.9865771812080537,299
placebo_seen_only,0.0,14,xgb,1337,0.391304347826087,0.0,0.812641691544522,299
placebo_seen_only,0.25,14,xgb,1337,0.2809364548494983,0.0,0.8460865075980337,299
placebo_seen_only,0.5,14,xgb,1337,0.1505016722408027,0.0,0.9062871764943548,299
placebo_seen_only,0.75,14,xgb,1337,0.09364548494983277,0.0,0.9430764741532177,299
placebo_seen_only,1.0,14,xgb,1337,0.0,0.0,0.9865771812080537,299
placebo_seen_only,0.0,15,xgb,1337,0.40468227424749165,0.0,0.7959192835177662,299
placebo_seen_only,0.25,15,xgb,1337,0.24749163879598662,0.0,0.8427420259926826,299
placebo_seen_only,0.5,15,xgb,1337,0.18729096989966554,0.0,0.8995982132836524,299
placebo_seen_only,0.75,15,xgb,1337,0.043478260869565216,0.0,0.9597988821799736,299
placebo_seen_only,1.0,15,xgb,1337,0.0,0.0,0.9865771812080537,299
placebo_seen_only,0.0,16,xgb,1337,0.31438127090301005,0.0,0.8092972099391709,299
placebo_seen_only,0.25,16,xgb,1337,0.2809364548494983,0.0,0.8393975443873314,299
placebo_seen_only,0.5,16,xgb,1337,0.21070234113712374,0.0,0.8694978788354919,299
placebo_seen_only,0.75,16,xgb,1337,0.07023411371237458,0.0,0.9464209557585689,299
placebo_seen_only,1.0,16,xgb,1337,0.0,0.0,0.9865771812080537,299
placebo_seen_only,0.0,17,xgb,1337,0.3779264214046823,0.0,0.792574801912415,299
placebo_seen_only,0.25,17,xgb,1337,0.25752508361204013,0.0,0.8494309892033849,299
placebo_seen_only,0.5,17,xgb,1337,0.1605351170568562,0.0,0.9029426948890036,299
placebo_seen_only,0.75,17,xgb,1337,0.07023411371237458,0.0,0.9397319925478664,299
placebo_seen_only,1.0,17,xgb,1337,0.0,0.0,0.9865771812080537,299
placebo_seen_only,0.0,18,xgb,1337,0.38461538461538464,0.0,0.7992637651231174,299
placebo_seen_only,0.25,18,xgb,1337,0.23745819397993312,0.0,0.8594644340194384,299
placebo_seen_only,0.5,18,xgb,1337,0.14715719063545152,0.0,0.8895647684675989,299
placebo_seen_only,0.75,18,xgb,1337,0.0802675585284281,0.0,0.9464209557585689,299
placebo_seen_only,1.0,18,xgb,1337,0.0,0.0,0.9865771812080537,299
placebo_seen_only,0.0,19,xgb,1337,0.4080267558528428,0.0,0.792574801912415,299
placebo_seen_only,0.25,19,xgb,1337,0.25418060200668896,0.0,0.8360530627819802,299
placebo_seen_only,0.5,19,xgb,1337,0.1939799331103679,0.0,0.8694978788354919,299
placebo_seen_only,0.75,19,xgb,1337,0.10367892976588629,0.0,0.9263540661264618,299
placebo_seen_only,1.0,19,xgb,1337,0.0,0.0,0.9865771812080537,299
placebo_seen_only,0.0,0,xgb,2024,0.3612040133779264,0.0,0.7992862113083882,299
placebo_seen_only,0.25,0,xgb,2024,0.2976588628762542,0.0,0.795941729703037,299
placebo_seen_only,0.5,0,xgb,2024,0.1705685618729097,0.0,0.8929316962582209,299
placebo_seen_only,0.75,0,xgb,2024,0.09698996655518395,0.0,0.9430989203384885,299
placebo_seen_only,1.0,0,xgb,2024,0.0,0.0,0.9865771812080537,299
placebo_seen_only,0.0,1,xgb,2024,0.3277591973244147,0.0,0.7825638032816323,299
placebo_seen_only,0.25,1,xgb,2024,0.2709030100334448,0.0,0.8126641377297928,299
placebo_seen_only,0.5,1,xgb,2024,0.20066889632107024,0.0,0.8661758434154115,299
placebo_seen_only,0.75,1,xgb,2024,0.10702341137123746,0.0,0.9297209939170837,299
placebo_seen_only,1.0,1,xgb,2024,0.0,0.0,0.9865771812080537,299
placebo_seen_only,0.0,2,xgb,2024,0.3979933110367893,0.0,0.7658413952548765,299
placebo_seen_only,0.25,2,xgb,2024,0.26421404682274247,0.0,0.8327310273618999,299
placebo_seen_only,0.5,2,xgb,2024,0.1939799331103679,0.0,0.8862427330475185,299
placebo_seen_only,0.75,2,xgb,2024,0.09698996655518395,0.0,0.9397544387331374,299
placebo_seen_only,1.0,2,xgb,2024,0.0,0.0,0.9865771812080537,299
placebo_seen_only,0.0,3,xgb,2024,0.3745819397993311,0.0,0.77587484007093,299
placebo_seen_only,0.25,3,xgb,2024,0.3177257525083612,0.0,0.7925972480976858,299
placebo_seen_only,0.5,3,xgb,2024,0.19732441471571907,0.0,0.876209288231465,299
placebo_seen_only,0.75,3,xgb,2024,0.09364548494983277,0.0,0.9230320307063814,299
placebo_seen_only,1.0,3,xgb,2024,0.0,0.0,0.9865771812080537,299
placebo_seen_only,0.0,4,xgb,2024,0.42474916387959866,0.0,0.7424300240174182,299
placebo_seen_only,0.25,4,xgb,2024,0.28762541806020064,0.0,0.836075508967251,299
placebo_seen_only,0.5,4,xgb,2024,0.1806020066889632,0.0,0.8594868802047092,299
placebo_seen_only,0.75,4,xgb,2024,0.09698996655518395,0.0,0.9230320307063814,299
placebo_seen_only,1.0,4,xgb,2024,0.0,0.0,0.9865771812080537,299
placebo_seen_only,0.0,5,xgb,2024,0.42474916387959866,0.0,0.7457745056227694,299
placebo_seen_only,0.25,5,xgb,2024,0.2842809364548495,0.0,0.8260420641511975,299
placebo_seen_only,0.5,5,xgb,2024,0.1806020066889632,0.0,0.8695203250207627,299
placebo_seen_only,0.75,5,xgb,2024,0.10367892976588629,0.0,0.9263765123117326,299
placebo_seen_only,1.0,5,xgb,2024,0.0,0.0,0.9865771812080537,299
placebo_seen_only,0.0,6,xgb,2024,0.35785953177257523,0.0,0.7658413952548765,299
placebo_seen_only,0.25,6,xgb,2024,0.27424749163879597,0.0,0.836075508967251,299
placebo_seen_only,0.5,6,xgb,2024,0.1939799331103679,0.0,0.8728648066261139,299
placebo_seen_only,0.75,6,xgb,2024,0.08361204013377926,0.0,0.933065475522435,299
placebo_seen_only,1.0,6,xgb,2024,0.0,0.0,0.9865771812080537,299
placebo_seen_only,0.0,7,xgb,2024,0.38461538461538464,0.0,0.7859082848869835,299
placebo_seen_only,0.25,7,xgb,2024,0.2709030100334448,0.0,0.816008619335144,299
placebo_seen_only,0.5,7,xgb,2024,0.1939799331103679,0.0,0.8895872146528697,299
placebo_seen_only,0.75,7,xgb,2024,0.10367892976588629,0.0,0.9397544387331374,299
placebo_seen_only,1.0,7,xgb,2024,0.0,0.0,0.9865771812080537,299
placebo_seen_only,0.0,8,xgb,2024,0.35785953177257523,0.0,0.77587484007093,299
placebo_seen_only,0.25,8,xgb,2024,0.3110367892976589,0.0,0.8126641377297928,299
placebo_seen_only,0.5,8,xgb,2024,0.22408026755852842,0.0,0.8527979169940069,299
placebo_seen_only,0.75,8,xgb,2024,0.08361204013377926,0.0,0.9263765123117326,299
placebo_seen_only,1.0,8,xgb,2024,0.0,0.0,0.9865771812080537,299
placebo_seen_only,0.0,9,xgb,2024,0.391304347826087,0.0,0.7457745056227694,299
placebo_seen_only,0.25,9,xgb,2024,0.3110367892976589,0.0,0.8059751745190905,299
placebo_seen_only,0.5,9,xgb,2024,0.21070234113712374,0.0,0.8661758434154115,299
placebo_seen_only,0.75,9,xgb,2024,0.09364548494983277,0.0,0.9364099571277862,299
placebo_seen_only,1.0,9,xgb,2024,0.0,0.0,0.9865771812080537,299
placebo_seen_only,0.0,10,xgb,2024,0.3745819397993311,0.0,0.7658413952548765,299
placebo_seen_only,0.25,10,xgb,2024,0.3110367892976589,0.0,0.8093196561244417,299
placebo_seen_only,0.5,10,xgb,2024,0.21070234113712374,0.0,0.8795537698368162,299
placebo_seen_only,0.75,10,xgb,2024,0.09698996655518395,0.0,0.9297209939170837,299
placebo_seen_only,1.0,10,xgb,2024,0.0,0.0,0.9865771812080537,299
placebo_seen_only,0.0,11,xgb,2024,0.36454849498327757,0.0,0.7558079504388229,299
placebo_seen_only,0.25,11,xgb,2024,0.26755852842809363,0.0,0.8427644721779534,299
placebo_seen_only,0.5,11,xgb,2024,0.20735785953177258,0.0,0.8728648066261139,299
placebo_seen_only,0.75,11,xgb,2024,0.09698996655518395,0.0,0.933065475522435,299
placebo_seen_only,1.0,11,xgb,2024,0.0,0.0,0.9865771812080537,299
placebo_seen_only,0.0,12,xgb,2024,0.3612040133779264,0.0,0.7658413952548765,299
placebo_seen_only,0.25,12,xgb,2024,0.25418060200668896,0.0,0.8394199905726022,299
placebo_seen_only,0.5,12,xgb,2024,0.16722408026755853,0.0,0.896276177863572,299
placebo_seen_only,0.75,12,xgb,2024,0.08361204013377926,0.0,0.9196875491010302,299
placebo_seen_only,1.0,12,xgb,2024,0.0,0.0,0.9865771812080537,299
placebo_seen_only,0.0,13,xgb,2024,0.36789297658862874,0.0,0.7691858768602277,299
placebo_seen_only,0.25,13,xgb,2024,0.3210702341137124,0.0,0.7925972480976858,299
placebo_seen_only,0.5,13,xgb,2024,0.1605351170568562,0.0,0.9029651410742744,299
placebo_seen_only,0.75,13,xgb,2024,0.0903010033444816,0.0,0.9464434019438397,299
placebo_seen_only,1.0,13,xgb,2024,0.0,0.0,0.9865771812080537,299
placebo_seen_only,0.0,14,xgb,2024,0.4013377926421405,0.0,0.7691858768602277,299
placebo_seen_only,0.25,14,xgb,2024,0.3277591973244147,0.0,0.8026306929137393,299
placebo_seen_only,0.5,14,xgb,2024,0.19063545150501673,0.0,0.8862427330475185,299
placebo_seen_only,0.75,14,xgb,2024,0.09364548494983277,0.0,0.933065475522435,299
placebo_seen_only,1.0,14,xgb,2024,0.0,0.0,0.9865771812080537,299
placebo_seen_only,0.0,15,xgb,2024,0.42474916387959866,0.0,0.7457745056227694,299
placebo_seen_only,0.25,15,xgb,2024,0.29431438127090304,0.0,0.816008619335144,299
placebo_seen_only,0.5,15,xgb,2024,0.1939799331103679,0.0,0.8828982514421674,299
placebo_seen_only,0.75,15,xgb,2024,0.07023411371237458,0.0,0.953132365154542,299
placebo_seen_only,1.0,15,xgb,2024,0.0,0.0,0.9865771812080537,299
placebo_seen_only,0.0,16,xgb,2024,0.3712374581939799,0.0,0.759152432044174,299
placebo_seen_only,0.25,16,xgb,2024,0.32441471571906355,0.0,0.7892527664923347,299
placebo_seen_only,0.5,16,xgb,2024,0.2040133779264214,0.0,0.8527979169940069,299
placebo_seen_only,0.75,16,xgb,2024,0.08695652173913043,0.0,0.9364099571277862,299
placebo_seen_only,1.0,16,xgb,2024,0.0,0.0,0.9865771812080537,299
placebo_seen_only,0.0,17,xgb,2024,0.38127090301003347,0.0,0.7524634688334717,299
placebo_seen_only,0.25,17,xgb,2024,0.26421404682274247,0.0,0.8260420641511975,299
placebo_seen_only,0.5,17,xgb,2024,0.15719063545150502,0.0,0.8996206594689232,299
placebo_seen_only,0.75,17,xgb,2024,0.0903010033444816,0.0,0.933065475522435,299
placebo_seen_only,1.0,17,xgb,2024,0.0,0.0,0.9865771812080537,299
placebo_seen_only,0.0,18,xgb,2024,0.36789297658862874,0.0,0.7658413952548765,299
placebo_seen_only,0.25,18,xgb,2024,0.3177257525083612,0.0,0.816008619335144,299
placebo_seen_only,0.5,18,xgb,2024,0.1505016722408027,0.0,0.8828982514421674,299
placebo_seen_only,0.75,18,xgb,2024,0.08361204013377926,0.0,0.9364099571277862,299
placebo_seen_only,1.0,18,xgb,2024,0.0,0.0,0.9865771812080537,299
placebo_seen_only,0.0,19,xgb,2024,0.431438127090301,0.0,0.7457745056227694,299
placebo_seen_only,0.25,19,xgb,2024,0.29431438127090304,0.0,0.8126641377297928,299
placebo_seen_only,0.5,19,xgb,2024,0.20735785953177258,0.0,0.8461089537833045,299
placebo_seen_only,0.75,19,xgb,2024,0.10033444816053512,0.0,0.9230320307063814,299
placebo_seen_only,1.0,19,xgb,2024,0.0,0.0,0.9865771812080537,299
placebo_seen_only,0.0,0,xgb,3407,0.2408026755852843,0.0,0.8394199905726022,299
placebo_seen_only,0.25,0,xgb,3407,0.2040133779264214,0.0,0.8527979169940069,299
placebo_seen_only,0.5,0,xgb,3407,0.11371237458193979,0.0,0.9096541042849767,299
placebo_seen_only,0.75,0,xgb,3407,0.06020066889632107,0.0,0.9497878835491909,299
placebo_seen_only,1.0,0,xgb,3407,0.0,0.0,0.9865996273933245,299
placebo_seen_only,0.0,1,xgb,3407,0.21739130434782608,0.0,0.8461089537833045,299
placebo_seen_only,0.25,1,xgb,3407,0.20066889632107024,0.0,0.8461089537833045,299
placebo_seen_only,0.5,1,xgb,3407,0.15384615384615385,0.0,0.9129985858903279,299
placebo_seen_only,0.75,1,xgb,3407,0.056856187290969896,0.0,0.9564768467598932,299
placebo_seen_only,1.0,1,xgb,3407,0.0,0.0,0.9865771812080537,299
placebo_seen_only,0.0,2,xgb,3407,0.25752508361204013,0.0,0.8226975825458464,299
placebo_seen_only,0.25,2,xgb,3407,0.19063545150501673,0.0,0.8695203250207627,299
placebo_seen_only,0.5,2,xgb,3407,0.13377926421404682,0.0,0.9096541042849767,299
placebo_seen_only,0.75,2,xgb,3407,0.06020066889632107,0.0,0.9497878835491909,299
placebo_seen_only,1.0,2,xgb,3407,0.0,0.0,0.9865771812080537,299
placebo_seen_only,0.0,3,xgb,3407,0.26755852842809363,0.0,0.8226975825458464,299
placebo_seen_only,0.25,3,xgb,3407,0.24414715719063546,0.0,0.8461089537833045,299
placebo_seen_only,0.5,3,xgb,3407,0.1605351170568562,0.0,0.8862427330475185,299
placebo_seen_only,0.75,3,xgb,3407,0.07357859531772576,0.0,0.9464434019438397,299
placebo_seen_only,1.0,3,xgb,3407,0.0,0.0,0.9865771812080537,299
placebo_seen_only,0.0,4,xgb,3407,0.27759197324414714,0.0,0.8093196561244417,299
placebo_seen_only,0.25,4,xgb,3407,0.19732441471571907,0.0,0.8594868802047092,299
placebo_seen_only,0.5,4,xgb,3407,0.14715719063545152,0.0,0.8895872146528697,299
placebo_seen_only,0.75,4,xgb,3407,0.06688963210702341,0.0,0.9397544387331374,299
placebo_seen_only,1.0,4,xgb,3407,0.0,0.0,0.9865771812080537,299
placebo_seen_only,0.0,5,xgb,3407,0.2842809364548495,0.0,0.8059751745190905,299
placebo_seen_only,0.25,5,xgb,3407,0.19732441471571907,0.0,0.8795537698368162,299
placebo_seen_only,0.5,5,xgb,3407,0.12709030100334448,0.0,0.8996206594689232,299
placebo_seen_only,0.75,5,xgb,3407,0.07023411371237458,0.0,0.9297209939170837,299
placebo_seen_only,1.0,5,xgb,3407,0.0,0.0,0.9865771812080537,299
placebo_seen_only,0.0,6,xgb,3407,0.24749163879598662,0.0,0.8226975825458464,299
placebo_seen_only,0.25,6,xgb,3407,0.1806020066889632,0.0,0.8661758434154115,299
placebo_seen_only,0.5,6,xgb,3407,0.15384615384615385,0.0,0.9029651410742744,299
placebo_seen_only,0.75,6,xgb,3407,0.07023411371237458,0.0,0.9464434019438397,299
placebo_seen_only,1.0,6,xgb,3407,0.0,0.0,0.9865771812080537,299
placebo_seen_only,0.0,7,xgb,3407,0.24414715719063546,0.0,0.836075508967251,299
placebo_seen_only,0.25,7,xgb,3407,0.21070234113712374,0.0,0.8461089537833045,299
placebo_seen_only,0.5,7,xgb,3407,0.11036789297658862,0.0,0.9063096226796256,299
placebo_seen_only,0.75,7,xgb,3407,0.06020066889632107,0.0,0.953132365154542,299
placebo_seen_only,1.0,7,xgb,3407,0.0,0.0,0.9865771812080537,299
placebo_seen_only,0.0,8,xgb,3407,0.2508361204013378,0.0,0.8193531009404952,299
placebo_seen_only,0.25,8,xgb,3407,0.21070234113712374,0.0,0.8461089537833045,299
placebo_seen_only,0.5,8,xgb,3407,0.1505016722408027,0.0,0.876209288231465,299
placebo_seen_only,0.75,8,xgb,3407,0.06354515050167224,0.0,0.933065475522435,299
placebo_seen_only,1.0,8,xgb,3407,0.0,0.0,0.9865771812080537,299
placebo_seen_only,0.0,9,xgb,3407,0.2709030100334448,0.0,0.8093196561244417,299
placebo_seen_only,0.25,9,xgb,3407,0.22073578595317725,0.0,0.8527979169940069,299
placebo_seen_only,0.5,9,xgb,3407,0.1505016722408027,0.0,0.8828982514421674,299
placebo_seen_only,0.75,9,xgb,3407,0.05016722408026756,0.0,0.9430989203384885,299
placebo_seen_only,1.0,9,xgb,3407,0.0,0.0,0.9865771812080537,299
placebo_seen_only,0.0,10,xgb,3407,0.26755852842809363,0.0,0.8059751745190905,299
placebo_seen_only,0.25,10,xgb,3407,0.19732441471571907,0.0,0.8661758434154115,299
placebo_seen_only,0.5,10,xgb,3407,0.13043478260869565,0.0,0.9029651410742744,299
placebo_seen_only,0.75,10,xgb,3407,0.08695652173913043,0.0,0.933065475522435,299
placebo_seen_only,1.0,10,xgb,3407,0.0,0.0,0.9865771812080537,299
placebo_seen_only,0.0,11,xgb,3407,0.25752508361204013,0.0,0.8093196561244417,299
placebo_seen_only,0.25,11,xgb,3407,0.18729096989966554,0.0,0.8795537698368162,299
placebo_seen_only,0.5,11,xgb,3407,0.12040133779264214,0.0,0.8996206594689232,299
placebo_seen_only,0.75,11,xgb,3407,0.06354515050167224,0.0,0.9464434019438397,299
placebo_seen_only,1.0,11,xgb,3407,0.0,0.0,0.9865771812080537,299
placebo_seen_only,0.0,12,xgb,3407,0.25418060200668896,0.0,0.8093196561244417,299
placebo_seen_only,0.25,12,xgb,3407,0.1705685618729097,0.0,0.8828982514421674,299
placebo_seen_only,0.5,12,xgb,3407,0.13043478260869565,0.0,0.8996206594689232,299
placebo_seen_only,0.75,12,xgb,3407,0.056856187290969896,0.0,0.9464434019438397,299
placebo_seen_only,1.0,12,xgb,3407,0.0,0.0,0.9865771812080537,299
placebo_seen_only,0.0,13,xgb,3407,0.26421404682274247,0.0,0.8394199905726022,299
placebo_seen_only,0.25,13,xgb,3407,0.2408026755852843,0.0,0.8461089537833045,299
placebo_seen_only,0.5,13,xgb,3407,0.12374581939799331,0.0,0.9163430674956791,299
placebo_seen_only,0.75,13,xgb,3407,0.05016722408026756,0.0,0.9564768467598932,299
placebo_seen_only,1.0,13,xgb,3407,0.0,0.0,0.9899441089986757,299
placebo_seen_only,0.0,14,xgb,3407,0.2976588628762542,0.0,0.8260420641511975,299
placebo_seen_only,0.25,14,xgb,3407,0.22742474916387959,0.0,0.8527979169940069,299
placebo_seen_only,0.5,14,xgb,3407,0.11371237458193979,0.0,0.9096541042849767,299
placebo_seen_only,0.75,14,xgb,3407,0.06688963210702341,0.0,0.9464434019438397,299
placebo_seen_only,1.0,14,xgb,3407,0.0,0.0,0.9865771812080537,299
placebo_seen_only,0.0,15,xgb,3407,0.3010033444816054,0.0,0.7992862113083882,299
placebo_seen_only,0.25,15,xgb,3407,0.20066889632107024,0.0,0.8461089537833045,299
placebo_seen_only,0.5,15,xgb,3407,0.14381270903010032,0.0,0.9096541042849767,299
placebo_seen_only,0.75,15,xgb,3407,0.046822742474916385,0.0,0.9631658099705955,299
placebo_seen_only,1.0,15,xgb,3407,0.0,0.0,0.9865771812080537,299
placebo_seen_only,0.0,16,xgb,3407,0.26421404682274247,0.0,0.8193531009404952,299
placebo_seen_only,0.25,16,xgb,3407,0.23411371237458195,0.0,0.8494534353886557,299
placebo_seen_only,0.5,16,xgb,3407,0.15719063545150502,0.0,0.8929316962582209,299
placebo_seen_only,0.75,16,xgb,3407,0.056856187290969896,0.0,0.9598213283652444,299
placebo_seen_only,1.0,16,xgb,3407,0.0,0.0,0.9865771812080537,299
placebo_seen_only,0.0,17,xgb,3407,0.26421404682274247,0.0,0.8126641377297928,299
placebo_seen_only,0.25,17,xgb,3407,0.21739130434782608,0.0,0.8594868802047092,299
placebo_seen_only,0.5,17,xgb,3407,0.10702341137123746,0.0,0.9196875491010302,299
placebo_seen_only,0.75,17,xgb,3407,0.06020066889632107,0.0,0.9397544387331374,299
placebo_seen_only,1.0,17,xgb,3407,0.0,0.0,0.9865771812080537,299
placebo_seen_only,0.0,18,xgb,3407,0.27424749163879597,0.0,0.8126641377297928,299
placebo_seen_only,0.25,18,xgb,3407,0.1939799331103679,0.0,0.8527979169940069,299
placebo_seen_only,0.5,18,xgb,3407,0.13377926421404682,0.0,0.9029651410742744,299
placebo_seen_only,0.75,18,xgb,3407,0.06688963210702341,0.0,0.9497878835491909,299
placebo_seen_only,1.0,18,xgb,3407,0.0,0.0,0.9865996273933245,299
placebo_seen_only,0.0,19,xgb,3407,0.2809364548494983,0.0,0.816008619335144,299
placebo_seen_only,0.25,19,xgb,3407,0.21070234113712374,0.0,0.836075508967251,299
placebo_seen_only,0.5,19,xgb,3407,0.1605351170568562,0.0,0.8862427330475185,299
placebo_seen_only,0.75,19,xgb,3407,0.07692307692307693,0.0,0.9364099571277862,299
placebo_seen_only,1.0,19,xgb,3407,0.0,0.0,0.9865771812080537,299
placebo_seen_only,0.0,0,xgb,42,0.19732441471571907,0.0,0.8494309892033849,299
placebo_seen_only,0.25,0,xgb,42,0.19732441471571907,0.0,0.8661533972301407,299
placebo_seen_only,0.5,0,xgb,42,0.09364548494983277,0.0,0.9096316580997059,299
placebo_seen_only,0.75,0,xgb,42,0.046822742474916385,0.0,0.9497878835491909,299
placebo_seen_only,1.0,0,xgb,42,0.0,0.0,0.9865771812080537,299
placebo_seen_only,0.0,1,xgb,42,0.20735785953177258,0.0,0.8527754708087361,299
placebo_seen_only,0.25,1,xgb,42,0.16722408026755853,0.0,0.8561199524140872,299
placebo_seen_only,0.5,1,xgb,42,0.12374581939799331,0.0,0.9096316580997059,299
placebo_seen_only,0.75,1,xgb,42,0.06020066889632107,0.0,0.94976543736392,299
placebo_seen_only,1.0,1,xgb,42,0.0,0.0,0.9865771812080537,299
placebo_seen_only,0.0,2,xgb,42,0.2508361204013378,0.0,0.8360530627819802,299
placebo_seen_only,0.25,2,xgb,42,0.17725752508361203,0.0,0.8661533972301407,299
placebo_seen_only,0.5,2,xgb,42,0.11036789297658862,0.0,0.9129761397050571,299
placebo_seen_only,0.75,2,xgb,42,0.05351170568561873,0.0,0.9464434019438397,299
placebo_seen_only,1.0,2,xgb,42,0.0,0.0,0.9865771812080537,299
placebo_seen_only,0.0,3,xgb,42,0.23411371237458195,0.0,0.8427420259926826,299
placebo_seen_only,0.25,3,xgb,42,0.21070234113712374,0.0,0.8561199524140872,299
placebo_seen_only,0.5,3,xgb,42,0.12374581939799331,0.0,0.8929092500729501,299
placebo_seen_only,0.75,3,xgb,42,0.06354515050167224,0.0,0.9363875109425153,299
placebo_seen_only,1.0,3,xgb,42,0.0,0.0,0.9865771812080537,299
placebo_seen_only,0.0,4,xgb,42,0.25752508361204013,0.0,0.8193306547552244,299
placebo_seen_only,0.25,4,xgb,42,0.16722408026755853,0.0,0.8728423604408431,299
placebo_seen_only,0.5,4,xgb,42,0.12040133779264214,0.0,0.8862202868622477,299
placebo_seen_only,0.75,4,xgb,42,0.05016722408026756,0.0,0.933065475522435,299
placebo_seen_only,1.0,4,xgb,42,0.0,0.0,0.9865771812080537,299
placebo_seen_only,0.0,5,xgb,42,0.2508361204013378,0.0,0.8159861731498732,299
placebo_seen_only,0.25,5,xgb,42,0.17391304347826086,0.0,0.8828758052568966,299
placebo_seen_only,0.5,5,xgb,42,0.12374581939799331,0.0,0.8995982132836524,299
placebo_seen_only,0.75,5,xgb,42,0.06688963210702341,0.0,0.9263765123117326,299
placebo_seen_only,1.0,5,xgb,42,0.0,0.0,0.9865771812080537,299
placebo_seen_only,0.0,6,xgb,42,0.22742474916387959,0.0,0.8260196179659267,299
placebo_seen_only,0.25,6,xgb,42,0.15719063545150502,0.0,0.8661533972301407,299
placebo_seen_only,0.5,6,xgb,42,0.12374581939799331,0.0,0.8995982132836524,299
placebo_seen_only,0.75,6,xgb,42,0.05016722408026756,0.0,0.9430989203384885,299
placebo_seen_only,1.0,6,xgb,42,0.0,0.0,0.9865771812080537,299
placebo_seen_only,0.0,7,xgb,42,0.20735785953177258,0.0,0.8494309892033849,299
placebo_seen_only,0.25,7,xgb,42,0.19063545150501673,0.0,0.8494309892033849,299
placebo_seen_only,0.5,7,xgb,42,0.10367892976588629,0.0,0.9129761397050571,299
placebo_seen_only,0.75,7,xgb,42,0.043478260869565216,0.0,0.953132365154542,299
placebo_seen_only,1.0,7,xgb,42,0.0,0.0,0.9865771812080537,299
placebo_seen_only,0.0,8,xgb,42,0.23745819397993312,0.0,0.8293640995712779,299
placebo_seen_only,0.25,8,xgb,42,0.18729096989966554,0.0,0.8460865075980337,299
placebo_seen_only,0.5,8,xgb,42,0.1505016722408027,0.0,0.8828758052568966,299
placebo_seen_only,0.75,8,xgb,42,0.06020066889632107,0.0,0.9364099571277862,299
placebo_seen_only,1.0,8,xgb,42,0.0,0.0,0.9865771812080537,299
placebo_seen_only,0.0,9,xgb,42,0.24414715719063546,0.0,0.8193306547552244,299
placebo_seen_only,0.25,9,xgb,42,0.20066889632107024,0.0,0.8628089156247896,299
placebo_seen_only,0.5,9,xgb,42,0.13712374581939799,0.0,0.8862202868622477,299
placebo_seen_only,0.75,9,xgb,42,0.056856187290969896,0.0,0.9464209557585689,299
placebo_seen_only,1.0,9,xgb,42,0.0,0.0,0.9865771812080537,299
placebo_seen_only,0.0,10,xgb,42,0.23076923076923078,0.0,0.812641691544522,299
placebo_seen_only,0.25,10,xgb,42,0.17391304347826086,0.0,0.8728423604408431,299
placebo_seen_only,0.5,10,xgb,42,0.10367892976588629,0.0,0.9163206213104083,299
placebo_seen_only,0.75,10,xgb,42,0.06354515050167224,0.0,0.9297209939170837,299
placebo_seen_only,1.0,10,xgb,42,0.0,0.0,0.9865771812080537,299
placebo_seen_only,0.0,11,xgb,42,0.23411371237458195,0.0,0.8193306547552244,299
placebo_seen_only,0.25,11,xgb,42,0.1605351170568562,0.0,0.8761868420461942,299
placebo_seen_only,0.5,11,xgb,42,0.13377926421404682,0.0,0.8929092500729501,299
placebo_seen_only,0.75,11,xgb,42,0.06020066889632107,0.0,0.9430764741532177,299
placebo_seen_only,1.0,11,xgb,42,0.0,0.0,0.9865771812080537,299
placebo_seen_only,0.0,12,xgb,42,0.23076923076923078,0.0,0.8260196179659267,299
placebo_seen_only,0.25,12,xgb,42,0.1505016722408027,0.0,0.8862202868622477,299
placebo_seen_only,0.5,12,xgb,42,0.09698996655518395,0.0,0.9096316580997059,299
placebo_seen_only,0.75,12,xgb,42,0.06020066889632107,0.0,0.9397544387331374,299
placebo_seen_only,1.0,12,xgb,42,0.0,0.0,0.9865771812080537,299
placebo_seen_only,0.0,13,xgb,42,0.2140468227424749,0.0,0.8393975443873314,299
placebo_seen_only,0.25,13,xgb,42,0.20735785953177258,0.0,0.8661533972301407,299
placebo_seen_only,0.5,13,xgb,42,0.08695652173913043,0.0,0.9163206213104083,299
placebo_seen_only,0.75,13,xgb,42,0.043478260869565216,0.0,0.953132365154542,299
placebo_seen_only,1.0,13,xgb,42,0.0,0.0,0.9865771812080537,299
placebo_seen_only,0.0,14,xgb,42,0.23411371237458195,0.0,0.832708581176629,299
placebo_seen_only,0.25,14,xgb,42,0.18729096989966554,0.0,0.8828758052568966,299
placebo_seen_only,0.5,14,xgb,42,0.0903010033444816,0.0,0.9096316580997059,299
placebo_seen_only,0.75,14,xgb,42,0.06020066889632107,0.0,0.9430764741532177,299
placebo_seen_only,1.0,14,xgb,42,0.0,0.0,0.9865771812080537,299
placebo_seen_only,0.0,15,xgb,42,0.27424749163879597,0.0,0.8059527283338197,299
placebo_seen_only,0.25,15,xgb,42,0.17725752508361203,0.0,0.8494309892033849,299
placebo_seen_only,0.5,15,xgb,42,0.10702341137123746,0.0,0.9129761397050571,299
placebo_seen_only,0.75,15,xgb,42,0.030100334448160536,0.0,0.9631658099705955,299
placebo_seen_only,1.0,15,xgb,42,0.0,0.0,0.9865771812080537,299
placebo_seen_only,0.0,16,xgb,42,0.22742474916387959,0.0,0.8293640995712779,299
placebo_seen_only,0.25,16,xgb,42,0.19063545150501673,0.0,0.8527754708087361,299
placebo_seen_only,0.5,16,xgb,42,0.13712374581939799,0.0,0.8895647684675989,299
placebo_seen_only,0.75,16,xgb,42,0.056856187290969896,0.0,0.9564544005746224,299
placebo_seen_only,1.0,16,xgb,42,0.0,0.0,0.9865771812080537,299
placebo_seen_only,0.0,17,xgb,42,0.23411371237458195,0.0,0.8159861731498732,299
placebo_seen_only,0.25,17,xgb,42,0.17725752508361203,0.0,0.8694978788354919,299
placebo_seen_only,0.5,17,xgb,42,0.0903010033444816,0.0,0.9196651029157594,299
placebo_seen_only,0.75,17,xgb,42,0.06020066889632107,0.0,0.9464209557585689,299
placebo_seen_only,1.0,17,xgb,42,0.0,0.0,0.9865771812080537,299
placebo_seen_only,0.0,18,xgb,42,0.2608695652173913,0.0,0.8226751363605755,299
placebo_seen_only,0.25,18,xgb,42,0.17391304347826086,0.0,0.8661533972301407,299
placebo_seen_only,0.5,18,xgb,42,0.12040133779264214,0.0,0.8995982132836524,299
placebo_seen_only,0.75,18,xgb,42,0.056856187290969896,0.0,0.94976543736392,299
placebo_seen_only,1.0,18,xgb,42,0.0,0.0,0.9865771812080537,299
placebo_seen_only,0.0,19,xgb,42,0.27424749163879597,0.0,0.8260196179659267,299
placebo_seen_only,0.25,19,xgb,42,0.19063545150501673,0.0,0.8460865075980337,299
placebo_seen_only,0.5,19,xgb,42,0.1505016722408027,0.0,0.8795313236515454,299
placebo_seen_only,0.75,19,xgb,42,0.06688963210702341,0.0,0.9430764741532177,299
placebo_seen_only,1.0,19,xgb,42,0.0,0.0,0.9865771812080537,299
placebo_seen_only,0.0,0,xgb,512,0.33444816053511706,0.0,0.836075508967251,299
placebo_seen_only,0.25,0,xgb,512,0.23411371237458195,0.0,0.8527979169940069,299
placebo_seen_only,0.5,0,xgb,512,0.18394648829431437,0.0,0.9163430674956791,299
placebo_seen_only,0.75,0,xgb,512,0.06020066889632107,0.0,0.953132365154542,299
placebo_seen_only,1.0,0,xgb,512,0.0,0.0,0.9865771812080537,299
placebo_seen_only,0.0,1,xgb,512,0.2809364548494983,0.0,0.8461089537833045,299
placebo_seen_only,0.25,1,xgb,512,0.2408026755852843,0.0,0.8527979169940069,299
placebo_seen_only,0.5,1,xgb,512,0.17725752508361203,0.0,0.9129985858903279,299
placebo_seen_only,0.75,1,xgb,512,0.06354515050167224,0.0,0.9497878835491909,299
placebo_seen_only,1.0,1,xgb,512,0.0,0.0,0.9865771812080537,299
placebo_seen_only,0.0,2,xgb,512,0.3177257525083612,0.0,0.8226975825458464,299
placebo_seen_only,0.25,2,xgb,512,0.22742474916387959,0.0,0.8628313618100604,299
placebo_seen_only,0.5,2,xgb,512,0.15719063545150502,0.0,0.9163430674956791,299
placebo_seen_only,0.75,2,xgb,512,0.07023411371237458,0.0,0.9464434019438397,299
placebo_seen_only,1.0,2,xgb,512,0.0,0.0,0.9865771812080537,299
placebo_seen_only,0.0,3,xgb,512,0.3377926421404682,0.0,0.8226975825458464,299
placebo_seen_only,0.25,3,xgb,512,0.2842809364548495,0.0,0.8494534353886557,299
placebo_seen_only,0.5,3,xgb,512,0.17725752508361203,0.0,0.8929316962582209,299
placebo_seen_only,0.75,3,xgb,512,0.07357859531772576,0.0,0.9430989203384885,299
placebo_seen_only,1.0,3,xgb,512,0.0,0.0,0.9865771812080537,299
placebo_seen_only,0.0,4,xgb,512,0.3177257525083612,0.0,0.8059751745190905,299
placebo_seen_only,0.25,4,xgb,512,0.23076923076923078,0.0,0.8661758434154115,299
placebo_seen_only,0.5,4,xgb,512,0.17391304347826086,0.0,0.8828982514421674,299
placebo_seen_only,0.75,4,xgb,512,0.07692307692307693,0.0,0.9397544387331374,299
placebo_seen_only,1.0,4,xgb,512,0.0,0.0,0.9865771812080537,299
placebo_seen_only,0.0,5,xgb,512,0.3377926421404682,0.0,0.8059751745190905,299
placebo_seen_only,0.25,5,xgb,512,0.21739130434782608,0.0,0.8728648066261139,299
placebo_seen_only,0.5,5,xgb,512,0.14046822742474915,0.0,0.8929316962582209,299
placebo_seen_only,0.75,5,xgb,512,0.07357859531772576,0.0,0.9297209939170837,299
placebo_seen_only,1.0,5,xgb,512,0.0,0.0,0.9865771812080537,299
placebo_seen_only,0.0,6,xgb,512,0.30434782608695654,0.0,0.8059751745190905,299
placebo_seen_only,0.25,6,xgb,512,0.25418060200668896,0.0,0.8661758434154115,299
placebo_seen_only,0.5,6,xgb,512,0.18394648829431437,0.0,0.8996206594689232,299
placebo_seen_only,0.75,6,xgb,512,0.0802675585284281,0.0,0.9464434019438397,299
placebo_seen_only,1.0,6,xgb,512,0.0,0.0,0.9865771812080537,299
placebo_seen_only,0.0,7,xgb,512,0.3010033444816054,0.0,0.8327310273618999,299
placebo_seen_only,0.25,7,xgb,512,0.2608695652173913,0.0,0.8527979169940069,299
placebo_seen_only,0.5,7,xgb,512,0.13712374581939799,0.0,0.9196875491010302,299
placebo_seen_only,0.75,7,xgb,512,0.08361204013377926,0.0,0.9564768467598932,299
placebo_seen_only,1.0,7,xgb,512,0.0,0.0,0.9865771812080537,299
placebo_seen_only,0.0,8,xgb,512,0.3076923076923077,0.0,0.8226975825458464,299
placebo_seen_only,0.25,8,xgb,512,0.25418060200668896,0.0,0.8427644721779534,299
placebo_seen_only,0.5,8,xgb,512,0.2040133779264214,0.0,0.8795537698368162,299
placebo_seen_only,0.75,8,xgb,512,0.0903010033444816,0.0,0.9364099571277862,299
placebo_seen_only,1.0,8,xgb,512,0.0,0.0,0.9865771812080537,299
placebo_seen_only,0.0,9,xgb,512,0.32441471571906355,0.0,0.8093196561244417,299
placebo_seen_only,0.25,9,xgb,512,0.23745819397993312,0.0,0.8527979169940069,299
placebo_seen_only,0.5,9,xgb,512,0.1705685618729097,0.0,0.8895872146528697,299
placebo_seen_only,0.75,9,xgb,512,0.07023411371237458,0.0,0.9464434019438397,299
placebo_seen_only,1.0,9,xgb,512,0.0,0.0,0.9865771812080537,299
placebo_seen_only,0.0,10,xgb,512,0.3277591973244147,0.0,0.8059751745190905,299
placebo_seen_only,0.25,10,xgb,512,0.2809364548494983,0.0,0.8527979169940069,299
placebo_seen_only,0.5,10,xgb,512,0.17725752508361203,0.0,0.9129985858903279,299
placebo_seen_only,0.75,10,xgb,512,0.10033444816053512,0.0,0.933065475522435,299
placebo_seen_only,1.0,10,xgb,512,0.0,0.0,0.9865771812080537,299
placebo_seen_only,0.0,11,xgb,512,0.3010033444816054,0.0,0.816008619335144,299
placebo_seen_only,0.25,11,xgb,512,0.2040133779264214,0.0,0.8728648066261139,299
placebo_seen_only,0.5,11,xgb,512,0.15719063545150502,0.0,0.8929316962582209,299
placebo_seen_only,0.75,11,xgb,512,0.07357859531772576,0.0,0.9464434019438397,299
placebo_seen_only,1.0,11,xgb,512,0.0,0.0,0.9865771812080537,299
placebo_seen_only,0.0,12,xgb,512,0.3411371237458194,0.0,0.8126641377297928,299
placebo_seen_only,0.25,12,xgb,512,0.2040133779264214,0.0,0.8828982514421674,299
placebo_seen_only,0.5,12,xgb,512,0.14381270903010032,0.0,0.9096541042849767,299
placebo_seen_only,0.75,12,xgb,512,0.07357859531772576,0.0,0.9464434019438397,299
placebo_seen_only,1.0,12,xgb,512,0.0,0.0,0.9865771812080537,299
placebo_seen_only,0.0,13,xgb,512,0.3511705685618729,0.0,0.8260420641511975,299
placebo_seen_only,0.25,13,xgb,512,0.23411371237458195,0.0,0.8494534353886557,299
placebo_seen_only,0.5,13,xgb,512,0.14046822742474915,0.0,0.9129985858903279,299
placebo_seen_only,0.75,13,xgb,512,0.06354515050167224,0.0,0.9564768467598932,299
placebo_seen_only,1.0,13,xgb,512,0.0,0.0,0.9865771812080537,299
placebo_seen_only,0.0,14,xgb,512,0.3377926421404682,0.0,0.8193531009404952,299
placebo_seen_only,0.25,14,xgb,512,0.26421404682274247,0.0,0.8527979169940069,299
placebo_seen_only,0.5,14,xgb,512,0.14046822742474915,0.0,0.9129985858903279,299
placebo_seen_only,0.75,14,xgb,512,0.08361204013377926,0.0,0.9464434019438397,299
placebo_seen_only,1.0,14,xgb,512,0.0,0.0,0.9865771812080537,299
placebo_seen_only,0.0,15,xgb,512,0.3879598662207358,0.0,0.7992862113083882,299
placebo_seen_only,0.25,15,xgb,512,0.21739130434782608,0.0,0.8494534353886557,299
placebo_seen_only,0.5,15,xgb,512,0.17725752508361203,0.0,0.9096541042849767,299
placebo_seen_only,0.75,15,xgb,512,0.06354515050167224,0.0,0.9665102915759467,299
placebo_seen_only,1.0,15,xgb,512,0.0,0.0,0.9865771812080537,299
placebo_seen_only,0.0,16,xgb,512,0.2709030100334448,0.0,0.8226975825458464,299
placebo_seen_only,0.25,16,xgb,512,0.25418060200668896,0.0,0.8461089537833045,299
placebo_seen_only,0.5,16,xgb,512,0.20066889632107024,0.0,0.8795537698368162,299
placebo_seen_only,0.75,16,xgb,512,0.07692307692307693,0.0,0.953132365154542,299
placebo_seen_only,1.0,16,xgb,512,0.0,0.0,0.9865771812080537,299
placebo_seen_only,0.0,17,xgb,512,0.3277591973244147,0.0,0.8026306929137393,299
placebo_seen_only,0.25,17,xgb,512,0.23745819397993312,0.0,0.8594868802047092,299
placebo_seen_only,0.5,17,xgb,512,0.14046822742474915,0.0,0.9163430674956791,299
placebo_seen_only,0.75,17,xgb,512,0.07692307692307693,0.0,0.9464434019438397,299
placebo_seen_only,1.0,17,xgb,512,0.0,0.0,0.9865771812080537,299
placebo_seen_only,0.0,18,xgb,512,0.30434782608695654,0.0,0.8126641377297928,299
placebo_seen_only,0.25,18,xgb,512,0.23745819397993312,0.0,0.8628313618100604,299
placebo_seen_only,0.5,18,xgb,512,0.14715719063545152,0.0,0.8996206594689232,299
placebo_seen_only,0.75,18,xgb,512,0.0802675585284281,0.0,0.953132365154542,299
placebo_seen_only,1.0,18,xgb,512,0.0,0.0,0.9865771812080537,299
placebo_seen_only,0.0,19,xgb,512,0.36454849498327757,0.0,0.8026306929137393,299
placebo_seen_only,0.25,19,xgb,512,0.22408026755852842,0.0,0.8461089537833045,299
placebo_seen_only,0.5,19,xgb,512,0.17391304347826086,0.0,0.8795537698368162,299
placebo_seen_only,0.75,19,xgb,512,0.11036789297658862,0.0,0.933065475522435,299
placebo_seen_only,1.0,19,xgb,512,0.0,0.0,0.9865771812080537,299
placebo_seen_only,0.0,0,xgb,6021,0.35451505016722407,0.0,0.832708581176629,299
placebo_seen_only,0.25,0,xgb,6021,0.27759197324414714,0.0,0.8460865075980337,299
placebo_seen_only,0.5,0,xgb,6021,0.1939799331103679,0.0,0.9063096226796256,299
placebo_seen_only,0.75,0,xgb,6021,0.08361204013377926,0.0,0.9497878835491909,299
placebo_seen_only,1.0,0,xgb,6021,0.0,0.0,0.9865771812080537,299
placebo_seen_only,0.0,1,xgb,6021,0.3311036789297659,0.0,0.8360530627819802,299
placebo_seen_only,0.25,1,xgb,6021,0.27424749163879597,0.0,0.8393975443873314,299
placebo_seen_only,0.5,1,xgb,6021,0.18394648829431437,0.0,0.9029426948890036,299
placebo_seen_only,0.75,1,xgb,6021,0.06354515050167224,0.0,0.9497878835491909,299
placebo_seen_only,1.0,1,xgb,6021,0.0,0.0,0.9865771812080537,299
placebo_seen_only,0.0,2,xgb,6021,0.26421404682274247,0.0,0.812641691544522,299
placebo_seen_only,0.25,2,xgb,6021,0.27424749163879597,0.0,0.8594868802047092,299
placebo_seen_only,0.5,2,xgb,6021,0.22408026755852842,0.0,0.9062871764943548,299
placebo_seen_only,0.75,2,xgb,6021,0.0802675585284281,0.0,0.9430989203384885,299
placebo_seen_only,1.0,2,xgb,6021,0.0,0.0,0.9865771812080537,299
placebo_seen_only,0.0,3,xgb,6021,0.3879598662207358,0.0,0.8159861731498732,299
placebo_seen_only,0.25,3,xgb,6021,0.3076923076923077,0.0,0.8393975443873314,299
placebo_seen_only,0.5,3,xgb,6021,0.17725752508361203,0.0,0.8828982514421674,299
placebo_seen_only,0.75,3,xgb,6021,0.09364548494983277,0.0,0.933065475522435,299
placebo_seen_only,1.0,3,xgb,6021,0.0,0.0,0.9865771812080537,299
placebo_seen_only,0.0,4,xgb,6021,0.32441471571906355,0.0,0.7992637651231174,299
placebo_seen_only,0.25,4,xgb,6021,0.25752508361204013,0.0,0.8527754708087361,299
placebo_seen_only,0.5,4,xgb,6021,0.17391304347826086,0.0,0.8761868420461942,299
placebo_seen_only,0.75,4,xgb,6021,0.0802675585284281,0.0,0.933065475522435,299
placebo_seen_only,1.0,4,xgb,6021,0.0,0.0,0.9865771812080537,299
placebo_seen_only,0.0,5,xgb,6021,0.4280936454849498,0.0,0.7959192835177662,299
placebo_seen_only,0.25,5,xgb,6021,0.24749163879598662,0.0,0.8661758434154115,299
placebo_seen_only,0.5,5,xgb,6021,0.1605351170568562,0.0,0.8895872146528697,299
placebo_seen_only,0.75,5,xgb,6021,0.08695652173913043,0.0,0.9297209939170837,299
placebo_seen_only,1.0,5,xgb,6021,0.0,0.0,0.9865771812080537,299
placebo_seen_only,0.0,6,xgb,6021,0.36454849498327757,0.0,0.8026306929137393,299
placebo_seen_only,0.25,6,xgb,6021,0.24414715719063546,0.0,0.8594644340194384,299
placebo_seen_only,0.5,6,xgb,6021,0.15719063545150502,0.0,0.8895647684675989,299
placebo_seen_only,0.75,6,xgb,6021,0.08361204013377926,0.0,0.9430989203384885,299
placebo_seen_only,1.0,6,xgb,6021,0.0,0.0,0.9865771812080537,299
placebo_seen_only,0.0,7,xgb,6021,0.26755852842809363,0.0,0.8260196179659267,299
placebo_seen_only,0.25,7,xgb,6021,0.2508361204013378,0.0,0.8494309892033849,299
placebo_seen_only,0.5,7,xgb,6021,0.16722408026755853,0.0,0.9129761397050571,299
placebo_seen_only,0.75,7,xgb,6021,0.06354515050167224,0.0,0.9564768467598932,299
placebo_seen_only,1.0,7,xgb,6021,0.0,0.0,0.9865771812080537,299
placebo_seen_only,0.0,8,xgb,6021,0.33444816053511706,0.0,0.8092972099391709,299
placebo_seen_only,0.25,8,xgb,6021,0.26755852842809363,0.0,0.836075508967251,299
placebo_seen_only,0.5,8,xgb,6021,0.21070234113712374,0.0,0.8695203250207627,299
placebo_seen_only,0.75,8,xgb,6021,0.07357859531772576,0.0,0.933065475522435,299
placebo_seen_only,1.0,8,xgb,6021,0.0,0.0,0.9865771812080537,299
placebo_seen_only,0.0,9,xgb,6021,0.3879598662207358,0.0,0.7992637651231174,299
placebo_seen_only,0.25,9,xgb,6021,0.24414715719063546,0.0,0.8460865075980337,299
placebo_seen_only,0.5,9,xgb,6021,0.18394648829431437,0.0,0.8795537698368162,299
placebo_seen_only,0.75,9,xgb,6021,0.09698996655518395,0.0,0.9430764741532177,299
placebo_seen_only,1.0,9,xgb,6021,0.0,0.0,0.9865771812080537,299
placebo_seen_only,0.0,10,xgb,6021,0.32441471571906355,0.0,0.7992637651231174,299
placebo_seen_only,0.25,10,xgb,6021,0.26755852842809363,0.0,0.8494309892033849,299
placebo_seen_only,0.5,10,xgb,6021,0.1939799331103679,0.0,0.9062871764943548,299
placebo_seen_only,0.75,10,xgb,6021,0.10367892976588629,0.0,0.9297209939170837,299
placebo_seen_only,1.0,10,xgb,6021,0.0,0.0,0.9865771812080537,299
placebo_seen_only,0.0,11,xgb,6021,0.3411371237458194,0.0,0.812641691544522,299
placebo_seen_only,0.25,11,xgb,6021,0.24749163879598662,0.0,0.8628089156247896,299
placebo_seen_only,0.5,11,xgb,6021,0.17391304347826086,0.0,0.8862427330475185,299
placebo_seen_only,0.75,11,xgb,6021,0.08361204013377926,0.0,0.9397544387331374,299
placebo_seen_only,1.0,11,xgb,6021,0.0,0.0,0.9865771812080537,299
placebo_seen_only,0.0,12,xgb,6021,0.36789297658862874,0.0,0.7992637651231174,299
placebo_seen_only,0.25,12,xgb,6021,0.23411371237458195,0.0,0.8761868420461942,299
placebo_seen_only,0.5,12,xgb,6021,0.12709030100334448,0.0,0.9063096226796256,299
placebo_seen_only,0.75,12,xgb,6021,0.07692307692307693,0.0,0.9397544387331374,299
placebo_seen_only,1.0,12,xgb,6021,0.0,0.0,0.9865771812080537,299
placebo_seen_only,0.0,13,xgb,6021,0.3879598662207358,0.0,0.8193306547552244,299
placebo_seen_only,0.25,13,xgb,6021,0.2809364548494983,0.0,0.8460865075980337,299
placebo_seen_only,0.5,13,xgb,6021,0.15719063545150502,0.0,0.9096541042849767,299
placebo_seen_only,0.75,13,xgb,6021,0.07692307692307693,0.0,0.9564768467598932,299
placebo_seen_only,1.0,13,xgb,6021,0.0,0.0,0.9865771812080537,299
placebo_seen_only,0.0,14,xgb,6021,0.411371237458194,0.0,0.8159861731498732,299
placebo_seen_only,0.25,14,xgb,6021,0.2909698996655518,0.0,0.8460865075980337,299
placebo_seen_only,0.5,14,xgb,6021,0.15384615384615385,0.0,0.9063096226796256,299
placebo_seen_only,0.75,14,xgb,6021,0.08361204013377926,0.0,0.9397544387331374,299
placebo_seen_only,1.0,14,xgb,6021,0.0,0.0,0.9865771812080537,299
placebo_seen_only,0.0,15,xgb,6021,0.3979933110367893,0.0,0.7858858387017127,299
placebo_seen_only,0.25,15,xgb,6021,0.23745819397993312,0.0,0.8394199905726022,299
placebo_seen_only,0.5,15,xgb,6021,0.19063545150501673,0.0,0.9029426948890036,299
placebo_seen_only,0.75,15,xgb,6021,0.056856187290969896,0.0,0.9631658099705955,299
placebo_seen_only,1.0,15,xgb,6021,0.0,0.0,0.9865771812080537,299
placebo_seen_only,0.0,16,xgb,6021,0.36789297658862874,0.0,0.8193306547552244,299
placebo_seen_only,0.25,16,xgb,6021,0.3076923076923077,0.0,0.8393975443873314,299
placebo_seen_only,0.5,16,xgb,6021,0.2040133779264214,0.0,0.8761868420461942,299
placebo_seen_only,0.75,16,xgb,6021,0.07357859531772576,0.0,0.953132365154542,299
placebo_seen_only,1.0,16,xgb,6021,0.0,0.0,0.9865771812080537,299
placebo_seen_only,0.0,17,xgb,6021,0.3210702341137124,0.0,0.7959192835177662,299
placebo_seen_only,0.25,17,xgb,6021,0.25752508361204013,0.0,0.8561199524140872,299
placebo_seen_only,0.5,17,xgb,6021,0.16387959866220736,0.0,0.9096541042849767,299
placebo_seen_only,0.75,17,xgb,6021,0.07357859531772576,0.0,0.9397544387331374,299
placebo_seen_only,1.0,17,xgb,6021,0.0,0.0,0.9865771812080537,299
placebo_seen_only,0.0,18,xgb,6021,0.3411371237458194,0.0,0.8026306929137393,299
placebo_seen_only,0.25,18,xgb,6021,0.27424749163879597,0.0,0.8561199524140872,299
placebo_seen_only,0.5,18,xgb,6021,0.16722408026755853,0.0,0.8929316962582209,299
placebo_seen_only,0.75,18,xgb,6021,0.08695652173913043,0.0,0.94976543736392,299
placebo_seen_only,1.0,18,xgb,6021,0.0,0.0,0.9865771812080537,299
placebo_seen_only,0.0,19,xgb,6021,0.4013377926421405,0.0,0.792574801912415,299
placebo_seen_only,0.25,19,xgb,6021,0.2608695652173913,0.0,0.8293640995712779,299
placebo_seen_only,0.5,19,xgb,6021,0.1806020066889632,0.0,0.8795537698368162,299
placebo_seen_only,0.75,19,xgb,6021,0.11036789297658862,0.0,0.9297209939170837,299
placebo_seen_only,1.0,19,xgb,6021,0.0,0.0,0.9865771812080537,299
placebo_seen_only,0.0,0,xgb,7,0.1939799331103679,0.0,0.8093196561244417,299
placebo_seen_only,0.25,0,xgb,7,0.17725752508361203,0.0,0.8260420641511975,299
placebo_seen_only,0.5,0,xgb,7,0.09698996655518395,0.0,0.896276177863572,299
placebo_seen_only,0.75,0,xgb,7,0.05351170568561873,0.0,0.9397544387331374,299
placebo_seen_only,1.0,0,xgb,7,0.0,0.0,0.9865771812080537,299
placebo_seen_only,0.0,1,xgb,7,0.2040133779264214,0.0,0.7992862113083882,299
placebo_seen_only,0.25,1,xgb,7,0.16722408026755853,0.0,0.8260420641511975,299
placebo_seen_only,0.5,1,xgb,7,0.11705685618729098,0.0,0.876209288231465,299
placebo_seen_only,0.75,1,xgb,7,0.046822742474916385,0.0,0.9464434019438397,299
placebo_seen_only,1.0,1,xgb,7,0.0,0.0,0.9865771812080537,299
placebo_seen_only,0.0,2,xgb,7,0.21739130434782608,0.0,0.7825638032816323,299
placebo_seen_only,0.25,2,xgb,7,0.15384615384615385,0.0,0.8461089537833045,299
placebo_seen_only,0.5,2,xgb,7,0.10702341137123746,0.0,0.8996206594689232,299
placebo_seen_only,0.75,2,xgb,7,0.046822742474916385,0.0,0.9430989203384885,299
placebo_seen_only,1.0,2,xgb,7,0.0,0.0,0.9865771812080537,299
placebo_seen_only,0.0,3,xgb,7,0.21739130434782608,0.0,0.77587484007093,299
placebo_seen_only,0.25,3,xgb,7,0.2040133779264214,0.0,0.8126641377297928,299
placebo_seen_only,0.5,3,xgb,7,0.13377926421404682,0.0,0.8728648066261139,299
placebo_seen_only,0.75,3,xgb,7,0.056856187290969896,0.0,0.933065475522435,299
placebo_seen_only,1.0,3,xgb,7,0.0,0.0,0.9865771812080537,299
placebo_seen_only,0.0,4,xgb,7,0.23745819397993312,0.0,0.759152432044174,299
placebo_seen_only,0.25,4,xgb,7,0.1605351170568562,0.0,0.836075508967251,299
placebo_seen_only,0.5,4,xgb,7,0.13043478260869565,0.0,0.8594868802047092,299
placebo_seen_only,0.75,4,xgb,7,0.056856187290969896,0.0,0.9297209939170837,299
placebo_seen_only,1.0,4,xgb,7,0.0,0.0,0.9865771812080537,299
placebo_seen_only,0.0,5,xgb,7,0.24749163879598662,0.0,0.7691858768602277,299
placebo_seen_only,0.25,5,xgb,7,0.1505016722408027,0.0,0.8427644721779534,299
placebo_seen_only,0.5,5,xgb,7,0.12040133779264214,0.0,0.8795537698368162,299
placebo_seen_only,0.75,5,xgb,7,0.056856187290969896,0.0,0.9297209939170837,299
placebo_seen_only,1.0,5,xgb,7,0.0,0.0,0.9865771812080537,299
placebo_seen_only,0.0,6,xgb,7,0.21739130434782608,0.0,0.7825638032816323,299
placebo_seen_only,0.25,6,xgb,7,0.1505016722408027,0.0,0.8427644721779534,299
placebo_seen_only,0.5,6,xgb,7,0.11371237458193979,0.0,0.8862427330475185,299
placebo_seen_only,0.75,6,xgb,7,0.05351170568561873,0.0,0.933065475522435,299
placebo_seen_only,1.0,6,xgb,7,0.0,0.0,0.9865771812080537,299
placebo_seen_only,0.0,7,xgb,7,0.21070234113712374,0.0,0.795941729703037,299
placebo_seen_only,0.25,7,xgb,7,0.18729096989966554,0.0,0.8260420641511975,299
placebo_seen_only,0.5,7,xgb,7,0.09698996655518395,0.0,0.896276177863572,299
placebo_seen_only,0.75,7,xgb,7,0.05016722408026756,0.0,0.9464434019438397,299
placebo_seen_only,1.0,7,xgb,7,0.0,0.0,0.9865771812080537,299
placebo_seen_only,0.0,8,xgb,7,0.22073578595317725,0.0,0.7859082848869835,299
placebo_seen_only,0.25,8,xgb,7,0.17391304347826086,0.0,0.8327310273618999,299
placebo_seen_only,0.5,8,xgb,7,0.13377926421404682,0.0,0.856142398599358,299
placebo_seen_only,0.75,8,xgb,7,0.06020066889632107,0.0,0.933065475522435,299
placebo_seen_only,1.0,8,xgb,7,0.0,0.0,0.9865771812080537,299
placebo_seen_only,0.0,9,xgb,7,0.2508361204013378,0.0,0.759152432044174,299
placebo_seen_only,0.25,9,xgb,7,0.18729096989966554,0.0,0.8226975825458464,299
placebo_seen_only,0.5,9,xgb,7,0.12040133779264214,0.0,0.876209288231465,299
placebo_seen_only,0.75,9,xgb,7,0.046822742474916385,0.0,0.9397544387331374,299
placebo_seen_only,1.0,9,xgb,7,0.0,0.0,0.9865771812080537,299
placebo_seen_only,0.0,10,xgb,7,0.22408026755852842,0.0,0.7792193216762812,299
placebo_seen_only,0.25,10,xgb,7,0.17391304347826086,0.0,0.8226975825458464,299
placebo_seen_only,0.5,10,xgb,7,0.10367892976588629,0.0,0.8862427330475185,299
placebo_seen_only,0.75,10,xgb,7,0.07357859531772576,0.0,0.9297209939170837,299
placebo_seen_only,1.0,10,xgb,7,0.0,0.0,0.9865771812080537,299
placebo_seen_only,0.0,11,xgb,7,0.23745819397993312,0.0,0.7658413952548765,299
placebo_seen_only,0.25,11,xgb,7,0.15384615384615385,0.0,0.8394199905726022,299
placebo_seen_only,0.5,11,xgb,7,0.12040133779264214,0.0,0.8795537698368162,299
placebo_seen_only,0.75,11,xgb,7,0.06020066889632107,0.0,0.9397544387331374,299
placebo_seen_only,1.0,11,xgb,7,0.0,0.0,0.9865771812080537,299
placebo_seen_only,0.0,12,xgb,7,0.24414715719063546,0.0,0.7624969136495252,299
placebo_seen_only,0.25,12,xgb,7,0.14715719063545152,0.0,0.856142398599358,299
placebo_seen_only,0.5,12,xgb,7,0.10033444816053512,0.0,0.9029651410742744,299
placebo_seen_only,0.75,12,xgb,7,0.056856187290969896,0.0,0.9297209939170837,299
placebo_seen_only,1.0,12,xgb,7,0.0,0.0,0.9865771812080537,299
placebo_seen_only,0.0,13,xgb,7,0.22073578595317725,0.0,0.7859082848869835,299
placebo_seen_only,0.25,13,xgb,7,0.20735785953177258,0.0,0.8093196561244417,299
placebo_seen_only,0.5,13,xgb,7,0.0802675585284281,0.0,0.9096541042849767,299
placebo_seen_only,0.75,13,xgb,7,0.04013377926421405,0.0,0.9497878835491909,299
placebo_seen_only,1.0,13,xgb,7,0.0,0.0,0.9865771812080537,299
placebo_seen_only,0.0,14,xgb,7,0.22742474916387959,0.0,0.7792193216762812,299
placebo_seen_only,0.25,14,xgb,7,0.19732441471571907,0.0,0.816008619335144,299
placebo_seen_only,0.5,14,xgb,7,0.09364548494983277,0.0,0.9029651410742744,299
placebo_seen_only,0.75,14,xgb,7,0.05016722408026756,0.0,0.9397544387331374,299
placebo_seen_only,1.0,14,xgb,7,0.0,0.0,0.9865771812080537,299
placebo_seen_only,0.0,15,xgb,7,0.2608695652173913,0.0,0.7624969136495252,299
placebo_seen_only,0.25,15,xgb,7,0.17391304347826086,0.0,0.8327310273618999,299
placebo_seen_only,0.5,15,xgb,7,0.11036789297658862,0.0,0.8862427330475185,299
placebo_seen_only,0.75,15,xgb,7,0.03678929765886288,0.0,0.9564768467598932,299
placebo_seen_only,1.0,15,xgb,7,0.0,0.0,0.9865771812080537,299
placebo_seen_only,0.0,16,xgb,7,0.23076923076923078,0.0,0.7725303584655788,299
placebo_seen_only,0.25,16,xgb,7,0.2040133779264214,0.0,0.8059751745190905,299
placebo_seen_only,0.5,16,xgb,7,0.13043478260869565,0.0,0.8628313618100604,299
placebo_seen_only,0.75,16,xgb,7,0.05016722408026756,0.0,0.9430989203384885,299
placebo_seen_only,1.0,16,xgb,7,0.0,0.0,0.9865771812080537,299
placebo_seen_only,0.0,17,xgb,7,0.2408026755852843,0.0,0.7691858768602277,299
placebo_seen_only,0.25,17,xgb,7,0.16387959866220736,0.0,0.8293865457565487,299
placebo_seen_only,0.5,17,xgb,7,0.0903010033444816,0.0,0.8996206594689232,299
placebo_seen_only,0.75,17,xgb,7,0.046822742474916385,0.0,0.9397544387331374,299
placebo_seen_only,1.0,17,xgb,7,0.0,0.0,0.9865771812080537,299
placebo_seen_only,0.0,18,xgb,7,0.2408026755852843,0.0,0.77587484007093,299
placebo_seen_only,0.25,18,xgb,7,0.17725752508361203,0.0,0.8293865457565487,299
placebo_seen_only,0.5,18,xgb,7,0.10702341137123746,0.0,0.8862427330475185,299
placebo_seen_only,0.75,18,xgb,7,0.05351170568561873,0.0,0.9364099571277862,299
placebo_seen_only,1.0,18,xgb,7,0.0,0.0,0.9865771812080537,299
placebo_seen_only,0.0,19,xgb,7,0.25418060200668896,0.0,0.7624969136495252,299
placebo_seen_only,0.25,19,xgb,7,0.17391304347826086,0.0,0.8226975825458464,299
placebo_seen_only,0.5,19,xgb,7,0.13712374581939799,0.0,0.8628313618100604,299
placebo_seen_only,0.75,19,xgb,7,0.06354515050167224,0.0,0.9263765123117326,299
placebo_seen_only,1.0,19,xgb,7,0.0,0.0,0.9865771812080537,299
placebo_seen_only,0.0,0,xgb,88,0.3076923076923077,0.0,0.832708581176629,299
placebo_seen_only,0.25,0,xgb,88,0.3076923076923077,0.0,0.8494309892033849,299
placebo_seen_only,0.5,0,xgb,88,0.22073578595317725,0.0,0.9062871764943548,299
placebo_seen_only,0.75,0,xgb,88,0.08361204013377926,0.0,0.9430764741532177,299
placebo_seen_only,1.0,0,xgb,88,0.0,0.0,0.9865771812080537,299
placebo_seen_only,0.0,1,xgb,88,0.3177257525083612,0.0,0.8360530627819802,299
placebo_seen_only,0.25,1,xgb,88,0.2608695652173913,0.0,0.8393975443873314,299
placebo_seen_only,0.5,1,xgb,88,0.21070234113712374,0.0,0.9062871764943548,299
placebo_seen_only,0.75,1,xgb,88,0.10033444816053512,0.0,0.9464209557585689,299
placebo_seen_only,1.0,1,xgb,88,0.0,0.0,0.9865771812080537,299
placebo_seen_only,0.0,2,xgb,88,0.44816053511705684,0.0,0.8159861731498732,299
placebo_seen_only,0.25,2,xgb,88,0.32441471571906355,0.0,0.8594644340194384,299
placebo_seen_only,0.5,2,xgb,88,0.19732441471571907,0.0,0.9096316580997059,299
placebo_seen_only,0.75,2,xgb,88,0.07692307692307693,0.0,0.9397319925478664,299
placebo_seen_only,1.0,2,xgb,88,0.0,0.0,0.9865771812080537,299
placebo_seen_only,0.0,3,xgb,88,0.26755852842809363,0.0,0.8159861731498732,299
placebo_seen_only,0.25,3,xgb,88,0.3177257525083612,0.0,0.8427420259926826,299
placebo_seen_only,0.5,3,xgb,88,0.20735785953177258,0.0,0.8862202868622477,299
placebo_seen_only,0.75,3,xgb,88,0.09698996655518395,0.0,0.9330430293371641,299
placebo_seen_only,1.0,3,xgb,88,0.0,0.0,0.9865771812080537,299
placebo_seen_only,0.0,4,xgb,88,0.391304347826087,0.0,0.7992637651231174,299
placebo_seen_only,0.25,4,xgb,88,0.2909698996655518,0.0,0.8594644340194384,299
placebo_seen_only,0.5,4,xgb,88,0.2040133779264214,0.0,0.8761868420461942,299
placebo_seen_only,0.75,4,xgb,88,0.10702341137123746,0.0,0.9330430293371641,299
placebo_seen_only,1.0,4,xgb,88,0.0,0.0,0.9865771812080537,299
placebo_seen_only,0.0,5,xgb,88,0.41471571906354515,0.0,0.7992637651231174,299
placebo_seen_only,0.25,5,xgb,88,0.27759197324414714,0.0,0.8661533972301407,299
placebo_seen_only,0.5,5,xgb,88,0.22073578595317725,0.0,0.8862202868622477,299
placebo_seen_only,0.75,5,xgb,88,0.09364548494983277,0.0,0.9230095845211106,299
placebo_seen_only,1.0,5,xgb,88,0.0,0.0,0.9865771812080537,299
placebo_seen_only,0.0,6,xgb,88,0.35451505016722407,0.0,0.8026082467284685,299
placebo_seen_only,0.25,6,xgb,88,0.22742474916387959,0.0,0.8594644340194384,299
placebo_seen_only,0.5,6,xgb,88,0.21070234113712374,0.0,0.8962537316783012,299
placebo_seen_only,0.75,6,xgb,88,0.0903010033444816,0.0,0.9397319925478664,299
placebo_seen_only,1.0,6,xgb,88,0.0,0.0,0.9865771812080537,299
placebo_seen_only,0.0,7,xgb,88,0.34782608695652173,0.0,0.8293640995712779,299
placebo_seen_only,0.25,7,xgb,88,0.26755852842809363,0.0,0.8494309892033849,299
placebo_seen_only,0.5,7,xgb,88,0.20066889632107024,0.0,0.9129761397050571,299
placebo_seen_only,0.75,7,xgb,88,0.10367892976588629,0.0,0.9464209557585689,299
placebo_seen_only,1.0,7,xgb,88,0.0,0.0,0.9865771812080537,299
placebo_seen_only,0.0,8,xgb,88,0.411371237458194,0.0,0.8159861731498732,299
placebo_seen_only,0.25,8,xgb,88,0.26755852842809363,0.0,0.8427420259926826,299
placebo_seen_only,0.5,8,xgb,88,0.22073578595317725,0.0,0.8728423604408431,299
placebo_seen_only,0.75,8,xgb,88,0.08695652173913043,0.0,0.9330430293371641,299
placebo_seen_only,1.0,8,xgb,88,0.0,0.0,0.9865771812080537,299
placebo_seen_only,0.0,9,xgb,88,0.38127090301003347,0.0,0.8026082467284685,299
placebo_seen_only,0.25,9,xgb,88,0.3411371237458194,0.0,0.8427420259926826,299
placebo_seen_only,0.5,9,xgb,88,0.23076923076923078,0.0,0.8828758052568966,299
placebo_seen_only,0.75,9,xgb,88,0.10033444816053512,0.0,0.9430764741532177,299
placebo_seen_only,1.0,9,xgb,88,0.0,0.0,0.9865771812080537,299
placebo_seen_only,0.0,10,xgb,88,0.4180602006688963,0.0,0.7992637651231174,299
placebo_seen_only,0.25,10,xgb,88,0.2809364548494983,0.0,0.8494309892033849,299
placebo_seen_only,0.5,10,xgb,88,0.22742474916387959,0.0,0.9062871764943548,299
placebo_seen_only,0.75,10,xgb,88,0.11371237458193979,0.0,0.9263540661264618,299
placebo_seen_only,1.0,10,xgb,88,0.0,0.0,0.9865771812080537,299
placebo_seen_only,0.0,11,xgb,88,0.4013377926421405,0.0,0.8092972099391709,299
placebo_seen_only,0.25,11,xgb,88,0.30434782608695654,0.0,0.8594644340194384,299
placebo_seen_only,0.5,11,xgb,88,0.1939799331103679,0.0,0.8828758052568966,299
placebo_seen_only,0.75,11,xgb,88,0.08361204013377926,0.0,0.9397319925478664,299
placebo_seen_only,1.0,11,xgb,88,0.0,0.0,0.9865771812080537,299
placebo_seen_only,0.0,12,xgb,88,0.3277591973244147,0.0,0.7992637651231174,299
placebo_seen_only,0.25,12,xgb,88,0.20066889632107024,0.0,0.8761868420461942,299
placebo_seen_only,0.5,12,xgb,88,0.1605351170568562,0.0,0.9029426948890036,299
placebo_seen_only,0.75,12,xgb,88,0.0903010033444816,0.0,0.9363875109425153,299
placebo_seen_only,1.0,12,xgb,88,0.0,0.0,0.9865771812080537,299
placebo_seen_only,0.0,13,xgb,88,0.3311036789297659,0.0,0.8226751363605755,299
placebo_seen_only,0.25,13,xgb,88,0.3010033444816054,0.0,0.8494309892033849,299
placebo_seen_only,0.5,13,xgb,88,0.1939799331103679,0.0,0.9096316580997059,299
placebo_seen_only,0.75,13,xgb,88,0.0802675585284281,0.0,0.94976543736392,299
placebo_seen_only,1.0,13,xgb,88,0.0,0.0,0.9865771812080537,299
placebo_seen_only,0.0,14,xgb,88,0.431438127090301,0.0,0.8193306547552244,299
placebo_seen_only,0.25,14,xgb,88,0.3277591973244147,0.0,0.8527754708087361,299
placebo_seen_only,0.5,14,xgb,88,0.14381270903010032,0.0,0.9062871764943548,299
placebo_seen_only,0.75,14,xgb,88,0.08695652173913043,0.0,0.9430764741532177,299
placebo_seen_only,1.0,14,xgb,88,0.0,0.0,0.9865771812080537,299
placebo_seen_only,0.0,15,xgb,88,0.41471571906354515,0.0,0.792574801912415,299
placebo_seen_only,0.25,15,xgb,88,0.24414715719063546,0.0,0.8427420259926826,299
placebo_seen_only,0.5,15,xgb,88,0.18729096989966554,0.0,0.8995982132836524,299
placebo_seen_only,0.75,15,xgb,88,0.07023411371237458,0.0,0.9597988821799736,299
placebo_seen_only,1.0,15,xgb,88,0.0,0.0,0.9865771812080537,299
placebo_seen_only,0.0,16,xgb,88,0.4214046822742475,0.0,0.8159861731498732,299
placebo_seen_only,0.25,16,xgb,88,0.34448160535117056,0.0,0.8393975443873314,299
placebo_seen_only,0.5,16,xgb,88,0.21739130434782608,0.0,0.8761868420461942,299
placebo_seen_only,0.75,16,xgb,88,0.08361204013377926,0.0,0.94976543736392,299
placebo_seen_only,1.0,16,xgb,88,0.0,0.0,0.9865771812080537,299
placebo_seen_only,0.0,17,xgb,88,0.4414715719063545,0.0,0.7992637651231174,299
placebo_seen_only,0.25,17,xgb,88,0.2809364548494983,0.0,0.8561199524140872,299
placebo_seen_only,0.5,17,xgb,88,0.15384615384615385,0.0,0.9096316580997059,299
placebo_seen_only,0.75,17,xgb,88,0.07357859531772576,0.0,0.9397319925478664,299
placebo_seen_only,1.0,17,xgb,88,0.0,0.0,0.9865771812080537,299
placebo_seen_only,0.0,18,xgb,88,0.4180602006688963,0.0,0.8059527283338197,299
placebo_seen_only,0.25,18,xgb,88,0.27424749163879597,0.0,0.8594644340194384,299
placebo_seen_only,0.5,18,xgb,88,0.19063545150501673,0.0,0.8929092500729501,299
placebo_seen_only,0.75,18,xgb,88,0.09698996655518395,0.0,0.9464209557585689,299
placebo_seen_only,1.0,18,xgb,88,0.0,0.0,0.9865771812080537,299
placebo_seen_only,0.0,19,xgb,88,0.40468227424749165,0.0,0.7959192835177662,299
placebo_seen_only,0.25,19,xgb,88,0.27759197324414714,0.0,0.8360530627819802,299
placebo_seen_only,0.5,19,xgb,88,0.18394648829431437,0.0,0.8728423604408431,299
placebo_seen_only,0.75,19,xgb,88,0.09698996655518395,0.0,0.9296985477318129,299
placebo_seen_only,1.0,19,xgb,88,0.0,0.0,0.9865771812080537,299
placebo_seen_only,0.0,0,xgb,91,0.3110367892976589,0.0,0.8193306547552244,299
placebo_seen_only,0.25,0,xgb,91,0.24414715719063546,0.0,0.8360530627819802,299
placebo_seen_only,0.5,0,xgb,91,0.1505016722408027,0.0,0.8995982132836524,299
placebo_seen_only,0.75,0,xgb,91,0.06354515050167224,0.0,0.9397319925478664,299
placebo_seen_only,1.0,0,xgb,91,0.0,0.0,0.9865771812080537,299
placebo_seen_only,0.0,1,xgb,91,0.3110367892976589,0.0,0.8260196179659267,299
placebo_seen_only,0.25,1,xgb,91,0.22742474916387959,0.0,0.8293640995712779,299
placebo_seen_only,0.5,1,xgb,91,0.1806020066889632,0.0,0.8995982132836524,299
placebo_seen_only,0.75,1,xgb,91,0.0802675585284281,0.0,0.94976543736392,299
placebo_seen_only,1.0,1,xgb,91,0.0,0.0,0.9865771812080537,299
placebo_seen_only,0.0,2,xgb,91,0.3377926421404682,0.0,0.8026082467284685,299
placebo_seen_only,0.25,2,xgb,91,0.24749163879598662,0.0,0.8460865075980337,299
placebo_seen_only,0.5,2,xgb,91,0.1939799331103679,0.0,0.8929092500729501,299
placebo_seen_only,0.75,2,xgb,91,0.06020066889632107,0.0,0.9330430293371641,299
placebo_seen_only,1.0,2,xgb,91,0.0,0.0,0.9865771812080537,299
placebo_seen_only,0.0,3,xgb,91,0.30434782608695654,0.0,0.8059527283338197,299
placebo_seen_only,0.25,3,xgb,91,0.2608695652173913,0.0,0.8159861731498732,299
placebo_seen_only,0.5,3,xgb,91,0.1605351170568562,0.0,0.8795313236515454,299
placebo_seen_only,0.75,3,xgb,91,0.08695652173913043,0.0,0.9230095845211106,299
placebo_seen_only,1.0,3,xgb,91,0.0,0.0,0.9865771812080537,299
placebo_seen_only,0.0,4,xgb,91,0.3377926421404682,0.0,0.7892303203070639,299
placebo_seen_only,0.25,4,xgb,91,0.23745819397993312,0.0,0.8460865075980337,299
placebo_seen_only,0.5,4,xgb,91,0.1705685618729097,0.0,0.8795313236515454,299
placebo_seen_only,0.75,4,xgb,91,0.0802675585284281,0.0,0.9296985477318129,299
placebo_seen_only,1.0,4,xgb,91,0.0,0.0,0.9865771812080537,299
placebo_seen_only,0.0,5,xgb,91,0.35785953177257523,0.0,0.7959192835177662,299
placebo_seen_only,0.25,5,xgb,91,0.2608695652173913,0.0,0.8728423604408431,299
placebo_seen_only,0.5,5,xgb,91,0.15384615384615385,0.0,0.8828758052568966,299
placebo_seen_only,0.75,5,xgb,91,0.0802675585284281,0.0,0.9230095845211106,299
placebo_seen_only,1.0,5,xgb,91,0.0,0.0,0.9865771812080537,299
placebo_seen_only,0.0,6,xgb,91,0.28762541806020064,0.0,0.7959192835177662,299
placebo_seen_only,0.25,6,xgb,91,0.2040133779264214,0.0,0.8561199524140872,299
placebo_seen_only,0.5,6,xgb,91,0.20735785953177258,0.0,0.8862202868622477,299
placebo_seen_only,0.75,6,xgb,91,0.08695652173913043,0.0,0.9363875109425153,299
placebo_seen_only,1.0,6,xgb,91,0.0,0.0,0.9865771812080537,299
placebo_seen_only,0.0,7,xgb,91,0.2909698996655518,0.0,0.8159861731498732,299
placebo_seen_only,0.25,7,xgb,91,0.26421404682274247,0.0,0.8293640995712779,299
placebo_seen_only,0.5,7,xgb,91,0.1505016722408027,0.0,0.9062871764943548,299
placebo_seen_only,0.75,7,xgb,91,0.07023411371237458,0.0,0.9430764741532177,299
placebo_seen_only,1.0,7,xgb,91,0.0,0.0,0.9865771812080537,299
placebo_seen_only,0.0,8,xgb,91,0.33444816053511706,0.0,0.812641691544522,299
placebo_seen_only,0.25,8,xgb,91,0.23745819397993312,0.0,0.8360530627819802,299
placebo_seen_only,0.5,8,xgb,91,0.19063545150501673,0.0,0.8694978788354919,299
placebo_seen_only,0.75,8,xgb,91,0.08361204013377926,0.0,0.9296985477318129,299
placebo_seen_only,1.0,8,xgb,91,0.0,0.0,0.9865771812080537,299
placebo_seen_only,0.0,9,xgb,91,0.3377926421404682,0.0,0.7791968754910104,299
placebo_seen_only,0.25,9,xgb,91,0.27424749163879597,0.0,0.8360530627819802,299
placebo_seen_only,0.5,9,xgb,91,0.17391304347826086,0.0,0.8694978788354919,299
placebo_seen_only,0.75,9,xgb,91,0.07357859531772576,0.0,0.9330430293371641,299
placebo_seen_only,1.0,9,xgb,91,0.0,0.0,0.9865771812080537,299
placebo_seen_only,0.0,10,xgb,91,0.3511705685618729,0.0,0.792574801912415,299
placebo_seen_only,0.25,10,xgb,91,0.26755852842809363,0.0,0.8427420259926826,299
placebo_seen_only,0.5,10,xgb,91,0.17725752508361203,0.0,0.8895647684675989,299
placebo_seen_only,0.75,10,xgb,91,0.08361204013377926,0.0,0.9263540661264618,299
placebo_seen_only,1.0,10,xgb,91,0.0,0.0,0.9865771812080537,299
placebo_seen_only,0.0,11,xgb,91,0.33444816053511706,0.0,0.7959192835177662,299
placebo_seen_only,0.25,11,xgb,91,0.20735785953177258,0.0,0.8527754708087361,299
placebo_seen_only,0.5,11,xgb,91,0.15719063545150502,0.0,0.8862202868622477,299
placebo_seen_only,0.75,11,xgb,91,0.07692307692307693,0.0,0.9330430293371641,299
placebo_seen_only,1.0,11,xgb,91,0.0,0.0,0.9865771812080537,299
placebo_seen_only,0.0,12,xgb,91,0.2842809364548495,0.0,0.7959192835177662,299
placebo_seen_only,0.25,12,xgb,91,0.20066889632107024,0.0,0.8594644340194384,299
placebo_seen_only,0.5,12,xgb,91,0.13043478260869565,0.0,0.8962537316783012,299
placebo_seen_only,0.75,12,xgb,91,0.06020066889632107,0.0,0.9363875109425153,299
placebo_seen_only,1.0,12,xgb,91,0.0,0.0,0.9865771812080537,299
placebo_seen_only,0.0,13,xgb,91,0.3377926421404682,0.0,0.8159861731498732,299
placebo_seen_only,0.25,13,xgb,91,0.23411371237458195,0.0,0.8193306547552244,299
placebo_seen_only,0.5,13,xgb,91,0.16387959866220736,0.0,0.9096316580997059,299
placebo_seen_only,0.75,13,xgb,91,0.07023411371237458,0.0,0.94976543736392,299
placebo_seen_only,1.0,13,xgb,91,0.0,0.0,0.9865771812080537,299
placebo_seen_only,0.0,14,xgb,91,0.3210702341137124,0.0,0.7992637651231174,299
placebo_seen_only,0.25,14,xgb,91,0.2709030100334448,0.0,0.8460865075980337,299
placebo_seen_only,0.5,14,xgb,91,0.14046822742474915,0.0,0.9062871764943548,299
placebo_seen_only,0.75,14,xgb,91,0.10033444816053512,0.0,0.9363875109425153,299
placebo_seen_only,1.0,14,xgb,91,0.0,0.0,0.9865771812080537,299
placebo_seen_only,0.0,15,xgb,91,0.38127090301003347,0.0,0.7825413570963615,299
placebo_seen_only,0.25,15,xgb,91,0.2408026755852843,0.0,0.8360530627819802,299
placebo_seen_only,0.5,15,xgb,91,0.16722408026755853,0.0,0.8929092500729501,299
placebo_seen_only,0.75,15,xgb,91,0.07023411371237458,0.0,0.9597988821799736,299
placebo_seen_only,1.0,15,xgb,91,0.0,0.0,0.9865771812080537,299
placebo_seen_only,0.0,16,xgb,91,0.3177257525083612,0.0,0.8092972099391709,299
placebo_seen_only,0.25,16,xgb,91,0.25418060200668896,0.0,0.8226751363605755,299
placebo_seen_only,0.5,16,xgb,91,0.1705685618729097,0.0,0.8828758052568966,299
placebo_seen_only,0.75,16,xgb,91,0.06688963210702341,0.0,0.9464209557585689,299
placebo_seen_only,1.0,16,xgb,91,0.0,0.0,0.9865771812080537,299
placebo_seen_only,0.0,17,xgb,91,0.2842809364548495,0.0,0.7959192835177662,299
placebo_seen_only,0.25,17,xgb,91,0.2408026755852843,0.0,0.8427420259926826,299
placebo_seen_only,0.5,17,xgb,91,0.14046822742474915,0.0,0.9062871764943548,299
placebo_seen_only,0.75,17,xgb,91,0.0802675585284281,0.0,0.9363875109425153,299
placebo_seen_only,1.0,17,xgb,91,0.0,0.0,0.9865771812080537,299
placebo_seen_only,0.0,18,xgb,91,0.3277591973244147,0.0,0.7992637651231174,299
placebo_seen_only,0.25,18,xgb,91,0.24749163879598662,0.0,0.8494309892033849,299
placebo_seen_only,0.5,18,xgb,91,0.15384615384615385,0.0,0.8929092500729501,299
placebo_seen_only,0.75,18,xgb,91,0.0802675585284281,0.0,0.9397319925478664,299
placebo_seen_only,1.0,18,xgb,91,0.0,0.0,0.9865771812080537,299
placebo_seen_only,0.0,19,xgb,91,0.3177257525083612,0.0,0.7858858387017127,299
placebo_seen_only,0.25,19,xgb,91,0.21739130434782608,0.0,0.8260196179659267,299
placebo_seen_only,0.5,19,xgb,91,0.19732441471571907,0.0,0.8661533972301407,299
placebo_seen_only,0.75,19,xgb,91,0.10702341137123746,0.0,0.9196651029157594,299
placebo_seen_only,1.0,19,xgb,91,0.0,0.0,0.9865771812080537,299
