dataset,arch,class,n_src,n_tgt,q_src,SHC_coverage,undercoverage,median_score_shift,q90_score_shift,score_KS,realization,rung,seed
ciciot2023:rung0.0,mlp,Benign,6299,2393,0.9462,0.9494,0.0006,0.0049,0.0095,0.0359,0,0.0,12345
ciciot2023:rung0.0,mlp,BruteForce,1371,511,0.9909,0.9581,-0.0081,0.0009,-0.0005,0.0447,0,0.0,12345
ciciot2023:rung0.0,mlp,DDoS,68476,25918,0.5,0.9503,-0.0003,0.0,0.0,0.0054,0,0.0,12345
ciciot2023:rung0.0,mlp,DoS,25215,9624,0.5,0.9491,0.0009,-0.0,0.0,0.0103,0,0.0,12345
ciciot2023:rung0.0,mlp,Mirai,18953,7255,0.5,0.9531,-0.0031,0.0,0.0,0.0031,0,0.0,12345
ciciot2023:rung0.0,mlp,Recon,23055,8685,0.698,0.9482,0.0018,0.001,0.0,0.0086,0,0.0,12345
ciciot2023:rung0.0,mlp,Spoofing,12575,4803,0.8816,0.9494,0.0006,0.0,-0.0101,0.0102,0,0.0,12345
ciciot2023:rung0.0,mlp,Web,2135,811,0.9695,0.9559,-0.0059,-0.0057,-0.0096,0.0368,0,0.0,12345
ciciot2023:rung0.0,mlp,Benign,6299,2393,0.935,0.9509,-0.0009,0.0021,-0.0027,0.0228,0,0.0,1337
ciciot2023:rung0.0,mlp,BruteForce,1371,511,0.9908,0.955,-0.005,-0.0126,-0.0004,0.0495,0,0.0,1337
ciciot2023:rung0.0,mlp,DDoS,68476,25918,0.5,0.9516,-0.0016,0.0,0.0,0.0037,0,0.0,1337
ciciot2023:rung0.0,mlp,DoS,25215,9624,0.5,0.9471,0.0029,0.0,0.0,0.0146,0,0.0,1337
ciciot2023:rung0.0,mlp,Mirai,18953,7255,0.5,0.9498,0.0002,0.0,0.0,0.0034,0,0.0,1337
ciciot2023:rung0.0,mlp,Recon,23055,8685,0.6972,0.9472,0.0028,0.0006,0.0,0.0102,0,0.0,1337
ciciot2023:rung0.0,mlp,Spoofing,12575,4803,0.8814,0.9504,-0.0004,0.0,0.0053,0.019,0,0.0,1337
ciciot2023:rung0.0,mlp,Web,2135,811,0.9739,0.9475,0.0025,-0.0117,-0.0048,0.0359,0,0.0,1337
ciciot2023:rung0.0,mlp,Benign,6299,2393,0.9371,0.949,0.001,0.003,-0.0182,0.0272,0,0.0,2024
ciciot2023:rung0.0,mlp,BruteForce,1371,511,0.9919,0.9685,-0.0185,0.0033,-0.0076,0.0521,0,0.0,2024
ciciot2023:rung0.0,mlp,DDoS,68476,25918,0.5,0.9518,-0.0018,0.0,0.0,0.0031,0,0.0,2024
ciciot2023:rung0.0,mlp,DoS,25215,9624,0.5,0.9494,0.0006,0.0,0.0,0.013,0,0.0,2024
ciciot2023:rung0.0,mlp,Mirai,18953,7255,0.5,0.9496,0.0004,0.0,0.0,0.0015,0,0.0,2024
ciciot2023:rung0.0,mlp,Recon,23055,8685,0.7058,0.9498,0.0002,0.0006,0.0,0.0086,0,0.0,2024
ciciot2023:rung0.0,mlp,Spoofing,12575,4803,0.8882,0.9514,-0.0014,0.0,-0.0061,0.0127,0,0.0,2024
ciciot2023:rung0.0,mlp,Web,2135,811,0.9714,0.9436,0.0064,-0.0041,0.0029,0.0166,0,0.0,2024
ciciot2023:rung0.0,mlp,Benign,6299,2393,0.9506,0.9503,-0.0003,-0.0009,-0.0024,0.0262,0,0.0,3407
ciciot2023:rung0.0,mlp,BruteForce,1371,511,0.9923,0.9564,-0.0064,-0.0004,-0.0026,0.0487,0,0.0,3407
ciciot2023:rung0.0,mlp,DDoS,68476,25918,0.5,0.9509,-0.0009,0.0,0.0,0.0031,0,0.0,3407
ciciot2023:rung0.0,mlp,DoS,25215,9624,0.5,0.9498,0.0002,0.0,0.0,0.0097,0,0.0,3407
ciciot2023:rung0.0,mlp,Mirai,18953,7255,0.5,0.9488,0.0012,0.0,0.0,0.0025,0,0.0,3407
ciciot2023:rung0.0,mlp,Recon,23055,8685,0.703,0.9513,-0.0013,0.0003,0.0,0.0075,0,0.0,3407
ciciot2023:rung0.0,mlp,Spoofing,12575,4803,0.8852,0.9548,-0.0048,0.0,-0.0051,0.0126,0,0.0,3407
ciciot2023:rung0.0,mlp,Web,2135,811,0.9747,0.9411,0.0089,-0.0088,-0.0011,0.0355,0,0.0,3407
ciciot2023:rung0.0,mlp,Benign,6299,2393,0.9472,0.9561,-0.0061,0.0038,-0.0016,0.0281,0,0.0,42
ciciot2023:rung0.0,mlp,BruteForce,1371,511,0.989,0.9628,-0.0128,0.0035,-0.0017,0.0296,0,0.0,42
ciciot2023:rung0.0,mlp,DDoS,68476,25918,0.5,0.9513,-0.0013,0.0,0.0,0.0029,0,0.0,42
ciciot2023:rung0.0,mlp,DoS,25215,9624,0.4999,0.9504,-0.0004,0.0,0.0,0.01,0,0.0,42
ciciot2023:rung0.0,mlp,Mirai,18953,7255,0.4999,0.953,-0.003,0.0,0.0,0.0037,0,0.0,42
ciciot2023:rung0.0,mlp,Recon,23055,8685,0.7071,0.9492,0.0008,-0.0,0.0,0.0071,0,0.0,42
ciciot2023:rung0.0,mlp,Spoofing,12575,4803,0.8862,0.951,-0.001,0.0,-0.0171,0.0146,0,0.0,42
ciciot2023:rung0.0,mlp,Web,2135,811,0.9702,0.9539,-0.0039,-0.0061,-0.0015,0.027,0,0.0,42
ciciot2023:rung0.0,mlp,Benign,6299,2393,0.9468,0.9478,0.0022,0.0023,-0.0064,0.0241,0,0.0,512
ciciot2023:rung0.0,mlp,BruteForce,1371,511,0.9914,0.971,-0.021,-0.0124,-0.0009,0.0585,0,0.0,512
ciciot2023:rung0.0,mlp,DDoS,68476,25918,0.5,0.9502,-0.0002,0.0,0.0,0.0054,0,0.0,512
ciciot2023:rung0.0,mlp,DoS,25215,9624,0.4999,0.9506,-0.0006,0.0,0.0,0.009,0,0.0,512
ciciot2023:rung0.0,mlp,Mirai,18953,7255,0.4999,0.9493,0.0007,0.0,0.0,0.0044,0,0.0,512
ciciot2023:rung0.0,mlp,Recon,23055,8685,0.7061,0.9511,-0.0011,0.0002,0.0,0.0103,0,0.0,512
ciciot2023:rung0.0,mlp,Spoofing,12575,4803,0.8845,0.9526,-0.0026,0.0,-0.0014,0.0104,0,0.0,512
ciciot2023:rung0.0,mlp,Web,2135,811,0.9737,0.951,-0.001,-0.0057,-0.0051,0.0305,0,0.0,512
ciciot2023:rung0.0,mlp,Benign,6299,2393,0.9376,0.9552,-0.0052,0.0072,-0.0052,0.0285,0,0.0,6021
ciciot2023:rung0.0,mlp,BruteForce,1371,511,0.9907,0.9775,-0.0275,-0.0237,-0.0068,0.051,0,0.0,6021
ciciot2023:rung0.0,mlp,DDoS,68476,25918,0.5,0.9517,-0.0017,0.0,0.0,0.0022,0,0.0,6021
ciciot2023:rung0.0,mlp,DoS,25215,9624,0.5,0.9512,-0.0012,0.0,0.0,0.0049,0,0.0,6021
ciciot2023:rung0.0,mlp,Mirai,18953,7255,0.5,0.9479,0.0021,0.0,0.0,0.0009,0,0.0,6021
ciciot2023:rung0.0,mlp,Recon,23055,8685,0.6559,0.9473,0.0027,0.0009,0.0,0.0073,0,0.0,6021
ciciot2023:rung0.0,mlp,Spoofing,12575,4803,0.8805,0.9496,0.0004,0.0,-0.0028,0.0152,0,0.0,6021
ciciot2023:rung0.0,mlp,Web,2135,811,0.9706,0.9487,0.0013,0.003,-0.0038,0.0264,0,0.0,6021
ciciot2023:rung0.0,mlp,Benign,6299,2393,0.9438,0.9469,0.0031,-0.0001,0.001,0.0226,0,0.0,7
ciciot2023:rung0.0,mlp,BruteForce,1371,511,0.9927,0.9757,-0.0257,0.0049,-0.0052,0.0542,0,0.0,7
ciciot2023:rung0.0,mlp,DDoS,68476,25918,0.5,0.9496,0.0004,0.0,0.0,0.0039,0,0.0,7
ciciot2023:rung0.0,mlp,DoS,25215,9624,0.5,0.9511,-0.0011,-0.0,0.0,0.0058,0,0.0,7
ciciot2023:rung0.0,mlp,Mirai,18953,7255,0.5,0.9524,-0.0024,0.0,0.0,0.0059,0,0.0,7
ciciot2023:rung0.0,mlp,Recon,23055,8685,0.6773,0.9513,-0.0013,0.0002,-0.0,0.0088,0,0.0,7
ciciot2023:rung0.0,mlp,Spoofing,12575,4803,0.8786,0.9507,-0.0007,0.0,-0.0129,0.0125,0,0.0,7
ciciot2023:rung0.0,mlp,Web,2135,811,0.9775,0.9647,-0.0147,-0.0,-0.0102,0.0307,0,0.0,7
ciciot2023:rung0.0,mlp,Benign,6299,2393,0.9434,0.9528,-0.0028,0.0017,-0.002,0.0323,0,0.0,88
ciciot2023:rung0.0,mlp,BruteForce,1371,511,0.99,0.9679,-0.0179,-0.0085,-0.0052,0.0554,0,0.0,88
ciciot2023:rung0.0,mlp,DDoS,68476,25918,0.5,0.9502,-0.0002,0.0,0.0,0.0046,0,0.0,88
ciciot2023:rung0.0,mlp,DoS,25215,9624,0.4999,0.9522,-0.0022,0.0,0.0,0.0084,0,0.0,88
ciciot2023:rung0.0,mlp,Mirai,18953,7255,0.4999,0.9507,-0.0007,0.0,0.0,0.0016,0,0.0,88
ciciot2023:rung0.0,mlp,Recon,23055,8685,0.6871,0.9493,0.0007,0.0005,0.0,0.0098,0,0.0,88
ciciot2023:rung0.0,mlp,Spoofing,12575,4803,0.8848,0.9525,-0.0025,0.0001,0.011,0.0152,0,0.0,88
ciciot2023:rung0.0,mlp,Web,2135,811,0.9736,0.9625,-0.0125,-0.004,-0.0061,0.025,0,0.0,88
ciciot2023:rung0.0,mlp,Benign,6299,2393,0.944,0.9547,-0.0047,0.0069,-0.0016,0.0264,0,0.0,91
ciciot2023:rung0.0,mlp,BruteForce,1371,511,0.9914,0.9687,-0.0187,-0.0007,-0.002,0.0476,0,0.0,91
ciciot2023:rung0.0,mlp,DDoS,68476,25918,0.5,0.9501,-0.0001,0.0,0.0,0.0049,0,0.0,91
ciciot2023:rung0.0,mlp,DoS,25215,9624,0.4999,0.9501,-0.0001,0.0,0.0,0.0048,0,0.0,91
ciciot2023:rung0.0,mlp,Mirai,18953,7255,0.4999,0.9497,0.0003,0.0,0.0,0.0019,0,0.0,91
ciciot2023:rung0.0,mlp,Recon,23055,8685,0.6895,0.9506,-0.0006,0.0,0.0,0.0087,0,0.0,91
ciciot2023:rung0.0,mlp,Spoofing,12575,4803,0.8837,0.9521,-0.0021,0.0,-0.0079,0.0135,0,0.0,91
ciciot2023:rung0.0,mlp,Web,2135,811,0.9704,0.9483,0.0017,-0.0002,-0.0085,0.0243,0,0.0,91
ciciot2023:rung0.0,rf,Benign,6299,2393,0.934,0.9591,-0.0091,0.0,-0.0313,0.02,0,0.0,12345
ciciot2023:rung0.0,rf,BruteForce,1371,511,0.991,0.9675,-0.0175,-0.0282,-0.0047,0.0666,0,0.0,12345
ciciot2023:rung0.0,rf,DDoS,68476,25918,0.5,0.9485,0.0015,0.0,0.0,0.0011,0,0.0,12345
ciciot2023:rung0.0,rf,DoS,25215,9624,0.5,0.9489,0.0011,0.0,0.0,0.0013,0,0.0,12345
ciciot2023:rung0.0,rf,Mirai,18953,7255,0.5,0.9466,0.0034,0.0,0.0,0.0017,0,0.0,12345
ciciot2023:rung0.0,rf,Recon,23055,8685,0.6647,0.948,0.002,0.0002,0.0,0.0065,0,0.0,12345
ciciot2023:rung0.0,rf,Spoofing,12575,4803,0.8412,0.9542,-0.0042,0.0001,0.0054,0.0224,0,0.0,12345
ciciot2023:rung0.0,rf,Web,2135,811,0.9673,0.9517,-0.0017,-0.0008,0.0067,0.0384,0,0.0,12345
ciciot2023:rung0.0,rf,Benign,6299,2393,0.9388,0.9508,-0.0008,0.0003,-0.0345,0.0166,0,0.0,1337
ciciot2023:rung0.0,rf,BruteForce,1371,511,0.9892,0.9599,-0.0099,-0.0152,-0.0044,0.0569,0,0.0,1337
ciciot2023:rung0.0,rf,DDoS,68476,25918,0.5,0.9504,-0.0004,0.0,0.0,0.0009,0,0.0,1337
ciciot2023:rung0.0,rf,DoS,25215,9624,0.5,0.9519,-0.0019,0.0,0.0,0.0028,0,0.0,1337
ciciot2023:rung0.0,rf,Mirai,18953,7255,0.5,0.9508,-0.0008,0.0,0.0,0.0015,0,0.0,1337
ciciot2023:rung0.0,rf,Recon,23055,8685,0.6425,0.9474,0.0026,0.0002,0.0,0.0084,0,0.0,1337
ciciot2023:rung0.0,rf,Spoofing,12575,4803,0.8372,0.9482,0.0018,0.0002,0.0039,0.0199,0,0.0,1337
ciciot2023:rung0.0,rf,Web,2135,811,0.9627,0.9506,-0.0006,-0.0101,0.0022,0.0306,0,0.0,1337
ciciot2023:rung0.0,rf,Benign,6299,2393,0.9317,0.9561,-0.0061,0.0013,-0.0202,0.0155,0,0.0,2024
ciciot2023:rung0.0,rf,BruteForce,1371,511,0.9881,0.9454,0.0046,-0.0244,-0.0032,0.0566,0,0.0,2024
ciciot2023:rung0.0,rf,DDoS,68476,25918,0.5,0.9511,-0.0011,0.0,0.0,0.0019,0,0.0,2024
ciciot2023:rung0.0,rf,DoS,25215,9624,0.5,0.9501,-0.0001,0.0,0.0,0.0018,0,0.0,2024
ciciot2023:rung0.0,rf,Mirai,18953,7255,0.5,0.9491,0.0009,0.0,0.0,0.0017,0,0.0,2024
ciciot2023:rung0.0,rf,Recon,23055,8685,0.6431,0.9492,0.0008,0.0001,0.0,0.007,0,0.0,2024
ciciot2023:rung0.0,rf,Spoofing,12575,4803,0.8414,0.9477,0.0023,0.0001,0.0041,0.0227,0,0.0,2024
ciciot2023:rung0.0,rf,Web,2135,811,0.9684,0.9547,-0.0047,-0.0015,0.0055,0.0379,0,0.0,2024
ciciot2023:rung0.0,rf,Benign,6299,2393,0.9328,0.9596,-0.0096,0.0005,-0.021,0.0184,0,0.0,3407
ciciot2023:rung0.0,rf,BruteForce,1371,511,0.9888,0.9603,-0.0103,-0.0264,-0.0018,0.0657,0,0.0,3407
ciciot2023:rung0.0,rf,DDoS,68476,25918,0.5,0.9498,0.0002,0.0,0.0,0.0022,0,0.0,3407
ciciot2023:rung0.0,rf,DoS,25215,9624,0.5,0.9526,-0.0026,0.0,0.0,0.0013,0,0.0,3407
ciciot2023:rung0.0,rf,Mirai,18953,7255,0.5,0.9489,0.0011,0.0,0.0,0.0017,0,0.0,3407
ciciot2023:rung0.0,rf,Recon,23055,8685,0.6369,0.9481,0.0019,0.0,0.0,0.0085,0,0.0,3407
ciciot2023:rung0.0,rf,Spoofing,12575,4803,0.8364,0.9493,0.0007,0.0002,0.0093,0.0173,0,0.0,3407
ciciot2023:rung0.0,rf,Web,2135,811,0.9672,0.9538,-0.0038,0.0089,0.0076,0.0354,0,0.0,3407
ciciot2023:rung0.0,rf,Benign,6299,2393,0.9297,0.9545,-0.0045,0.0003,-0.0284,0.0162,0,0.0,42
ciciot2023:rung0.0,rf,BruteForce,1371,511,0.9895,0.9554,-0.0054,-0.0203,-0.0046,0.0531,0,0.0,42
ciciot2023:rung0.0,rf,DDoS,68476,25918,0.5,0.9509,-0.0009,0.0,0.0,0.001,0,0.0,42
ciciot2023:rung0.0,rf,DoS,25215,9624,0.5,0.9496,0.0004,0.0,0.0,0.0021,0,0.0,42
ciciot2023:rung0.0,rf,Mirai,18953,7255,0.5,0.9489,0.0011,0.0,0.0,0.0017,0,0.0,42
ciciot2023:rung0.0,rf,Recon,23055,8685,0.6298,0.9495,0.0005,0.0,0.0,0.0059,0,0.0,42
ciciot2023:rung0.0,rf,Spoofing,12575,4803,0.8401,0.9471,0.0029,0.0002,0.0092,0.0213,0,0.0,42
ciciot2023:rung0.0,rf,Web,2135,811,0.9721,0.9519,-0.0019,-0.0032,0.0062,0.0328,0,0.0,42
ciciot2023:rung0.0,rf,Benign,6299,2393,0.9307,0.9582,-0.0082,-0.0001,-0.0187,0.0132,0,0.0,512
ciciot2023:rung0.0,rf,BruteForce,1371,511,0.9874,0.9638,-0.0138,-0.0235,-0.0036,0.0632,0,0.0,512
ciciot2023:rung0.0,rf,DDoS,68476,25918,0.5,0.9509,-0.0009,0.0,0.0,0.0007,0,0.0,512
ciciot2023:rung0.0,rf,DoS,25215,9624,0.5,0.9511,-0.0011,0.0,0.0,0.0012,0,0.0,512
ciciot2023:rung0.0,rf,Mirai,18953,7255,0.5,0.9497,0.0003,0.0,0.0,0.0027,0,0.0,512
ciciot2023:rung0.0,rf,Recon,23055,8685,0.639,0.9491,0.0009,0.0,0.0,0.0059,0,0.0,512
ciciot2023:rung0.0,rf,Spoofing,12575,4803,0.8329,0.9496,0.0004,0.0,0.0082,0.0194,0,0.0,512
ciciot2023:rung0.0,rf,Web,2135,811,0.9615,0.9392,0.0108,-0.0001,0.0091,0.0438,0,0.0,512
ciciot2023:rung0.0,rf,Benign,6299,2393,0.9255,0.9573,-0.0073,-0.0002,-0.0233,0.022,0,0.0,6021
ciciot2023:rung0.0,rf,BruteForce,1371,511,0.9906,0.9624,-0.0124,-0.0233,-0.0065,0.0596,0,0.0,6021
ciciot2023:rung0.0,rf,DDoS,68476,25918,0.5,0.9511,-0.0011,0.0,0.0,0.0017,0,0.0,6021
ciciot2023:rung0.0,rf,DoS,25215,9624,0.5,0.9483,0.0017,0.0,0.0,0.0026,0,0.0,6021
ciciot2023:rung0.0,rf,Mirai,18953,7255,0.5,0.9506,-0.0006,0.0,0.0,0.002,0,0.0,6021
ciciot2023:rung0.0,rf,Recon,23055,8685,0.652,0.9461,0.0039,0.0001,0.0,0.0094,0,0.0,6021
ciciot2023:rung0.0,rf,Spoofing,12575,4803,0.8333,0.9476,0.0024,0.0002,0.0065,0.0242,0,0.0,6021
ciciot2023:rung0.0,rf,Web,2135,811,0.9662,0.9416,0.0084,-0.0107,0.01,0.0544,0,0.0,6021
ciciot2023:rung0.0,rf,Benign,6299,2393,0.9311,0.955,-0.005,0.0004,-0.0189,0.0174,0,0.0,7
ciciot2023:rung0.0,rf,BruteForce,1371,511,0.9913,0.9634,-0.0134,-0.032,-0.0009,0.0677,0,0.0,7
ciciot2023:rung0.0,rf,DDoS,68476,25918,0.5,0.9494,0.0006,0.0,0.0,0.0025,0,0.0,7
ciciot2023:rung0.0,rf,DoS,25215,9624,0.5,0.9485,0.0015,0.0,0.0,0.0011,0,0.0,7
ciciot2023:rung0.0,rf,Mirai,18953,7255,0.5,0.9499,0.0001,0.0,0.0,0.0015,0,0.0,7
ciciot2023:rung0.0,rf,Recon,23055,8685,0.6374,0.9476,0.0024,0.0001,0.0,0.0067,0,0.0,7
ciciot2023:rung0.0,rf,Spoofing,12575,4803,0.8341,0.9478,0.0022,0.0008,0.0189,0.0202,0,0.0,7
ciciot2023:rung0.0,rf,Web,2135,811,0.9628,0.9419,0.0081,-0.0025,0.0121,0.0416,0,0.0,7
ciciot2023:rung0.0,rf,Benign,6299,2393,0.9347,0.9586,-0.0086,0.0007,-0.0157,0.0123,0,0.0,88
ciciot2023:rung0.0,rf,BruteForce,1371,511,0.9906,0.954,-0.004,-0.0348,-0.0019,0.0626,0,0.0,88
ciciot2023:rung0.0,rf,DDoS,68476,25918,0.5,0.9506,-0.0006,0.0,0.0,0.0005,0,0.0,88
ciciot2023:rung0.0,rf,DoS,25215,9624,0.5,0.952,-0.002,0.0,0.0,0.0017,0,0.0,88
ciciot2023:rung0.0,rf,Mirai,18953,7255,0.5,0.9519,-0.0019,0.0,0.0,0.0018,0,0.0,88
ciciot2023:rung0.0,rf,Recon,23055,8685,0.6538,0.9521,-0.0021,0.0,0.0,0.0056,0,0.0,88
ciciot2023:rung0.0,rf,Spoofing,12575,4803,0.8329,0.9487,0.0013,0.0006,0.0192,0.0249,0,0.0,88
ciciot2023:rung0.0,rf,Web,2135,811,0.9654,0.9488,0.0012,0.0027,0.0099,0.0331,0,0.0,88
ciciot2023:rung0.0,rf,Benign,6299,2393,0.9323,0.952,-0.002,0.0008,-0.0193,0.021,0,0.0,91
ciciot2023:rung0.0,rf,BruteForce,1371,511,0.9899,0.9689,-0.0189,-0.03,-0.0082,0.066,0,0.0,91
ciciot2023:rung0.0,rf,DDoS,68476,25918,0.5,0.9491,0.0009,0.0,0.0,0.0013,0,0.0,91
ciciot2023:rung0.0,rf,DoS,25215,9624,0.5,0.9521,-0.0021,0.0,0.0,0.0025,0,0.0,91
ciciot2023:rung0.0,rf,Mirai,18953,7255,0.5,0.9499,0.0001,0.0,0.0,0.0017,0,0.0,91
ciciot2023:rung0.0,rf,Recon,23055,8685,0.6518,0.9494,0.0006,0.0,0.0,0.0048,0,0.0,91
ciciot2023:rung0.0,rf,Spoofing,12575,4803,0.8353,0.9469,0.0031,0.0002,0.0119,0.0227,0,0.0,91
ciciot2023:rung0.0,rf,Web,2135,811,0.9652,0.9523,-0.0023,-0.0064,0.0113,0.0491,0,0.0,91
ciciot2023:rung0.0,xgb,Benign,6299,2393,0.8944,0.9554,-0.0054,0.0,-0.0189,0.0136,0,0.0,12345
ciciot2023:rung0.0,xgb,BruteForce,1371,511,0.9867,0.9589,-0.0089,0.0,-0.0148,0.0522,0,0.0,12345
ciciot2023:rung0.0,xgb,DDoS,68476,25918,0.5,0.9498,0.0002,0.0,0.0,0.0002,0,0.0,12345
ciciot2023:rung0.0,xgb,DoS,25215,9624,0.5,0.9512,-0.0012,0.0,0.0,0.0007,0,0.0,12345
ciciot2023:rung0.0,xgb,Mirai,18953,7255,0.5,0.95,0.0,0.0,0.0,0.0007,0,0.0,12345
ciciot2023:rung0.0,xgb,Recon,23055,8685,0.599,0.9494,0.0006,0.0,0.0,0.0093,0,0.0,12345
ciciot2023:rung0.0,xgb,Spoofing,12575,4803,0.801,0.9503,-0.0003,0.0,0.0176,0.0166,0,0.0,12345
ciciot2023:rung0.0,xgb,Web,2135,811,0.9606,0.9566,-0.0066,-0.0,0.0047,0.0253,0,0.0,12345
ciciot2023:rung0.0,xgb,Benign,6299,2393,0.8867,0.9491,0.0009,0.0,-0.0055,0.0098,0,0.0,1337
ciciot2023:rung0.0,xgb,BruteForce,1371,511,0.9858,0.9767,-0.0267,0.0,-0.0114,0.0718,0,0.0,1337
ciciot2023:rung0.0,xgb,DDoS,68476,25918,0.5,0.9506,-0.0006,0.0,0.0,0.0002,0,0.0,1337
ciciot2023:rung0.0,xgb,DoS,25215,9624,0.5,0.95,-0.0,0.0,0.0,0.0005,0,0.0,1337
ciciot2023:rung0.0,xgb,Mirai,18953,7255,0.5,0.9489,0.0011,0.0,0.0,0.0003,0,0.0,1337
ciciot2023:rung0.0,xgb,Recon,23055,8685,0.5625,0.9478,0.0022,0.0,0.0,0.0084,0,0.0,1337
ciciot2023:rung0.0,xgb,Spoofing,12575,4803,0.8086,0.9481,0.0019,0.0,0.0155,0.0183,0,0.0,1337
ciciot2023:rung0.0,xgb,Web,2135,811,0.952,0.9543,-0.0043,0.0013,0.0038,0.035,0,0.0,1337
ciciot2023:rung0.0,xgb,Benign,6299,2393,0.8935,0.948,0.002,0.0,0.0111,0.0156,0,0.0,2024
ciciot2023:rung0.0,xgb,BruteForce,1371,511,0.9868,0.963,-0.013,0.0,-0.0065,0.0476,0,0.0,2024
ciciot2023:rung0.0,xgb,DDoS,68476,25918,0.5,0.9502,-0.0002,0.0,0.0,0.0003,0,0.0,2024
ciciot2023:rung0.0,xgb,DoS,25215,9624,0.5,0.9503,-0.0003,0.0,0.0,0.0007,0,0.0,2024
ciciot2023:rung0.0,xgb,Mirai,18953,7255,0.5,0.9487,0.0013,0.0,0.0,0.0004,0,0.0,2024
ciciot2023:rung0.0,xgb,Recon,23055,8685,0.5315,0.9487,0.0013,0.0,0.0,0.0096,0,0.0,2024
ciciot2023:rung0.0,xgb,Spoofing,12575,4803,0.8043,0.955,-0.005,0.0,0.0263,0.0275,0,0.0,2024
ciciot2023:rung0.0,xgb,Web,2135,811,0.9622,0.957,-0.007,0.0001,0.0018,0.0318,0,0.0,2024
ciciot2023:rung0.0,xgb,Benign,6299,2393,0.8885,0.9524,-0.0024,0.0,-0.015,0.0124,0,0.0,3407
ciciot2023:rung0.0,xgb,BruteForce,1371,511,0.9858,0.9571,-0.0071,0.0,-0.0115,0.0469,0,0.0,3407
ciciot2023:rung0.0,xgb,DDoS,68476,25918,0.5,0.9505,-0.0005,0.0,0.0,0.0002,0,0.0,3407
ciciot2023:rung0.0,xgb,DoS,25215,9624,0.5,0.9514,-0.0014,0.0,0.0,0.0009,0,0.0,3407
ciciot2023:rung0.0,xgb,Mirai,18953,7255,0.5,0.9498,0.0002,0.0,0.0,0.0003,0,0.0,3407
ciciot2023:rung0.0,xgb,Recon,23055,8685,0.537,0.9459,0.0041,0.0,0.0,0.0088,0,0.0,3407
ciciot2023:rung0.0,xgb,Spoofing,12575,4803,0.8015,0.9446,0.0054,0.0,0.0161,0.0099,0,0.0,3407
ciciot2023:rung0.0,xgb,Web,2135,811,0.9543,0.9635,-0.0135,0.0,-0.002,0.0346,0,0.0,3407
ciciot2023:rung0.0,xgb,Benign,6299,2393,0.8842,0.9571,-0.0071,0.0,0.0071,0.0151,0,0.0,42
ciciot2023:rung0.0,xgb,BruteForce,1371,511,0.986,0.9601,-0.0101,0.0,-0.012,0.0579,0,0.0,42
ciciot2023:rung0.0,xgb,DDoS,68476,25918,0.5,0.9507,-0.0007,0.0,0.0,0.0002,0,0.0,42
ciciot2023:rung0.0,xgb,DoS,25215,9624,0.5,0.9496,0.0004,0.0,0.0,0.0007,0,0.0,42
ciciot2023:rung0.0,xgb,Mirai,18953,7255,0.5,0.9497,0.0003,0.0,0.0,0.0005,0,0.0,42
ciciot2023:rung0.0,xgb,Recon,23055,8685,0.5644,0.9509,-0.0009,0.0,0.0,0.0124,0,0.0,42
ciciot2023:rung0.0,xgb,Spoofing,12575,4803,0.8067,0.9466,0.0034,0.0,0.0235,0.0188,0,0.0,42
ciciot2023:rung0.0,xgb,Web,2135,811,0.9559,0.9637,-0.0137,0.0007,0.0087,0.0314,0,0.0,42
ciciot2023:rung0.0,xgb,Benign,6299,2393,0.896,0.9555,-0.0055,0.0,-0.009,0.0105,0,0.0,512
ciciot2023:rung0.0,xgb,BruteForce,1371,511,0.9861,0.9622,-0.0122,0.0,-0.0091,0.0423,0,0.0,512
ciciot2023:rung0.0,xgb,DDoS,68476,25918,0.5,0.9497,0.0003,0.0,0.0,0.0003,0,0.0,512
ciciot2023:rung0.0,xgb,DoS,25215,9624,0.5,0.9512,-0.0012,0.0,0.0,0.0004,0,0.0,512
ciciot2023:rung0.0,xgb,Mirai,18953,7255,0.5,0.9512,-0.0012,0.0,0.0,0.0004,0,0.0,512
ciciot2023:rung0.0,xgb,Recon,23055,8685,0.5937,0.9475,0.0025,0.0,0.0,0.0106,0,0.0,512
ciciot2023:rung0.0,xgb,Spoofing,12575,4803,0.8102,0.9467,0.0033,0.0,0.0149,0.0127,0,0.0,512
ciciot2023:rung0.0,xgb,Web,2135,811,0.9503,0.9572,-0.0072,0.0002,0.001,0.0257,0,0.0,512
ciciot2023:rung0.0,xgb,Benign,6299,2393,0.8988,0.9577,-0.0077,0.0,-0.0108,0.0133,0,0.0,6021
ciciot2023:rung0.0,xgb,BruteForce,1371,511,0.9842,0.9603,-0.0103,0.0,-0.0093,0.0533,0,0.0,6021
ciciot2023:rung0.0,xgb,DDoS,68476,25918,0.5,0.9505,-0.0005,0.0,0.0,0.0002,0,0.0,6021
ciciot2023:rung0.0,xgb,DoS,25215,9624,0.5,0.9519,-0.0019,0.0,0.0,0.0005,0,0.0,6021
ciciot2023:rung0.0,xgb,Mirai,18953,7255,0.5,0.9485,0.0015,0.0,0.0,0.0002,0,0.0,6021
ciciot2023:rung0.0,xgb,Recon,23055,8685,0.5533,0.9494,0.0006,0.0,0.0,0.0107,0,0.0,6021
ciciot2023:rung0.0,xgb,Spoofing,12575,4803,0.8044,0.9522,-0.0022,0.0,0.0133,0.0147,0,0.0,6021
ciciot2023:rung0.0,xgb,Web,2135,811,0.9605,0.954,-0.004,0.0003,0.0028,0.0255,0,0.0,6021
ciciot2023:rung0.0,xgb,Benign,6299,2393,0.8972,0.9573,-0.0073,0.0,0.001,0.0136,0,0.0,7
ciciot2023:rung0.0,xgb,BruteForce,1371,511,0.9867,0.9591,-0.0091,0.0,-0.0124,0.0455,0,0.0,7
ciciot2023:rung0.0,xgb,DDoS,68476,25918,0.5,0.9504,-0.0004,0.0,0.0,0.0001,0,0.0,7
ciciot2023:rung0.0,xgb,DoS,25215,9624,0.5,0.9494,0.0006,0.0,0.0,0.0006,0,0.0,7
ciciot2023:rung0.0,xgb,Mirai,18953,7255,0.5,0.9494,0.0006,0.0,0.0,0.0003,0,0.0,7
ciciot2023:rung0.0,xgb,Recon,23055,8685,0.5544,0.9482,0.0018,0.0,0.0,0.0086,0,0.0,7
ciciot2023:rung0.0,xgb,Spoofing,12575,4803,0.7982,0.9511,-0.0011,0.0,0.0214,0.0171,0,0.0,7
ciciot2023:rung0.0,xgb,Web,2135,811,0.9592,0.96,-0.01,0.0003,-0.0129,0.0254,0,0.0,7
ciciot2023:rung0.0,xgb,Benign,6299,2393,0.9018,0.9545,-0.0045,0.0,-0.0072,0.0115,0,0.0,88
ciciot2023:rung0.0,xgb,BruteForce,1371,511,0.9858,0.9536,-0.0036,0.0,-0.0103,0.0398,0,0.0,88
ciciot2023:rung0.0,xgb,DDoS,68476,25918,0.5,0.9496,0.0004,0.0,0.0,0.0003,0,0.0,88
ciciot2023:rung0.0,xgb,DoS,25215,9624,0.5,0.9502,-0.0002,0.0,0.0,0.0006,0,0.0,88
ciciot2023:rung0.0,xgb,Mirai,18953,7255,0.5,0.9499,0.0001,0.0,0.0,0.0004,0,0.0,88
ciciot2023:rung0.0,xgb,Recon,23055,8685,0.5694,0.9489,0.0011,0.0,0.0,0.0079,0,0.0,88
ciciot2023:rung0.0,xgb,Spoofing,12575,4803,0.8015,0.9509,-0.0009,0.0,0.022,0.0262,0,0.0,88
ciciot2023:rung0.0,xgb,Web,2135,811,0.9508,0.9459,0.0041,0.0,-0.002,0.0331,0,0.0,88
ciciot2023:rung0.0,xgb,Benign,6299,2393,0.8856,0.9529,-0.0029,0.0,-0.0286,0.0164,0,0.0,91
ciciot2023:rung0.0,xgb,BruteForce,1371,511,0.985,0.9581,-0.0081,0.0,-0.0084,0.0554,0,0.0,91
ciciot2023:rung0.0,xgb,DDoS,68476,25918,0.5,0.9494,0.0006,0.0,0.0,0.0002,0,0.0,91
ciciot2023:rung0.0,xgb,DoS,25215,9624,0.5,0.9513,-0.0013,0.0,0.0,0.0008,0,0.0,91
ciciot2023:rung0.0,xgb,Mirai,18953,7255,0.5,0.9475,0.0025,0.0,0.0,0.0003,0,0.0,91
ciciot2023:rung0.0,xgb,Recon,23055,8685,0.6058,0.9517,-0.0017,0.0,0.0,0.0104,0,0.0,91
ciciot2023:rung0.0,xgb,Spoofing,12575,4803,0.812,0.9507,-0.0007,0.0,0.0135,0.0263,0,0.0,91
ciciot2023:rung0.0,xgb,Web,2135,811,0.9548,0.947,0.003,0.0013,-0.0004,0.0392,0,0.0,91
ciciot2023:rung0.2,mlp,Benign,6299,2436,0.9462,0.9477,0.0023,-0.0017,-0.0005,0.013,0,0.2,12345
ciciot2023:rung0.2,mlp,BruteForce,1371,520,0.9909,0.9581,-0.0081,0.0021,-0.001,0.0338,0,0.2,12345
ciciot2023:rung0.2,mlp,DDoS,68476,25990,0.5,0.9501,-0.0001,0.0,0.0,0.0027,0,0.2,12345
ciciot2023:rung0.2,mlp,DoS,25215,9527,0.5,0.9506,-0.0006,0.0,-0.0,0.0089,0,0.2,12345
ciciot2023:rung0.2,mlp,Mirai,18953,7057,0.5,0.9505,-0.0005,0.0,0.0,0.0044,0,0.2,12345
ciciot2023:rung0.2,mlp,Recon,23055,8757,0.698,0.9506,-0.0006,0.002,0.0,0.0097,0,0.2,12345
ciciot2023:rung0.2,mlp,Spoofing,12575,4902,0.8816,0.9508,-0.0008,-0.0,-0.0076,0.0099,0,0.2,12345
ciciot2023:rung0.2,mlp,Web,2135,811,0.9695,0.9635,-0.0135,-0.0209,-0.0131,0.0561,0,0.2,12345
ciciot2023:rung0.2,mlp,Benign,6299,2436,0.935,0.9429,0.0071,0.0006,-0.0007,0.0115,0,0.2,1337
ciciot2023:rung0.2,mlp,BruteForce,1371,520,0.9908,0.9646,-0.0146,0.0172,-0.0011,0.0459,0,0.2,1337
ciciot2023:rung0.2,mlp,DDoS,68476,25990,0.5,0.9495,0.0005,0.0,0.0,0.0026,0,0.2,1337
ciciot2023:rung0.2,mlp,DoS,25215,9527,0.5,0.947,0.003,0.0,0.0,0.008,0,0.2,1337
ciciot2023:rung0.2,mlp,Mirai,18953,7057,0.5,0.9497,0.0003,0.0,0.0,0.0037,0,0.2,1337
ciciot2023:rung0.2,mlp,Recon,23055,8757,0.6972,0.9501,-0.0001,0.0014,0.0,0.0151,0,0.2,1337
ciciot2023:rung0.2,mlp,Spoofing,12575,4902,0.8814,0.9518,-0.0018,-0.0001,-0.0019,0.0091,0,0.2,1337
ciciot2023:rung0.2,mlp,Web,2135,811,0.9739,0.9592,-0.0092,-0.0212,-0.0049,0.0535,0,0.2,1337
ciciot2023:rung0.2,mlp,Benign,6299,2436,0.9371,0.9507,-0.0007,-0.0009,0.004,0.0111,0,0.2,2024
ciciot2023:rung0.2,mlp,BruteForce,1371,520,0.9919,0.9554,-0.0054,-0.0005,-0.006,0.0495,0,0.2,2024
ciciot2023:rung0.2,mlp,DDoS,68476,25990,0.5,0.9498,0.0002,0.0,0.0,0.0034,0,0.2,2024
ciciot2023:rung0.2,mlp,DoS,25215,9527,0.5,0.949,0.001,0.0,0.0,0.0069,0,0.2,2024
ciciot2023:rung0.2,mlp,Mirai,18953,7057,0.5,0.9518,-0.0018,0.0,0.0,0.0032,0,0.2,2024
ciciot2023:rung0.2,mlp,Recon,23055,8757,0.7058,0.9522,-0.0022,0.0003,-0.0,0.0079,0,0.2,2024
ciciot2023:rung0.2,mlp,Spoofing,12575,4902,0.8882,0.9521,-0.0021,-0.0,-0.0105,0.0183,0,0.2,2024
ciciot2023:rung0.2,mlp,Web,2135,811,0.9714,0.9613,-0.0113,-0.0061,-0.0052,0.0289,0,0.2,2024
ciciot2023:rung0.2,mlp,Benign,6299,2436,0.9506,0.9495,0.0005,-0.0015,-0.0094,0.0143,0,0.2,3407
ciciot2023:rung0.2,mlp,BruteForce,1371,520,0.9923,0.9563,-0.0063,0.0038,-0.002,0.0378,0,0.2,3407
ciciot2023:rung0.2,mlp,DDoS,68476,25990,0.5,0.9499,0.0001,0.0,0.0,0.0022,0,0.2,3407
ciciot2023:rung0.2,mlp,DoS,25215,9527,0.5,0.9496,0.0004,0.0,0.0,0.0061,0,0.2,3407
ciciot2023:rung0.2,mlp,Mirai,18953,7057,0.5,0.9487,0.0013,0.0,0.0,0.0052,0,0.2,3407
ciciot2023:rung0.2,mlp,Recon,23055,8757,0.703,0.9509,-0.0009,0.0007,0.0,0.0123,0,0.2,3407
ciciot2023:rung0.2,mlp,Spoofing,12575,4902,0.8852,0.9511,-0.0011,-0.0001,-0.0105,0.0105,0,0.2,3407
ciciot2023:rung0.2,mlp,Web,2135,811,0.9747,0.9507,-0.0007,-0.0131,-0.0034,0.0396,0,0.2,3407
ciciot2023:rung0.2,mlp,Benign,6299,2436,0.9472,0.9531,-0.0031,-0.0021,0.0047,0.0136,0,0.2,42
ciciot2023:rung0.2,mlp,BruteForce,1371,520,0.989,0.9575,-0.0075,0.0011,-0.001,0.0296,0,0.2,42
ciciot2023:rung0.2,mlp,DDoS,68476,25990,0.5,0.9499,0.0001,0.0,0.0,0.0034,0,0.2,42
ciciot2023:rung0.2,mlp,DoS,25215,9527,0.4999,0.9518,-0.0018,0.0,-0.0,0.0083,0,0.2,42
ciciot2023:rung0.2,mlp,Mirai,18953,7057,0.4999,0.9506,-0.0006,0.0,0.0,0.009,0,0.2,42
ciciot2023:rung0.2,mlp,Recon,23055,8757,0.7071,0.9459,0.0041,0.0009,0.0,0.0116,0,0.2,42
ciciot2023:rung0.2,mlp,Spoofing,12575,4902,0.8862,0.9547,-0.0047,0.0,-0.0167,0.0216,0,0.2,42
ciciot2023:rung0.2,mlp,Web,2135,811,0.9702,0.9501,-0.0001,-0.0058,0.0001,0.036,0,0.2,42
ciciot2023:rung0.2,mlp,Benign,6299,2436,0.9468,0.954,-0.004,-0.0001,-0.0169,0.0217,0,0.2,512
ciciot2023:rung0.2,mlp,BruteForce,1371,520,0.9914,0.9602,-0.0102,0.0053,-0.0015,0.0395,0,0.2,512
ciciot2023:rung0.2,mlp,DDoS,68476,25990,0.5,0.9491,0.0009,0.0,0.0,0.0032,0,0.2,512
ciciot2023:rung0.2,mlp,DoS,25215,9527,0.4999,0.9512,-0.0012,0.0,-0.0,0.0066,0,0.2,512
ciciot2023:rung0.2,mlp,Mirai,18953,7057,0.4999,0.9532,-0.0032,0.0,0.0,0.0066,0,0.2,512
ciciot2023:rung0.2,mlp,Recon,23055,8757,0.7061,0.9486,0.0014,0.001,0.0,0.0091,0,0.2,512
ciciot2023:rung0.2,mlp,Spoofing,12575,4902,0.8845,0.9535,-0.0035,-0.0001,-0.0116,0.0202,0,0.2,512
ciciot2023:rung0.2,mlp,Web,2135,811,0.9737,0.9575,-0.0075,-0.0068,-0.0018,0.0309,0,0.2,512
ciciot2023:rung0.2,mlp,Benign,6299,2436,0.9376,0.9553,-0.0053,0.0021,-0.0031,0.0164,0,0.2,6021
ciciot2023:rung0.2,mlp,BruteForce,1371,520,0.9907,0.9613,-0.0113,0.0062,-0.0064,0.0373,0,0.2,6021
ciciot2023:rung0.2,mlp,DDoS,68476,25990,0.5,0.9515,-0.0015,0.0,0.0,0.0032,0,0.2,6021
ciciot2023:rung0.2,mlp,DoS,25215,9527,0.5,0.9479,0.0021,0.0,0.0,0.0061,0,0.2,6021
ciciot2023:rung0.2,mlp,Mirai,18953,7057,0.5,0.9504,-0.0004,0.0,0.0,0.0026,0,0.2,6021
ciciot2023:rung0.2,mlp,Recon,23055,8757,0.6559,0.9484,0.0016,0.0017,0.0,0.0134,0,0.2,6021
ciciot2023:rung0.2,mlp,Spoofing,12575,4902,0.8805,0.9488,0.0012,0.0,-0.0027,0.0103,0,0.2,6021
ciciot2023:rung0.2,mlp,Web,2135,811,0.9706,0.9507,-0.0007,-0.0002,-0.0045,0.0258,0,0.2,6021
ciciot2023:rung0.2,mlp,Benign,6299,2436,0.9438,0.9481,0.0019,-0.004,-0.0022,0.0188,0,0.2,7
ciciot2023:rung0.2,mlp,BruteForce,1371,520,0.9927,0.9537,-0.0037,-0.003,-0.0009,0.0329,0,0.2,7
ciciot2023:rung0.2,mlp,DDoS,68476,25990,0.5,0.9496,0.0004,0.0,0.0,0.004,0,0.2,7
ciciot2023:rung0.2,mlp,DoS,25215,9527,0.5,0.9511,-0.0011,-0.0,0.0,0.0072,0,0.2,7
ciciot2023:rung0.2,mlp,Mirai,18953,7057,0.5,0.9503,-0.0003,0.0,0.0,0.004,0,0.2,7
ciciot2023:rung0.2,mlp,Recon,23055,8757,0.6773,0.9488,0.0012,0.0005,-0.0,0.0065,0,0.2,7
ciciot2023:rung0.2,mlp,Spoofing,12575,4902,0.8786,0.9555,-0.0055,-0.0,-0.0063,0.0094,0,0.2,7
ciciot2023:rung0.2,mlp,Web,2135,811,0.9775,0.9605,-0.0105,-0.0202,-0.0118,0.0444,0,0.2,7
ciciot2023:rung0.2,mlp,Benign,6299,2436,0.9434,0.9466,0.0034,-0.0015,-0.0018,0.0195,0,0.2,88
ciciot2023:rung0.2,mlp,BruteForce,1371,520,0.99,0.9573,-0.0073,-0.0069,-0.0002,0.0264,0,0.2,88
ciciot2023:rung0.2,mlp,DDoS,68476,25990,0.5,0.9503,-0.0003,0.0,0.0,0.0048,0,0.2,88
ciciot2023:rung0.2,mlp,DoS,25215,9527,0.4999,0.9502,-0.0002,0.0,0.0,0.0086,0,0.2,88
ciciot2023:rung0.2,mlp,Mirai,18953,7057,0.4999,0.9513,-0.0013,0.0,0.0,0.0059,0,0.2,88
ciciot2023:rung0.2,mlp,Recon,23055,8757,0.6871,0.9519,-0.0019,0.0011,0.0,0.0089,0,0.2,88
ciciot2023:rung0.2,mlp,Spoofing,12575,4902,0.8848,0.953,-0.003,-0.0,-0.0045,0.0131,0,0.2,88
ciciot2023:rung0.2,mlp,Web,2135,811,0.9736,0.9621,-0.0121,-0.0147,-0.0082,0.0456,0,0.2,88
ciciot2023:rung0.2,mlp,Benign,6299,2436,0.944,0.9495,0.0005,0.0022,-0.0068,0.0154,0,0.2,91
ciciot2023:rung0.2,mlp,BruteForce,1371,520,0.9914,0.9702,-0.0202,-0.0073,-0.0019,0.0554,0,0.2,91
ciciot2023:rung0.2,mlp,DDoS,68476,25990,0.5,0.9503,-0.0003,0.0,0.0,0.0033,0,0.2,91
ciciot2023:rung0.2,mlp,DoS,25215,9527,0.4999,0.9527,-0.0027,0.0,0.0,0.0103,0,0.2,91
ciciot2023:rung0.2,mlp,Mirai,18953,7057,0.4999,0.9489,0.0011,0.0,0.0,0.0026,0,0.2,91
ciciot2023:rung0.2,mlp,Recon,23055,8757,0.6895,0.9471,0.0029,0.0013,0.0,0.0138,0,0.2,91
ciciot2023:rung0.2,mlp,Spoofing,12575,4902,0.8837,0.9502,-0.0002,-0.0,-0.0055,0.0074,0,0.2,91
ciciot2023:rung0.2,mlp,Web,2135,811,0.9704,0.9494,0.0006,0.0023,0.0023,0.0225,0,0.2,91
ciciot2023:rung0.2,rf,Benign,6299,2436,0.934,0.9523,-0.0023,-0.0002,-0.0102,0.0146,0,0.2,12345
ciciot2023:rung0.2,rf,BruteForce,1371,520,0.991,0.9602,-0.0102,-0.0123,-0.006,0.0449,0,0.2,12345
ciciot2023:rung0.2,rf,DDoS,68476,25990,0.5,0.9497,0.0003,0.0,0.0,0.0013,0,0.2,12345
ciciot2023:rung0.2,rf,DoS,25215,9527,0.5,0.9528,-0.0028,0.0,0.0,0.0027,0,0.2,12345
ciciot2023:rung0.2,rf,Mirai,18953,7057,0.5,0.9503,-0.0003,0.0,0.0,0.003,0,0.2,12345
ciciot2023:rung0.2,rf,Recon,23055,8757,0.6647,0.9469,0.0031,0.0003,0.0,0.0164,0,0.2,12345
ciciot2023:rung0.2,rf,Spoofing,12575,4902,0.8412,0.9537,-0.0037,0.0,-0.0062,0.0075,0,0.2,12345
ciciot2023:rung0.2,rf,Web,2135,811,0.9673,0.9568,-0.0068,-0.0207,0.0028,0.047,0,0.2,12345
ciciot2023:rung0.2,rf,Benign,6299,2436,0.9388,0.9522,-0.0022,-0.0007,-0.0104,0.0116,0,0.2,1337
ciciot2023:rung0.2,rf,BruteForce,1371,520,0.9892,0.9562,-0.0062,-0.0118,-0.0073,0.045,0,0.2,1337
ciciot2023:rung0.2,rf,DDoS,68476,25990,0.5,0.9494,0.0006,0.0,0.0,0.0009,0,0.2,1337
ciciot2023:rung0.2,rf,DoS,25215,9527,0.5,0.95,0.0,0.0,0.0,0.0032,0,0.2,1337
ciciot2023:rung0.2,rf,Mirai,18953,7057,0.5,0.952,-0.002,0.0,0.0,0.0027,0,0.2,1337
ciciot2023:rung0.2,rf,Recon,23055,8757,0.6425,0.9491,0.0009,0.0003,0.0,0.0134,0,0.2,1337
ciciot2023:rung0.2,rf,Spoofing,12575,4902,0.8372,0.9534,-0.0034,-0.0,-0.002,0.0071,0,0.2,1337
ciciot2023:rung0.2,rf,Web,2135,811,0.9627,0.9525,-0.0025,-0.0193,-0.0012,0.0403,0,0.2,1337
ciciot2023:rung0.2,rf,Benign,6299,2436,0.9317,0.953,-0.003,0.0012,0.0032,0.0171,0,0.2,2024
ciciot2023:rung0.2,rf,BruteForce,1371,520,0.9881,0.9585,-0.0085,-0.0116,-0.0033,0.0435,0,0.2,2024
ciciot2023:rung0.2,rf,DDoS,68476,25990,0.5,0.9507,-0.0007,0.0,0.0,0.0012,0,0.2,2024
ciciot2023:rung0.2,rf,DoS,25215,9527,0.5,0.9516,-0.0016,0.0,0.0,0.0054,0,0.2,2024
ciciot2023:rung0.2,rf,Mirai,18953,7057,0.5,0.9503,-0.0003,0.0,0.0,0.0028,0,0.2,2024
ciciot2023:rung0.2,rf,Recon,23055,8757,0.6431,0.9526,-0.0026,0.0001,0.0,0.0139,0,0.2,2024
ciciot2023:rung0.2,rf,Spoofing,12575,4902,0.8414,0.9538,-0.0038,0.0,-0.009,0.0097,0,0.2,2024
ciciot2023:rung0.2,rf,Web,2135,811,0.9684,0.9602,-0.0102,-0.004,-0.0038,0.0304,0,0.2,2024
ciciot2023:rung0.2,rf,Benign,6299,2436,0.9328,0.9554,-0.0054,0.0002,-0.0062,0.013,0,0.2,3407
ciciot2023:rung0.2,rf,BruteForce,1371,520,0.9888,0.9602,-0.0102,-0.023,-0.002,0.0566,0,0.2,3407
ciciot2023:rung0.2,rf,DDoS,68476,25990,0.5,0.9491,0.0009,0.0,0.0,0.0012,0,0.2,3407
ciciot2023:rung0.2,rf,DoS,25215,9527,0.5,0.9503,-0.0003,0.0,0.0,0.0009,0,0.2,3407
ciciot2023:rung0.2,rf,Mirai,18953,7057,0.5,0.9487,0.0013,0.0,0.0,0.0029,0,0.2,3407
ciciot2023:rung0.2,rf,Recon,23055,8757,0.6369,0.9497,0.0003,0.0,0.0,0.0126,0,0.2,3407
ciciot2023:rung0.2,rf,Spoofing,12575,4902,0.8364,0.9542,-0.0042,-0.0002,-0.0021,0.0095,0,0.2,3407
ciciot2023:rung0.2,rf,Web,2135,811,0.9672,0.9448,0.0052,-0.0064,0.0021,0.0266,0,0.2,3407
ciciot2023:rung0.2,rf,Benign,6299,2436,0.9297,0.9541,-0.0041,-0.0,-0.0174,0.0185,0,0.2,42
ciciot2023:rung0.2,rf,BruteForce,1371,520,0.9895,0.9569,-0.0069,-0.0119,-0.0037,0.0451,0,0.2,42
ciciot2023:rung0.2,rf,DDoS,68476,25990,0.5,0.9489,0.0011,0.0,0.0,0.0005,0,0.2,42
ciciot2023:rung0.2,rf,DoS,25215,9527,0.5,0.9512,-0.0012,0.0,0.0,0.0011,0,0.2,42
ciciot2023:rung0.2,rf,Mirai,18953,7057,0.5,0.9509,-0.0009,0.0,0.0,0.0028,0,0.2,42
ciciot2023:rung0.2,rf,Recon,23055,8757,0.6298,0.9467,0.0033,0.0002,0.0,0.0123,0,0.2,42
ciciot2023:rung0.2,rf,Spoofing,12575,4902,0.8401,0.9534,-0.0034,-0.0001,-0.0049,0.0101,0,0.2,42
ciciot2023:rung0.2,rf,Web,2135,811,0.9721,0.956,-0.006,-0.0078,-0.001,0.0292,0,0.2,42
ciciot2023:rung0.2,rf,Benign,6299,2436,0.9307,0.9539,-0.0039,0.0003,-0.0139,0.0125,0,0.2,512
ciciot2023:rung0.2,rf,BruteForce,1371,520,0.9874,0.9533,-0.0033,-0.0093,-0.0028,0.0377,0,0.2,512
ciciot2023:rung0.2,rf,DDoS,68476,25990,0.5,0.951,-0.001,0.0,0.0,0.001,0,0.2,512
ciciot2023:rung0.2,rf,DoS,25215,9527,0.5,0.953,-0.003,0.0,0.0,0.0019,0,0.2,512
ciciot2023:rung0.2,rf,Mirai,18953,7057,0.5,0.9512,-0.0012,0.0,0.0,0.0031,0,0.2,512
ciciot2023:rung0.2,rf,Recon,23055,8757,0.639,0.9499,0.0001,0.0003,0.0,0.0145,0,0.2,512
ciciot2023:rung0.2,rf,Spoofing,12575,4902,0.8329,0.954,-0.004,-0.0,-0.0091,0.0099,0,0.2,512
ciciot2023:rung0.2,rf,Web,2135,811,0.9615,0.9409,0.0091,-0.016,0.0041,0.0363,0,0.2,512
ciciot2023:rung0.2,rf,Benign,6299,2436,0.9255,0.9534,-0.0034,0.0,-0.0051,0.0125,0,0.2,6021
ciciot2023:rung0.2,rf,BruteForce,1371,520,0.9906,0.9615,-0.0115,-0.0155,-0.0008,0.0421,0,0.2,6021
ciciot2023:rung0.2,rf,DDoS,68476,25990,0.5,0.9502,-0.0002,0.0,0.0,0.0013,0,0.2,6021
ciciot2023:rung0.2,rf,DoS,25215,9527,0.5,0.9529,-0.0029,0.0,0.0,0.0019,0,0.2,6021
ciciot2023:rung0.2,rf,Mirai,18953,7057,0.5,0.9521,-0.0021,0.0,0.0,0.0031,0,0.2,6021
ciciot2023:rung0.2,rf,Recon,23055,8757,0.652,0.9489,0.0011,0.0002,0.0,0.0175,0,0.2,6021
ciciot2023:rung0.2,rf,Spoofing,12575,4902,0.8333,0.9514,-0.0014,-0.0001,-0.0042,0.0077,0,0.2,6021
ciciot2023:rung0.2,rf,Web,2135,811,0.9662,0.9503,-0.0003,-0.0142,-0.006,0.034,0,0.2,6021
ciciot2023:rung0.2,rf,Benign,6299,2436,0.9311,0.95,0.0,0.0001,-0.001,0.0147,0,0.2,7
ciciot2023:rung0.2,rf,BruteForce,1371,520,0.9913,0.9573,-0.0073,-0.0258,0.0004,0.0443,0,0.2,7
ciciot2023:rung0.2,rf,DDoS,68476,25990,0.5,0.9498,0.0002,0.0,0.0,0.0009,0,0.2,7
ciciot2023:rung0.2,rf,DoS,25215,9527,0.5,0.951,-0.001,0.0,0.0,0.0038,0,0.2,7
ciciot2023:rung0.2,rf,Mirai,18953,7057,0.5,0.9516,-0.0016,0.0,0.0,0.0024,0,0.2,7
ciciot2023:rung0.2,rf,Recon,23055,8757,0.6374,0.9477,0.0023,0.0001,0.0,0.0138,0,0.2,7
ciciot2023:rung0.2,rf,Spoofing,12575,4902,0.8341,0.9528,-0.0028,0.0001,-0.0038,0.0082,0,0.2,7
ciciot2023:rung0.2,rf,Web,2135,811,0.9628,0.9465,0.0035,-0.0151,0.0013,0.0245,0,0.2,7
ciciot2023:rung0.2,rf,Benign,6299,2436,0.9347,0.9536,-0.0036,0.0004,-0.0015,0.0109,0,0.2,88
ciciot2023:rung0.2,rf,BruteForce,1371,520,0.9906,0.9471,0.0029,-0.0164,-0.0012,0.0454,0,0.2,88
ciciot2023:rung0.2,rf,DDoS,68476,25990,0.5,0.9488,0.0012,0.0,0.0,0.0012,0,0.2,88
ciciot2023:rung0.2,rf,DoS,25215,9527,0.5,0.9526,-0.0026,0.0,0.0,0.0016,0,0.2,88
ciciot2023:rung0.2,rf,Mirai,18953,7057,0.5,0.9464,0.0036,0.0,0.0,0.0031,0,0.2,88
ciciot2023:rung0.2,rf,Recon,23055,8757,0.6538,0.948,0.002,0.0001,0.0,0.0145,0,0.2,88
ciciot2023:rung0.2,rf,Spoofing,12575,4902,0.8329,0.9504,-0.0004,-0.0001,0.0067,0.012,0,0.2,88
ciciot2023:rung0.2,rf,Web,2135,811,0.9654,0.9514,-0.0014,-0.0201,-0.0005,0.0317,0,0.2,88
ciciot2023:rung0.2,rf,Benign,6299,2436,0.9323,0.9523,-0.0023,0.0006,-0.0113,0.0166,0,0.2,91
ciciot2023:rung0.2,rf,BruteForce,1371,520,0.9899,0.9608,-0.0108,-0.0155,-0.0052,0.0525,0,0.2,91
ciciot2023:rung0.2,rf,DDoS,68476,25990,0.5,0.9513,-0.0013,0.0,0.0,0.0013,0,0.2,91
ciciot2023:rung0.2,rf,DoS,25215,9527,0.5,0.9489,0.0011,0.0,0.0,0.003,0,0.2,91
ciciot2023:rung0.2,rf,Mirai,18953,7057,0.5,0.9489,0.0011,0.0,0.0,0.0026,0,0.2,91
ciciot2023:rung0.2,rf,Recon,23055,8757,0.6518,0.9474,0.0026,0.0001,0.0,0.0123,0,0.2,91
ciciot2023:rung0.2,rf,Spoofing,12575,4902,0.8353,0.9562,-0.0062,0.0,-0.0052,0.0116,0,0.2,91
ciciot2023:rung0.2,rf,Web,2135,811,0.9652,0.9578,-0.0078,-0.0128,0.0015,0.0349,0,0.2,91
ciciot2023:rung0.2,xgb,Benign,6299,2436,0.8944,0.9525,-0.0025,0.0,-0.0056,0.0078,0,0.2,12345
ciciot2023:rung0.2,xgb,BruteForce,1371,520,0.9867,0.9481,0.0019,0.0,-0.0103,0.0526,0,0.2,12345
ciciot2023:rung0.2,xgb,DDoS,68476,25990,0.5,0.9482,0.0018,0.0,0.0,0.0002,0,0.2,12345
ciciot2023:rung0.2,xgb,DoS,25215,9527,0.5,0.9502,-0.0002,0.0,0.0,0.0007,0,0.2,12345
ciciot2023:rung0.2,xgb,Mirai,18953,7057,0.5,0.951,-0.001,0.0,0.0,0.0008,0,0.2,12345
ciciot2023:rung0.2,xgb,Recon,23055,8757,0.599,0.9499,0.0001,0.0,0.0,0.02,0,0.2,12345
ciciot2023:rung0.2,xgb,Spoofing,12575,4902,0.801,0.9508,-0.0008,0.0,0.0142,0.0089,0,0.2,12345
ciciot2023:rung0.2,xgb,Web,2135,811,0.9606,0.9506,-0.0006,0.0014,0.0106,0.0289,0,0.2,12345
ciciot2023:rung0.2,xgb,Benign,6299,2436,0.8867,0.9538,-0.0038,0.0,0.0021,0.0155,0,0.2,1337
ciciot2023:rung0.2,xgb,BruteForce,1371,520,0.9858,0.9471,0.0029,0.0,-0.005,0.0485,0,0.2,1337
ciciot2023:rung0.2,xgb,DDoS,68476,25990,0.5,0.9494,0.0006,0.0,0.0,0.0002,0,0.2,1337
ciciot2023:rung0.2,xgb,DoS,25215,9527,0.5,0.9488,0.0012,0.0,0.0,0.0005,0,0.2,1337
ciciot2023:rung0.2,xgb,Mirai,18953,7057,0.5,0.9507,-0.0007,0.0,0.0,0.0003,0,0.2,1337
ciciot2023:rung0.2,xgb,Recon,23055,8757,0.5625,0.9494,0.0006,0.0,0.0,0.0178,0,0.2,1337
ciciot2023:rung0.2,xgb,Spoofing,12575,4902,0.8086,0.9527,-0.0027,0.0,0.0067,0.0072,0,0.2,1337
ciciot2023:rung0.2,xgb,Web,2135,811,0.952,0.948,0.002,0.0013,0.0068,0.0285,0,0.2,1337
ciciot2023:rung0.2,xgb,Benign,6299,2436,0.8935,0.9477,0.0023,0.0,0.0171,0.014,0,0.2,2024
ciciot2023:rung0.2,xgb,BruteForce,1371,520,0.9868,0.9644,-0.0144,0.0,-0.0034,0.0444,0,0.2,2024
ciciot2023:rung0.2,xgb,DDoS,68476,25990,0.5,0.9487,0.0013,0.0,0.0,0.0002,0,0.2,2024
ciciot2023:rung0.2,xgb,DoS,25215,9527,0.5,0.951,-0.001,0.0,0.0,0.0006,0,0.2,2024
ciciot2023:rung0.2,xgb,Mirai,18953,7057,0.5,0.9512,-0.0012,0.0,0.0,0.0005,0,0.2,2024
ciciot2023:rung0.2,xgb,Recon,23055,8757,0.5315,0.9472,0.0028,0.0,0.0,0.0173,0,0.2,2024
ciciot2023:rung0.2,xgb,Spoofing,12575,4902,0.8043,0.9576,-0.0076,0.0,0.0105,0.009,0,0.2,2024
ciciot2023:rung0.2,xgb,Web,2135,811,0.9622,0.9491,0.0009,0.0,0.0052,0.0229,0,0.2,2024
ciciot2023:rung0.2,xgb,Benign,6299,2436,0.8885,0.9528,-0.0028,0.0,-0.0098,0.0138,0,0.2,3407
ciciot2023:rung0.2,xgb,BruteForce,1371,520,0.9858,0.9579,-0.0079,0.0,-0.0096,0.0575,0,0.2,3407
ciciot2023:rung0.2,xgb,DDoS,68476,25990,0.5,0.9488,0.0012,0.0,0.0,0.0003,0,0.2,3407
ciciot2023:rung0.2,xgb,DoS,25215,9527,0.5,0.9501,-0.0001,0.0,0.0,0.0008,0,0.2,3407
ciciot2023:rung0.2,xgb,Mirai,18953,7057,0.5,0.9506,-0.0006,0.0,0.0,0.0005,0,0.2,3407
ciciot2023:rung0.2,xgb,Recon,23055,8757,0.537,0.9496,0.0004,0.0,0.0,0.0175,0,0.2,3407
ciciot2023:rung0.2,xgb,Spoofing,12575,4902,0.8015,0.9509,-0.0009,0.0,0.0086,0.0085,0,0.2,3407
ciciot2023:rung0.2,xgb,Web,2135,811,0.9543,0.9624,-0.0124,-0.0007,0.0091,0.0301,0,0.2,3407
ciciot2023:rung0.2,xgb,Benign,6299,2436,0.8842,0.9523,-0.0023,0.0,0.0012,0.0086,0,0.2,42
ciciot2023:rung0.2,xgb,BruteForce,1371,520,0.986,0.9521,-0.0021,0.0,-0.0052,0.0355,0,0.2,42
ciciot2023:rung0.2,xgb,DDoS,68476,25990,0.5,0.9497,0.0003,0.0,0.0,0.0002,0,0.2,42
ciciot2023:rung0.2,xgb,DoS,25215,9527,0.5,0.9487,0.0013,0.0,0.0,0.0006,0,0.2,42
ciciot2023:rung0.2,xgb,Mirai,18953,7057,0.5,0.9535,-0.0035,0.0,0.0,0.0007,0,0.2,42
ciciot2023:rung0.2,xgb,Recon,23055,8757,0.5644,0.9488,0.0012,0.0,0.0,0.016,0,0.2,42
ciciot2023:rung0.2,xgb,Spoofing,12575,4902,0.8067,0.9516,-0.0016,0.0,0.0154,0.0065,0,0.2,42
ciciot2023:rung0.2,xgb,Web,2135,811,0.9559,0.9529,-0.0029,-0.0003,0.0106,0.0247,0,0.2,42
ciciot2023:rung0.2,xgb,Benign,6299,2436,0.896,0.9565,-0.0065,0.0,-0.0078,0.0119,0,0.2,512
ciciot2023:rung0.2,xgb,BruteForce,1371,520,0.9861,0.951,-0.001,0.0,-0.0031,0.0342,0,0.2,512
ciciot2023:rung0.2,xgb,DDoS,68476,25990,0.5,0.9499,0.0001,0.0,0.0,0.0002,0,0.2,512
ciciot2023:rung0.2,xgb,DoS,25215,9527,0.5,0.9511,-0.0011,0.0,0.0,0.0008,0,0.2,512
ciciot2023:rung0.2,xgb,Mirai,18953,7057,0.5,0.9514,-0.0014,0.0,0.0,0.0004,0,0.2,512
ciciot2023:rung0.2,xgb,Recon,23055,8757,0.5937,0.9498,0.0002,0.0,0.0,0.0184,0,0.2,512
ciciot2023:rung0.2,xgb,Spoofing,12575,4902,0.8102,0.9551,-0.0051,0.0,0.0097,0.0089,0,0.2,512
ciciot2023:rung0.2,xgb,Web,2135,811,0.9503,0.9449,0.0051,-0.0018,0.0046,0.0284,0,0.2,512
ciciot2023:rung0.2,xgb,Benign,6299,2436,0.8988,0.9508,-0.0008,0.0,-0.0265,0.0154,0,0.2,6021
ciciot2023:rung0.2,xgb,BruteForce,1371,520,0.9842,0.9594,-0.0094,0.0,-0.003,0.0346,0,0.2,6021
ciciot2023:rung0.2,xgb,DDoS,68476,25990,0.5,0.9502,-0.0002,0.0,0.0,0.0003,0,0.2,6021
ciciot2023:rung0.2,xgb,DoS,25215,9527,0.5,0.9481,0.0019,0.0,0.0,0.0004,0,0.2,6021
ciciot2023:rung0.2,xgb,Mirai,18953,7057,0.5,0.9535,-0.0035,0.0,0.0,0.0008,0,0.2,6021
ciciot2023:rung0.2,xgb,Recon,23055,8757,0.5533,0.948,0.002,0.0,0.0,0.0178,0,0.2,6021
ciciot2023:rung0.2,xgb,Spoofing,12575,4902,0.8044,0.953,-0.003,0.0,0.016,0.008,0,0.2,6021
ciciot2023:rung0.2,xgb,Web,2135,811,0.9605,0.9561,-0.0061,0.0003,0.0062,0.02,0,0.2,6021
ciciot2023:rung0.2,xgb,Benign,6299,2436,0.8972,0.955,-0.005,0.0,0.0047,0.0082,0,0.2,7
ciciot2023:rung0.2,xgb,BruteForce,1371,520,0.9867,0.9519,-0.0019,0.0,-0.003,0.0637,0,0.2,7
ciciot2023:rung0.2,xgb,DDoS,68476,25990,0.5,0.9498,0.0002,0.0,0.0,0.0002,0,0.2,7
ciciot2023:rung0.2,xgb,DoS,25215,9527,0.5,0.9504,-0.0004,0.0,0.0,0.0006,0,0.2,7
ciciot2023:rung0.2,xgb,Mirai,18953,7057,0.5,0.9516,-0.0016,0.0,0.0,0.0008,0,0.2,7
ciciot2023:rung0.2,xgb,Recon,23055,8757,0.5544,0.9495,0.0005,0.0,0.0,0.0155,0,0.2,7
ciciot2023:rung0.2,xgb,Spoofing,12575,4902,0.7982,0.9504,-0.0004,0.0,0.0082,0.0065,0,0.2,7
ciciot2023:rung0.2,xgb,Web,2135,811,0.9592,0.9485,0.0015,0.0003,0.0005,0.0267,0,0.2,7
ciciot2023:rung0.2,xgb,Benign,6299,2436,0.9018,0.9534,-0.0034,0.0,-0.0102,0.0114,0,0.2,88
ciciot2023:rung0.2,xgb,BruteForce,1371,520,0.9858,0.9475,0.0025,0.0,-0.0029,0.0415,0,0.2,88
ciciot2023:rung0.2,xgb,DDoS,68476,25990,0.5,0.9483,0.0017,0.0,0.0,0.0003,0,0.2,88
ciciot2023:rung0.2,xgb,DoS,25215,9527,0.5,0.9516,-0.0016,0.0,0.0,0.0004,0,0.2,88
ciciot2023:rung0.2,xgb,Mirai,18953,7057,0.5,0.9521,-0.0021,0.0,0.0,0.0002,0,0.2,88
ciciot2023:rung0.2,xgb,Recon,23055,8757,0.5694,0.9494,0.0006,0.0,0.0,0.0177,0,0.2,88
ciciot2023:rung0.2,xgb,Spoofing,12575,4902,0.8015,0.9541,-0.0041,0.0,0.0114,0.008,0,0.2,88
ciciot2023:rung0.2,xgb,Web,2135,811,0.9508,0.9453,0.0047,0.0,0.0128,0.0313,0,0.2,88
ciciot2023:rung0.2,xgb,Benign,6299,2436,0.8856,0.9488,0.0012,0.0,-0.0228,0.0155,0,0.2,91
ciciot2023:rung0.2,xgb,BruteForce,1371,520,0.985,0.9535,-0.0035,0.0,-0.0073,0.0486,0,0.2,91
ciciot2023:rung0.2,xgb,DDoS,68476,25990,0.5,0.9495,0.0005,0.0,0.0,0.0002,0,0.2,91
ciciot2023:rung0.2,xgb,DoS,25215,9527,0.5,0.9507,-0.0007,0.0,0.0,0.0007,0,0.2,91
ciciot2023:rung0.2,xgb,Mirai,18953,7057,0.5,0.9493,0.0007,0.0,0.0,0.0003,0,0.2,91
ciciot2023:rung0.2,xgb,Recon,23055,8757,0.6058,0.9443,0.0057,0.0,0.0,0.0168,0,0.2,91
ciciot2023:rung0.2,xgb,Spoofing,12575,4902,0.812,0.9518,-0.0018,0.0,0.0128,0.0049,0,0.2,91
ciciot2023:rung0.2,xgb,Web,2135,811,0.9548,0.9509,-0.0009,0.0,-0.0004,0.0164,0,0.2,91
ciciot2023:rung0.4,mlp,Benign,6299,2476,0.9462,0.9486,0.0014,0.0025,0.0111,0.0315,0,0.4,12345
ciciot2023:rung0.4,mlp,BruteForce,1371,566,0.9909,0.9795,-0.0295,0.0008,-0.0021,0.0417,0,0.4,12345
ciciot2023:rung0.4,mlp,DDoS,68476,25842,0.5,0.9497,0.0003,0.0,0.0,0.0041,0,0.4,12345
ciciot2023:rung0.4,mlp,DoS,25215,9582,0.5,0.9515,-0.0015,0.0,-0.0,0.0067,0,0.4,12345
ciciot2023:rung0.4,mlp,Mirai,18953,7192,0.5,0.9481,0.0019,0.0,0.0,0.0058,0,0.4,12345
ciciot2023:rung0.4,mlp,Recon,23055,8751,0.698,0.9501,-0.0001,0.0018,0.0,0.0116,0,0.4,12345
ciciot2023:rung0.4,mlp,Spoofing,12575,4780,0.8816,0.9512,-0.0012,0.0003,0.0035,0.0172,0,0.4,12345
ciciot2023:rung0.4,mlp,Web,2135,811,0.9695,0.9576,-0.0076,-0.0218,-0.012,0.0622,0,0.4,12345
ciciot2023:rung0.4,mlp,Benign,6299,2476,0.935,0.9422,0.0078,-0.0001,0.0122,0.0228,0,0.4,1337
ciciot2023:rung0.4,mlp,BruteForce,1371,566,0.9908,0.9458,0.0042,-0.005,-0.0008,0.0359,0,0.4,1337
ciciot2023:rung0.4,mlp,DDoS,68476,25842,0.5,0.9499,0.0001,0.0,0.0,0.0019,0,0.4,1337
ciciot2023:rung0.4,mlp,DoS,25215,9582,0.5,0.9499,0.0001,0.0,0.0,0.0096,0,0.4,1337
ciciot2023:rung0.4,mlp,Mirai,18953,7192,0.5,0.952,-0.002,0.0,0.0,0.0097,0,0.4,1337
ciciot2023:rung0.4,mlp,Recon,23055,8751,0.6972,0.9537,-0.0037,0.0002,0.0,0.0109,0,0.4,1337
ciciot2023:rung0.4,mlp,Spoofing,12575,4780,0.8814,0.9546,-0.0046,0.0,-0.0101,0.0109,0,0.4,1337
ciciot2023:rung0.4,mlp,Web,2135,811,0.9739,0.9455,0.0045,-0.0243,0.0002,0.0667,0,0.4,1337
ciciot2023:rung0.4,mlp,Benign,6299,2476,0.9371,0.9441,0.0059,0.0038,0.0081,0.0284,0,0.4,2024
ciciot2023:rung0.4,mlp,BruteForce,1371,566,0.9919,0.9569,-0.0069,0.001,-0.0018,0.031,0,0.4,2024
ciciot2023:rung0.4,mlp,DDoS,68476,25842,0.5,0.951,-0.001,0.0,0.0,0.0023,0,0.4,2024
ciciot2023:rung0.4,mlp,DoS,25215,9582,0.5,0.9515,-0.0015,0.0,0.0,0.0052,0,0.4,2024
ciciot2023:rung0.4,mlp,Mirai,18953,7192,0.5,0.9523,-0.0023,0.0,0.0,0.0018,0,0.4,2024
ciciot2023:rung0.4,mlp,Recon,23055,8751,0.7058,0.9484,0.0016,0.0009,0.0,0.0119,0,0.4,2024
ciciot2023:rung0.4,mlp,Spoofing,12575,4780,0.8882,0.9502,-0.0002,0.0,-0.0117,0.0146,0,0.4,2024
ciciot2023:rung0.4,mlp,Web,2135,811,0.9714,0.9599,-0.0099,-0.0092,-0.0036,0.0425,0,0.4,2024
ciciot2023:rung0.4,mlp,Benign,6299,2476,0.9506,0.9452,0.0048,0.0007,0.0076,0.0271,0,0.4,3407
ciciot2023:rung0.4,mlp,BruteForce,1371,566,0.9923,0.9645,-0.0145,-0.0231,-0.0025,0.0405,0,0.4,3407
ciciot2023:rung0.4,mlp,DDoS,68476,25842,0.5,0.9499,0.0001,0.0,0.0,0.0044,0,0.4,3407
ciciot2023:rung0.4,mlp,DoS,25215,9582,0.5,0.9506,-0.0006,0.0,0.0,0.0037,0,0.4,3407
ciciot2023:rung0.4,mlp,Mirai,18953,7192,0.5,0.9491,0.0009,0.0,0.0,0.0147,0,0.4,3407
ciciot2023:rung0.4,mlp,Recon,23055,8751,0.703,0.9527,-0.0027,0.0002,0.0,0.0075,0,0.4,3407
ciciot2023:rung0.4,mlp,Spoofing,12575,4780,0.8852,0.952,-0.002,0.0,-0.0049,0.0155,0,0.4,3407
ciciot2023:rung0.4,mlp,Web,2135,811,0.9747,0.9493,0.0007,-0.0293,-0.0039,0.09,0,0.4,3407
ciciot2023:rung0.4,mlp,Benign,6299,2476,0.9472,0.9536,-0.0036,0.0038,0.0126,0.0317,0,0.4,42
ciciot2023:rung0.4,mlp,BruteForce,1371,566,0.989,0.9528,-0.0028,-0.017,-0.0029,0.037,0,0.4,42
ciciot2023:rung0.4,mlp,DDoS,68476,25842,0.5,0.9495,0.0005,0.0,0.0,0.0048,0,0.4,42
ciciot2023:rung0.4,mlp,DoS,25215,9582,0.4999,0.952,-0.002,0.0,0.0,0.0062,0,0.4,42
ciciot2023:rung0.4,mlp,Mirai,18953,7192,0.4999,0.9497,0.0003,0.0,0.0,0.015,0,0.4,42
ciciot2023:rung0.4,mlp,Recon,23055,8751,0.7071,0.9504,-0.0004,0.0011,0.0,0.015,0,0.4,42
ciciot2023:rung0.4,mlp,Spoofing,12575,4780,0.8862,0.9533,-0.0033,0.0,-0.0057,0.0127,0,0.4,42
ciciot2023:rung0.4,mlp,Web,2135,811,0.9702,0.9567,-0.0067,-0.0097,-0.0045,0.0627,0,0.4,42
ciciot2023:rung0.4,mlp,Benign,6299,2476,0.9468,0.9412,0.0088,0.0021,0.0062,0.0221,0,0.4,512
ciciot2023:rung0.4,mlp,BruteForce,1371,566,0.9914,0.9723,-0.0223,-0.0066,-0.0002,0.0366,0,0.4,512
ciciot2023:rung0.4,mlp,DDoS,68476,25842,0.5,0.9483,0.0017,0.0,0.0,0.0033,0,0.4,512
ciciot2023:rung0.4,mlp,DoS,25215,9582,0.4999,0.9488,0.0012,0.0,0.0,0.0082,0,0.4,512
ciciot2023:rung0.4,mlp,Mirai,18953,7192,0.4999,0.9521,-0.0021,0.0,0.0,0.0148,0,0.4,512
ciciot2023:rung0.4,mlp,Recon,23055,8751,0.7061,0.9512,-0.0012,0.0014,0.0,0.012,0,0.4,512
ciciot2023:rung0.4,mlp,Spoofing,12575,4780,0.8845,0.953,-0.003,0.0,-0.0079,0.0133,0,0.4,512
ciciot2023:rung0.4,mlp,Web,2135,811,0.9737,0.9656,-0.0156,-0.0168,-0.0044,0.06,0,0.4,512
ciciot2023:rung0.4,mlp,Benign,6299,2476,0.9376,0.9475,0.0025,0.0066,0.0085,0.0356,0,0.4,6021
ciciot2023:rung0.4,mlp,BruteForce,1371,566,0.9907,0.9671,-0.0171,-0.003,-0.0057,0.0345,0,0.4,6021
ciciot2023:rung0.4,mlp,DDoS,68476,25842,0.5,0.9512,-0.0012,0.0,0.0,0.0021,0,0.4,6021
ciciot2023:rung0.4,mlp,DoS,25215,9582,0.5,0.95,-0.0,0.0,0.0,0.007,0,0.4,6021
ciciot2023:rung0.4,mlp,Mirai,18953,7192,0.5,0.9524,-0.0024,0.0,0.0,0.0015,0,0.4,6021
ciciot2023:rung0.4,mlp,Recon,23055,8751,0.6559,0.9518,-0.0018,0.0008,0.0,0.0079,0,0.4,6021
ciciot2023:rung0.4,mlp,Spoofing,12575,4780,0.8805,0.9503,-0.0003,0.0,-0.0052,0.0253,0,0.4,6021
ciciot2023:rung0.4,mlp,Web,2135,811,0.9706,0.9557,-0.0057,-0.0148,0.002,0.0417,0,0.4,6021
ciciot2023:rung0.4,mlp,Benign,6299,2476,0.9438,0.9397,0.0103,-0.0003,0.0085,0.0174,0,0.4,7
ciciot2023:rung0.4,mlp,BruteForce,1371,566,0.9927,0.9647,-0.0147,-0.0183,-0.0013,0.0567,0,0.4,7
ciciot2023:rung0.4,mlp,DDoS,68476,25842,0.5,0.9499,0.0001,0.0,0.0,0.003,0,0.4,7
ciciot2023:rung0.4,mlp,DoS,25215,9582,0.5,0.9515,-0.0015,-0.0,0.0,0.0099,0,0.4,7
ciciot2023:rung0.4,mlp,Mirai,18953,7192,0.5,0.9508,-0.0008,0.0,0.0,0.0099,0,0.4,7
ciciot2023:rung0.4,mlp,Recon,23055,8751,0.6773,0.9512,-0.0012,0.0002,0.0,0.006,0,0.4,7
ciciot2023:rung0.4,mlp,Spoofing,12575,4780,0.8786,0.9546,-0.0046,0.0,-0.002,0.0162,0,0.4,7
ciciot2023:rung0.4,mlp,Web,2135,811,0.9775,0.955,-0.005,-0.0281,-0.0116,0.078,0,0.4,7
ciciot2023:rung0.4,mlp,Benign,6299,2476,0.9434,0.9454,0.0046,0.0008,0.0087,0.0304,0,0.4,88
ciciot2023:rung0.4,mlp,BruteForce,1371,566,0.99,0.968,-0.018,-0.0078,-0.0004,0.0495,0,0.4,88
ciciot2023:rung0.4,mlp,DDoS,68476,25842,0.5,0.9491,0.0009,0.0,0.0,0.0032,0,0.4,88
ciciot2023:rung0.4,mlp,DoS,25215,9582,0.4999,0.9494,0.0006,0.0,0.0,0.0079,0,0.4,88
ciciot2023:rung0.4,mlp,Mirai,18953,7192,0.4999,0.9503,-0.0003,0.0,0.0,0.0025,0,0.4,88
ciciot2023:rung0.4,mlp,Recon,23055,8751,0.6871,0.9508,-0.0008,0.0015,0.0,0.0175,0,0.4,88
ciciot2023:rung0.4,mlp,Spoofing,12575,4780,0.8848,0.9525,-0.0025,0.0001,0.0046,0.0169,0,0.4,88
ciciot2023:rung0.4,mlp,Web,2135,811,0.9736,0.9544,-0.0044,0.0008,-0.0058,0.0554,0,0.4,88
ciciot2023:rung0.4,mlp,Benign,6299,2476,0.944,0.9468,0.0032,0.0,0.0103,0.0141,0,0.4,91
ciciot2023:rung0.4,mlp,BruteForce,1371,566,0.9914,0.9648,-0.0148,-0.0114,-0.0008,0.0336,0,0.4,91
ciciot2023:rung0.4,mlp,DDoS,68476,25842,0.5,0.9492,0.0008,0.0,0.0,0.0056,0,0.4,91
ciciot2023:rung0.4,mlp,DoS,25215,9582,0.4999,0.9525,-0.0025,0.0,0.0,0.0111,0,0.4,91
ciciot2023:rung0.4,mlp,Mirai,18953,7192,0.4999,0.9486,0.0014,0.0,0.0,0.0026,0,0.4,91
ciciot2023:rung0.4,mlp,Recon,23055,8751,0.6895,0.9515,-0.0015,0.0013,0.0,0.0154,0,0.4,91
ciciot2023:rung0.4,mlp,Spoofing,12575,4780,0.8837,0.953,-0.003,0.0,-0.0102,0.0141,0,0.4,91
ciciot2023:rung0.4,mlp,Web,2135,811,0.9704,0.9583,-0.0083,-0.0202,-0.0063,0.0661,0,0.4,91
ciciot2023:rung0.4,rf,Benign,6299,2476,0.934,0.9491,0.0009,0.0006,0.019,0.027,0,0.4,12345
ciciot2023:rung0.4,rf,BruteForce,1371,566,0.991,0.9624,-0.0124,0.0022,0.001,0.0404,0,0.4,12345
ciciot2023:rung0.4,rf,DDoS,68476,25842,0.5,0.9502,-0.0002,0.0,0.0,0.0012,0,0.4,12345
ciciot2023:rung0.4,rf,DoS,25215,9582,0.5,0.9496,0.0004,0.0,0.0,0.0022,0,0.4,12345
ciciot2023:rung0.4,rf,Mirai,18953,7192,0.5,0.9477,0.0023,0.0,0.0,0.002,0,0.4,12345
ciciot2023:rung0.4,rf,Recon,23055,8751,0.6647,0.9517,-0.0017,0.0,0.0,0.0101,0,0.4,12345
ciciot2023:rung0.4,rf,Spoofing,12575,4780,0.8412,0.9528,-0.0028,0.0002,-0.0001,0.0181,0,0.4,12345
ciciot2023:rung0.4,rf,Web,2135,811,0.9673,0.9522,-0.0022,-0.0207,0.0016,0.0565,0,0.4,12345
ciciot2023:rung0.4,rf,Benign,6299,2476,0.9388,0.9486,0.0014,0.0004,0.0288,0.0207,0,0.4,1337
ciciot2023:rung0.4,rf,BruteForce,1371,566,0.9892,0.9491,0.0009,0.0026,-0.0018,0.0323,0,0.4,1337
ciciot2023:rung0.4,rf,DDoS,68476,25842,0.5,0.9509,-0.0009,0.0,0.0,0.0012,0,0.4,1337
ciciot2023:rung0.4,rf,DoS,25215,9582,0.5,0.9499,0.0001,0.0,0.0,0.0032,0,0.4,1337
ciciot2023:rung0.4,rf,Mirai,18953,7192,0.5,0.9474,0.0026,0.0,0.0,0.0019,0,0.4,1337
ciciot2023:rung0.4,rf,Recon,23055,8751,0.6425,0.9511,-0.0011,0.0,0.0,0.008,0,0.4,1337
ciciot2023:rung0.4,rf,Spoofing,12575,4780,0.8372,0.9491,0.0009,0.0002,-0.0046,0.0163,0,0.4,1337
ciciot2023:rung0.4,rf,Web,2135,811,0.9627,0.9564,-0.0064,-0.0212,0.003,0.0475,0,0.4,1337
ciciot2023:rung0.4,rf,Benign,6299,2476,0.9317,0.9437,0.0063,0.0019,0.0325,0.0319,0,0.4,2024
ciciot2023:rung0.4,rf,BruteForce,1371,566,0.9881,0.9539,-0.0039,0.0016,0.0017,0.0265,0,0.4,2024
ciciot2023:rung0.4,rf,DDoS,68476,25842,0.5,0.9492,0.0008,0.0,0.0,0.0018,0,0.4,2024
ciciot2023:rung0.4,rf,DoS,25215,9582,0.5,0.9499,0.0001,0.0,0.0,0.0018,0,0.4,2024
ciciot2023:rung0.4,rf,Mirai,18953,7192,0.5,0.9502,-0.0002,0.0,0.0,0.0018,0,0.4,2024
ciciot2023:rung0.4,rf,Recon,23055,8751,0.6431,0.9498,0.0002,-0.0001,0.0,0.012,0,0.4,2024
ciciot2023:rung0.4,rf,Spoofing,12575,4780,0.8414,0.9502,-0.0002,0.0001,0.0045,0.0164,0,0.4,2024
ciciot2023:rung0.4,rf,Web,2135,811,0.9684,0.9607,-0.0107,-0.0217,-0.0002,0.0402,0,0.4,2024
ciciot2023:rung0.4,rf,Benign,6299,2476,0.9328,0.9417,0.0083,0.0015,0.0341,0.0227,0,0.4,3407
ciciot2023:rung0.4,rf,BruteForce,1371,566,0.9888,0.9557,-0.0057,0.005,0.0018,0.0473,0,0.4,3407
ciciot2023:rung0.4,rf,DDoS,68476,25842,0.5,0.9519,-0.0019,0.0,0.0,0.001,0,0.4,3407
ciciot2023:rung0.4,rf,DoS,25215,9582,0.5,0.9475,0.0025,0.0,0.0,0.0022,0,0.4,3407
ciciot2023:rung0.4,rf,Mirai,18953,7192,0.5,0.9516,-0.0016,0.0,0.0,0.0018,0,0.4,3407
ciciot2023:rung0.4,rf,Recon,23055,8751,0.6369,0.949,0.001,0.0,0.0,0.0109,0,0.4,3407
ciciot2023:rung0.4,rf,Spoofing,12575,4780,0.8364,0.954,-0.004,0.0002,0.0038,0.0168,0,0.4,3407
ciciot2023:rung0.4,rf,Web,2135,811,0.9672,0.947,0.003,-0.0106,-0.0009,0.0374,0,0.4,3407
ciciot2023:rung0.4,rf,Benign,6299,2476,0.9297,0.9414,0.0086,0.0014,0.0298,0.0281,0,0.4,42
ciciot2023:rung0.4,rf,BruteForce,1371,566,0.9895,0.9542,-0.0042,0.0039,0.0014,0.0405,0,0.4,42
ciciot2023:rung0.4,rf,DDoS,68476,25842,0.5,0.9504,-0.0004,0.0,0.0,0.0011,0,0.4,42
ciciot2023:rung0.4,rf,DoS,25215,9582,0.5,0.9512,-0.0012,0.0,0.0,0.0028,0,0.4,42
ciciot2023:rung0.4,rf,Mirai,18953,7192,0.5,0.9508,-0.0008,0.0,0.0,0.0018,0,0.4,42
ciciot2023:rung0.4,rf,Recon,23055,8751,0.6298,0.9501,-0.0001,-0.0001,0.0,0.0107,0,0.4,42
ciciot2023:rung0.4,rf,Spoofing,12575,4780,0.8401,0.9529,-0.0029,0.0001,0.0025,0.0082,0,0.4,42
ciciot2023:rung0.4,rf,Web,2135,811,0.9721,0.9612,-0.0112,-0.021,0.0054,0.0463,0,0.4,42
ciciot2023:rung0.4,rf,Benign,6299,2476,0.9307,0.9513,-0.0013,0.0004,0.0249,0.0264,0,0.4,512
ciciot2023:rung0.4,rf,BruteForce,1371,566,0.9874,0.9569,-0.0069,-0.0034,-0.0006,0.0245,0,0.4,512
ciciot2023:rung0.4,rf,DDoS,68476,25842,0.5,0.9503,-0.0003,0.0,0.0,0.0007,0,0.4,512
ciciot2023:rung0.4,rf,DoS,25215,9582,0.5,0.9483,0.0017,0.0,0.0,0.0024,0,0.4,512
ciciot2023:rung0.4,rf,Mirai,18953,7192,0.5,0.9486,0.0014,0.0,0.0,0.0018,0,0.4,512
ciciot2023:rung0.4,rf,Recon,23055,8751,0.639,0.9496,0.0004,-0.0001,0.0,0.009,0,0.4,512
ciciot2023:rung0.4,rf,Spoofing,12575,4780,0.8329,0.95,0.0,0.0,-0.0056,0.014,0,0.4,512
ciciot2023:rung0.4,rf,Web,2135,811,0.9615,0.9533,-0.0033,-0.0227,-0.002,0.0419,0,0.4,512
ciciot2023:rung0.4,rf,Benign,6299,2476,0.9255,0.9441,0.0059,0.0011,0.0386,0.0266,0,0.4,6021
ciciot2023:rung0.4,rf,BruteForce,1371,566,0.9906,0.9615,-0.0115,0.0006,0.0001,0.0389,0,0.4,6021
ciciot2023:rung0.4,rf,DDoS,68476,25842,0.5,0.9494,0.0006,0.0,0.0,0.0008,0,0.4,6021
ciciot2023:rung0.4,rf,DoS,25215,9582,0.5,0.9501,-0.0001,0.0,0.0,0.0021,0,0.4,6021
ciciot2023:rung0.4,rf,Mirai,18953,7192,0.5,0.9513,-0.0013,0.0,0.0,0.002,0,0.4,6021
ciciot2023:rung0.4,rf,Recon,23055,8751,0.652,0.9507,-0.0007,0.0,0.0,0.007,0,0.4,6021
ciciot2023:rung0.4,rf,Spoofing,12575,4780,0.8333,0.9506,-0.0006,0.0001,-0.0076,0.0102,0,0.4,6021
ciciot2023:rung0.4,rf,Web,2135,811,0.9662,0.9455,0.0045,-0.0289,0.0022,0.0485,0,0.4,6021
ciciot2023:rung0.4,rf,Benign,6299,2476,0.9311,0.9455,0.0045,0.001,0.0383,0.0292,0,0.4,7
ciciot2023:rung0.4,rf,BruteForce,1371,566,0.9913,0.9509,-0.0009,0.0033,0.0073,0.0369,0,0.4,7
ciciot2023:rung0.4,rf,DDoS,68476,25842,0.5,0.9512,-0.0012,0.0,0.0,0.0017,0,0.4,7
ciciot2023:rung0.4,rf,DoS,25215,9582,0.5,0.9508,-0.0008,0.0,0.0,0.0038,0,0.4,7
ciciot2023:rung0.4,rf,Mirai,18953,7192,0.5,0.95,0.0,0.0,0.0,0.002,0,0.4,7
ciciot2023:rung0.4,rf,Recon,23055,8751,0.6374,0.9515,-0.0015,-0.0,0.0,0.0124,0,0.4,7
ciciot2023:rung0.4,rf,Spoofing,12575,4780,0.8341,0.9532,-0.0032,0.0007,0.0089,0.0151,0,0.4,7
ciciot2023:rung0.4,rf,Web,2135,811,0.9628,0.9556,-0.0056,-0.0246,0.008,0.0488,0,0.4,7
ciciot2023:rung0.4,rf,Benign,6299,2476,0.9347,0.9416,0.0084,0.0016,0.0349,0.0339,0,0.4,88
ciciot2023:rung0.4,rf,BruteForce,1371,566,0.9906,0.9482,0.0018,0.0018,0.0021,0.0287,0,0.4,88
ciciot2023:rung0.4,rf,DDoS,68476,25842,0.5,0.9502,-0.0002,0.0,0.0,0.0019,0,0.4,88
ciciot2023:rung0.4,rf,DoS,25215,9582,0.5,0.9501,-0.0001,0.0,0.0,0.0026,0,0.4,88
ciciot2023:rung0.4,rf,Mirai,18953,7192,0.5,0.9473,0.0027,0.0,0.0,0.0018,0,0.4,88
ciciot2023:rung0.4,rf,Recon,23055,8751,0.6538,0.9511,-0.0011,-0.0,0.0,0.0075,0,0.4,88
ciciot2023:rung0.4,rf,Spoofing,12575,4780,0.8329,0.9509,-0.0009,0.0003,0.0036,0.0106,0,0.4,88
ciciot2023:rung0.4,rf,Web,2135,811,0.9654,0.9618,-0.0118,-0.027,0.0028,0.0549,0,0.4,88
ciciot2023:rung0.4,rf,Benign,6299,2476,0.9323,0.942,0.008,0.0015,0.0346,0.0287,0,0.4,91
ciciot2023:rung0.4,rf,BruteForce,1371,566,0.9899,0.9565,-0.0065,0.0014,-0.0026,0.0397,0,0.4,91
ciciot2023:rung0.4,rf,DDoS,68476,25842,0.5,0.9503,-0.0003,0.0,0.0,0.001,0,0.4,91
ciciot2023:rung0.4,rf,DoS,25215,9582,0.5,0.9518,-0.0018,0.0,0.0,0.0021,0,0.4,91
ciciot2023:rung0.4,rf,Mirai,18953,7192,0.5,0.9503,-0.0003,0.0,0.0,0.0013,0,0.4,91
ciciot2023:rung0.4,rf,Recon,23055,8751,0.6518,0.9509,-0.0009,0.0,0.0,0.0087,0,0.4,91
ciciot2023:rung0.4,rf,Spoofing,12575,4780,0.8353,0.9492,0.0008,0.0001,0.0049,0.0159,0,0.4,91
ciciot2023:rung0.4,rf,Web,2135,811,0.9652,0.947,0.003,-0.0351,0.0071,0.0638,0,0.4,91
ciciot2023:rung0.4,xgb,Benign,6299,2476,0.8944,0.9501,-0.0001,0.0,0.0474,0.0213,0,0.4,12345
ciciot2023:rung0.4,xgb,BruteForce,1371,566,0.9867,0.9507,-0.0007,0.0,0.0005,0.022,0,0.4,12345
ciciot2023:rung0.4,xgb,DDoS,68476,25842,0.5,0.9496,0.0004,0.0,0.0,0.0003,0,0.4,12345
ciciot2023:rung0.4,xgb,DoS,25215,9582,0.5,0.9471,0.0029,0.0,0.0,0.0003,0,0.4,12345
ciciot2023:rung0.4,xgb,Mirai,18953,7192,0.5,0.9492,0.0008,0.0,0.0,0.0008,0,0.4,12345
ciciot2023:rung0.4,xgb,Recon,23055,8751,0.599,0.9493,0.0007,0.0,0.0,0.0068,0,0.4,12345
ciciot2023:rung0.4,xgb,Spoofing,12575,4780,0.801,0.9546,-0.0046,0.0,-0.015,0.0165,0,0.4,12345
ciciot2023:rung0.4,xgb,Web,2135,811,0.9606,0.9508,-0.0008,-0.0009,0.0065,0.0694,0,0.4,12345
ciciot2023:rung0.4,xgb,Benign,6299,2476,0.8867,0.9419,0.0081,0.0,0.0458,0.0238,0,0.4,1337
ciciot2023:rung0.4,xgb,BruteForce,1371,566,0.9858,0.9583,-0.0083,0.0,-0.0005,0.0365,0,0.4,1337
ciciot2023:rung0.4,xgb,DDoS,68476,25842,0.5,0.9519,-0.0019,0.0,0.0,0.0004,0,0.4,1337
ciciot2023:rung0.4,xgb,DoS,25215,9582,0.5,0.95,0.0,0.0,0.0,0.0003,0,0.4,1337
ciciot2023:rung0.4,xgb,Mirai,18953,7192,0.5,0.9529,-0.0029,0.0,0.0,0.0007,0,0.4,1337
ciciot2023:rung0.4,xgb,Recon,23055,8751,0.5625,0.9496,0.0004,0.0,0.0,0.0081,0,0.4,1337
ciciot2023:rung0.4,xgb,Spoofing,12575,4780,0.8086,0.9533,-0.0033,0.0,-0.0045,0.021,0,0.4,1337
ciciot2023:rung0.4,xgb,Web,2135,811,0.952,0.9438,0.0062,-0.0001,0.0131,0.0384,0,0.4,1337
ciciot2023:rung0.4,xgb,Benign,6299,2476,0.8935,0.9456,0.0044,0.0,0.0442,0.0196,0,0.4,2024
ciciot2023:rung0.4,xgb,BruteForce,1371,566,0.9868,0.9647,-0.0147,0.0,0.0001,0.0219,0,0.4,2024
ciciot2023:rung0.4,xgb,DDoS,68476,25842,0.5,0.9487,0.0013,0.0,0.0,0.0003,0,0.4,2024
ciciot2023:rung0.4,xgb,DoS,25215,9582,0.5,0.9498,0.0002,0.0,0.0,0.0006,0,0.4,2024
ciciot2023:rung0.4,xgb,Mirai,18953,7192,0.5,0.9505,-0.0005,0.0,0.0,0.0005,0,0.4,2024
ciciot2023:rung0.4,xgb,Recon,23055,8751,0.5315,0.9484,0.0016,0.0,0.0,0.0063,0,0.4,2024
ciciot2023:rung0.4,xgb,Spoofing,12575,4780,0.8043,0.948,0.002,0.0,0.0135,0.0156,0,0.4,2024
ciciot2023:rung0.4,xgb,Web,2135,811,0.9622,0.9506,-0.0006,-0.0018,0.0022,0.0646,0,0.4,2024
ciciot2023:rung0.4,xgb,Benign,6299,2476,0.8885,0.9422,0.0078,0.0,0.0311,0.0137,0,0.4,3407
ciciot2023:rung0.4,xgb,BruteForce,1371,566,0.9858,0.9574,-0.0074,0.0,-0.0065,0.0185,0,0.4,3407
ciciot2023:rung0.4,xgb,DDoS,68476,25842,0.5,0.95,0.0,0.0,0.0,0.0003,0,0.4,3407
ciciot2023:rung0.4,xgb,DoS,25215,9582,0.5,0.947,0.003,0.0,0.0,0.0002,0,0.4,3407
ciciot2023:rung0.4,xgb,Mirai,18953,7192,0.5,0.9495,0.0005,0.0,0.0,0.0003,0,0.4,3407
ciciot2023:rung0.4,xgb,Recon,23055,8751,0.537,0.9482,0.0018,0.0,0.0,0.0054,0,0.4,3407
ciciot2023:rung0.4,xgb,Spoofing,12575,4780,0.8015,0.9498,0.0002,0.0,-0.0071,0.0094,0,0.4,3407
ciciot2023:rung0.4,xgb,Web,2135,811,0.9543,0.954,-0.004,-0.0023,-0.0045,0.0655,0,0.4,3407
ciciot2023:rung0.4,xgb,Benign,6299,2476,0.8842,0.9445,0.0055,0.0,0.0393,0.0186,0,0.4,42
ciciot2023:rung0.4,xgb,BruteForce,1371,566,0.986,0.9541,-0.0041,0.0,0.0002,0.0242,0,0.4,42
ciciot2023:rung0.4,xgb,DDoS,68476,25842,0.5,0.9506,-0.0006,0.0,0.0,0.0003,0,0.4,42
ciciot2023:rung0.4,xgb,DoS,25215,9582,0.5,0.9492,0.0008,0.0,0.0,0.0004,0,0.4,42
ciciot2023:rung0.4,xgb,Mirai,18953,7192,0.5,0.949,0.001,0.0,0.0,0.0008,0,0.4,42
ciciot2023:rung0.4,xgb,Recon,23055,8751,0.5644,0.9513,-0.0013,0.0,0.0,0.004,0,0.4,42
ciciot2023:rung0.4,xgb,Spoofing,12575,4780,0.8067,0.9499,0.0001,0.0,-0.0037,0.0126,0,0.4,42
ciciot2023:rung0.4,xgb,Web,2135,811,0.9559,0.9575,-0.0075,-0.0028,0.0009,0.0513,0,0.4,42
ciciot2023:rung0.4,xgb,Benign,6299,2476,0.896,0.9415,0.0085,0.0,0.0269,0.0182,0,0.4,512
ciciot2023:rung0.4,xgb,BruteForce,1371,566,0.9861,0.9502,-0.0002,0.0,0.0036,0.0286,0,0.4,512
ciciot2023:rung0.4,xgb,DDoS,68476,25842,0.5,0.9495,0.0005,0.0,0.0,0.0003,0,0.4,512
ciciot2023:rung0.4,xgb,DoS,25215,9582,0.5,0.9489,0.0011,0.0,0.0,0.0005,0,0.4,512
ciciot2023:rung0.4,xgb,Mirai,18953,7192,0.5,0.9515,-0.0015,0.0,0.0,0.0003,0,0.4,512
ciciot2023:rung0.4,xgb,Recon,23055,8751,0.5937,0.9502,-0.0002,0.0,0.0,0.0056,0,0.4,512
ciciot2023:rung0.4,xgb,Spoofing,12575,4780,0.8102,0.9515,-0.0015,0.0,-0.0075,0.0139,0,0.4,512
ciciot2023:rung0.4,xgb,Web,2135,811,0.9503,0.9449,0.0051,-0.0027,0.0113,0.0475,0,0.4,512
ciciot2023:rung0.4,xgb,Benign,6299,2476,0.8988,0.9442,0.0058,0.0,0.0357,0.0178,0,0.4,6021
ciciot2023:rung0.4,xgb,BruteForce,1371,566,0.9842,0.9576,-0.0076,0.0,-0.0035,0.0386,0,0.4,6021
ciciot2023:rung0.4,xgb,DDoS,68476,25842,0.5,0.9505,-0.0005,0.0,0.0,0.0003,0,0.4,6021
ciciot2023:rung0.4,xgb,DoS,25215,9582,0.5,0.9509,-0.0009,0.0,0.0,0.0006,0,0.4,6021
ciciot2023:rung0.4,xgb,Mirai,18953,7192,0.5,0.9498,0.0002,0.0,0.0,0.0005,0,0.4,6021
ciciot2023:rung0.4,xgb,Recon,23055,8751,0.5533,0.9502,-0.0002,0.0,0.0,0.0072,0,0.4,6021
ciciot2023:rung0.4,xgb,Spoofing,12575,4780,0.8044,0.9524,-0.0024,0.0,0.0009,0.0144,0,0.4,6021
ciciot2023:rung0.4,xgb,Web,2135,811,0.9605,0.947,0.003,-0.0032,0.0009,0.0622,0,0.4,6021
ciciot2023:rung0.4,xgb,Benign,6299,2476,0.8972,0.9443,0.0057,0.0,0.0325,0.0208,0,0.4,7
ciciot2023:rung0.4,xgb,BruteForce,1371,566,0.9867,0.9424,0.0076,0.0,0.0069,0.0185,0,0.4,7
ciciot2023:rung0.4,xgb,DDoS,68476,25842,0.5,0.9509,-0.0009,0.0,0.0,0.0003,0,0.4,7
ciciot2023:rung0.4,xgb,DoS,25215,9582,0.5,0.9512,-0.0012,0.0,0.0,0.0007,0,0.4,7
ciciot2023:rung0.4,xgb,Mirai,18953,7192,0.5,0.9505,-0.0005,0.0,0.0,0.001,0,0.4,7
ciciot2023:rung0.4,xgb,Recon,23055,8751,0.5544,0.9472,0.0028,0.0,0.0,0.0081,0,0.4,7
ciciot2023:rung0.4,xgb,Spoofing,12575,4780,0.7982,0.9512,-0.0012,0.0,-0.0011,0.0133,0,0.4,7
ciciot2023:rung0.4,xgb,Web,2135,811,0.9592,0.9524,-0.0024,-0.0022,-0.0039,0.0377,0,0.4,7
ciciot2023:rung0.4,xgb,Benign,6299,2476,0.9018,0.9476,0.0024,0.0,0.0351,0.0175,0,0.4,88
ciciot2023:rung0.4,xgb,BruteForce,1371,566,0.9858,0.9516,-0.0016,0.0,0.0049,0.0265,0,0.4,88
ciciot2023:rung0.4,xgb,DDoS,68476,25842,0.5,0.9508,-0.0008,0.0,0.0,0.0004,0,0.4,88
ciciot2023:rung0.4,xgb,DoS,25215,9582,0.5,0.949,0.001,0.0,0.0,0.0004,0,0.4,88
ciciot2023:rung0.4,xgb,Mirai,18953,7192,0.5,0.951,-0.001,0.0,0.0,0.0006,0,0.4,88
ciciot2023:rung0.4,xgb,Recon,23055,8751,0.5694,0.9485,0.0015,0.0,0.0,0.0061,0,0.4,88
ciciot2023:rung0.4,xgb,Spoofing,12575,4780,0.8015,0.95,0.0,0.0,-0.01,0.0201,0,0.4,88
ciciot2023:rung0.4,xgb,Web,2135,811,0.9508,0.9425,0.0075,-0.0029,0.0105,0.0437,0,0.4,88
ciciot2023:rung0.4,xgb,Benign,6299,2476,0.8856,0.9431,0.0069,0.0,0.0269,0.0181,0,0.4,91
ciciot2023:rung0.4,xgb,BruteForce,1371,566,0.985,0.9562,-0.0062,0.0,-0.0001,0.0193,0,0.4,91
ciciot2023:rung0.4,xgb,DDoS,68476,25842,0.5,0.9489,0.0011,0.0,0.0,0.0003,0,0.4,91
ciciot2023:rung0.4,xgb,DoS,25215,9582,0.5,0.9514,-0.0014,0.0,0.0,0.0005,0,0.4,91
ciciot2023:rung0.4,xgb,Mirai,18953,7192,0.5,0.9493,0.0007,0.0,0.0,0.0003,0,0.4,91
ciciot2023:rung0.4,xgb,Recon,23055,8751,0.6058,0.9488,0.0012,0.0,0.0,0.0055,0,0.4,91
ciciot2023:rung0.4,xgb,Spoofing,12575,4780,0.812,0.949,0.001,0.0,0.0011,0.018,0,0.4,91
ciciot2023:rung0.4,xgb,Web,2135,811,0.9548,0.9469,0.0031,-0.0038,0.0066,0.0587,0,0.4,91
ciciot2023:rung0.6,mlp,Benign,6299,2380,0.9462,0.9515,-0.0015,0.0007,0.0089,0.026,0,0.6,12345
ciciot2023:rung0.6,mlp,BruteForce,1371,523,0.9909,0.9646,-0.0146,-0.0071,-0.0015,0.0353,0,0.6,12345
ciciot2023:rung0.6,mlp,DDoS,68476,25938,0.5,0.9509,-0.0009,0.0,0.0,0.0063,0,0.6,12345
ciciot2023:rung0.6,mlp,DoS,25215,9526,0.5,0.9475,0.0025,-0.0,-0.0,0.0076,0,0.6,12345
ciciot2023:rung0.6,mlp,Mirai,18953,7200,0.5,0.9503,-0.0003,0.0,0.0,0.0066,0,0.6,12345
ciciot2023:rung0.6,mlp,Recon,23055,8827,0.698,0.9522,-0.0022,0.0023,0.0,0.012,0,0.6,12345
ciciot2023:rung0.6,mlp,Spoofing,12575,4795,0.8816,0.9492,0.0008,-0.0,0.0129,0.0104,0,0.6,12345
ciciot2023:rung0.6,mlp,Web,2135,811,0.9695,0.9561,-0.0061,-0.0102,-0.0054,0.0439,0,0.6,12345
ciciot2023:rung0.6,mlp,Benign,6299,2380,0.935,0.9434,0.0066,0.0039,0.0043,0.0173,0,0.6,1337
ciciot2023:rung0.6,mlp,BruteForce,1371,523,0.9908,0.9436,0.0064,-0.0119,-0.0015,0.0488,0,0.6,1337
ciciot2023:rung0.6,mlp,DDoS,68476,25938,0.5,0.9486,0.0014,0.0,0.0,0.004,0,0.6,1337
ciciot2023:rung0.6,mlp,DoS,25215,9526,0.5,0.9491,0.0009,0.0,0.0,0.0117,0,0.6,1337
ciciot2023:rung0.6,mlp,Mirai,18953,7200,0.5,0.9494,0.0006,0.0,0.0,0.0047,0,0.6,1337
ciciot2023:rung0.6,mlp,Recon,23055,8827,0.6972,0.9544,-0.0044,0.0003,0.0,0.0094,0,0.6,1337
ciciot2023:rung0.6,mlp,Spoofing,12575,4795,0.8814,0.9513,-0.0013,0.0,0.0027,0.0087,0,0.6,1337
ciciot2023:rung0.6,mlp,Web,2135,811,0.9739,0.951,-0.001,-0.0152,0.0014,0.0523,0,0.6,1337
ciciot2023:rung0.6,mlp,Benign,6299,2380,0.9371,0.9463,0.0037,0.0032,0.009,0.0167,0,0.6,2024
ciciot2023:rung0.6,mlp,BruteForce,1371,523,0.9919,0.9641,-0.0141,-0.0203,-0.0036,0.0475,0,0.6,2024
ciciot2023:rung0.6,mlp,DDoS,68476,25938,0.5,0.9499,0.0001,0.0,0.0,0.0046,0,0.6,2024
ciciot2023:rung0.6,mlp,DoS,25215,9526,0.5,0.9504,-0.0004,0.0,0.0,0.0126,0,0.6,2024
ciciot2023:rung0.6,mlp,Mirai,18953,7200,0.5,0.9484,0.0016,0.0,0.0,0.0014,0,0.6,2024
ciciot2023:rung0.6,mlp,Recon,23055,8827,0.7058,0.9499,0.0001,0.0005,-0.0,0.0087,0,0.6,2024
ciciot2023:rung0.6,mlp,Spoofing,12575,4795,0.8882,0.9481,0.0019,0.0,0.0123,0.0148,0,0.6,2024
ciciot2023:rung0.6,mlp,Web,2135,811,0.9714,0.9519,-0.0019,0.0107,0.0045,0.0511,0,0.6,2024
ciciot2023:rung0.6,mlp,Benign,6299,2380,0.9506,0.9529,-0.0029,0.0015,0.0042,0.0204,0,0.6,3407
ciciot2023:rung0.6,mlp,BruteForce,1371,523,0.9923,0.9576,-0.0076,-0.0218,-0.0015,0.0505,0,0.6,3407
ciciot2023:rung0.6,mlp,DDoS,68476,25938,0.5,0.9494,0.0006,0.0,0.0,0.0042,0,0.6,3407
ciciot2023:rung0.6,mlp,DoS,25215,9526,0.5,0.9481,0.0019,0.0,0.0,0.0109,0,0.6,3407
ciciot2023:rung0.6,mlp,Mirai,18953,7200,0.5,0.9516,-0.0016,0.0,0.0,0.0069,0,0.6,3407
ciciot2023:rung0.6,mlp,Recon,23055,8827,0.703,0.9511,-0.0011,0.0008,0.0,0.009,0,0.6,3407
ciciot2023:rung0.6,mlp,Spoofing,12575,4795,0.8852,0.9492,0.0008,-0.0001,0.0064,0.0105,0,0.6,3407
ciciot2023:rung0.6,mlp,Web,2135,811,0.9747,0.9509,-0.0009,-0.0389,-0.0069,0.1041,0,0.6,3407
ciciot2023:rung0.6,mlp,Benign,6299,2380,0.9472,0.9483,0.0017,0.0032,0.0064,0.022,0,0.6,42
ciciot2023:rung0.6,mlp,BruteForce,1371,523,0.989,0.9681,-0.0181,-0.0263,-0.003,0.0597,0,0.6,42
ciciot2023:rung0.6,mlp,DDoS,68476,25938,0.5,0.9501,-0.0001,0.0,0.0,0.004,0,0.6,42
ciciot2023:rung0.6,mlp,DoS,25215,9526,0.4999,0.9496,0.0004,0.0,0.0,0.0126,0,0.6,42
ciciot2023:rung0.6,mlp,Mirai,18953,7200,0.4999,0.9522,-0.0022,0.0,0.0,0.0038,0,0.6,42
ciciot2023:rung0.6,mlp,Recon,23055,8827,0.7071,0.9531,-0.0031,0.0008,0.0,0.0093,0,0.6,42
ciciot2023:rung0.6,mlp,Spoofing,12575,4795,0.8862,0.95,-0.0,0.0,0.0065,0.0092,0,0.6,42
ciciot2023:rung0.6,mlp,Web,2135,811,0.9702,0.949,0.001,-0.0033,0.002,0.0625,0,0.6,42
ciciot2023:rung0.6,mlp,Benign,6299,2380,0.9468,0.9478,0.0022,0.0021,-0.0016,0.023,0,0.6,512
ciciot2023:rung0.6,mlp,BruteForce,1371,523,0.9914,0.9627,-0.0127,-0.0182,-0.0026,0.0704,0,0.6,512
ciciot2023:rung0.6,mlp,DDoS,68476,25938,0.5,0.9505,-0.0005,0.0,0.0,0.0072,0,0.6,512
ciciot2023:rung0.6,mlp,DoS,25215,9526,0.4999,0.9516,-0.0016,0.0,0.0,0.0167,0,0.6,512
ciciot2023:rung0.6,mlp,Mirai,18953,7200,0.4999,0.9527,-0.0027,0.0,0.0,0.0059,0,0.6,512
ciciot2023:rung0.6,mlp,Recon,23055,8827,0.7061,0.9524,-0.0024,0.001,0.0,0.0083,0,0.6,512
ciciot2023:rung0.6,mlp,Spoofing,12575,4795,0.8845,0.9475,0.0025,-0.0001,0.0063,0.0204,0,0.6,512
ciciot2023:rung0.6,mlp,Web,2135,811,0.9737,0.9557,-0.0057,-0.0015,-0.0049,0.0501,0,0.6,512
ciciot2023:rung0.6,mlp,Benign,6299,2380,0.9376,0.9454,0.0046,0.0092,-0.0043,0.0346,0,0.6,6021
ciciot2023:rung0.6,mlp,BruteForce,1371,523,0.9907,0.9637,-0.0137,-0.0351,-0.0062,0.0621,0,0.6,6021
ciciot2023:rung0.6,mlp,DDoS,68476,25938,0.5,0.9497,0.0003,0.0,0.0,0.0022,0,0.6,6021
ciciot2023:rung0.6,mlp,DoS,25215,9526,0.5,0.9501,-0.0001,0.0,0.0,0.0076,0,0.6,6021
ciciot2023:rung0.6,mlp,Mirai,18953,7200,0.5,0.9533,-0.0033,0.0,0.0,0.0015,0,0.6,6021
ciciot2023:rung0.6,mlp,Recon,23055,8827,0.6559,0.9536,-0.0036,0.0016,0.0,0.0106,0,0.6,6021
ciciot2023:rung0.6,mlp,Spoofing,12575,4795,0.8805,0.9488,0.0012,0.0,0.0027,0.0086,0,0.6,6021
ciciot2023:rung0.6,mlp,Web,2135,811,0.9706,0.9541,-0.0041,0.0045,-0.0019,0.0716,0,0.6,6021
ciciot2023:rung0.6,mlp,Benign,6299,2380,0.9438,0.9489,0.0011,0.0008,0.0013,0.0121,0,0.6,7
ciciot2023:rung0.6,mlp,BruteForce,1371,523,0.9927,0.962,-0.012,-0.0241,-0.001,0.0682,0,0.6,7
ciciot2023:rung0.6,mlp,DDoS,68476,25938,0.5,0.9485,0.0015,0.0,0.0,0.0061,0,0.6,7
ciciot2023:rung0.6,mlp,DoS,25215,9526,0.5,0.9505,-0.0005,-0.0,0.0,0.0108,0,0.6,7
ciciot2023:rung0.6,mlp,Mirai,18953,7200,0.5,0.9504,-0.0004,0.0,0.0,0.0052,0,0.6,7
ciciot2023:rung0.6,mlp,Recon,23055,8827,0.6773,0.9507,-0.0007,0.0011,0.0,0.0148,0,0.6,7
ciciot2023:rung0.6,mlp,Spoofing,12575,4795,0.8786,0.949,0.001,-0.0,0.0021,0.0171,0,0.6,7
ciciot2023:rung0.6,mlp,Web,2135,811,0.9775,0.9656,-0.0156,-0.0291,-0.0134,0.0899,0,0.6,7
ciciot2023:rung0.6,mlp,Benign,6299,2380,0.9434,0.9471,0.0029,0.0033,-0.0009,0.0223,0,0.6,88
ciciot2023:rung0.6,mlp,BruteForce,1371,523,0.99,0.9553,-0.0053,-0.0064,-0.0008,0.0385,0,0.6,88
ciciot2023:rung0.6,mlp,DDoS,68476,25938,0.5,0.9477,0.0023,0.0,0.0,0.0033,0,0.6,88
ciciot2023:rung0.6,mlp,DoS,25215,9526,0.4999,0.9488,0.0012,0.0,0.0,0.0048,0,0.6,88
ciciot2023:rung0.6,mlp,Mirai,18953,7200,0.4999,0.9511,-0.0011,0.0,0.0,0.0014,0,0.6,88
ciciot2023:rung0.6,mlp,Recon,23055,8827,0.6871,0.9507,-0.0007,0.0009,0.0,0.0095,0,0.6,88
ciciot2023:rung0.6,mlp,Spoofing,12575,4795,0.8848,0.9461,0.0039,0.0001,0.0315,0.0178,0,0.6,88
ciciot2023:rung0.6,mlp,Web,2135,811,0.9736,0.9433,0.0067,0.0105,-0.0022,0.0636,0,0.6,88
ciciot2023:rung0.6,mlp,Benign,6299,2380,0.944,0.9448,0.0052,0.0056,0.0044,0.0164,0,0.6,91
ciciot2023:rung0.6,mlp,BruteForce,1371,523,0.9914,0.9627,-0.0127,-0.0136,-0.0018,0.053,0,0.6,91
ciciot2023:rung0.6,mlp,DDoS,68476,25938,0.5,0.9491,0.0009,0.0,0.0,0.0052,0,0.6,91
ciciot2023:rung0.6,mlp,DoS,25215,9526,0.4999,0.9498,0.0002,0.0,0.0,0.0073,0,0.6,91
ciciot2023:rung0.6,mlp,Mirai,18953,7200,0.4999,0.9489,0.0011,0.0,0.0,0.0019,0,0.6,91
ciciot2023:rung0.6,mlp,Recon,23055,8827,0.6895,0.9515,-0.0015,0.0012,0.0,0.0121,0,0.6,91
ciciot2023:rung0.6,mlp,Spoofing,12575,4795,0.8837,0.9502,-0.0002,0.0,0.0075,0.0083,0,0.6,91
ciciot2023:rung0.6,mlp,Web,2135,811,0.9704,0.9573,-0.0073,0.0038,-0.0028,0.0503,0,0.6,91
ciciot2023:rung0.6,rf,Benign,6299,2380,0.934,0.9489,0.0011,0.0001,-0.0023,0.0189,0,0.6,12345
ciciot2023:rung0.6,rf,BruteForce,1371,523,0.991,0.9644,-0.0144,-0.0047,-0.0035,0.0408,0,0.6,12345
ciciot2023:rung0.6,rf,DDoS,68476,25938,0.5,0.9511,-0.0011,0.0,0.0,0.0006,0,0.6,12345
ciciot2023:rung0.6,rf,DoS,25215,9526,0.5,0.9473,0.0027,0.0,0.0,0.0021,0,0.6,12345
ciciot2023:rung0.6,rf,Mirai,18953,7200,0.5,0.9534,-0.0034,0.0,0.0,0.0017,0,0.6,12345
ciciot2023:rung0.6,rf,Recon,23055,8827,0.6647,0.9484,0.0016,0.0003,0.0,0.0085,0,0.6,12345
ciciot2023:rung0.6,rf,Spoofing,12575,4795,0.8412,0.9533,-0.0033,-0.0,-0.0186,0.0139,0,0.6,12345
ciciot2023:rung0.6,rf,Web,2135,811,0.9673,0.9614,-0.0114,-0.0255,-0.0028,0.0588,0,0.6,12345
ciciot2023:rung0.6,rf,Benign,6299,2380,0.9388,0.9512,-0.0012,-0.0001,0.0087,0.0142,0,0.6,1337
ciciot2023:rung0.6,rf,BruteForce,1371,523,0.9892,0.9541,-0.0041,-0.0047,-0.0026,0.0409,0,0.6,1337
ciciot2023:rung0.6,rf,DDoS,68476,25938,0.5,0.9496,0.0004,0.0,0.0,0.0006,0,0.6,1337
ciciot2023:rung0.6,rf,DoS,25215,9526,0.5,0.9513,-0.0013,0.0,0.0,0.0029,0,0.6,1337
ciciot2023:rung0.6,rf,Mirai,18953,7200,0.5,0.9526,-0.0026,0.0,0.0,0.0018,0,0.6,1337
ciciot2023:rung0.6,rf,Recon,23055,8827,0.6425,0.9512,-0.0012,0.0,0.0,0.0062,0,0.6,1337
ciciot2023:rung0.6,rf,Spoofing,12575,4795,0.8372,0.955,-0.005,-0.0003,-0.0135,0.0159,0,0.6,1337
ciciot2023:rung0.6,rf,Web,2135,811,0.9627,0.958,-0.008,-0.0278,0.0007,0.0657,0,0.6,1337
ciciot2023:rung0.6,rf,Benign,6299,2380,0.9317,0.9483,0.0017,0.0014,-0.005,0.0201,0,0.6,2024
ciciot2023:rung0.6,rf,BruteForce,1371,523,0.9881,0.9625,-0.0125,-0.0057,-0.0064,0.0433,0,0.6,2024
ciciot2023:rung0.6,rf,DDoS,68476,25938,0.5,0.9511,-0.0011,0.0,0.0,0.0012,0,0.6,2024
ciciot2023:rung0.6,rf,DoS,25215,9526,0.5,0.9507,-0.0007,0.0,0.0,0.0046,0,0.6,2024
ciciot2023:rung0.6,rf,Mirai,18953,7200,0.5,0.9476,0.0024,0.0,0.0,0.0018,0,0.6,2024
ciciot2023:rung0.6,rf,Recon,23055,8827,0.6431,0.9507,-0.0007,0.0001,0.0,0.009,0,0.6,2024
ciciot2023:rung0.6,rf,Spoofing,12575,4795,0.8414,0.9508,-0.0008,-0.0002,-0.0183,0.0105,0,0.6,2024
ciciot2023:rung0.6,rf,Web,2135,811,0.9684,0.9625,-0.0125,-0.0238,-0.0077,0.0531,0,0.6,2024
ciciot2023:rung0.6,rf,Benign,6299,2380,0.9328,0.9518,-0.0018,-0.0005,-0.0129,0.0298,0,0.6,3407
ciciot2023:rung0.6,rf,BruteForce,1371,523,0.9888,0.9511,-0.0011,-0.0081,-0.0016,0.032,0,0.6,3407
ciciot2023:rung0.6,rf,DDoS,68476,25938,0.5,0.9505,-0.0005,0.0,0.0,0.0012,0,0.6,3407
ciciot2023:rung0.6,rf,DoS,25215,9526,0.5,0.9509,-0.0009,0.0,0.0,0.0038,0,0.6,3407
ciciot2023:rung0.6,rf,Mirai,18953,7200,0.5,0.9513,-0.0013,0.0,0.0,0.0015,0,0.6,3407
ciciot2023:rung0.6,rf,Recon,23055,8827,0.6369,0.9505,-0.0005,0.0,0.0,0.0105,0,0.6,3407
ciciot2023:rung0.6,rf,Spoofing,12575,4795,0.8364,0.9523,-0.0023,-0.0007,-0.0044,0.0141,0,0.6,3407
ciciot2023:rung0.6,rf,Web,2135,811,0.9672,0.9502,-0.0002,-0.0208,-0.0044,0.057,0,0.6,3407
ciciot2023:rung0.6,rf,Benign,6299,2380,0.9297,0.954,-0.004,0.0003,-0.0112,0.0257,0,0.6,42
ciciot2023:rung0.6,rf,BruteForce,1371,523,0.9895,0.9635,-0.0135,-0.0064,-0.0073,0.0427,0,0.6,42
ciciot2023:rung0.6,rf,DDoS,68476,25938,0.5,0.9501,-0.0001,0.0,0.0,0.001,0,0.6,42
ciciot2023:rung0.6,rf,DoS,25215,9526,0.5,0.9494,0.0006,0.0,0.0,0.0021,0,0.6,42
ciciot2023:rung0.6,rf,Mirai,18953,7200,0.5,0.948,0.002,0.0,0.0,0.0015,0,0.6,42
ciciot2023:rung0.6,rf,Recon,23055,8827,0.6298,0.9481,0.0019,0.0,0.0,0.0087,0,0.6,42
ciciot2023:rung0.6,rf,Spoofing,12575,4795,0.8401,0.9568,-0.0068,-0.0008,-0.0207,0.0161,0,0.6,42
ciciot2023:rung0.6,rf,Web,2135,811,0.9721,0.9637,-0.0137,-0.0287,-0.0048,0.0655,0,0.6,42
ciciot2023:rung0.6,rf,Benign,6299,2380,0.9307,0.9512,-0.0012,0.0001,-0.0238,0.021,0,0.6,512
ciciot2023:rung0.6,rf,BruteForce,1371,523,0.9874,0.9493,0.0007,0.0012,-0.0084,0.0386,0,0.6,512
ciciot2023:rung0.6,rf,DDoS,68476,25938,0.5,0.9517,-0.0017,0.0,0.0,0.001,0,0.6,512
ciciot2023:rung0.6,rf,DoS,25215,9526,0.5,0.949,0.001,0.0,0.0,0.0033,0,0.6,512
ciciot2023:rung0.6,rf,Mirai,18953,7200,0.5,0.9492,0.0008,0.0,0.0,0.0014,0,0.6,512
ciciot2023:rung0.6,rf,Recon,23055,8827,0.639,0.9515,-0.0015,0.0001,0.0,0.0079,0,0.6,512
ciciot2023:rung0.6,rf,Spoofing,12575,4795,0.8329,0.9547,-0.0047,-0.0001,-0.0181,0.017,0,0.6,512
ciciot2023:rung0.6,rf,Web,2135,811,0.9615,0.9555,-0.0055,-0.0279,-0.0009,0.0656,0,0.6,512
ciciot2023:rung0.6,rf,Benign,6299,2380,0.9255,0.9482,0.0018,0.0005,-0.0104,0.0199,0,0.6,6021
ciciot2023:rung0.6,rf,BruteForce,1371,523,0.9906,0.953,-0.003,-0.0,-0.0083,0.0422,0,0.6,6021
ciciot2023:rung0.6,rf,DDoS,68476,25938,0.5,0.9498,0.0002,0.0,0.0,0.0011,0,0.6,6021
ciciot2023:rung0.6,rf,DoS,25215,9526,0.5,0.9496,0.0004,0.0,0.0,0.0042,0,0.6,6021
ciciot2023:rung0.6,rf,Mirai,18953,7200,0.5,0.9503,-0.0003,0.0,0.0,0.0019,0,0.6,6021
ciciot2023:rung0.6,rf,Recon,23055,8827,0.652,0.9481,0.0019,0.0001,0.0,0.0114,0,0.6,6021
ciciot2023:rung0.6,rf,Spoofing,12575,4795,0.8333,0.9535,-0.0035,-0.0002,-0.0165,0.0174,0,0.6,6021
ciciot2023:rung0.6,rf,Web,2135,811,0.9662,0.9602,-0.0102,-0.0419,-0.0126,0.0723,0,0.6,6021
ciciot2023:rung0.6,rf,Benign,6299,2380,0.9311,0.9472,0.0028,0.0001,0.0096,0.0188,0,0.6,7
ciciot2023:rung0.6,rf,BruteForce,1371,523,0.9913,0.9614,-0.0114,-0.0052,-0.001,0.0401,0,0.6,7
ciciot2023:rung0.6,rf,DDoS,68476,25938,0.5,0.9509,-0.0009,0.0,0.0,0.0012,0,0.6,7
ciciot2023:rung0.6,rf,DoS,25215,9526,0.5,0.9526,-0.0026,0.0,0.0,0.0044,0,0.6,7
ciciot2023:rung0.6,rf,Mirai,18953,7200,0.5,0.9496,0.0004,0.0,0.0,0.0018,0,0.6,7
ciciot2023:rung0.6,rf,Recon,23055,8827,0.6374,0.9498,0.0002,0.0001,0.0,0.01,0,0.6,7
ciciot2023:rung0.6,rf,Spoofing,12575,4795,0.8341,0.9502,-0.0002,-0.0004,-0.0202,0.0137,0,0.6,7
ciciot2023:rung0.6,rf,Web,2135,811,0.9628,0.9575,-0.0075,-0.025,-0.0081,0.0635,0,0.6,7
ciciot2023:rung0.6,rf,Benign,6299,2380,0.9347,0.947,0.003,0.0001,0.0084,0.0185,0,0.6,88
ciciot2023:rung0.6,rf,BruteForce,1371,523,0.9906,0.96,-0.01,-0.0021,-0.0042,0.0333,0,0.6,88
ciciot2023:rung0.6,rf,DDoS,68476,25938,0.5,0.9498,0.0002,0.0,0.0,0.001,0,0.6,88
ciciot2023:rung0.6,rf,DoS,25215,9526,0.5,0.949,0.001,0.0,0.0,0.0025,0,0.6,88
ciciot2023:rung0.6,rf,Mirai,18953,7200,0.5,0.9511,-0.0011,0.0,0.0,0.0017,0,0.6,88
ciciot2023:rung0.6,rf,Recon,23055,8827,0.6538,0.9517,-0.0017,0.0,0.0,0.0088,0,0.6,88
ciciot2023:rung0.6,rf,Spoofing,12575,4795,0.8329,0.9524,-0.0024,-0.0001,-0.0132,0.0175,0,0.6,88
ciciot2023:rung0.6,rf,Web,2135,811,0.9654,0.954,-0.004,-0.0302,-0.0043,0.0571,0,0.6,88
ciciot2023:rung0.6,rf,Benign,6299,2380,0.9323,0.9434,0.0066,0.0008,0.005,0.0167,0,0.6,91
ciciot2023:rung0.6,rf,BruteForce,1371,523,0.9899,0.9623,-0.0123,-0.0029,-0.0056,0.0344,0,0.6,91
ciciot2023:rung0.6,rf,DDoS,68476,25938,0.5,0.9504,-0.0004,0.0,0.0,0.0007,0,0.6,91
ciciot2023:rung0.6,rf,DoS,25215,9526,0.5,0.947,0.003,0.0,0.0,0.004,0,0.6,91
ciciot2023:rung0.6,rf,Mirai,18953,7200,0.5,0.9496,0.0004,0.0,0.0,0.0013,0,0.6,91
ciciot2023:rung0.6,rf,Recon,23055,8827,0.6518,0.9488,0.0012,0.0,0.0,0.0095,0,0.6,91
ciciot2023:rung0.6,rf,Spoofing,12575,4795,0.8353,0.9552,-0.0052,-0.0001,-0.0137,0.012,0,0.6,91
ciciot2023:rung0.6,rf,Web,2135,811,0.9652,0.947,0.003,-0.0367,0.0035,0.0724,0,0.6,91
ciciot2023:rung0.6,xgb,Benign,6299,2380,0.8944,0.9518,-0.0018,0.0,-0.0067,0.0087,0,0.6,12345
ciciot2023:rung0.6,xgb,BruteForce,1371,523,0.9867,0.9748,-0.0248,0.0,-0.0185,0.0984,0,0.6,12345
ciciot2023:rung0.6,xgb,DDoS,68476,25938,0.5,0.9511,-0.0011,0.0,0.0,0.0006,0,0.6,12345
ciciot2023:rung0.6,xgb,DoS,25215,9526,0.5,0.9512,-0.0012,0.0,0.0,0.0012,0,0.6,12345
ciciot2023:rung0.6,xgb,Mirai,18953,7200,0.5,0.9533,-0.0033,0.0,0.0,0.0008,0,0.6,12345
ciciot2023:rung0.6,xgb,Recon,23055,8827,0.599,0.9487,0.0013,0.0,0.0,0.0116,0,0.6,12345
ciciot2023:rung0.6,xgb,Spoofing,12575,4795,0.801,0.9478,0.0022,0.0,-0.0055,0.0091,0,0.6,12345
ciciot2023:rung0.6,xgb,Web,2135,811,0.9606,0.9514,-0.0014,-0.0009,0.0062,0.067,0,0.6,12345
ciciot2023:rung0.6,xgb,Benign,6299,2380,0.8867,0.9548,-0.0048,0.0,0.0219,0.0087,0,0.6,1337
ciciot2023:rung0.6,xgb,BruteForce,1371,523,0.9858,0.9675,-0.0175,0.0,-0.008,0.0485,0,0.6,1337
ciciot2023:rung0.6,xgb,DDoS,68476,25938,0.5,0.9493,0.0007,0.0,0.0,0.0004,0,0.6,1337
ciciot2023:rung0.6,xgb,DoS,25215,9526,0.5,0.9495,0.0005,0.0,0.0,0.0011,0,0.6,1337
ciciot2023:rung0.6,xgb,Mirai,18953,7200,0.5,0.9511,-0.0011,0.0,0.0,0.0004,0,0.6,1337
ciciot2023:rung0.6,xgb,Recon,23055,8827,0.5625,0.9468,0.0032,0.0,0.0,0.009,0,0.6,1337
ciciot2023:rung0.6,xgb,Spoofing,12575,4795,0.8086,0.954,-0.004,0.0,-0.0056,0.0126,0,0.6,1337
ciciot2023:rung0.6,xgb,Web,2135,811,0.952,0.9286,0.0214,-0.0001,0.0058,0.059,0,0.6,1337
ciciot2023:rung0.6,xgb,Benign,6299,2380,0.8935,0.9482,0.0018,0.0,-0.0038,0.0108,0,0.6,2024
ciciot2023:rung0.6,xgb,BruteForce,1371,523,0.9868,0.9774,-0.0274,0.0,-0.0064,0.0572,0,0.6,2024
ciciot2023:rung0.6,xgb,DDoS,68476,25938,0.5,0.9499,0.0001,0.0,0.0,0.0006,0,0.6,2024
ciciot2023:rung0.6,xgb,DoS,25215,9526,0.5,0.9509,-0.0009,0.0,0.0,0.001,0,0.6,2024
ciciot2023:rung0.6,xgb,Mirai,18953,7200,0.5,0.952,-0.002,0.0,0.0,0.0003,0,0.6,2024
ciciot2023:rung0.6,xgb,Recon,23055,8827,0.5315,0.951,-0.001,0.0,0.0,0.0095,0,0.6,2024
ciciot2023:rung0.6,xgb,Spoofing,12575,4795,0.8043,0.9508,-0.0008,0.0,0.0083,0.0125,0,0.6,2024
ciciot2023:rung0.6,xgb,Web,2135,811,0.9622,0.9491,0.0009,-0.0018,0.0002,0.0641,0,0.6,2024
ciciot2023:rung0.6,xgb,Benign,6299,2380,0.8885,0.9475,0.0025,0.0,-0.0115,0.0129,0,0.6,3407
ciciot2023:rung0.6,xgb,BruteForce,1371,523,0.9858,0.9675,-0.0175,0.0,-0.0166,0.0634,0,0.6,3407
ciciot2023:rung0.6,xgb,DDoS,68476,25938,0.5,0.9498,0.0002,0.0,0.0,0.0006,0,0.6,3407
ciciot2023:rung0.6,xgb,DoS,25215,9526,0.5,0.9479,0.0021,0.0,0.0,0.0013,0,0.6,3407
ciciot2023:rung0.6,xgb,Mirai,18953,7200,0.5,0.95,-0.0,0.0,0.0,0.0003,0,0.6,3407
ciciot2023:rung0.6,xgb,Recon,23055,8827,0.537,0.9507,-0.0007,0.0,0.0,0.0114,0,0.6,3407
ciciot2023:rung0.6,xgb,Spoofing,12575,4795,0.8015,0.9515,-0.0015,0.0,-0.0063,0.0084,0,0.6,3407
ciciot2023:rung0.6,xgb,Web,2135,811,0.9543,0.9552,-0.0052,-0.0033,0.0134,0.0808,0,0.6,3407
ciciot2023:rung0.6,xgb,Benign,6299,2380,0.8842,0.9485,0.0015,0.0,-0.0042,0.0093,0,0.6,42
ciciot2023:rung0.6,xgb,BruteForce,1371,523,0.986,0.97,-0.02,0.0,-0.0182,0.0564,0,0.6,42
ciciot2023:rung0.6,xgb,DDoS,68476,25938,0.5,0.9506,-0.0006,0.0,0.0,0.0006,0,0.6,42
ciciot2023:rung0.6,xgb,DoS,25215,9526,0.5,0.9496,0.0004,0.0,0.0,0.0007,0,0.6,42
ciciot2023:rung0.6,xgb,Mirai,18953,7200,0.5,0.9477,0.0023,0.0,0.0,0.0005,0,0.6,42
ciciot2023:rung0.6,xgb,Recon,23055,8827,0.5644,0.9514,-0.0014,0.0,0.0,0.012,0,0.6,42
ciciot2023:rung0.6,xgb,Spoofing,12575,4795,0.8067,0.9538,-0.0038,0.0,0.002,0.008,0,0.6,42
ciciot2023:rung0.6,xgb,Web,2135,811,0.9559,0.9459,0.0041,-0.0044,0.01,0.068,0,0.6,42
ciciot2023:rung0.6,xgb,Benign,6299,2380,0.896,0.9454,0.0046,0.0,-0.0093,0.01,0,0.6,512
ciciot2023:rung0.6,xgb,BruteForce,1371,523,0.9861,0.9646,-0.0146,0.0,-0.0129,0.0317,0,0.6,512
ciciot2023:rung0.6,xgb,DDoS,68476,25938,0.5,0.9508,-0.0008,0.0,0.0,0.0005,0,0.6,512
ciciot2023:rung0.6,xgb,DoS,25215,9526,0.5,0.9509,-0.0009,0.0,0.0,0.0013,0,0.6,512
ciciot2023:rung0.6,xgb,Mirai,18953,7200,0.5,0.9491,0.0009,0.0,0.0,0.0003,0,0.6,512
ciciot2023:rung0.6,xgb,Recon,23055,8827,0.5937,0.9498,0.0002,0.0,0.0,0.0092,0,0.6,512
ciciot2023:rung0.6,xgb,Spoofing,12575,4795,0.8102,0.9496,0.0004,0.0,-0.0198,0.0109,0,0.6,512
ciciot2023:rung0.6,xgb,Web,2135,811,0.9503,0.9448,0.0052,-0.0027,0.0046,0.075,0,0.6,512
ciciot2023:rung0.6,xgb,Benign,6299,2380,0.8988,0.9521,-0.0021,0.0,-0.0135,0.013,0,0.6,6021
ciciot2023:rung0.6,xgb,BruteForce,1371,523,0.9842,0.9629,-0.0129,0.0,-0.0089,0.0431,0,0.6,6021
ciciot2023:rung0.6,xgb,DDoS,68476,25938,0.5,0.9496,0.0004,0.0,0.0,0.0005,0,0.6,6021
ciciot2023:rung0.6,xgb,DoS,25215,9526,0.5,0.9511,-0.0011,0.0,0.0,0.001,0,0.6,6021
ciciot2023:rung0.6,xgb,Mirai,18953,7200,0.5,0.9504,-0.0004,0.0,0.0,0.0006,0,0.6,6021
ciciot2023:rung0.6,xgb,Recon,23055,8827,0.5533,0.9483,0.0017,0.0,0.0,0.0096,0,0.6,6021
ciciot2023:rung0.6,xgb,Spoofing,12575,4795,0.8044,0.9509,-0.0009,0.0,-0.0031,0.0143,0,0.6,6021
ciciot2023:rung0.6,xgb,Web,2135,811,0.9605,0.9346,0.0154,-0.0036,0.01,0.0712,0,0.6,6021
ciciot2023:rung0.6,xgb,Benign,6299,2380,0.8972,0.9498,0.0002,0.0,-0.0024,0.0093,0,0.6,7
ciciot2023:rung0.6,xgb,BruteForce,1371,523,0.9867,0.9677,-0.0177,0.0,-0.0245,0.0679,0,0.6,7
ciciot2023:rung0.6,xgb,DDoS,68476,25938,0.5,0.9503,-0.0003,0.0,0.0,0.0003,0,0.6,7
ciciot2023:rung0.6,xgb,DoS,25215,9526,0.5,0.9492,0.0008,0.0,0.0,0.001,0,0.6,7
ciciot2023:rung0.6,xgb,Mirai,18953,7200,0.5,0.9516,-0.0016,0.0,0.0,0.0006,0,0.6,7
ciciot2023:rung0.6,xgb,Recon,23055,8827,0.5544,0.9525,-0.0025,0.0,0.0,0.0091,0,0.6,7
ciciot2023:rung0.6,xgb,Spoofing,12575,4795,0.7982,0.9549,-0.0049,0.0,-0.0158,0.0083,0,0.6,7
ciciot2023:rung0.6,xgb,Web,2135,811,0.9592,0.9469,0.0031,-0.0036,-0.008,0.0749,0,0.6,7
ciciot2023:rung0.6,xgb,Benign,6299,2380,0.9018,0.9563,-0.0063,0.0,-0.0047,0.008,0,0.6,88
ciciot2023:rung0.6,xgb,BruteForce,1371,523,0.9858,0.9591,-0.0091,0.0,-0.0187,0.0527,0,0.6,88
ciciot2023:rung0.6,xgb,DDoS,68476,25938,0.5,0.9497,0.0003,0.0,0.0,0.0007,0,0.6,88
ciciot2023:rung0.6,xgb,DoS,25215,9526,0.5,0.9496,0.0004,0.0,0.0,0.0009,0,0.6,88
ciciot2023:rung0.6,xgb,Mirai,18953,7200,0.5,0.9496,0.0004,0.0,0.0,0.0004,0,0.6,88
ciciot2023:rung0.6,xgb,Recon,23055,8827,0.5694,0.9517,-0.0017,0.0,0.0,0.0091,0,0.6,88
ciciot2023:rung0.6,xgb,Spoofing,12575,4795,0.8015,0.9508,-0.0008,0.0,-0.0151,0.0084,0,0.6,88
ciciot2023:rung0.6,xgb,Web,2135,811,0.9508,0.9302,0.0198,-0.003,0.0117,0.0629,0,0.6,88
ciciot2023:rung0.6,xgb,Benign,6299,2380,0.8856,0.9561,-0.0061,0.0,-0.0198,0.0094,0,0.6,91
ciciot2023:rung0.6,xgb,BruteForce,1371,523,0.985,0.9771,-0.0271,0.0,-0.009,0.0485,0,0.6,91
ciciot2023:rung0.6,xgb,DDoS,68476,25938,0.5,0.9506,-0.0006,0.0,0.0,0.0004,0,0.6,91
ciciot2023:rung0.6,xgb,DoS,25215,9526,0.5,0.9472,0.0028,0.0,0.0,0.0006,0,0.6,91
ciciot2023:rung0.6,xgb,Mirai,18953,7200,0.5,0.9516,-0.0016,0.0,0.0,0.0005,0,0.6,91
ciciot2023:rung0.6,xgb,Recon,23055,8827,0.6058,0.9516,-0.0016,0.0,0.0,0.0082,0,0.6,91
ciciot2023:rung0.6,xgb,Spoofing,12575,4795,0.812,0.9507,-0.0007,0.0,-0.0003,0.0108,0,0.6,91
ciciot2023:rung0.6,xgb,Web,2135,811,0.9548,0.9519,-0.0019,-0.0038,0.0018,0.0714,0,0.6,91
ciciot2023:rung0.8,mlp,Benign,6299,2378,0.9462,0.9398,0.0102,0.0038,0.0065,0.0343,0,0.8,12345
ciciot2023:rung0.8,mlp,BruteForce,1371,566,0.9909,0.9565,-0.0065,0.01,-0.0001,0.033,0,0.8,12345
ciciot2023:rung0.8,mlp,DDoS,68476,25942,0.5,0.9509,-0.0009,0.0,0.0,0.0033,0,0.8,12345
ciciot2023:rung0.8,mlp,DoS,25215,9748,0.5,0.9489,0.0011,-0.0,0.0,0.0137,0,0.8,12345
ciciot2023:rung0.8,mlp,Mirai,18953,7158,0.5,0.9504,-0.0004,0.0,0.0,0.0026,0,0.8,12345
ciciot2023:rung0.8,mlp,Recon,23055,8623,0.698,0.9514,-0.0014,0.0009,0.0,0.0109,0,0.8,12345
ciciot2023:rung0.8,mlp,Spoofing,12575,4774,0.8816,0.9536,-0.0036,0.0,-0.0009,0.0075,0,0.8,12345
ciciot2023:rung0.8,mlp,Web,2135,811,0.9695,0.9609,-0.0109,-0.0381,-0.0206,0.1286,0,0.8,12345
ciciot2023:rung0.8,mlp,Benign,6299,2378,0.935,0.9478,0.0022,-0.0008,0.0024,0.0195,0,0.8,1337
ciciot2023:rung0.8,mlp,BruteForce,1371,566,0.9908,0.9382,0.0118,0.0129,0.0009,0.0378,0,0.8,1337
ciciot2023:rung0.8,mlp,DDoS,68476,25942,0.5,0.9503,-0.0003,0.0,0.0,0.0035,0,0.8,1337
ciciot2023:rung0.8,mlp,DoS,25215,9748,0.5,0.9491,0.0009,0.0,0.0,0.0141,0,0.8,1337
ciciot2023:rung0.8,mlp,Mirai,18953,7158,0.5,0.9481,0.0019,0.0,0.0,0.0042,0,0.8,1337
ciciot2023:rung0.8,mlp,Recon,23055,8623,0.6972,0.952,-0.002,0.0004,0.0,0.0073,0,0.8,1337
ciciot2023:rung0.8,mlp,Spoofing,12575,4774,0.8814,0.9492,0.0008,-0.0003,-0.0011,0.0178,0,0.8,1337
ciciot2023:rung0.8,mlp,Web,2135,811,0.9739,0.9533,-0.0033,-0.0316,-0.007,0.0874,0,0.8,1337
ciciot2023:rung0.8,mlp,Benign,6299,2378,0.9371,0.9422,0.0078,-0.0006,0.0095,0.0161,0,0.8,2024
ciciot2023:rung0.8,mlp,BruteForce,1371,566,0.9919,0.9576,-0.0076,0.0241,0.0001,0.0496,0,0.8,2024
ciciot2023:rung0.8,mlp,DDoS,68476,25942,0.5,0.9511,-0.0011,0.0,0.0,0.0045,0,0.8,2024
ciciot2023:rung0.8,mlp,DoS,25215,9748,0.5,0.9481,0.0019,0.0,0.0,0.0089,0,0.8,2024
ciciot2023:rung0.8,mlp,Mirai,18953,7158,0.5,0.9498,0.0002,0.0,0.0,0.0013,0,0.8,2024
ciciot2023:rung0.8,mlp,Recon,23055,8623,0.7058,0.9518,-0.0018,0.0001,-0.0,0.0065,0,0.8,2024
ciciot2023:rung0.8,mlp,Spoofing,12575,4774,0.8882,0.9528,-0.0028,-0.0,-0.0107,0.0202,0,0.8,2024
ciciot2023:rung0.8,mlp,Web,2135,811,0.9714,0.9587,-0.0087,-0.004,0.0036,0.0736,0,0.8,2024
ciciot2023:rung0.8,mlp,Benign,6299,2378,0.9506,0.944,0.006,0.0021,0.0026,0.0302,0,0.8,3407
ciciot2023:rung0.8,mlp,BruteForce,1371,566,0.9923,0.9454,0.0046,-0.0049,-0.001,0.0327,0,0.8,3407
ciciot2023:rung0.8,mlp,DDoS,68476,25942,0.5,0.9503,-0.0003,0.0,0.0,0.0043,0,0.8,3407
ciciot2023:rung0.8,mlp,DoS,25215,9748,0.5,0.9458,0.0042,0.0,0.0,0.0099,0,0.8,3407
ciciot2023:rung0.8,mlp,Mirai,18953,7158,0.5,0.9494,0.0006,0.0,0.0,0.0039,0,0.8,3407
ciciot2023:rung0.8,mlp,Recon,23055,8623,0.703,0.9516,-0.0016,0.0001,0.0,0.0063,0,0.8,3407
ciciot2023:rung0.8,mlp,Spoofing,12575,4774,0.8852,0.9582,-0.0082,-0.0001,0.0028,0.0129,0,0.8,3407
ciciot2023:rung0.8,mlp,Web,2135,811,0.9747,0.9562,-0.0062,-0.0749,-0.0201,0.1621,0,0.8,3407
ciciot2023:rung0.8,mlp,Benign,6299,2378,0.9472,0.948,0.002,0.0035,0.0067,0.027,0,0.8,42
ciciot2023:rung0.8,mlp,BruteForce,1371,566,0.989,0.9539,-0.0039,0.0059,0.0002,0.024,0,0.8,42
ciciot2023:rung0.8,mlp,DDoS,68476,25942,0.5,0.9491,0.0009,0.0,0.0,0.0046,0,0.8,42
ciciot2023:rung0.8,mlp,DoS,25215,9748,0.4999,0.9501,-0.0001,0.0,0.0,0.0092,0,0.8,42
ciciot2023:rung0.8,mlp,Mirai,18953,7158,0.4999,0.9518,-0.0018,0.0,0.0,0.0077,0,0.8,42
ciciot2023:rung0.8,mlp,Recon,23055,8623,0.7071,0.9504,-0.0004,0.0007,0.0,0.0082,0,0.8,42
ciciot2023:rung0.8,mlp,Spoofing,12575,4774,0.8862,0.9505,-0.0005,0.0,-0.0045,0.0157,0,0.8,42
ciciot2023:rung0.8,mlp,Web,2135,811,0.9702,0.9657,-0.0157,-0.0182,-0.0052,0.1106,0,0.8,42
ciciot2023:rung0.8,mlp,Benign,6299,2378,0.9468,0.9565,-0.0065,0.001,0.0014,0.0273,0,0.8,512
ciciot2023:rung0.8,mlp,BruteForce,1371,566,0.9914,0.9396,0.0104,0.0193,0.0003,0.0409,0,0.8,512
ciciot2023:rung0.8,mlp,DDoS,68476,25942,0.5,0.951,-0.001,0.0,0.0,0.0041,0,0.8,512
ciciot2023:rung0.8,mlp,DoS,25215,9748,0.4999,0.95,0.0,0.0,0.0,0.0079,0,0.8,512
ciciot2023:rung0.8,mlp,Mirai,18953,7158,0.4999,0.9491,0.0009,0.0,0.0,0.0049,0,0.8,512
ciciot2023:rung0.8,mlp,Recon,23055,8623,0.7061,0.9494,0.0006,0.0005,0.0,0.0067,0,0.8,512
ciciot2023:rung0.8,mlp,Spoofing,12575,4774,0.8845,0.9531,-0.0031,-0.0001,-0.0047,0.0177,0,0.8,512
ciciot2023:rung0.8,mlp,Web,2135,811,0.9737,0.9599,-0.0099,-0.0223,-0.0129,0.0908,0,0.8,512
ciciot2023:rung0.8,mlp,Benign,6299,2378,0.9376,0.9476,0.0024,0.0058,0.0069,0.0339,0,0.8,6021
ciciot2023:rung0.8,mlp,BruteForce,1371,566,0.9907,0.9482,0.0018,-0.0019,-0.0051,0.0287,0,0.8,6021
ciciot2023:rung0.8,mlp,DDoS,68476,25942,0.5,0.9506,-0.0006,0.0,0.0,0.0014,0,0.8,6021
ciciot2023:rung0.8,mlp,DoS,25215,9748,0.5,0.9493,0.0007,0.0,0.0,0.0057,0,0.8,6021
ciciot2023:rung0.8,mlp,Mirai,18953,7158,0.5,0.9494,0.0006,0.0,0.0,0.0019,0,0.8,6021
ciciot2023:rung0.8,mlp,Recon,23055,8623,0.6559,0.9515,-0.0015,0.0014,0.0,0.0089,0,0.8,6021
ciciot2023:rung0.8,mlp,Spoofing,12575,4774,0.8805,0.9493,0.0007,0.0,-0.0049,0.0163,0,0.8,6021
ciciot2023:rung0.8,mlp,Web,2135,811,0.9706,0.9642,-0.0142,-0.0036,-0.0131,0.056,0,0.8,6021
ciciot2023:rung0.8,mlp,Benign,6299,2378,0.9438,0.945,0.005,0.0016,0.0054,0.0227,0,0.8,7
ciciot2023:rung0.8,mlp,BruteForce,1371,566,0.9927,0.9569,-0.0069,-0.0017,0.0004,0.036,0,0.8,7
ciciot2023:rung0.8,mlp,DDoS,68476,25942,0.5,0.9498,0.0002,0.0,0.0,0.0038,0,0.8,7
ciciot2023:rung0.8,mlp,DoS,25215,9748,0.5,0.9488,0.0012,-0.0,0.0,0.0121,0,0.8,7
ciciot2023:rung0.8,mlp,Mirai,18953,7158,0.5,0.9517,-0.0017,0.0,0.0,0.0177,0,0.8,7
ciciot2023:rung0.8,mlp,Recon,23055,8623,0.6773,0.9473,0.0027,0.0005,-0.0,0.0085,0,0.8,7
ciciot2023:rung0.8,mlp,Spoofing,12575,4774,0.8786,0.9565,-0.0065,-0.0001,-0.0076,0.019,0,0.8,7
ciciot2023:rung0.8,mlp,Web,2135,811,0.9775,0.9549,-0.0049,-0.054,-0.0128,0.1432,0,0.8,7
ciciot2023:rung0.8,mlp,Benign,6299,2378,0.9434,0.9472,0.0028,0.0007,0.0053,0.019,0,0.8,88
ciciot2023:rung0.8,mlp,BruteForce,1371,566,0.99,0.9532,-0.0032,0.0192,0.0003,0.0357,0,0.8,88
ciciot2023:rung0.8,mlp,DDoS,68476,25942,0.5,0.9507,-0.0007,0.0,0.0,0.0037,0,0.8,88
ciciot2023:rung0.8,mlp,DoS,25215,9748,0.4999,0.9515,-0.0015,0.0,0.0,0.0068,0,0.8,88
ciciot2023:rung0.8,mlp,Mirai,18953,7158,0.4999,0.9482,0.0018,0.0,0.0,0.0013,0,0.8,88
ciciot2023:rung0.8,mlp,Recon,23055,8623,0.6871,0.9502,-0.0002,0.0006,0.0,0.007,0,0.8,88
ciciot2023:rung0.8,mlp,Spoofing,12575,4774,0.8848,0.9527,-0.0027,0.0,-0.0019,0.0113,0,0.8,88
ciciot2023:rung0.8,mlp,Web,2135,811,0.9736,0.9593,-0.0093,0.001,-0.0074,0.0809,0,0.8,88
ciciot2023:rung0.8,mlp,Benign,6299,2378,0.944,0.9434,0.0066,0.0029,0.0031,0.0195,0,0.8,91
ciciot2023:rung0.8,mlp,BruteForce,1371,566,0.9914,0.9516,-0.0016,0.0063,-0.0011,0.0261,0,0.8,91
ciciot2023:rung0.8,mlp,DDoS,68476,25942,0.5,0.951,-0.001,0.0,0.0,0.0056,0,0.8,91
ciciot2023:rung0.8,mlp,DoS,25215,9748,0.4999,0.9505,-0.0005,0.0,0.0,0.0093,0,0.8,91
ciciot2023:rung0.8,mlp,Mirai,18953,7158,0.4999,0.9501,-0.0001,0.0,0.0,0.0018,0,0.8,91
ciciot2023:rung0.8,mlp,Recon,23055,8623,0.6895,0.9512,-0.0012,0.0004,0.0,0.0102,0,0.8,91
ciciot2023:rung0.8,mlp,Spoofing,12575,4774,0.8837,0.9525,-0.0025,-0.0,-0.0181,0.0177,0,0.8,91
ciciot2023:rung0.8,mlp,Web,2135,811,0.9704,0.9559,-0.0059,-0.0188,-0.0108,0.0891,0,0.8,91
ciciot2023:rung0.8,rf,Benign,6299,2378,0.934,0.9496,0.0004,0.0019,0.0022,0.0279,0,0.8,12345
ciciot2023:rung0.8,rf,BruteForce,1371,566,0.991,0.9569,-0.0069,-0.0068,-0.0018,0.0363,0,0.8,12345
ciciot2023:rung0.8,rf,DDoS,68476,25942,0.5,0.9503,-0.0003,0.0,0.0,0.0016,0,0.8,12345
ciciot2023:rung0.8,rf,DoS,25215,9748,0.5,0.9518,-0.0018,0.0,0.0,0.0033,0,0.8,12345
ciciot2023:rung0.8,rf,Mirai,18953,7158,0.5,0.9485,0.0015,0.0,0.0,0.003,0,0.8,12345
ciciot2023:rung0.8,rf,Recon,23055,8623,0.6647,0.9523,-0.0023,0.0001,0.0,0.0052,0,0.8,12345
ciciot2023:rung0.8,rf,Spoofing,12575,4774,0.8412,0.9508,-0.0008,0.0,-0.0164,0.0116,0,0.8,12345
ciciot2023:rung0.8,rf,Web,2135,811,0.9673,0.9614,-0.0114,-0.0565,-0.0043,0.1373,0,0.8,12345
ciciot2023:rung0.8,rf,Benign,6299,2378,0.9388,0.9515,-0.0015,0.0003,0.0116,0.023,0,0.8,1337
ciciot2023:rung0.8,rf,BruteForce,1371,566,0.9892,0.9512,-0.0012,-0.0011,-0.0003,0.0311,0,0.8,1337
ciciot2023:rung0.8,rf,DDoS,68476,25942,0.5,0.9508,-0.0008,0.0,0.0,0.0007,0,0.8,1337
ciciot2023:rung0.8,rf,DoS,25215,9748,0.5,0.9482,0.0018,0.0,0.0,0.0051,0,0.8,1337
ciciot2023:rung0.8,rf,Mirai,18953,7158,0.5,0.9499,0.0001,0.0,0.0,0.0023,0,0.8,1337
ciciot2023:rung0.8,rf,Recon,23055,8623,0.6425,0.9516,-0.0016,0.0002,0.0,0.0064,0,0.8,1337
ciciot2023:rung0.8,rf,Spoofing,12575,4774,0.8372,0.9545,-0.0045,-0.0003,-0.0208,0.0122,0,0.8,1337
ciciot2023:rung0.8,rf,Web,2135,811,0.9627,0.9564,-0.0064,-0.0451,-0.0083,0.1091,0,0.8,1337
ciciot2023:rung0.8,rf,Benign,6299,2378,0.9317,0.9519,-0.0019,0.0016,0.0247,0.0227,0,0.8,2024
ciciot2023:rung0.8,rf,BruteForce,1371,566,0.9881,0.9424,0.0076,-0.0037,0.0047,0.0287,0,0.8,2024
ciciot2023:rung0.8,rf,DDoS,68476,25942,0.5,0.949,0.001,0.0,0.0,0.001,0,0.8,2024
ciciot2023:rung0.8,rf,DoS,25215,9748,0.5,0.952,-0.002,0.0,0.0,0.0043,0,0.8,2024
ciciot2023:rung0.8,rf,Mirai,18953,7158,0.5,0.9505,-0.0005,0.0,0.0,0.0031,0,0.8,2024
ciciot2023:rung0.8,rf,Recon,23055,8623,0.6431,0.9476,0.0024,0.0,0.0,0.0076,0,0.8,2024
ciciot2023:rung0.8,rf,Spoofing,12575,4774,0.8414,0.9516,-0.0016,-0.0002,-0.0262,0.0162,0,0.8,2024
ciciot2023:rung0.8,rf,Web,2135,811,0.9684,0.9645,-0.0145,-0.0488,-0.0127,0.1299,0,0.8,2024
ciciot2023:rung0.8,rf,Benign,6299,2378,0.9328,0.9514,-0.0014,0.0014,0.0228,0.0228,0,0.8,3407
ciciot2023:rung0.8,rf,BruteForce,1371,566,0.9888,0.9375,0.0125,-0.0066,0.0047,0.0476,0,0.8,3407
ciciot2023:rung0.8,rf,DDoS,68476,25942,0.5,0.9491,0.0009,0.0,0.0,0.0012,0,0.8,3407
ciciot2023:rung0.8,rf,DoS,25215,9748,0.5,0.9503,-0.0003,0.0,0.0,0.0018,0,0.8,3407
ciciot2023:rung0.8,rf,Mirai,18953,7158,0.5,0.9484,0.0016,0.0,0.0,0.0029,0,0.8,3407
ciciot2023:rung0.8,rf,Recon,23055,8623,0.6369,0.9502,-0.0002,0.0,0.0,0.0078,0,0.8,3407
ciciot2023:rung0.8,rf,Spoofing,12575,4774,0.8364,0.9501,-0.0001,-0.0001,-0.0137,0.0104,0,0.8,3407
ciciot2023:rung0.8,rf,Web,2135,811,0.9672,0.9637,-0.0137,-0.0344,-0.0114,0.0985,0,0.8,3407
ciciot2023:rung0.8,rf,Benign,6299,2378,0.9297,0.95,0.0,0.0014,0.0163,0.0206,0,0.8,42
ciciot2023:rung0.8,rf,BruteForce,1371,566,0.9895,0.9523,-0.0023,-0.0003,0.0005,0.0372,0,0.8,42
ciciot2023:rung0.8,rf,DDoS,68476,25942,0.5,0.9496,0.0004,0.0,0.0,0.0006,0,0.8,42
ciciot2023:rung0.8,rf,DoS,25215,9748,0.5,0.9496,0.0004,0.0,0.0,0.0032,0,0.8,42
ciciot2023:rung0.8,rf,Mirai,18953,7158,0.5,0.9516,-0.0016,0.0,0.0,0.0033,0,0.8,42
ciciot2023:rung0.8,rf,Recon,23055,8623,0.6298,0.9529,-0.0029,0.0,0.0,0.0066,0,0.8,42
ciciot2023:rung0.8,rf,Spoofing,12575,4774,0.8401,0.9557,-0.0057,-0.0004,-0.0172,0.0149,0,0.8,42
ciciot2023:rung0.8,rf,Web,2135,811,0.9721,0.9608,-0.0108,-0.0428,-0.0049,0.1203,0,0.8,42
ciciot2023:rung0.8,rf,Benign,6299,2378,0.9307,0.9559,-0.0059,0.001,0.0077,0.0218,0,0.8,512
ciciot2023:rung0.8,rf,BruteForce,1371,566,0.9874,0.9546,-0.0046,0.0054,0.0008,0.0414,0,0.8,512
ciciot2023:rung0.8,rf,DDoS,68476,25942,0.5,0.9503,-0.0003,0.0,0.0,0.001,0,0.8,512
ciciot2023:rung0.8,rf,DoS,25215,9748,0.5,0.9507,-0.0007,0.0,0.0,0.0021,0,0.8,512
ciciot2023:rung0.8,rf,Mirai,18953,7158,0.5,0.9521,-0.0021,0.0,0.0,0.0015,0,0.8,512
ciciot2023:rung0.8,rf,Recon,23055,8623,0.639,0.9535,-0.0035,0.0,0.0,0.0068,0,0.8,512
ciciot2023:rung0.8,rf,Spoofing,12575,4774,0.8329,0.9509,-0.0009,-0.0,-0.023,0.0111,0,0.8,512
ciciot2023:rung0.8,rf,Web,2135,811,0.9615,0.9566,-0.0066,-0.0369,-0.0042,0.1157,0,0.8,512
ciciot2023:rung0.8,rf,Benign,6299,2378,0.9255,0.9503,-0.0003,0.0009,0.025,0.0197,0,0.8,6021
ciciot2023:rung0.8,rf,BruteForce,1371,566,0.9906,0.9482,0.0018,-0.0065,-0.0007,0.0396,0,0.8,6021
ciciot2023:rung0.8,rf,DDoS,68476,25942,0.5,0.951,-0.001,0.0,0.0,0.002,0,0.8,6021
ciciot2023:rung0.8,rf,DoS,25215,9748,0.5,0.9475,0.0025,0.0,0.0,0.0043,0,0.8,6021
ciciot2023:rung0.8,rf,Mirai,18953,7158,0.5,0.9524,-0.0024,0.0,0.0,0.0022,0,0.8,6021
ciciot2023:rung0.8,rf,Recon,23055,8623,0.652,0.9501,-0.0001,0.0001,0.0,0.0091,0,0.8,6021
ciciot2023:rung0.8,rf,Spoofing,12575,4774,0.8333,0.9495,0.0005,-0.0001,-0.016,0.0176,0,0.8,6021
ciciot2023:rung0.8,rf,Web,2135,811,0.9662,0.9618,-0.0118,-0.0478,-0.0175,0.1132,0,0.8,6021
ciciot2023:rung0.8,rf,Benign,6299,2378,0.9311,0.9575,-0.0075,0.0005,0.0204,0.0177,0,0.8,7
ciciot2023:rung0.8,rf,BruteForce,1371,566,0.9913,0.942,0.008,-0.0001,0.0046,0.0516,0,0.8,7
ciciot2023:rung0.8,rf,DDoS,68476,25942,0.5,0.9504,-0.0004,0.0,0.0,0.0013,0,0.8,7
ciciot2023:rung0.8,rf,DoS,25215,9748,0.5,0.9501,-0.0001,0.0,0.0,0.0044,0,0.8,7
ciciot2023:rung0.8,rf,Mirai,18953,7158,0.5,0.9525,-0.0025,0.0,0.0,0.0026,0,0.8,7
ciciot2023:rung0.8,rf,Recon,23055,8623,0.6374,0.9487,0.0013,0.0001,0.0,0.0063,0,0.8,7
ciciot2023:rung0.8,rf,Spoofing,12575,4774,0.8341,0.954,-0.004,-0.0003,-0.021,0.0121,0,0.8,7
ciciot2023:rung0.8,rf,Web,2135,811,0.9628,0.9636,-0.0136,-0.0443,-0.0101,0.1219,0,0.8,7
ciciot2023:rung0.8,rf,Benign,6299,2378,0.9347,0.9527,-0.0027,0.0012,0.0199,0.0311,0,0.8,88
ciciot2023:rung0.8,rf,BruteForce,1371,566,0.9906,0.9343,0.0157,0.0011,0.003,0.0393,0,0.8,88
ciciot2023:rung0.8,rf,DDoS,68476,25942,0.5,0.9505,-0.0005,0.0,0.0,0.0007,0,0.8,88
ciciot2023:rung0.8,rf,DoS,25215,9748,0.5,0.9491,0.0009,0.0,0.0,0.0025,0,0.8,88
ciciot2023:rung0.8,rf,Mirai,18953,7158,0.5,0.9485,0.0015,0.0,0.0,0.0012,0,0.8,88
ciciot2023:rung0.8,rf,Recon,23055,8623,0.6538,0.9483,0.0017,0.0,0.0,0.0073,0,0.8,88
ciciot2023:rung0.8,rf,Spoofing,12575,4774,0.8329,0.9555,-0.0055,-0.0001,-0.009,0.0058,0,0.8,88
ciciot2023:rung0.8,rf,Web,2135,811,0.9654,0.967,-0.017,-0.0507,-0.0076,0.125,0,0.8,88
ciciot2023:rung0.8,rf,Benign,6299,2378,0.9323,0.9549,-0.0049,0.0011,0.0157,0.0205,0,0.8,91
ciciot2023:rung0.8,rf,BruteForce,1371,566,0.9899,0.9496,0.0004,-0.0025,-0.0001,0.0295,0,0.8,91
ciciot2023:rung0.8,rf,DDoS,68476,25942,0.5,0.9474,0.0026,0.0,0.0,0.0015,0,0.8,91
ciciot2023:rung0.8,rf,DoS,25215,9748,0.5,0.9503,-0.0003,0.0,0.0,0.0025,0,0.8,91
ciciot2023:rung0.8,rf,Mirai,18953,7158,0.5,0.9487,0.0013,0.0,0.0,0.002,0,0.8,91
ciciot2023:rung0.8,rf,Recon,23055,8623,0.6518,0.951,-0.001,0.0,0.0,0.0056,0,0.8,91
ciciot2023:rung0.8,rf,Spoofing,12575,4774,0.8353,0.9525,-0.0025,-0.0,-0.0181,0.0119,0,0.8,91
ciciot2023:rung0.8,rf,Web,2135,811,0.9652,0.9582,-0.0082,-0.0518,-0.0122,0.1346,0,0.8,91
ciciot2023:rung0.8,xgb,Benign,6299,2378,0.8944,0.9469,0.0031,0.0,0.0166,0.0146,0,0.8,12345
ciciot2023:rung0.8,xgb,BruteForce,1371,566,0.9867,0.9645,-0.0145,0.0,0.0001,0.0369,0,0.8,12345
ciciot2023:rung0.8,xgb,DDoS,68476,25942,0.5,0.9505,-0.0005,0.0,0.0,0.0003,0,0.8,12345
ciciot2023:rung0.8,xgb,DoS,25215,9748,0.5,0.9513,-0.0013,0.0,0.0,0.0004,0,0.8,12345
ciciot2023:rung0.8,xgb,Mirai,18953,7158,0.5,0.9512,-0.0012,0.0,0.0,0.0005,0,0.8,12345
ciciot2023:rung0.8,xgb,Recon,23055,8623,0.599,0.949,0.001,0.0,0.0,0.0068,0,0.8,12345
ciciot2023:rung0.8,xgb,Spoofing,12575,4774,0.801,0.9541,-0.0041,0.0,-0.0393,0.0078,0,0.8,12345
ciciot2023:rung0.8,xgb,Web,2135,811,0.9606,0.9402,0.0098,-0.0077,0.0047,0.1173,0,0.8,12345
ciciot2023:rung0.8,xgb,Benign,6299,2378,0.8867,0.9484,0.0016,0.0,0.0259,0.0211,0,0.8,1337
ciciot2023:rung0.8,xgb,BruteForce,1371,566,0.9858,0.9502,-0.0002,0.0,0.0021,0.0222,0,0.8,1337
ciciot2023:rung0.8,xgb,DDoS,68476,25942,0.5,0.9509,-0.0009,0.0,0.0,0.0002,0,0.8,1337
ciciot2023:rung0.8,xgb,DoS,25215,9748,0.5,0.9528,-0.0028,0.0,0.0,0.0006,0,0.8,1337
ciciot2023:rung0.8,xgb,Mirai,18953,7158,0.5,0.9501,-0.0001,0.0,0.0,0.0004,0,0.8,1337
ciciot2023:rung0.8,xgb,Recon,23055,8623,0.5625,0.9494,0.0006,0.0,0.0,0.0039,0,0.8,1337
ciciot2023:rung0.8,xgb,Spoofing,12575,4774,0.8086,0.9557,-0.0057,0.0,0.0013,0.0083,0,0.8,1337
ciciot2023:rung0.8,xgb,Web,2135,811,0.952,0.935,0.015,-0.0099,0.0075,0.1132,0,0.8,1337
ciciot2023:rung0.8,xgb,Benign,6299,2378,0.8935,0.9487,0.0013,0.0,0.0115,0.0184,0,0.8,2024
ciciot2023:rung0.8,xgb,BruteForce,1371,566,0.9868,0.9558,-0.0058,0.0,-0.0008,0.0282,0,0.8,2024
ciciot2023:rung0.8,xgb,DDoS,68476,25942,0.5,0.9495,0.0005,0.0,0.0,0.0002,0,0.8,2024
ciciot2023:rung0.8,xgb,DoS,25215,9748,0.5,0.9518,-0.0018,0.0,0.0,0.0006,0,0.8,2024
ciciot2023:rung0.8,xgb,Mirai,18953,7158,0.5,0.9536,-0.0036,0.0,0.0,0.0003,0,0.8,2024
ciciot2023:rung0.8,xgb,Recon,23055,8623,0.5315,0.9491,0.0009,0.0,0.0,0.0065,0,0.8,2024
ciciot2023:rung0.8,xgb,Spoofing,12575,4774,0.8043,0.9531,-0.0031,0.0,-0.0217,0.0103,0,0.8,2024
ciciot2023:rung0.8,xgb,Web,2135,811,0.9622,0.951,-0.001,-0.0047,-0.0011,0.1173,0,0.8,2024
ciciot2023:rung0.8,xgb,Benign,6299,2378,0.8885,0.9514,-0.0014,0.0,0.0226,0.0136,0,0.8,3407
ciciot2023:rung0.8,xgb,BruteForce,1371,566,0.9858,0.9606,-0.0106,0.0,-0.0045,0.0432,0,0.8,3407
ciciot2023:rung0.8,xgb,DDoS,68476,25942,0.5,0.9501,-0.0001,0.0,0.0,0.0003,0,0.8,3407
ciciot2023:rung0.8,xgb,DoS,25215,9748,0.5,0.953,-0.003,0.0,0.0,0.0008,0,0.8,3407
ciciot2023:rung0.8,xgb,Mirai,18953,7158,0.5,0.9483,0.0017,0.0,0.0,0.0002,0,0.8,3407
ciciot2023:rung0.8,xgb,Recon,23055,8623,0.537,0.951,-0.001,0.0,0.0,0.0059,0,0.8,3407
ciciot2023:rung0.8,xgb,Spoofing,12575,4774,0.8015,0.954,-0.004,0.0,-0.0168,0.0093,0,0.8,3407
ciciot2023:rung0.8,xgb,Web,2135,811,0.9543,0.9469,0.0031,-0.0086,0.0065,0.1262,0,0.8,3407
ciciot2023:rung0.8,xgb,Benign,6299,2378,0.8842,0.9538,-0.0038,0.0,0.0108,0.0177,0,0.8,42
ciciot2023:rung0.8,xgb,BruteForce,1371,566,0.986,0.9518,-0.0018,0.0,-0.002,0.0394,0,0.8,42
ciciot2023:rung0.8,xgb,DDoS,68476,25942,0.5,0.9506,-0.0006,0.0,0.0,0.0003,0,0.8,42
ciciot2023:rung0.8,xgb,DoS,25215,9748,0.5,0.9524,-0.0024,0.0,0.0,0.0006,0,0.8,42
ciciot2023:rung0.8,xgb,Mirai,18953,7158,0.5,0.9502,-0.0002,0.0,0.0,0.0003,0,0.8,42
ciciot2023:rung0.8,xgb,Recon,23055,8623,0.5644,0.9509,-0.0009,0.0,0.0,0.006,0,0.8,42
ciciot2023:rung0.8,xgb,Spoofing,12575,4774,0.8067,0.9547,-0.0047,0.0,-0.0208,0.01,0,0.8,42
ciciot2023:rung0.8,xgb,Web,2135,811,0.9559,0.9461,0.0039,-0.0103,0.0034,0.1163,0,0.8,42
ciciot2023:rung0.8,xgb,Benign,6299,2378,0.896,0.9463,0.0037,0.0,0.0105,0.0098,0,0.8,512
ciciot2023:rung0.8,xgb,BruteForce,1371,566,0.9861,0.962,-0.012,0.0,-0.0002,0.0209,0,0.8,512
ciciot2023:rung0.8,xgb,DDoS,68476,25942,0.5,0.9504,-0.0004,0.0,0.0,0.0003,0,0.8,512
ciciot2023:rung0.8,xgb,DoS,25215,9748,0.5,0.948,0.002,0.0,0.0,0.0006,0,0.8,512
ciciot2023:rung0.8,xgb,Mirai,18953,7158,0.5,0.9507,-0.0007,0.0,0.0,0.0002,0,0.8,512
ciciot2023:rung0.8,xgb,Recon,23055,8623,0.5937,0.9503,-0.0003,0.0,0.0,0.0045,0,0.8,512
ciciot2023:rung0.8,xgb,Spoofing,12575,4774,0.8102,0.9483,0.0017,0.0,-0.0225,0.0094,0,0.8,512
ciciot2023:rung0.8,xgb,Web,2135,811,0.9503,0.9461,0.0039,-0.013,0.0073,0.1153,0,0.8,512
ciciot2023:rung0.8,xgb,Benign,6299,2378,0.8988,0.9563,-0.0063,0.0,-0.0131,0.0105,0,0.8,6021
ciciot2023:rung0.8,xgb,BruteForce,1371,566,0.9842,0.9498,0.0002,0.0,0.0001,0.0374,0,0.8,6021
ciciot2023:rung0.8,xgb,DDoS,68476,25942,0.5,0.9501,-0.0001,0.0,0.0,0.0003,0,0.8,6021
ciciot2023:rung0.8,xgb,DoS,25215,9748,0.5,0.952,-0.002,0.0,0.0,0.0005,0,0.8,6021
ciciot2023:rung0.8,xgb,Mirai,18953,7158,0.5,0.9478,0.0022,0.0,0.0,0.0004,0,0.8,6021
ciciot2023:rung0.8,xgb,Recon,23055,8623,0.5533,0.9501,-0.0001,0.0,0.0,0.0044,0,0.8,6021
ciciot2023:rung0.8,xgb,Spoofing,12575,4774,0.8044,0.9526,-0.0026,0.0,-0.0086,0.011,0,0.8,6021
ciciot2023:rung0.8,xgb,Web,2135,811,0.9605,0.9464,0.0036,-0.0104,0.0068,0.1393,0,0.8,6021
ciciot2023:rung0.8,xgb,Benign,6299,2378,0.8972,0.9506,-0.0006,0.0,0.0128,0.0221,0,0.8,7
ciciot2023:rung0.8,xgb,BruteForce,1371,566,0.9867,0.9528,-0.0028,0.0,0.0007,0.0498,0,0.8,7
ciciot2023:rung0.8,xgb,DDoS,68476,25942,0.5,0.95,0.0,0.0,0.0,0.0003,0,0.8,7
ciciot2023:rung0.8,xgb,DoS,25215,9748,0.5,0.9511,-0.0011,0.0,0.0,0.0014,0,0.8,7
ciciot2023:rung0.8,xgb,Mirai,18953,7158,0.5,0.9494,0.0006,0.0,0.0,0.0001,0,0.8,7
ciciot2023:rung0.8,xgb,Recon,23055,8623,0.5544,0.9508,-0.0008,0.0,0.0,0.0042,0,0.8,7
ciciot2023:rung0.8,xgb,Spoofing,12575,4774,0.7982,0.9531,-0.0031,0.0,-0.0215,0.0064,0,0.8,7
ciciot2023:rung0.8,xgb,Web,2135,811,0.9592,0.9438,0.0062,-0.0068,-0.0031,0.1074,0,0.8,7
ciciot2023:rung0.8,xgb,Benign,6299,2378,0.9018,0.9529,-0.0029,0.0,0.0075,0.0102,0,0.8,88
ciciot2023:rung0.8,xgb,BruteForce,1371,566,0.9858,0.9482,0.0018,0.0,0.0008,0.0408,0,0.8,88
ciciot2023:rung0.8,xgb,DDoS,68476,25942,0.5,0.9487,0.0013,0.0,0.0,0.0003,0,0.8,88
ciciot2023:rung0.8,xgb,DoS,25215,9748,0.5,0.9486,0.0014,0.0,0.0,0.0005,0,0.8,88
ciciot2023:rung0.8,xgb,Mirai,18953,7158,0.5,0.9504,-0.0004,0.0,0.0,0.0003,0,0.8,88
ciciot2023:rung0.8,xgb,Recon,23055,8623,0.5694,0.9489,0.0011,0.0,0.0,0.0055,0,0.8,88
ciciot2023:rung0.8,xgb,Spoofing,12575,4774,0.8015,0.9518,-0.0018,0.0,-0.0241,0.0118,0,0.8,88
ciciot2023:rung0.8,xgb,Web,2135,811,0.9508,0.919,0.031,-0.0088,0.0154,0.1011,0,0.8,88
ciciot2023:rung0.8,xgb,Benign,6299,2378,0.8856,0.9495,0.0005,0.0,-0.002,0.0094,0,0.8,91
ciciot2023:rung0.8,xgb,BruteForce,1371,566,0.985,0.9558,-0.0058,0.0,-0.0054,0.021,0,0.8,91
ciciot2023:rung0.8,xgb,DDoS,68476,25942,0.5,0.9496,0.0004,0.0,0.0,0.0003,0,0.8,91
ciciot2023:rung0.8,xgb,DoS,25215,9748,0.5,0.9518,-0.0018,0.0,0.0,0.0007,0,0.8,91
ciciot2023:rung0.8,xgb,Mirai,18953,7158,0.5,0.9517,-0.0017,0.0,0.0,0.0004,0,0.8,91
ciciot2023:rung0.8,xgb,Recon,23055,8623,0.6058,0.9509,-0.0009,0.0,0.0,0.0049,0,0.8,91
ciciot2023:rung0.8,xgb,Spoofing,12575,4774,0.812,0.9526,-0.0026,0.0,-0.0248,0.0085,0,0.8,91
ciciot2023:rung0.8,xgb,Web,2135,811,0.9548,0.9379,0.0121,-0.0117,0.0073,0.1368,0,0.8,91
ciciot2023:rung0.0,mlp,Benign,6299,2360,0.9462,0.9403,0.0097,0.0038,0.0141,0.0314,1,0.0,12345
ciciot2023:rung0.0,mlp,BruteForce,1371,544,0.9909,0.9548,-0.0048,-0.0051,-0.0001,0.0256,1,0.0,12345
ciciot2023:rung0.0,mlp,DDoS,68476,26026,0.5,0.949,0.001,0.0,0.0,0.0041,1,0.0,12345
ciciot2023:rung0.0,mlp,DoS,25215,9604,0.5,0.9472,0.0028,0.0,0.0,0.0121,1,0.0,12345
ciciot2023:rung0.0,mlp,Mirai,18953,7276,0.5,0.9506,-0.0006,0.0,0.0,0.0045,1,0.0,12345
ciciot2023:rung0.0,mlp,Recon,23055,8725,0.698,0.9492,0.0008,0.0017,0.0,0.0085,1,0.0,12345
ciciot2023:rung0.0,mlp,Spoofing,12575,4654,0.8816,0.9545,-0.0045,-0.0,-0.0156,0.013,1,0.0,12345
ciciot2023:rung0.0,mlp,Web,2135,811,0.9695,0.9494,0.0006,0.0045,-0.0056,0.0423,1,0.0,12345
ciciot2023:rung0.0,mlp,Benign,6299,2360,0.935,0.9355,0.0145,0.0003,0.0115,0.0149,1,0.0,1337
ciciot2023:rung0.0,mlp,BruteForce,1371,544,0.9908,0.9419,0.0081,-0.0025,0.001,0.0285,1,0.0,1337
ciciot2023:rung0.0,mlp,DDoS,68476,26026,0.5,0.9492,0.0008,0.0,0.0,0.0026,1,0.0,1337
ciciot2023:rung0.0,mlp,DoS,25215,9604,0.5,0.9493,0.0007,0.0,0.0,0.012,1,0.0,1337
ciciot2023:rung0.0,mlp,Mirai,18953,7276,0.5,0.9497,0.0003,0.0,0.0,0.0056,1,0.0,1337
ciciot2023:rung0.0,mlp,Recon,23055,8725,0.6972,0.9519,-0.0019,-0.0,-0.0,0.0103,1,0.0,1337
ciciot2023:rung0.0,mlp,Spoofing,12575,4654,0.8814,0.9561,-0.0061,0.0,-0.0026,0.0104,1,0.0,1337
ciciot2023:rung0.0,mlp,Web,2135,811,0.9739,0.9404,0.0096,0.0167,0.008,0.047,1,0.0,1337
ciciot2023:rung0.0,mlp,Benign,6299,2360,0.9371,0.9427,0.0073,-0.0004,0.0069,0.0192,1,0.0,2024
ciciot2023:rung0.0,mlp,BruteForce,1371,544,0.9919,0.9504,-0.0004,0.0075,-0.0027,0.0292,1,0.0,2024
ciciot2023:rung0.0,mlp,DDoS,68476,26026,0.5,0.9497,0.0003,0.0,0.0,0.003,1,0.0,2024
ciciot2023:rung0.0,mlp,DoS,25215,9604,0.5,0.9476,0.0024,0.0,0.0,0.0055,1,0.0,2024
ciciot2023:rung0.0,mlp,Mirai,18953,7276,0.5,0.9498,0.0002,0.0,0.0,0.0025,1,0.0,2024
ciciot2023:rung0.0,mlp,Recon,23055,8725,0.7058,0.953,-0.003,0.0001,-0.0,0.0075,1,0.0,2024
ciciot2023:rung0.0,mlp,Spoofing,12575,4654,0.8882,0.9544,-0.0044,0.0,-0.0137,0.0146,1,0.0,2024
ciciot2023:rung0.0,mlp,Web,2135,811,0.9714,0.9477,0.0023,0.0179,0.0071,0.0746,1,0.0,2024
ciciot2023:rung0.0,mlp,Benign,6299,2360,0.9506,0.9435,0.0065,-0.0004,0.0096,0.0195,1,0.0,3407
ciciot2023:rung0.0,mlp,BruteForce,1371,544,0.9923,0.9518,-0.0018,0.0028,-0.0014,0.0286,1,0.0,3407
ciciot2023:rung0.0,mlp,DDoS,68476,26026,0.5,0.9492,0.0008,0.0,0.0,0.0021,1,0.0,3407
ciciot2023:rung0.0,mlp,DoS,25215,9604,0.5,0.948,0.002,0.0,0.0,0.0102,1,0.0,3407
ciciot2023:rung0.0,mlp,Mirai,18953,7276,0.5,0.9495,0.0005,0.0,0.0,0.0045,1,0.0,3407
ciciot2023:rung0.0,mlp,Recon,23055,8725,0.703,0.9539,-0.0039,0.0001,0.0,0.0087,1,0.0,3407
ciciot2023:rung0.0,mlp,Spoofing,12575,4654,0.8852,0.9549,-0.0049,-0.0001,-0.0147,0.0169,1,0.0,3407
ciciot2023:rung0.0,mlp,Web,2135,811,0.9747,0.9346,0.0154,0.024,0.0053,0.0626,1,0.0,3407
ciciot2023:rung0.0,mlp,Benign,6299,2360,0.9472,0.9529,-0.0029,0.0038,0.0106,0.0288,1,0.0,42
ciciot2023:rung0.0,mlp,BruteForce,1371,544,0.989,0.9449,0.0051,-0.0162,-0.0002,0.0415,1,0.0,42
ciciot2023:rung0.0,mlp,DDoS,68476,26026,0.5,0.9517,-0.0017,0.0,0.0,0.0042,1,0.0,42
ciciot2023:rung0.0,mlp,DoS,25215,9604,0.4999,0.95,0.0,-0.0,0.0,0.0088,1,0.0,42
ciciot2023:rung0.0,mlp,Mirai,18953,7276,0.4999,0.951,-0.001,0.0,0.0,0.007,1,0.0,42
ciciot2023:rung0.0,mlp,Recon,23055,8725,0.7071,0.9549,-0.0049,-0.0002,0.0,0.0075,1,0.0,42
ciciot2023:rung0.0,mlp,Spoofing,12575,4654,0.8862,0.9549,-0.0049,0.0,-0.0214,0.0183,1,0.0,42
ciciot2023:rung0.0,mlp,Web,2135,811,0.9702,0.9433,0.0067,0.0169,0.0056,0.054,1,0.0,42
ciciot2023:rung0.0,mlp,Benign,6299,2360,0.9468,0.9436,0.0064,0.0016,0.0042,0.0253,1,0.0,512
ciciot2023:rung0.0,mlp,BruteForce,1371,544,0.9914,0.959,-0.009,-0.0079,-0.0001,0.0313,1,0.0,512
ciciot2023:rung0.0,mlp,DDoS,68476,26026,0.5,0.9512,-0.0012,0.0,0.0,0.0033,1,0.0,512
ciciot2023:rung0.0,mlp,DoS,25215,9604,0.4999,0.949,0.001,0.0,0.0,0.0085,1,0.0,512
ciciot2023:rung0.0,mlp,Mirai,18953,7276,0.4999,0.9492,0.0008,0.0,0.0,0.0048,1,0.0,512
ciciot2023:rung0.0,mlp,Recon,23055,8725,0.7061,0.951,-0.001,0.001,0.0,0.0071,1,0.0,512
ciciot2023:rung0.0,mlp,Spoofing,12575,4654,0.8845,0.9544,-0.0044,-0.0001,-0.0192,0.0135,1,0.0,512
ciciot2023:rung0.0,mlp,Web,2135,811,0.9737,0.951,-0.001,0.0212,0.0055,0.0641,1,0.0,512
ciciot2023:rung0.0,mlp,Benign,6299,2360,0.9376,0.94,0.01,0.0038,0.0099,0.0229,1,0.0,6021
ciciot2023:rung0.0,mlp,BruteForce,1371,544,0.9907,0.9605,-0.0105,-0.0075,-0.0056,0.0395,1,0.0,6021
ciciot2023:rung0.0,mlp,DDoS,68476,26026,0.5,0.9496,0.0004,0.0,0.0,0.0024,1,0.0,6021
ciciot2023:rung0.0,mlp,DoS,25215,9604,0.5,0.9496,0.0004,0.0,0.0,0.0072,1,0.0,6021
ciciot2023:rung0.0,mlp,Mirai,18953,7276,0.5,0.9508,-0.0008,0.0,0.0,0.0012,1,0.0,6021
ciciot2023:rung0.0,mlp,Recon,23055,8725,0.6559,0.952,-0.002,0.0003,0.0,0.01,1,0.0,6021
ciciot2023:rung0.0,mlp,Spoofing,12575,4654,0.8805,0.9573,-0.0073,0.0,-0.0264,0.02,1,0.0,6021
ciciot2023:rung0.0,mlp,Web,2135,811,0.9706,0.9388,0.0112,0.0104,0.0052,0.0513,1,0.0,6021
ciciot2023:rung0.0,mlp,Benign,6299,2360,0.9438,0.9442,0.0058,-0.0026,0.0095,0.0178,1,0.0,7
ciciot2023:rung0.0,mlp,BruteForce,1371,544,0.9927,0.9695,-0.0195,-0.0157,-0.0008,0.0562,1,0.0,7
ciciot2023:rung0.0,mlp,DDoS,68476,26026,0.5,0.9503,-0.0003,0.0,0.0,0.0043,1,0.0,7
ciciot2023:rung0.0,mlp,DoS,25215,9604,0.5,0.9501,-0.0001,0.0,0.0,0.0084,1,0.0,7
ciciot2023:rung0.0,mlp,Mirai,18953,7276,0.5,0.9504,-0.0004,0.0,0.0,0.005,1,0.0,7
ciciot2023:rung0.0,mlp,Recon,23055,8725,0.6773,0.9508,-0.0008,0.0004,-0.0,0.0056,1,0.0,7
ciciot2023:rung0.0,mlp,Spoofing,12575,4654,0.8786,0.9561,-0.0061,-0.0001,-0.02,0.0151,1,0.0,7
ciciot2023:rung0.0,mlp,Web,2135,811,0.9775,0.9609,-0.0109,0.0168,0.002,0.0531,1,0.0,7
ciciot2023:rung0.0,mlp,Benign,6299,2360,0.9434,0.9408,0.0092,0.0003,0.0045,0.0216,1,0.0,88
ciciot2023:rung0.0,mlp,BruteForce,1371,544,0.99,0.9568,-0.0068,-0.0019,-0.0002,0.0306,1,0.0,88
ciciot2023:rung0.0,mlp,DDoS,68476,26026,0.5,0.9496,0.0004,0.0,0.0,0.003,1,0.0,88
ciciot2023:rung0.0,mlp,DoS,25215,9604,0.4999,0.9499,0.0001,0.0,0.0,0.0051,1,0.0,88
ciciot2023:rung0.0,mlp,Mirai,18953,7276,0.4999,0.9489,0.0011,0.0,0.0,0.0014,1,0.0,88
ciciot2023:rung0.0,mlp,Recon,23055,8725,0.6871,0.9505,-0.0005,0.0009,0.0,0.0089,1,0.0,88
ciciot2023:rung0.0,mlp,Spoofing,12575,4654,0.8848,0.9529,-0.0029,0.0,-0.0091,0.008,1,0.0,88
ciciot2023:rung0.0,mlp,Web,2135,811,0.9736,0.9355,0.0145,0.0024,0.0039,0.0352,1,0.0,88
ciciot2023:rung0.0,mlp,Benign,6299,2360,0.944,0.9479,0.0021,0.0002,0.0095,0.0138,1,0.0,91
ciciot2023:rung0.0,mlp,BruteForce,1371,544,0.9914,0.9618,-0.0118,0.0002,-0.0016,0.0298,1,0.0,91
ciciot2023:rung0.0,mlp,DDoS,68476,26026,0.5,0.95,-0.0,0.0,0.0,0.0036,1,0.0,91
ciciot2023:rung0.0,mlp,DoS,25215,9604,0.4999,0.9519,-0.0019,-0.0,0.0,0.0136,1,0.0,91
ciciot2023:rung0.0,mlp,Mirai,18953,7276,0.4999,0.9492,0.0008,0.0,0.0,0.0007,1,0.0,91
ciciot2023:rung0.0,mlp,Recon,23055,8725,0.6895,0.9549,-0.0049,0.0011,0.0,0.014,1,0.0,91
ciciot2023:rung0.0,mlp,Spoofing,12575,4654,0.8837,0.9567,-0.0067,-0.0,-0.0191,0.0152,1,0.0,91
ciciot2023:rung0.0,mlp,Web,2135,811,0.9704,0.9403,0.0097,0.0111,0.0004,0.049,1,0.0,91
ciciot2023:rung0.0,rf,Benign,6299,2360,0.934,0.953,-0.003,-0.0009,0.0085,0.0163,1,0.0,12345
ciciot2023:rung0.0,rf,BruteForce,1371,544,0.991,0.9607,-0.0107,-0.0036,0.0013,0.0275,1,0.0,12345
ciciot2023:rung0.0,rf,DDoS,68476,26026,0.5,0.9509,-0.0009,0.0,0.0,0.0008,1,0.0,12345
ciciot2023:rung0.0,rf,DoS,25215,9604,0.5,0.9514,-0.0014,0.0,0.0,0.0039,1,0.0,12345
ciciot2023:rung0.0,rf,Mirai,18953,7276,0.5,0.9506,-0.0006,0.0,0.0,0.0011,1,0.0,12345
ciciot2023:rung0.0,rf,Recon,23055,8725,0.6647,0.9489,0.0011,0.0003,0.0,0.0126,1,0.0,12345
ciciot2023:rung0.0,rf,Spoofing,12575,4654,0.8412,0.9557,-0.0057,0.0,-0.0187,0.0098,1,0.0,12345
ciciot2023:rung0.0,rf,Web,2135,811,0.9673,0.9544,-0.0044,-0.0006,-0.0054,0.0283,1,0.0,12345
ciciot2023:rung0.0,rf,Benign,6299,2360,0.9388,0.9472,0.0028,-0.0006,0.0122,0.014,1,0.0,1337
ciciot2023:rung0.0,rf,BruteForce,1371,544,0.9892,0.9463,0.0037,0.0057,0.0028,0.0269,1,0.0,1337
ciciot2023:rung0.0,rf,DDoS,68476,26026,0.5,0.9508,-0.0008,0.0,0.0,0.0012,1,0.0,1337
ciciot2023:rung0.0,rf,DoS,25215,9604,0.5,0.9504,-0.0004,0.0,0.0,0.0042,1,0.0,1337
ciciot2023:rung0.0,rf,Mirai,18953,7276,0.5,0.9494,0.0006,0.0,0.0,0.0016,1,0.0,1337
ciciot2023:rung0.0,rf,Recon,23055,8725,0.6425,0.9514,-0.0014,0.0002,0.0,0.008,1,0.0,1337
ciciot2023:rung0.0,rf,Spoofing,12575,4654,0.8372,0.9515,-0.0015,0.0001,-0.0077,0.0081,1,0.0,1337
ciciot2023:rung0.0,rf,Web,2135,811,0.9627,0.9555,-0.0055,-0.0026,0.0026,0.0325,1,0.0,1337
ciciot2023:rung0.0,rf,Benign,6299,2360,0.9317,0.9469,0.0031,-0.0001,0.0108,0.0152,1,0.0,2024
ciciot2023:rung0.0,rf,BruteForce,1371,544,0.9881,0.9502,-0.0002,0.0014,0.0023,0.0338,1,0.0,2024
ciciot2023:rung0.0,rf,DDoS,68476,26026,0.5,0.9495,0.0005,0.0,0.0,0.0009,1,0.0,2024
ciciot2023:rung0.0,rf,DoS,25215,9604,0.5,0.9495,0.0005,0.0,0.0,0.0032,1,0.0,2024
ciciot2023:rung0.0,rf,Mirai,18953,7276,0.5,0.9482,0.0018,0.0,0.0,0.0023,1,0.0,2024
ciciot2023:rung0.0,rf,Recon,23055,8725,0.6431,0.9488,0.0012,0.0,0.0,0.0098,1,0.0,2024
ciciot2023:rung0.0,rf,Spoofing,12575,4654,0.8414,0.9546,-0.0046,0.0,-0.0258,0.0118,1,0.0,2024
ciciot2023:rung0.0,rf,Web,2135,811,0.9684,0.9584,-0.0084,0.0079,-0.0023,0.0432,1,0.0,2024
ciciot2023:rung0.0,rf,Benign,6299,2360,0.9328,0.9478,0.0022,0.0,0.004,0.014,1,0.0,3407
ciciot2023:rung0.0,rf,BruteForce,1371,544,0.9888,0.9388,0.0112,0.0017,0.0003,0.029,1,0.0,3407
ciciot2023:rung0.0,rf,DDoS,68476,26026,0.5,0.9515,-0.0015,0.0,0.0,0.0011,1,0.0,3407
ciciot2023:rung0.0,rf,DoS,25215,9604,0.5,0.9506,-0.0006,0.0,0.0,0.0023,1,0.0,3407
ciciot2023:rung0.0,rf,Mirai,18953,7276,0.5,0.9507,-0.0007,0.0,0.0,0.0011,1,0.0,3407
ciciot2023:rung0.0,rf,Recon,23055,8725,0.6369,0.9505,-0.0005,0.0,0.0,0.0061,1,0.0,3407
ciciot2023:rung0.0,rf,Spoofing,12575,4654,0.8364,0.9527,-0.0027,0.0001,-0.0061,0.0154,1,0.0,3407
ciciot2023:rung0.0,rf,Web,2135,811,0.9672,0.9614,-0.0114,0.0047,-0.006,0.0341,1,0.0,3407
ciciot2023:rung0.0,rf,Benign,6299,2360,0.9297,0.9462,0.0038,-0.0002,0.0061,0.0186,1,0.0,42
ciciot2023:rung0.0,rf,BruteForce,1371,544,0.9895,0.9502,-0.0002,0.0035,0.0017,0.0211,1,0.0,42
ciciot2023:rung0.0,rf,DDoS,68476,26026,0.5,0.9489,0.0011,0.0,0.0,0.0005,1,0.0,42
ciciot2023:rung0.0,rf,DoS,25215,9604,0.5,0.9493,0.0007,0.0,0.0,0.0036,1,0.0,42
ciciot2023:rung0.0,rf,Mirai,18953,7276,0.5,0.9537,-0.0037,0.0,0.0,0.0019,1,0.0,42
ciciot2023:rung0.0,rf,Recon,23055,8725,0.6298,0.9485,0.0015,0.0,0.0,0.0081,1,0.0,42
ciciot2023:rung0.0,rf,Spoofing,12575,4654,0.8401,0.9549,-0.0049,0.0,-0.0054,0.0107,1,0.0,42
ciciot2023:rung0.0,rf,Web,2135,811,0.9721,0.9533,-0.0033,0.0124,-0.0018,0.0467,1,0.0,42
ciciot2023:rung0.0,rf,Benign,6299,2360,0.9307,0.952,-0.002,-0.0011,0.0115,0.0184,1,0.0,512
ciciot2023:rung0.0,rf,BruteForce,1371,544,0.9874,0.9436,0.0064,0.0057,0.0019,0.0259,1,0.0,512
ciciot2023:rung0.0,rf,DDoS,68476,26026,0.5,0.9474,0.0026,0.0,0.0,0.0011,1,0.0,512
ciciot2023:rung0.0,rf,DoS,25215,9604,0.5,0.9488,0.0012,0.0,0.0,0.0037,1,0.0,512
ciciot2023:rung0.0,rf,Mirai,18953,7276,0.5,0.9505,-0.0005,0.0,0.0,0.0013,1,0.0,512
ciciot2023:rung0.0,rf,Recon,23055,8725,0.639,0.9501,-0.0001,0.0,0.0,0.0073,1,0.0,512
ciciot2023:rung0.0,rf,Spoofing,12575,4654,0.8329,0.952,-0.002,-0.0,-0.0166,0.0128,1,0.0,512
ciciot2023:rung0.0,rf,Web,2135,811,0.9615,0.9473,0.0027,-0.0012,0.0022,0.0279,1,0.0,512
ciciot2023:rung0.0,rf,Benign,6299,2360,0.9255,0.9501,-0.0001,-0.0001,0.0149,0.019,1,0.0,6021
ciciot2023:rung0.0,rf,BruteForce,1371,544,0.9906,0.9559,-0.0059,0.0059,0.0025,0.0316,1,0.0,6021
ciciot2023:rung0.0,rf,DDoS,68476,26026,0.5,0.9488,0.0012,0.0,0.0,0.0008,1,0.0,6021
ciciot2023:rung0.0,rf,DoS,25215,9604,0.5,0.9501,-0.0001,0.0,0.0,0.0034,1,0.0,6021
ciciot2023:rung0.0,rf,Mirai,18953,7276,0.5,0.9528,-0.0028,0.0,0.0,0.001,1,0.0,6021
ciciot2023:rung0.0,rf,Recon,23055,8725,0.652,0.9519,-0.0019,0.0001,0.0,0.0101,1,0.0,6021
ciciot2023:rung0.0,rf,Spoofing,12575,4654,0.8333,0.952,-0.002,-0.0001,-0.0114,0.0116,1,0.0,6021
ciciot2023:rung0.0,rf,Web,2135,811,0.9662,0.9522,-0.0022,0.0025,-0.0032,0.0356,1,0.0,6021
ciciot2023:rung0.0,rf,Benign,6299,2360,0.9311,0.9481,0.0019,-0.0002,0.0161,0.0184,1,0.0,7
ciciot2023:rung0.0,rf,BruteForce,1371,544,0.9913,0.9469,0.0031,0.0037,0.009,0.0324,1,0.0,7
ciciot2023:rung0.0,rf,DDoS,68476,26026,0.5,0.9514,-0.0014,0.0,0.0,0.0007,1,0.0,7
ciciot2023:rung0.0,rf,DoS,25215,9604,0.5,0.9485,0.0015,0.0,0.0,0.0028,1,0.0,7
ciciot2023:rung0.0,rf,Mirai,18953,7276,0.5,0.9484,0.0016,0.0,0.0,0.0027,1,0.0,7
ciciot2023:rung0.0,rf,Recon,23055,8725,0.6374,0.949,0.001,0.0,0.0,0.0055,1,0.0,7
ciciot2023:rung0.0,rf,Spoofing,12575,4654,0.8341,0.9538,-0.0038,0.0006,-0.0127,0.009,1,0.0,7
ciciot2023:rung0.0,rf,Web,2135,811,0.9628,0.9512,-0.0012,0.009,-0.0004,0.0402,1,0.0,7
ciciot2023:rung0.0,rf,Benign,6299,2360,0.9347,0.9517,-0.0017,-0.0,0.014,0.0115,1,0.0,88
ciciot2023:rung0.0,rf,BruteForce,1371,544,0.9906,0.9474,0.0026,0.0031,0.0051,0.0287,1,0.0,88
ciciot2023:rung0.0,rf,DDoS,68476,26026,0.5,0.9503,-0.0003,0.0,0.0,0.0008,1,0.0,88
ciciot2023:rung0.0,rf,DoS,25215,9604,0.5,0.95,0.0,0.0,0.0,0.0045,1,0.0,88
ciciot2023:rung0.0,rf,Mirai,18953,7276,0.5,0.9481,0.0019,0.0,0.0,0.001,1,0.0,88
ciciot2023:rung0.0,rf,Recon,23055,8725,0.6538,0.9489,0.0011,0.0,0.0,0.0067,1,0.0,88
ciciot2023:rung0.0,rf,Spoofing,12575,4654,0.8329,0.9516,-0.0016,-0.0001,-0.0129,0.0121,1,0.0,88
ciciot2023:rung0.0,rf,Web,2135,811,0.9654,0.9508,-0.0008,0.0091,0.002,0.041,1,0.0,88
ciciot2023:rung0.0,rf,Benign,6299,2360,0.9323,0.9508,-0.0008,0.0,0.0265,0.0169,1,0.0,91
ciciot2023:rung0.0,rf,BruteForce,1371,544,0.9899,0.952,-0.002,0.0048,0.0046,0.0304,1,0.0,91
ciciot2023:rung0.0,rf,DDoS,68476,26026,0.5,0.9498,0.0002,0.0,0.0,0.0011,1,0.0,91
ciciot2023:rung0.0,rf,DoS,25215,9604,0.5,0.9517,-0.0017,0.0,0.0,0.004,1,0.0,91
ciciot2023:rung0.0,rf,Mirai,18953,7276,0.5,0.9497,0.0003,0.0,0.0,0.0019,1,0.0,91
ciciot2023:rung0.0,rf,Recon,23055,8725,0.6518,0.9504,-0.0004,0.0,0.0,0.0088,1,0.0,91
ciciot2023:rung0.0,rf,Spoofing,12575,4654,0.8353,0.954,-0.004,0.0,-0.0104,0.0067,1,0.0,91
ciciot2023:rung0.0,rf,Web,2135,811,0.9652,0.9472,0.0028,0.0054,0.0068,0.036,1,0.0,91
ciciot2023:rung0.0,xgb,Benign,6299,2360,0.8944,0.9617,-0.0117,0.0,-0.0085,0.009,1,0.0,12345
ciciot2023:rung0.0,xgb,BruteForce,1371,544,0.9867,0.955,-0.005,0.0,-0.0013,0.03,1,0.0,12345
ciciot2023:rung0.0,xgb,DDoS,68476,26026,0.5,0.9492,0.0008,0.0,0.0,0.0002,1,0.0,12345
ciciot2023:rung0.0,xgb,DoS,25215,9604,0.5,0.9517,-0.0017,0.0,0.0,0.0005,1,0.0,12345
ciciot2023:rung0.0,xgb,Mirai,18953,7276,0.5,0.9495,0.0005,0.0,0.0,0.0012,1,0.0,12345
ciciot2023:rung0.0,xgb,Recon,23055,8725,0.599,0.9518,-0.0018,0.0,0.0,0.0136,1,0.0,12345
ciciot2023:rung0.0,xgb,Spoofing,12575,4654,0.801,0.9527,-0.0027,0.0,-0.0193,0.0113,1,0.0,12345
ciciot2023:rung0.0,xgb,Web,2135,811,0.9606,0.9349,0.0151,-0.0,0.0082,0.0337,1,0.0,12345
ciciot2023:rung0.0,xgb,Benign,6299,2360,0.8867,0.9548,-0.0048,0.0,0.0169,0.0135,1,0.0,1337
ciciot2023:rung0.0,xgb,BruteForce,1371,544,0.9858,0.9489,0.0011,0.0,-0.0008,0.0261,1,0.0,1337
ciciot2023:rung0.0,xgb,DDoS,68476,26026,0.5,0.9514,-0.0014,0.0,0.0,0.0002,1,0.0,1337
ciciot2023:rung0.0,xgb,DoS,25215,9604,0.5,0.9495,0.0005,0.0,0.0,0.0003,1,0.0,1337
ciciot2023:rung0.0,xgb,Mirai,18953,7276,0.5,0.9492,0.0008,0.0,0.0,0.0004,1,0.0,1337
ciciot2023:rung0.0,xgb,Recon,23055,8725,0.5625,0.951,-0.001,0.0,0.0,0.0095,1,0.0,1337
ciciot2023:rung0.0,xgb,Spoofing,12575,4654,0.8086,0.9532,-0.0032,0.0,-0.0081,0.0082,1,0.0,1337
ciciot2023:rung0.0,xgb,Web,2135,811,0.952,0.9343,0.0157,0.0013,0.0133,0.0408,1,0.0,1337
ciciot2023:rung0.0,xgb,Benign,6299,2360,0.8935,0.956,-0.006,0.0,0.0031,0.0114,1,0.0,2024
ciciot2023:rung0.0,xgb,BruteForce,1371,544,0.9868,0.9544,-0.0044,0.0,0.0014,0.0456,1,0.0,2024
ciciot2023:rung0.0,xgb,DDoS,68476,26026,0.5,0.9493,0.0007,0.0,0.0,0.0003,1,0.0,2024
ciciot2023:rung0.0,xgb,DoS,25215,9604,0.5,0.9467,0.0033,0.0,0.0,0.0008,1,0.0,2024
ciciot2023:rung0.0,xgb,Mirai,18953,7276,0.5,0.9475,0.0025,0.0,0.0,0.0004,1,0.0,2024
ciciot2023:rung0.0,xgb,Recon,23055,8725,0.5315,0.9495,0.0005,0.0,0.0,0.0069,1,0.0,2024
ciciot2023:rung0.0,xgb,Spoofing,12575,4654,0.8043,0.9533,-0.0033,0.0,-0.0047,0.0112,1,0.0,2024
ciciot2023:rung0.0,xgb,Web,2135,811,0.9622,0.9507,-0.0007,0.0001,0.0066,0.0356,1,0.0,2024
ciciot2023:rung0.0,xgb,Benign,6299,2360,0.8885,0.9537,-0.0037,0.0,0.0005,0.0121,1,0.0,3407
ciciot2023:rung0.0,xgb,BruteForce,1371,544,0.9858,0.9577,-0.0077,0.0,-0.0045,0.0256,1,0.0,3407
ciciot2023:rung0.0,xgb,DDoS,68476,26026,0.5,0.9502,-0.0002,0.0,0.0,0.0002,1,0.0,3407
ciciot2023:rung0.0,xgb,DoS,25215,9604,0.5,0.9489,0.0011,0.0,0.0,0.0004,1,0.0,3407
ciciot2023:rung0.0,xgb,Mirai,18953,7276,0.5,0.9496,0.0004,0.0,0.0,0.0005,1,0.0,3407
ciciot2023:rung0.0,xgb,Recon,23055,8725,0.537,0.9492,0.0008,0.0,0.0,0.0089,1,0.0,3407
ciciot2023:rung0.0,xgb,Spoofing,12575,4654,0.8015,0.9508,-0.0008,0.0,-0.0154,0.0079,1,0.0,3407
ciciot2023:rung0.0,xgb,Web,2135,811,0.9543,0.9465,0.0035,0.0002,0.0127,0.0421,1,0.0,3407
ciciot2023:rung0.0,xgb,Benign,6299,2360,0.8842,0.9548,-0.0048,0.0,0.0171,0.013,1,0.0,42
ciciot2023:rung0.0,xgb,BruteForce,1371,544,0.986,0.959,-0.009,0.0,-0.0002,0.0359,1,0.0,42
ciciot2023:rung0.0,xgb,DDoS,68476,26026,0.5,0.9503,-0.0003,0.0,0.0,0.0003,1,0.0,42
ciciot2023:rung0.0,xgb,DoS,25215,9604,0.5,0.9489,0.0011,0.0,0.0,0.0005,1,0.0,42
ciciot2023:rung0.0,xgb,Mirai,18953,7276,0.5,0.9501,-0.0001,0.0,0.0,0.0009,1,0.0,42
ciciot2023:rung0.0,xgb,Recon,23055,8725,0.5644,0.9483,0.0017,0.0,0.0,0.0105,1,0.0,42
ciciot2023:rung0.0,xgb,Spoofing,12575,4654,0.8067,0.9539,-0.0039,0.0,-0.0292,0.0108,1,0.0,42
ciciot2023:rung0.0,xgb,Web,2135,811,0.9559,0.9538,-0.0038,0.0007,0.0111,0.031,1,0.0,42
ciciot2023:rung0.0,xgb,Benign,6299,2360,0.896,0.9536,-0.0036,0.0,-0.0101,0.0133,1,0.0,512
ciciot2023:rung0.0,xgb,BruteForce,1371,544,0.9861,0.9546,-0.0046,0.0,-0.0027,0.0363,1,0.0,512
ciciot2023:rung0.0,xgb,DDoS,68476,26026,0.5,0.9493,0.0007,0.0,0.0,0.0003,1,0.0,512
ciciot2023:rung0.0,xgb,DoS,25215,9604,0.5,0.9504,-0.0004,0.0,0.0,0.0005,1,0.0,512
ciciot2023:rung0.0,xgb,Mirai,18953,7276,0.5,0.9491,0.0009,0.0,0.0,0.0003,1,0.0,512
ciciot2023:rung0.0,xgb,Recon,23055,8725,0.5937,0.9481,0.0019,0.0,0.0,0.0088,1,0.0,512
ciciot2023:rung0.0,xgb,Spoofing,12575,4654,0.8102,0.9565,-0.0065,0.0,-0.0144,0.0073,1,0.0,512
ciciot2023:rung0.0,xgb,Web,2135,811,0.9503,0.9483,0.0017,0.0002,0.001,0.0402,1,0.0,512
ciciot2023:rung0.0,xgb,Benign,6299,2360,0.8988,0.9528,-0.0028,0.0,-0.008,0.0115,1,0.0,6021
ciciot2023:rung0.0,xgb,BruteForce,1371,544,0.9842,0.9518,-0.0018,0.0,-0.0018,0.0329,1,0.0,6021
ciciot2023:rung0.0,xgb,DDoS,68476,26026,0.5,0.9503,-0.0003,0.0,0.0,0.0003,1,0.0,6021
ciciot2023:rung0.0,xgb,DoS,25215,9604,0.5,0.9504,-0.0004,0.0,0.0,0.0007,1,0.0,6021
ciciot2023:rung0.0,xgb,Mirai,18953,7276,0.5,0.9508,-0.0008,0.0,0.0,0.0007,1,0.0,6021
ciciot2023:rung0.0,xgb,Recon,23055,8725,0.5533,0.9477,0.0023,0.0,0.0,0.0091,1,0.0,6021
ciciot2023:rung0.0,xgb,Spoofing,12575,4654,0.8044,0.9531,-0.0031,0.0,-0.0232,0.0106,1,0.0,6021
ciciot2023:rung0.0,xgb,Web,2135,811,0.9605,0.9567,-0.0067,0.0003,0.009,0.0268,1,0.0,6021
ciciot2023:rung0.0,xgb,Benign,6299,2360,0.8972,0.9533,-0.0033,0.0,0.0041,0.0132,1,0.0,7
ciciot2023:rung0.0,xgb,BruteForce,1371,544,0.9867,0.9599,-0.0099,0.0,0.0033,0.0368,1,0.0,7
ciciot2023:rung0.0,xgb,DDoS,68476,26026,0.5,0.9511,-0.0011,0.0,0.0,0.0003,1,0.0,7
ciciot2023:rung0.0,xgb,DoS,25215,9604,0.5,0.9492,0.0008,0.0,0.0,0.0007,1,0.0,7
ciciot2023:rung0.0,xgb,Mirai,18953,7276,0.5,0.9508,-0.0008,0.0,0.0,0.0007,1,0.0,7
ciciot2023:rung0.0,xgb,Recon,23055,8725,0.5544,0.9493,0.0007,0.0,0.0,0.0078,1,0.0,7
ciciot2023:rung0.0,xgb,Spoofing,12575,4654,0.7982,0.9531,-0.0031,0.0,-0.0064,0.0058,1,0.0,7
ciciot2023:rung0.0,xgb,Web,2135,811,0.9592,0.9388,0.0112,0.0003,-0.0021,0.0317,1,0.0,7
ciciot2023:rung0.0,xgb,Benign,6299,2360,0.9018,0.9566,-0.0066,0.0,0.0044,0.0167,1,0.0,88
ciciot2023:rung0.0,xgb,BruteForce,1371,544,0.9858,0.9575,-0.0075,0.0,0.0014,0.0393,1,0.0,88
ciciot2023:rung0.0,xgb,DDoS,68476,26026,0.5,0.9487,0.0013,0.0,0.0,0.0003,1,0.0,88
ciciot2023:rung0.0,xgb,DoS,25215,9604,0.5,0.9495,0.0005,0.0,0.0,0.0004,1,0.0,88
ciciot2023:rung0.0,xgb,Mirai,18953,7276,0.5,0.951,-0.001,0.0,0.0,0.0009,1,0.0,88
ciciot2023:rung0.0,xgb,Recon,23055,8725,0.5694,0.9516,-0.0016,0.0,0.0,0.0093,1,0.0,88
ciciot2023:rung0.0,xgb,Spoofing,12575,4654,0.8015,0.9532,-0.0032,0.0,-0.0324,0.0096,1,0.0,88
ciciot2023:rung0.0,xgb,Web,2135,811,0.9508,0.9376,0.0124,0.0,0.0183,0.0321,1,0.0,88
ciciot2023:rung0.0,xgb,Benign,6299,2360,0.8856,0.9564,-0.0064,0.0,0.0104,0.0099,1,0.0,91
ciciot2023:rung0.0,xgb,BruteForce,1371,544,0.985,0.9483,0.0017,0.0,-0.0011,0.0514,1,0.0,91
ciciot2023:rung0.0,xgb,DDoS,68476,26026,0.5,0.9504,-0.0004,0.0,0.0,0.0002,1,0.0,91
ciciot2023:rung0.0,xgb,DoS,25215,9604,0.5,0.9492,0.0008,0.0,0.0,0.0006,1,0.0,91
ciciot2023:rung0.0,xgb,Mirai,18953,7276,0.5,0.9504,-0.0004,0.0,0.0,0.0005,1,0.0,91
ciciot2023:rung0.0,xgb,Recon,23055,8725,0.6058,0.9491,0.0009,0.0,0.0,0.0119,1,0.0,91
ciciot2023:rung0.0,xgb,Spoofing,12575,4654,0.812,0.9575,-0.0075,0.0,-0.0217,0.0097,1,0.0,91
ciciot2023:rung0.0,xgb,Web,2135,811,0.9548,0.9353,0.0147,0.0001,0.0136,0.0309,1,0.0,91
ciciot2023:rung0.2,mlp,Benign,6299,2379,0.9462,0.9452,0.0048,-0.0008,0.0076,0.0259,1,0.2,12345
ciciot2023:rung0.2,mlp,BruteForce,1371,509,0.9909,0.9666,-0.0166,-0.017,-0.0013,0.0584,1,0.2,12345
ciciot2023:rung0.2,mlp,DDoS,68476,25903,0.5,0.9496,0.0004,0.0,0.0,0.0049,1,0.2,12345
ciciot2023:rung0.2,mlp,DoS,25215,9593,0.5,0.9492,0.0008,-0.0,0.0,0.0114,1,0.2,12345
ciciot2023:rung0.2,mlp,Mirai,18953,7295,0.5,0.9508,-0.0008,0.0,0.0,0.01,1,0.2,12345
ciciot2023:rung0.2,mlp,Recon,23055,8744,0.698,0.9488,0.0012,-0.0005,0.0,0.0071,1,0.2,12345
ciciot2023:rung0.2,mlp,Spoofing,12575,4766,0.8816,0.9569,-0.0069,0.0003,0.0014,0.0187,1,0.2,12345
ciciot2023:rung0.2,mlp,Web,2135,811,0.9695,0.9634,-0.0134,-0.0086,-0.0185,0.0514,1,0.2,12345
ciciot2023:rung0.2,mlp,Benign,6299,2379,0.935,0.9441,0.0059,-0.0014,0.0042,0.0187,1,0.2,1337
ciciot2023:rung0.2,mlp,BruteForce,1371,509,0.9908,0.9601,-0.0101,-0.0224,0.0006,0.0628,1,0.2,1337
ciciot2023:rung0.2,mlp,DDoS,68476,25903,0.5,0.95,0.0,0.0,0.0,0.0036,1,0.2,1337
ciciot2023:rung0.2,mlp,DoS,25215,9593,0.5,0.9479,0.0021,0.0,0.0,0.0107,1,0.2,1337
ciciot2023:rung0.2,mlp,Mirai,18953,7295,0.5,0.9507,-0.0007,0.0,0.0,0.0125,1,0.2,1337
ciciot2023:rung0.2,mlp,Recon,23055,8744,0.6972,0.95,-0.0,-0.0003,0.0,0.01,1,0.2,1337
ciciot2023:rung0.2,mlp,Spoofing,12575,4766,0.8814,0.9524,-0.0024,0.0001,-0.0025,0.024,1,0.2,1337
ciciot2023:rung0.2,mlp,Web,2135,811,0.9739,0.9538,-0.0038,-0.0162,-0.0022,0.0472,1,0.2,1337
ciciot2023:rung0.2,mlp,Benign,6299,2379,0.9371,0.9522,-0.0022,-0.0,0.0018,0.0161,1,0.2,2024
ciciot2023:rung0.2,mlp,BruteForce,1371,509,0.9919,0.9609,-0.0109,-0.0293,-0.0055,0.0779,1,0.2,2024
ciciot2023:rung0.2,mlp,DDoS,68476,25903,0.5,0.9492,0.0008,0.0,0.0,0.0029,1,0.2,2024
ciciot2023:rung0.2,mlp,DoS,25215,9593,0.5,0.9479,0.0021,0.0,0.0,0.0113,1,0.2,2024
ciciot2023:rung0.2,mlp,Mirai,18953,7295,0.5,0.9536,-0.0036,0.0,0.0,0.001,1,0.2,2024
ciciot2023:rung0.2,mlp,Recon,23055,8744,0.7058,0.954,-0.004,-0.0012,0.0,0.0102,1,0.2,2024
ciciot2023:rung0.2,mlp,Spoofing,12575,4766,0.8882,0.9552,-0.0052,0.0,-0.0154,0.0104,1,0.2,2024
ciciot2023:rung0.2,mlp,Web,2135,811,0.9714,0.9592,-0.0092,-0.0012,-0.0004,0.0359,1,0.2,2024
ciciot2023:rung0.2,mlp,Benign,6299,2379,0.9506,0.9435,0.0065,-0.0032,0.004,0.015,1,0.2,3407
ciciot2023:rung0.2,mlp,BruteForce,1371,509,0.9923,0.9676,-0.0176,-0.0389,-0.0034,0.0787,1,0.2,3407
ciciot2023:rung0.2,mlp,DDoS,68476,25903,0.5,0.9508,-0.0008,0.0,0.0,0.004,1,0.2,3407
ciciot2023:rung0.2,mlp,DoS,25215,9593,0.5,0.9493,0.0007,0.0,0.0,0.0087,1,0.2,3407
ciciot2023:rung0.2,mlp,Mirai,18953,7295,0.5,0.9528,-0.0028,0.0,0.0,0.0089,1,0.2,3407
ciciot2023:rung0.2,mlp,Recon,23055,8744,0.703,0.9514,-0.0014,-0.0013,0.0,0.0113,1,0.2,3407
ciciot2023:rung0.2,mlp,Spoofing,12575,4766,0.8852,0.9558,-0.0058,0.0,-0.0034,0.019,1,0.2,3407
ciciot2023:rung0.2,mlp,Web,2135,811,0.9747,0.9575,-0.0075,-0.0024,-0.0066,0.0493,1,0.2,3407
ciciot2023:rung0.2,mlp,Benign,6299,2379,0.9472,0.9521,-0.0021,0.0,0.0029,0.0222,1,0.2,42
ciciot2023:rung0.2,mlp,BruteForce,1371,509,0.989,0.9609,-0.0109,-0.0345,-0.0047,0.0839,1,0.2,42
ciciot2023:rung0.2,mlp,DDoS,68476,25903,0.5,0.9488,0.0012,0.0,0.0,0.0061,1,0.2,42
ciciot2023:rung0.2,mlp,DoS,25215,9593,0.4999,0.9482,0.0018,0.0,0.0,0.0114,1,0.2,42
ciciot2023:rung0.2,mlp,Mirai,18953,7295,0.4999,0.9479,0.0021,0.0,0.0,0.0107,1,0.2,42
ciciot2023:rung0.2,mlp,Recon,23055,8744,0.7071,0.9491,0.0009,-0.0006,0.0,0.0096,1,0.2,42
ciciot2023:rung0.2,mlp,Spoofing,12575,4766,0.8862,0.9513,-0.0013,0.0,-0.0091,0.0117,1,0.2,42
ciciot2023:rung0.2,mlp,Web,2135,811,0.9702,0.9517,-0.0017,0.0056,-0.0004,0.0326,1,0.2,42
ciciot2023:rung0.2,mlp,Benign,6299,2379,0.9468,0.9446,0.0054,-0.0007,-0.0071,0.0187,1,0.2,512
ciciot2023:rung0.2,mlp,BruteForce,1371,509,0.9914,0.9558,-0.0058,-0.0174,-0.002,0.0624,1,0.2,512
ciciot2023:rung0.2,mlp,DDoS,68476,25903,0.5,0.9505,-0.0005,0.0,0.0,0.0033,1,0.2,512
ciciot2023:rung0.2,mlp,DoS,25215,9593,0.4999,0.9546,-0.0046,0.0,-0.0,0.0112,1,0.2,512
ciciot2023:rung0.2,mlp,Mirai,18953,7295,0.4999,0.9514,-0.0014,0.0,0.0,0.0111,1,0.2,512
ciciot2023:rung0.2,mlp,Recon,23055,8744,0.7061,0.9488,0.0012,0.0004,0.0,0.0107,1,0.2,512
ciciot2023:rung0.2,mlp,Spoofing,12575,4766,0.8845,0.955,-0.005,0.0,-0.009,0.0115,1,0.2,512
ciciot2023:rung0.2,mlp,Web,2135,811,0.9737,0.9695,-0.0195,-0.0099,-0.0131,0.0432,1,0.2,512
ciciot2023:rung0.2,mlp,Benign,6299,2379,0.9376,0.9428,0.0072,0.0005,0.0033,0.0148,1,0.2,6021
ciciot2023:rung0.2,mlp,BruteForce,1371,509,0.9907,0.967,-0.017,-0.0166,-0.0061,0.0581,1,0.2,6021
ciciot2023:rung0.2,mlp,DDoS,68476,25903,0.5,0.9488,0.0012,0.0,0.0,0.0019,1,0.2,6021
ciciot2023:rung0.2,mlp,DoS,25215,9593,0.5,0.9495,0.0005,0.0,0.0,0.0064,1,0.2,6021
ciciot2023:rung0.2,mlp,Mirai,18953,7295,0.5,0.95,0.0,0.0,0.0,0.0008,1,0.2,6021
ciciot2023:rung0.2,mlp,Recon,23055,8744,0.6559,0.9519,-0.0019,0.0001,0.0,0.0056,1,0.2,6021
ciciot2023:rung0.2,mlp,Spoofing,12575,4766,0.8805,0.9516,-0.0016,0.0,-0.0012,0.0184,1,0.2,6021
ciciot2023:rung0.2,mlp,Web,2135,811,0.9706,0.958,-0.008,-0.0169,-0.0117,0.0538,1,0.2,6021
ciciot2023:rung0.2,mlp,Benign,6299,2379,0.9438,0.9475,0.0025,-0.0021,0.0058,0.0169,1,0.2,7
ciciot2023:rung0.2,mlp,BruteForce,1371,509,0.9927,0.9572,-0.0072,-0.0256,-0.0011,0.0709,1,0.2,7
ciciot2023:rung0.2,mlp,DDoS,68476,25903,0.5,0.9506,-0.0006,0.0,0.0,0.0075,1,0.2,7
ciciot2023:rung0.2,mlp,DoS,25215,9593,0.5,0.9498,0.0002,0.0,0.0,0.0143,1,0.2,7
ciciot2023:rung0.2,mlp,Mirai,18953,7295,0.5,0.9504,-0.0004,0.0,0.0,0.014,1,0.2,7
ciciot2023:rung0.2,mlp,Recon,23055,8744,0.6773,0.953,-0.003,-0.0004,-0.0,0.0068,1,0.2,7
ciciot2023:rung0.2,mlp,Spoofing,12575,4766,0.8786,0.9503,-0.0003,0.0,-0.0124,0.0161,1,0.2,7
ciciot2023:rung0.2,mlp,Web,2135,811,0.9775,0.9642,-0.0142,0.0005,-0.0061,0.0384,1,0.2,7
ciciot2023:rung0.2,mlp,Benign,6299,2379,0.9434,0.9462,0.0038,0.0005,0.0013,0.0169,1,0.2,88
ciciot2023:rung0.2,mlp,BruteForce,1371,509,0.99,0.9695,-0.0195,-0.0419,-0.0025,0.0878,1,0.2,88
ciciot2023:rung0.2,mlp,DDoS,68476,25903,0.5,0.9486,0.0014,0.0,0.0,0.0032,1,0.2,88
ciciot2023:rung0.2,mlp,DoS,25215,9593,0.4999,0.9516,-0.0016,0.0,0.0,0.0112,1,0.2,88
ciciot2023:rung0.2,mlp,Mirai,18953,7295,0.4999,0.9489,0.0011,0.0,0.0,0.0015,1,0.2,88
ciciot2023:rung0.2,mlp,Recon,23055,8744,0.6871,0.9518,-0.0018,0.0003,0.0,0.0062,1,0.2,88
ciciot2023:rung0.2,mlp,Spoofing,12575,4766,0.8848,0.9522,-0.0022,0.0001,0.0016,0.0101,1,0.2,88
ciciot2023:rung0.2,mlp,Web,2135,811,0.9736,0.9676,-0.0176,-0.0079,-0.0087,0.0484,1,0.2,88
ciciot2023:rung0.2,mlp,Benign,6299,2379,0.944,0.9475,0.0025,-0.0039,-0.0003,0.0266,1,0.2,91
ciciot2023:rung0.2,mlp,BruteForce,1371,509,0.9914,0.9737,-0.0237,-0.0285,-0.0016,0.0704,1,0.2,91
ciciot2023:rung0.2,mlp,DDoS,68476,25903,0.5,0.9521,-0.0021,0.0,0.0,0.0058,1,0.2,91
ciciot2023:rung0.2,mlp,DoS,25215,9593,0.4999,0.9528,-0.0028,0.0,0.0,0.0075,1,0.2,91
ciciot2023:rung0.2,mlp,Mirai,18953,7295,0.4999,0.9494,0.0006,0.0,0.0,0.0017,1,0.2,91
ciciot2023:rung0.2,mlp,Recon,23055,8744,0.6895,0.951,-0.001,-0.0006,0.0,0.0064,1,0.2,91
ciciot2023:rung0.2,mlp,Spoofing,12575,4766,0.8837,0.9534,-0.0034,0.0,-0.0049,0.02,1,0.2,91
ciciot2023:rung0.2,mlp,Web,2135,811,0.9704,0.9552,-0.0052,-0.0111,-0.0052,0.0468,1,0.2,91
ciciot2023:rung0.2,rf,Benign,6299,2379,0.934,0.9575,-0.0075,-0.0007,-0.0583,0.0197,1,0.2,12345
ciciot2023:rung0.2,rf,BruteForce,1371,509,0.991,0.9782,-0.0282,-0.009,-0.0069,0.0398,1,0.2,12345
ciciot2023:rung0.2,rf,DDoS,68476,25903,0.5,0.9499,0.0001,0.0,0.0,0.0009,1,0.2,12345
ciciot2023:rung0.2,rf,DoS,25215,9593,0.5,0.9487,0.0013,0.0,0.0,0.0045,1,0.2,12345
ciciot2023:rung0.2,rf,Mirai,18953,7295,0.5,0.9486,0.0014,0.0,0.0,0.0019,1,0.2,12345
ciciot2023:rung0.2,rf,Recon,23055,8744,0.6647,0.9484,0.0016,0.0,0.0,0.0082,1,0.2,12345
ciciot2023:rung0.2,rf,Spoofing,12575,4766,0.8412,0.9544,-0.0044,0.0,0.004,0.0123,1,0.2,12345
ciciot2023:rung0.2,rf,Web,2135,811,0.9673,0.9524,-0.0024,0.0003,0.0046,0.0443,1,0.2,12345
ciciot2023:rung0.2,rf,Benign,6299,2379,0.9388,0.9617,-0.0117,-0.0007,-0.0555,0.0226,1,0.2,1337
ciciot2023:rung0.2,rf,BruteForce,1371,509,0.9892,0.9603,-0.0103,-0.0055,-0.0031,0.0468,1,0.2,1337
ciciot2023:rung0.2,rf,DDoS,68476,25903,0.5,0.9513,-0.0013,0.0,0.0,0.0011,1,0.2,1337
ciciot2023:rung0.2,rf,DoS,25215,9593,0.5,0.9497,0.0003,0.0,0.0,0.0034,1,0.2,1337
ciciot2023:rung0.2,rf,Mirai,18953,7295,0.5,0.9503,-0.0003,0.0,0.0,0.0023,1,0.2,1337
ciciot2023:rung0.2,rf,Recon,23055,8744,0.6425,0.9525,-0.0025,-0.0,0.0,0.0075,1,0.2,1337
ciciot2023:rung0.2,rf,Spoofing,12575,4766,0.8372,0.959,-0.009,0.0001,0.0062,0.02,1,0.2,1337
ciciot2023:rung0.2,rf,Web,2135,811,0.9627,0.9572,-0.0072,0.0035,0.0046,0.0325,1,0.2,1337
ciciot2023:rung0.2,rf,Benign,6299,2379,0.9317,0.9572,-0.0072,-0.0001,-0.0449,0.0201,1,0.2,2024
ciciot2023:rung0.2,rf,BruteForce,1371,509,0.9881,0.9532,-0.0032,-0.0063,-0.0018,0.0425,1,0.2,2024
ciciot2023:rung0.2,rf,DDoS,68476,25903,0.5,0.9514,-0.0014,0.0,0.0,0.0008,1,0.2,2024
ciciot2023:rung0.2,rf,DoS,25215,9593,0.5,0.9506,-0.0006,0.0,0.0,0.0046,1,0.2,2024
ciciot2023:rung0.2,rf,Mirai,18953,7295,0.5,0.9493,0.0007,0.0,0.0,0.0024,1,0.2,2024
ciciot2023:rung0.2,rf,Recon,23055,8744,0.6431,0.9512,-0.0012,-0.0001,0.0,0.0077,1,0.2,2024
ciciot2023:rung0.2,rf,Spoofing,12575,4766,0.8414,0.9543,-0.0043,0.0001,0.0047,0.0077,1,0.2,2024
ciciot2023:rung0.2,rf,Web,2135,811,0.9684,0.9524,-0.0024,0.0004,-0.0003,0.0418,1,0.2,2024
ciciot2023:rung0.2,rf,Benign,6299,2379,0.9328,0.9581,-0.0081,-0.0001,-0.0446,0.0194,1,0.2,3407
ciciot2023:rung0.2,rf,BruteForce,1371,509,0.9888,0.9521,-0.0021,-0.0049,-0.005,0.0282,1,0.2,3407
ciciot2023:rung0.2,rf,DDoS,68476,25903,0.5,0.95,0.0,0.0,0.0,0.0013,1,0.2,3407
ciciot2023:rung0.2,rf,DoS,25215,9593,0.5,0.9532,-0.0032,0.0,0.0,0.0038,1,0.2,3407
ciciot2023:rung0.2,rf,Mirai,18953,7295,0.5,0.9505,-0.0005,0.0,0.0,0.0024,1,0.2,3407
ciciot2023:rung0.2,rf,Recon,23055,8744,0.6369,0.9514,-0.0014,-0.0,0.0,0.0067,1,0.2,3407
ciciot2023:rung0.2,rf,Spoofing,12575,4766,0.8364,0.9531,-0.0031,0.0002,0.0117,0.0183,1,0.2,3407
ciciot2023:rung0.2,rf,Web,2135,811,0.9672,0.9523,-0.0023,0.0124,-0.003,0.0455,1,0.2,3407
ciciot2023:rung0.2,rf,Benign,6299,2379,0.9297,0.9527,-0.0027,0.0002,-0.0498,0.0226,1,0.2,42
ciciot2023:rung0.2,rf,BruteForce,1371,509,0.9895,0.9713,-0.0213,-0.0055,-0.0014,0.0481,1,0.2,42
ciciot2023:rung0.2,rf,DDoS,68476,25903,0.5,0.9496,0.0004,0.0,0.0,0.0008,1,0.2,42
ciciot2023:rung0.2,rf,DoS,25215,9593,0.5,0.9522,-0.0022,0.0,0.0,0.0018,1,0.2,42
ciciot2023:rung0.2,rf,Mirai,18953,7295,0.5,0.9519,-0.0019,0.0,0.0,0.0027,1,0.2,42
ciciot2023:rung0.2,rf,Recon,23055,8744,0.6298,0.9509,-0.0009,-0.0001,0.0,0.0065,1,0.2,42
ciciot2023:rung0.2,rf,Spoofing,12575,4766,0.8401,0.9557,-0.0057,0.0001,0.0088,0.0108,1,0.2,42
ciciot2023:rung0.2,rf,Web,2135,811,0.9721,0.9557,-0.0057,0.0103,-0.0001,0.0537,1,0.2,42
ciciot2023:rung0.2,rf,Benign,6299,2379,0.9307,0.9595,-0.0095,-0.0005,-0.0454,0.0233,1,0.2,512
ciciot2023:rung0.2,rf,BruteForce,1371,509,0.9874,0.9605,-0.0105,-0.0052,-0.0012,0.0351,1,0.2,512
ciciot2023:rung0.2,rf,DDoS,68476,25903,0.5,0.9515,-0.0015,0.0,0.0,0.0015,1,0.2,512
ciciot2023:rung0.2,rf,DoS,25215,9593,0.5,0.9504,-0.0004,0.0,0.0,0.0034,1,0.2,512
ciciot2023:rung0.2,rf,Mirai,18953,7295,0.5,0.9487,0.0013,0.0,0.0,0.0014,1,0.2,512
ciciot2023:rung0.2,rf,Recon,23055,8744,0.639,0.9512,-0.0012,-0.0001,0.0,0.0064,1,0.2,512
ciciot2023:rung0.2,rf,Spoofing,12575,4766,0.8329,0.9539,-0.0039,0.0,0.0107,0.0095,1,0.2,512
ciciot2023:rung0.2,rf,Web,2135,811,0.9615,0.9396,0.0104,0.0075,0.0081,0.0415,1,0.2,512
ciciot2023:rung0.2,rf,Benign,6299,2379,0.9255,0.9557,-0.0057,-0.0002,-0.0491,0.0221,1,0.2,6021
ciciot2023:rung0.2,rf,BruteForce,1371,509,0.9906,0.9654,-0.0154,-0.0041,-0.0045,0.0362,1,0.2,6021
ciciot2023:rung0.2,rf,DDoS,68476,25903,0.5,0.9494,0.0006,0.0,0.0,0.001,1,0.2,6021
ciciot2023:rung0.2,rf,DoS,25215,9593,0.5,0.9511,-0.0011,0.0,0.0,0.0042,1,0.2,6021
ciciot2023:rung0.2,rf,Mirai,18953,7295,0.5,0.9476,0.0024,0.0,0.0,0.0026,1,0.2,6021
ciciot2023:rung0.2,rf,Recon,23055,8744,0.652,0.9504,-0.0004,0.0,0.0,0.0046,1,0.2,6021
ciciot2023:rung0.2,rf,Spoofing,12575,4766,0.8333,0.9558,-0.0058,0.0,0.0027,0.0094,1,0.2,6021
ciciot2023:rung0.2,rf,Web,2135,811,0.9662,0.9459,0.0041,0.0029,0.0025,0.0437,1,0.2,6021
ciciot2023:rung0.2,rf,Benign,6299,2379,0.9311,0.9518,-0.0018,-0.0011,-0.0296,0.019,1,0.2,7
ciciot2023:rung0.2,rf,BruteForce,1371,509,0.9913,0.9554,-0.0054,-0.0009,-0.0002,0.0385,1,0.2,7
ciciot2023:rung0.2,rf,DDoS,68476,25903,0.5,0.9507,-0.0007,0.0,0.0,0.0008,1,0.2,7
ciciot2023:rung0.2,rf,DoS,25215,9593,0.5,0.9519,-0.0019,0.0,0.0,0.0059,1,0.2,7
ciciot2023:rung0.2,rf,Mirai,18953,7295,0.5,0.9517,-0.0017,0.0,0.0,0.0031,1,0.2,7
ciciot2023:rung0.2,rf,Recon,23055,8744,0.6374,0.9502,-0.0002,-0.0,0.0,0.0081,1,0.2,7
ciciot2023:rung0.2,rf,Spoofing,12575,4766,0.8341,0.9537,-0.0037,0.0007,0.0139,0.0125,1,0.2,7
ciciot2023:rung0.2,rf,Web,2135,811,0.9628,0.951,-0.001,0.0058,0.0046,0.0434,1,0.2,7
ciciot2023:rung0.2,rf,Benign,6299,2379,0.9347,0.9628,-0.0128,0.0001,-0.042,0.0172,1,0.2,88
ciciot2023:rung0.2,rf,BruteForce,1371,509,0.9906,0.9607,-0.0107,-0.0109,-0.002,0.0348,1,0.2,88
ciciot2023:rung0.2,rf,DDoS,68476,25903,0.5,0.9509,-0.0009,0.0,0.0,0.0015,1,0.2,88
ciciot2023:rung0.2,rf,DoS,25215,9593,0.5,0.9517,-0.0017,0.0,0.0,0.0033,1,0.2,88
ciciot2023:rung0.2,rf,Mirai,18953,7295,0.5,0.9499,0.0001,0.0,0.0,0.0017,1,0.2,88
ciciot2023:rung0.2,rf,Recon,23055,8744,0.6538,0.9514,-0.0014,-0.0,0.0,0.0065,1,0.2,88
ciciot2023:rung0.2,rf,Spoofing,12575,4766,0.8329,0.9528,-0.0028,0.0002,0.0203,0.0114,1,0.2,88
ciciot2023:rung0.2,rf,Web,2135,811,0.9654,0.9531,-0.0031,0.0146,0.0027,0.0481,1,0.2,88
ciciot2023:rung0.2,rf,Benign,6299,2379,0.9323,0.9556,-0.0056,-0.0003,-0.0548,0.0217,1,0.2,91
ciciot2023:rung0.2,rf,BruteForce,1371,509,0.9899,0.9666,-0.0166,-0.0114,-0.0087,0.0418,1,0.2,91
ciciot2023:rung0.2,rf,DDoS,68476,25903,0.5,0.9502,-0.0002,0.0,0.0,0.0009,1,0.2,91
ciciot2023:rung0.2,rf,DoS,25215,9593,0.5,0.9506,-0.0006,0.0,0.0,0.0028,1,0.2,91
ciciot2023:rung0.2,rf,Mirai,18953,7295,0.5,0.9515,-0.0015,0.0,0.0,0.0019,1,0.2,91
ciciot2023:rung0.2,rf,Recon,23055,8744,0.6518,0.9489,0.0011,-0.0001,0.0,0.0067,1,0.2,91
ciciot2023:rung0.2,rf,Spoofing,12575,4766,0.8353,0.9515,-0.0015,0.0001,0.0062,0.0144,1,0.2,91
ciciot2023:rung0.2,rf,Web,2135,811,0.9652,0.9549,-0.0049,-0.0031,0.003,0.0397,1,0.2,91
ciciot2023:rung0.2,xgb,Benign,6299,2379,0.8944,0.9583,-0.0083,0.0,-0.0373,0.0143,1,0.2,12345
ciciot2023:rung0.2,xgb,BruteForce,1371,509,0.9867,0.9741,-0.0241,0.0,-0.0164,0.0449,1,0.2,12345
ciciot2023:rung0.2,xgb,DDoS,68476,25903,0.5,0.9503,-0.0003,0.0,0.0,0.0003,1,0.2,12345
ciciot2023:rung0.2,xgb,DoS,25215,9593,0.5,0.9496,0.0004,0.0,0.0,0.0006,1,0.2,12345
ciciot2023:rung0.2,xgb,Mirai,18953,7295,0.5,0.9497,0.0003,0.0,0.0,0.0005,1,0.2,12345
ciciot2023:rung0.2,xgb,Recon,23055,8744,0.599,0.9491,0.0009,0.0,0.0,0.0095,1,0.2,12345
ciciot2023:rung0.2,xgb,Spoofing,12575,4766,0.801,0.9516,-0.0016,0.0,0.0007,0.0137,1,0.2,12345
ciciot2023:rung0.2,xgb,Web,2135,811,0.9606,0.9522,-0.0022,-0.0,0.0047,0.0253,1,0.2,12345
ciciot2023:rung0.2,xgb,Benign,6299,2379,0.8867,0.9532,-0.0032,0.0,-0.0174,0.0122,1,0.2,1337
ciciot2023:rung0.2,xgb,BruteForce,1371,509,0.9858,0.9692,-0.0192,0.0,-0.01,0.0475,1,0.2,1337
ciciot2023:rung0.2,xgb,DDoS,68476,25903,0.5,0.9513,-0.0013,0.0,0.0,0.0004,1,0.2,1337
ciciot2023:rung0.2,xgb,DoS,25215,9593,0.5,0.95,-0.0,0.0,0.0,0.0006,1,0.2,1337
ciciot2023:rung0.2,xgb,Mirai,18953,7295,0.5,0.95,0.0,0.0,0.0,0.0006,1,0.2,1337
ciciot2023:rung0.2,xgb,Recon,23055,8744,0.5625,0.9506,-0.0006,0.0,0.0,0.0093,1,0.2,1337
ciciot2023:rung0.2,xgb,Spoofing,12575,4766,0.8086,0.9494,0.0006,0.0,0.0069,0.0086,1,0.2,1337
ciciot2023:rung0.2,xgb,Web,2135,811,0.952,0.953,-0.003,0.0,0.0059,0.0273,1,0.2,1337
ciciot2023:rung0.2,xgb,Benign,6299,2379,0.8935,0.9536,-0.0036,0.0,-0.0101,0.0204,1,0.2,2024
ciciot2023:rung0.2,xgb,BruteForce,1371,509,0.9868,0.954,-0.004,0.0,-0.0066,0.042,1,0.2,2024
ciciot2023:rung0.2,xgb,DDoS,68476,25903,0.5,0.95,0.0,0.0,0.0,0.0002,1,0.2,2024
ciciot2023:rung0.2,xgb,DoS,25215,9593,0.5,0.9503,-0.0003,0.0,0.0,0.0007,1,0.2,2024
ciciot2023:rung0.2,xgb,Mirai,18953,7295,0.5,0.9507,-0.0007,0.0,0.0,0.0006,1,0.2,2024
ciciot2023:rung0.2,xgb,Recon,23055,8744,0.5315,0.9522,-0.0022,0.0,0.0,0.0065,1,0.2,2024
ciciot2023:rung0.2,xgb,Spoofing,12575,4766,0.8043,0.9556,-0.0056,0.0,0.0165,0.0066,1,0.2,2024
ciciot2023:rung0.2,xgb,Web,2135,811,0.9622,0.9506,-0.0006,-0.0,-0.0044,0.0289,1,0.2,2024
ciciot2023:rung0.2,xgb,Benign,6299,2379,0.8885,0.9549,-0.0049,0.0,-0.0354,0.0159,1,0.2,3407
ciciot2023:rung0.2,xgb,BruteForce,1371,509,0.9858,0.9715,-0.0215,0.0,-0.0177,0.0382,1,0.2,3407
ciciot2023:rung0.2,xgb,DDoS,68476,25903,0.5,0.9511,-0.0011,0.0,0.0,0.0003,1,0.2,3407
ciciot2023:rung0.2,xgb,DoS,25215,9593,0.5,0.9493,0.0007,0.0,0.0,0.0006,1,0.2,3407
ciciot2023:rung0.2,xgb,Mirai,18953,7295,0.5,0.9498,0.0002,0.0,0.0,0.0003,1,0.2,3407
ciciot2023:rung0.2,xgb,Recon,23055,8744,0.537,0.9468,0.0032,0.0,0.0,0.0063,1,0.2,3407
ciciot2023:rung0.2,xgb,Spoofing,12575,4766,0.8015,0.9527,-0.0027,0.0,0.0028,0.0068,1,0.2,3407
ciciot2023:rung0.2,xgb,Web,2135,811,0.9543,0.9614,-0.0114,0.0,0.0012,0.0373,1,0.2,3407
ciciot2023:rung0.2,xgb,Benign,6299,2379,0.8842,0.9553,-0.0053,0.0,-0.0189,0.0172,1,0.2,42
ciciot2023:rung0.2,xgb,BruteForce,1371,509,0.986,0.969,-0.019,0.0,-0.0082,0.0491,1,0.2,42
ciciot2023:rung0.2,xgb,DDoS,68476,25903,0.5,0.9505,-0.0005,0.0,0.0,0.0003,1,0.2,42
ciciot2023:rung0.2,xgb,DoS,25215,9593,0.5,0.9475,0.0025,0.0,0.0,0.0006,1,0.2,42
ciciot2023:rung0.2,xgb,Mirai,18953,7295,0.5,0.9486,0.0014,0.0,0.0,0.0004,1,0.2,42
ciciot2023:rung0.2,xgb,Recon,23055,8744,0.5644,0.9499,0.0001,0.0,0.0,0.0064,1,0.2,42
ciciot2023:rung0.2,xgb,Spoofing,12575,4766,0.8067,0.9509,-0.0009,0.0,0.015,0.0112,1,0.2,42
ciciot2023:rung0.2,xgb,Web,2135,811,0.9559,0.951,-0.001,-0.0001,0.0037,0.0369,1,0.2,42
ciciot2023:rung0.2,xgb,Benign,6299,2379,0.896,0.9561,-0.0061,0.0,-0.0275,0.0139,1,0.2,512
ciciot2023:rung0.2,xgb,BruteForce,1371,509,0.9861,0.967,-0.017,0.0,-0.0075,0.0291,1,0.2,512
ciciot2023:rung0.2,xgb,DDoS,68476,25903,0.5,0.9486,0.0014,0.0,0.0,0.0003,1,0.2,512
ciciot2023:rung0.2,xgb,DoS,25215,9593,0.5,0.9509,-0.0009,0.0,0.0,0.0006,1,0.2,512
ciciot2023:rung0.2,xgb,Mirai,18953,7295,0.5,0.9476,0.0024,0.0,0.0,0.0005,1,0.2,512
ciciot2023:rung0.2,xgb,Recon,23055,8744,0.5937,0.9496,0.0004,0.0,0.0,0.0076,1,0.2,512
ciciot2023:rung0.2,xgb,Spoofing,12575,4766,0.8102,0.9516,-0.0016,0.0,-0.0033,0.0121,1,0.2,512
ciciot2023:rung0.2,xgb,Web,2135,811,0.9503,0.9564,-0.0064,-0.0027,0.0001,0.0404,1,0.2,512
ciciot2023:rung0.2,xgb,Benign,6299,2379,0.8988,0.9546,-0.0046,0.0,-0.0355,0.0176,1,0.2,6021
ciciot2023:rung0.2,xgb,BruteForce,1371,509,0.9842,0.966,-0.016,0.0,-0.0071,0.0331,1,0.2,6021
ciciot2023:rung0.2,xgb,DDoS,68476,25903,0.5,0.9494,0.0006,0.0,0.0,0.0002,1,0.2,6021
ciciot2023:rung0.2,xgb,DoS,25215,9593,0.5,0.9513,-0.0013,0.0,0.0,0.0005,1,0.2,6021
ciciot2023:rung0.2,xgb,Mirai,18953,7295,0.5,0.9504,-0.0004,0.0,0.0,0.0004,1,0.2,6021
ciciot2023:rung0.2,xgb,Recon,23055,8744,0.5533,0.9495,0.0005,0.0,0.0,0.0097,1,0.2,6021
ciciot2023:rung0.2,xgb,Spoofing,12575,4766,0.8044,0.9503,-0.0003,0.0,0.0105,0.0105,1,0.2,6021
ciciot2023:rung0.2,xgb,Web,2135,811,0.9605,0.9527,-0.0027,0.0003,0.0001,0.0422,1,0.2,6021
ciciot2023:rung0.2,xgb,Benign,6299,2379,0.8972,0.9559,-0.0059,0.0,-0.027,0.0143,1,0.2,7
ciciot2023:rung0.2,xgb,BruteForce,1371,509,0.9867,0.9582,-0.0082,0.0,-0.0068,0.0363,1,0.2,7
ciciot2023:rung0.2,xgb,DDoS,68476,25903,0.5,0.9512,-0.0012,0.0,0.0,0.0003,1,0.2,7
ciciot2023:rung0.2,xgb,DoS,25215,9593,0.5,0.9518,-0.0018,0.0,0.0,0.0006,1,0.2,7
ciciot2023:rung0.2,xgb,Mirai,18953,7295,0.5,0.9496,0.0004,0.0,0.0,0.0004,1,0.2,7
ciciot2023:rung0.2,xgb,Recon,23055,8744,0.5544,0.9499,0.0001,0.0,0.0,0.0085,1,0.2,7
ciciot2023:rung0.2,xgb,Spoofing,12575,4766,0.7982,0.9539,-0.0039,0.0,0.0022,0.0084,1,0.2,7
ciciot2023:rung0.2,xgb,Web,2135,811,0.9592,0.9549,-0.0049,0.0003,-0.0162,0.0292,1,0.2,7
ciciot2023:rung0.2,xgb,Benign,6299,2379,0.9018,0.9521,-0.0021,0.0,-0.0188,0.0134,1,0.2,88
ciciot2023:rung0.2,xgb,BruteForce,1371,509,0.9858,0.9576,-0.0076,0.0,-0.0009,0.0348,1,0.2,88
ciciot2023:rung0.2,xgb,DDoS,68476,25903,0.5,0.9495,0.0005,0.0,0.0,0.0002,1,0.2,88
ciciot2023:rung0.2,xgb,DoS,25215,9593,0.5,0.951,-0.001,0.0,0.0,0.0006,1,0.2,88
ciciot2023:rung0.2,xgb,Mirai,18953,7295,0.5,0.9506,-0.0006,0.0,0.0,0.0007,1,0.2,88
ciciot2023:rung0.2,xgb,Recon,23055,8744,0.5694,0.9494,0.0006,0.0,0.0,0.0112,1,0.2,88
ciciot2023:rung0.2,xgb,Spoofing,12575,4766,0.8015,0.9532,-0.0032,0.0,0.0112,0.008,1,0.2,88
ciciot2023:rung0.2,xgb,Web,2135,811,0.9508,0.9512,-0.0012,-0.0009,0.0028,0.031,1,0.2,88
ciciot2023:rung0.2,xgb,Benign,6299,2379,0.8856,0.953,-0.003,0.0,-0.0352,0.0148,1,0.2,91
ciciot2023:rung0.2,xgb,BruteForce,1371,509,0.985,0.9754,-0.0254,0.0,-0.0084,0.0385,1,0.2,91
ciciot2023:rung0.2,xgb,DDoS,68476,25903,0.5,0.9497,0.0003,0.0,0.0,0.0002,1,0.2,91
ciciot2023:rung0.2,xgb,DoS,25215,9593,0.5,0.9473,0.0027,0.0,0.0,0.0006,1,0.2,91
ciciot2023:rung0.2,xgb,Mirai,18953,7295,0.5,0.9492,0.0008,0.0,0.0,0.001,1,0.2,91
ciciot2023:rung0.2,xgb,Recon,23055,8744,0.6058,0.9508,-0.0008,0.0,0.0,0.0059,1,0.2,91
ciciot2023:rung0.2,xgb,Spoofing,12575,4766,0.812,0.9525,-0.0025,0.0,0.0142,0.0062,1,0.2,91
ciciot2023:rung0.2,xgb,Web,2135,811,0.9548,0.9543,-0.0043,0.0001,-0.0045,0.0279,1,0.2,91
ciciot2023:rung0.4,mlp,Benign,6299,2357,0.9462,0.9473,0.0027,0.0038,0.0124,0.0346,1,0.4,12345
ciciot2023:rung0.4,mlp,BruteForce,1371,521,0.9909,0.9693,-0.0193,0.0051,-0.0009,0.0288,1,0.4,12345
ciciot2023:rung0.4,mlp,DDoS,68476,26141,0.5,0.9495,0.0005,0.0,0.0,0.0033,1,0.4,12345
ciciot2023:rung0.4,mlp,DoS,25215,9510,0.5,0.9494,0.0006,-0.0,0.0,0.0085,1,0.4,12345
ciciot2023:rung0.4,mlp,Mirai,18953,7233,0.5,0.9513,-0.0013,0.0,0.0,0.005,1,0.4,12345
ciciot2023:rung0.4,mlp,Recon,23055,8698,0.698,0.9525,-0.0025,0.0018,0.0,0.0128,1,0.4,12345
ciciot2023:rung0.4,mlp,Spoofing,12575,4729,0.8816,0.9502,-0.0002,-0.0,-0.0254,0.0172,1,0.4,12345
ciciot2023:rung0.4,mlp,Web,2135,811,0.9695,0.9628,-0.0128,-0.0157,-0.0095,0.0558,1,0.4,12345
ciciot2023:rung0.4,mlp,Benign,6299,2357,0.935,0.9439,0.0061,0.0064,0.006,0.0431,1,0.4,1337
ciciot2023:rung0.4,mlp,BruteForce,1371,521,0.9908,0.9568,-0.0068,0.0011,0.0009,0.0302,1,0.4,1337
ciciot2023:rung0.4,mlp,DDoS,68476,26141,0.5,0.9512,-0.0012,0.0,0.0,0.0042,1,0.4,1337
ciciot2023:rung0.4,mlp,DoS,25215,9510,0.5,0.948,0.002,-0.0,0.0,0.0097,1,0.4,1337
ciciot2023:rung0.4,mlp,Mirai,18953,7233,0.5,0.9509,-0.0009,0.0,0.0,0.0094,1,0.4,1337
ciciot2023:rung0.4,mlp,Recon,23055,8698,0.6972,0.9505,-0.0005,0.0006,0.0,0.0104,1,0.4,1337
ciciot2023:rung0.4,mlp,Spoofing,12575,4729,0.8814,0.9545,-0.0045,0.0,-0.0242,0.0228,1,0.4,1337
ciciot2023:rung0.4,mlp,Web,2135,811,0.9739,0.9477,0.0023,-0.0097,0.0042,0.0362,1,0.4,1337
ciciot2023:rung0.4,mlp,Benign,6299,2357,0.9371,0.948,0.002,0.0026,-0.0042,0.0279,1,0.4,2024
ciciot2023:rung0.4,mlp,BruteForce,1371,521,0.9919,0.9578,-0.0078,0.004,-0.0045,0.0397,1,0.4,2024
ciciot2023:rung0.4,mlp,DDoS,68476,26141,0.5,0.9508,-0.0008,0.0,0.0,0.0037,1,0.4,2024
ciciot2023:rung0.4,mlp,DoS,25215,9510,0.5,0.9502,-0.0002,0.0,0.0,0.0129,1,0.4,2024
ciciot2023:rung0.4,mlp,Mirai,18953,7233,0.5,0.9486,0.0014,0.0,0.0,0.0024,1,0.4,2024
ciciot2023:rung0.4,mlp,Recon,23055,8698,0.7058,0.9508,-0.0008,0.0007,0.0,0.01,1,0.4,2024
ciciot2023:rung0.4,mlp,Spoofing,12575,4729,0.8882,0.9585,-0.0085,0.0,-0.028,0.0227,1,0.4,2024
ciciot2023:rung0.4,mlp,Web,2135,811,0.9714,0.9618,-0.0118,-0.002,0.0022,0.0391,1,0.4,2024
ciciot2023:rung0.4,mlp,Benign,6299,2357,0.9506,0.9496,0.0004,0.0037,0.008,0.0319,1,0.4,3407
ciciot2023:rung0.4,mlp,BruteForce,1371,521,0.9923,0.9578,-0.0078,-0.0112,-0.0017,0.0366,1,0.4,3407
ciciot2023:rung0.4,mlp,DDoS,68476,26141,0.5,0.9483,0.0017,0.0,0.0,0.0051,1,0.4,3407
ciciot2023:rung0.4,mlp,DoS,25215,9510,0.5,0.9516,-0.0016,0.0,0.0,0.0048,1,0.4,3407
ciciot2023:rung0.4,mlp,Mirai,18953,7233,0.5,0.9507,-0.0007,0.0,0.0,0.0082,1,0.4,3407
ciciot2023:rung0.4,mlp,Recon,23055,8698,0.703,0.952,-0.002,0.0008,0.0,0.0113,1,0.4,3407
ciciot2023:rung0.4,mlp,Spoofing,12575,4729,0.8852,0.9569,-0.0069,-0.0,-0.0307,0.0192,1,0.4,3407
ciciot2023:rung0.4,mlp,Web,2135,811,0.9747,0.9644,-0.0144,-0.0335,-0.0159,0.0753,1,0.4,3407
ciciot2023:rung0.4,mlp,Benign,6299,2357,0.9472,0.9535,-0.0035,0.0042,0.0075,0.0367,1,0.4,42
ciciot2023:rung0.4,mlp,BruteForce,1371,521,0.989,0.962,-0.012,-0.0223,-0.0016,0.0571,1,0.4,42
ciciot2023:rung0.4,mlp,DDoS,68476,26141,0.5,0.948,0.002,0.0,0.0,0.0049,1,0.4,42
ciciot2023:rung0.4,mlp,DoS,25215,9510,0.4999,0.9496,0.0004,-0.0,0.0,0.0151,1,0.4,42
ciciot2023:rung0.4,mlp,Mirai,18953,7233,0.4999,0.9494,0.0006,0.0,0.0,0.006,1,0.4,42
ciciot2023:rung0.4,mlp,Recon,23055,8698,0.7071,0.9524,-0.0024,0.0009,0.0,0.0132,1,0.4,42
ciciot2023:rung0.4,mlp,Spoofing,12575,4729,0.8862,0.9532,-0.0032,0.0,-0.028,0.023,1,0.4,42
ciciot2023:rung0.4,mlp,Web,2135,811,0.9702,0.952,-0.002,-0.0064,-0.0019,0.0511,1,0.4,42
ciciot2023:rung0.4,mlp,Benign,6299,2357,0.9468,0.9488,0.0012,0.0051,0.0002,0.0225,1,0.4,512
ciciot2023:rung0.4,mlp,BruteForce,1371,521,0.9914,0.9643,-0.0143,-0.0046,0.0001,0.0258,1,0.4,512
ciciot2023:rung0.4,mlp,DDoS,68476,26141,0.5,0.9489,0.0011,0.0,0.0,0.0037,1,0.4,512
ciciot2023:rung0.4,mlp,DoS,25215,9510,0.4999,0.9514,-0.0014,0.0,0.0,0.0091,1,0.4,512
ciciot2023:rung0.4,mlp,Mirai,18953,7233,0.4999,0.9498,0.0002,0.0,0.0,0.0082,1,0.4,512
ciciot2023:rung0.4,mlp,Recon,23055,8698,0.7061,0.9544,-0.0044,0.0012,0.0,0.0126,1,0.4,512
ciciot2023:rung0.4,mlp,Spoofing,12575,4729,0.8845,0.9547,-0.0047,-0.0001,-0.0267,0.0258,1,0.4,512
ciciot2023:rung0.4,mlp,Web,2135,811,0.9737,0.9677,-0.0177,-0.0048,-0.012,0.0463,1,0.4,512
ciciot2023:rung0.4,mlp,Benign,6299,2357,0.9376,0.9498,0.0002,0.0072,-0.004,0.0345,1,0.4,6021
ciciot2023:rung0.4,mlp,BruteForce,1371,521,0.9907,0.9708,-0.0208,-0.0059,-0.0057,0.0348,1,0.4,6021
ciciot2023:rung0.4,mlp,DDoS,68476,26141,0.5,0.9497,0.0003,0.0,0.0,0.002,1,0.4,6021
ciciot2023:rung0.4,mlp,DoS,25215,9510,0.5,0.9486,0.0014,0.0,0.0,0.01,1,0.4,6021
ciciot2023:rung0.4,mlp,Mirai,18953,7233,0.5,0.9507,-0.0007,0.0,0.0,0.0025,1,0.4,6021
ciciot2023:rung0.4,mlp,Recon,23055,8698,0.6559,0.9507,-0.0007,0.0016,0.0,0.0155,1,0.4,6021
ciciot2023:rung0.4,mlp,Spoofing,12575,4729,0.8805,0.9543,-0.0043,0.0,-0.0221,0.0185,1,0.4,6021
ciciot2023:rung0.4,mlp,Web,2135,811,0.9706,0.9456,0.0044,-0.0024,-0.0076,0.0445,1,0.4,6021
ciciot2023:rung0.4,mlp,Benign,6299,2357,0.9438,0.939,0.011,0.0013,0.0061,0.024,1,0.4,7
ciciot2023:rung0.4,mlp,BruteForce,1371,521,0.9927,0.9603,-0.0103,-0.0138,-0.0002,0.0371,1,0.4,7
ciciot2023:rung0.4,mlp,DDoS,68476,26141,0.5,0.9504,-0.0004,0.0,0.0,0.005,1,0.4,7
ciciot2023:rung0.4,mlp,DoS,25215,9510,0.5,0.952,-0.002,-0.0,0.0,0.0081,1,0.4,7
ciciot2023:rung0.4,mlp,Mirai,18953,7233,0.5,0.9513,-0.0013,0.0,0.0,0.011,1,0.4,7
ciciot2023:rung0.4,mlp,Recon,23055,8698,0.6773,0.9522,-0.0022,0.0006,0.0,0.0137,1,0.4,7
ciciot2023:rung0.4,mlp,Spoofing,12575,4729,0.8786,0.9578,-0.0078,-0.0,-0.0318,0.018,1,0.4,7
ciciot2023:rung0.4,mlp,Web,2135,811,0.9775,0.9634,-0.0134,-0.0119,-0.0092,0.0508,1,0.4,7
ciciot2023:rung0.4,mlp,Benign,6299,2357,0.9434,0.9466,0.0034,0.0037,0.0045,0.0326,1,0.4,88
ciciot2023:rung0.4,mlp,BruteForce,1371,521,0.99,0.9612,-0.0112,-0.0191,-0.0016,0.0533,1,0.4,88
ciciot2023:rung0.4,mlp,DDoS,68476,26141,0.5,0.9493,0.0007,0.0,0.0,0.0037,1,0.4,88
ciciot2023:rung0.4,mlp,DoS,25215,9510,0.4999,0.9517,-0.0017,0.0,0.0,0.0054,1,0.4,88
ciciot2023:rung0.4,mlp,Mirai,18953,7233,0.4999,0.9481,0.0019,0.0,0.0,0.0023,1,0.4,88
ciciot2023:rung0.4,mlp,Recon,23055,8698,0.6871,0.9519,-0.0019,0.0009,0.0,0.0111,1,0.4,88
ciciot2023:rung0.4,mlp,Spoofing,12575,4729,0.8848,0.9557,-0.0057,-0.0002,-0.0132,0.0183,1,0.4,88
ciciot2023:rung0.4,mlp,Web,2135,811,0.9736,0.9554,-0.0054,0.0036,-0.0051,0.0525,1,0.4,88
ciciot2023:rung0.4,mlp,Benign,6299,2357,0.944,0.9458,0.0042,0.0059,0.0051,0.0241,1,0.4,91
ciciot2023:rung0.4,mlp,BruteForce,1371,521,0.9914,0.9679,-0.0179,-0.0112,-0.0017,0.0393,1,0.4,91
ciciot2023:rung0.4,mlp,DDoS,68476,26141,0.5,0.9505,-0.0005,0.0,0.0,0.0036,1,0.4,91
ciciot2023:rung0.4,mlp,DoS,25215,9510,0.4999,0.9491,0.0009,0.0,0.0,0.0077,1,0.4,91
ciciot2023:rung0.4,mlp,Mirai,18953,7233,0.4999,0.9528,-0.0028,0.0,0.0,0.0027,1,0.4,91
ciciot2023:rung0.4,mlp,Recon,23055,8698,0.6895,0.9507,-0.0007,0.0012,0.0,0.0137,1,0.4,91
ciciot2023:rung0.4,mlp,Spoofing,12575,4729,0.8837,0.9578,-0.0078,-0.0,-0.0242,0.0201,1,0.4,91
ciciot2023:rung0.4,mlp,Web,2135,811,0.9704,0.9588,-0.0088,-0.0019,-0.0079,0.0343,1,0.4,91
ciciot2023:rung0.4,rf,Benign,6299,2357,0.934,0.951,-0.001,0.0011,0.0008,0.0172,1,0.4,12345
ciciot2023:rung0.4,rf,BruteForce,1371,521,0.991,0.9616,-0.0116,0.0099,-0.0023,0.036,1,0.4,12345
ciciot2023:rung0.4,rf,DDoS,68476,26141,0.5,0.9508,-0.0008,0.0,0.0,0.001,1,0.4,12345
ciciot2023:rung0.4,rf,DoS,25215,9510,0.5,0.951,-0.001,0.0,0.0,0.0025,1,0.4,12345
ciciot2023:rung0.4,rf,Mirai,18953,7233,0.5,0.9497,0.0003,0.0,0.0,0.0017,1,0.4,12345
ciciot2023:rung0.4,rf,Recon,23055,8698,0.6647,0.9511,-0.0011,0.0002,0.0,0.0074,1,0.4,12345
ciciot2023:rung0.4,rf,Spoofing,12575,4729,0.8412,0.9508,-0.0008,0.0,-0.0218,0.0144,1,0.4,12345
ciciot2023:rung0.4,rf,Web,2135,811,0.9673,0.9538,-0.0038,-0.0267,0.0019,0.0664,1,0.4,12345
ciciot2023:rung0.4,rf,Benign,6299,2357,0.9388,0.9469,0.0031,0.0002,0.0069,0.0168,1,0.4,1337
ciciot2023:rung0.4,rf,BruteForce,1371,521,0.9892,0.9457,0.0043,0.0121,0.003,0.044,1,0.4,1337
ciciot2023:rung0.4,rf,DDoS,68476,26141,0.5,0.9503,-0.0003,0.0,0.0,0.0014,1,0.4,1337
ciciot2023:rung0.4,rf,DoS,25215,9510,0.5,0.9489,0.0011,0.0,0.0,0.0016,1,0.4,1337
ciciot2023:rung0.4,rf,Mirai,18953,7233,0.5,0.9523,-0.0023,0.0,0.0,0.0019,1,0.4,1337
ciciot2023:rung0.4,rf,Recon,23055,8698,0.6425,0.9505,-0.0005,0.0002,0.0,0.0107,1,0.4,1337
ciciot2023:rung0.4,rf,Spoofing,12575,4729,0.8372,0.952,-0.002,0.0002,-0.0072,0.0165,1,0.4,1337
ciciot2023:rung0.4,rf,Web,2135,811,0.9627,0.9575,-0.0075,-0.0278,0.003,0.0573,1,0.4,1337
ciciot2023:rung0.4,rf,Benign,6299,2357,0.9317,0.9471,0.0029,0.0018,0.0161,0.0212,1,0.4,2024
ciciot2023:rung0.4,rf,BruteForce,1371,521,0.9881,0.9489,0.0011,0.0089,0.0046,0.0317,1,0.4,2024
ciciot2023:rung0.4,rf,DDoS,68476,26141,0.5,0.9505,-0.0005,0.0,0.0,0.0013,1,0.4,2024
ciciot2023:rung0.4,rf,DoS,25215,9510,0.5,0.9503,-0.0003,0.0,0.0,0.0032,1,0.4,2024
ciciot2023:rung0.4,rf,Mirai,18953,7233,0.5,0.9538,-0.0038,0.0,0.0,0.0016,1,0.4,2024
ciciot2023:rung0.4,rf,Recon,23055,8698,0.6431,0.9478,0.0022,0.0,0.0,0.0095,1,0.4,2024
ciciot2023:rung0.4,rf,Spoofing,12575,4729,0.8414,0.9519,-0.0019,0.0001,-0.0249,0.0174,1,0.4,2024
ciciot2023:rung0.4,rf,Web,2135,811,0.9684,0.9576,-0.0076,-0.0226,-0.0039,0.0444,1,0.4,2024
ciciot2023:rung0.4,rf,Benign,6299,2357,0.9328,0.9485,0.0015,0.0014,0.0084,0.0176,1,0.4,3407
ciciot2023:rung0.4,rf,BruteForce,1371,521,0.9888,0.9514,-0.0014,0.0028,0.0017,0.0354,1,0.4,3407
ciciot2023:rung0.4,rf,DDoS,68476,26141,0.5,0.9496,0.0004,0.0,0.0,0.0021,1,0.4,3407
ciciot2023:rung0.4,rf,DoS,25215,9510,0.5,0.9519,-0.0019,0.0,0.0,0.0017,1,0.4,3407
ciciot2023:rung0.4,rf,Mirai,18953,7233,0.5,0.9521,-0.0021,0.0,0.0,0.0022,1,0.4,3407
ciciot2023:rung0.4,rf,Recon,23055,8698,0.6369,0.9514,-0.0014,0.0,0.0,0.0077,1,0.4,3407
ciciot2023:rung0.4,rf,Spoofing,12575,4729,0.8364,0.9544,-0.0044,0.0002,-0.0232,0.0154,1,0.4,3407
ciciot2023:rung0.4,rf,Web,2135,811,0.9672,0.9584,-0.0084,-0.0145,-0.0001,0.0343,1,0.4,3407
ciciot2023:rung0.4,rf,Benign,6299,2357,0.9297,0.9509,-0.0009,0.0009,0.0045,0.0153,1,0.4,42
ciciot2023:rung0.4,rf,BruteForce,1371,521,0.9895,0.9468,0.0032,0.0088,0.0038,0.0365,1,0.4,42
ciciot2023:rung0.4,rf,DDoS,68476,26141,0.5,0.9495,0.0005,0.0,0.0,0.0018,1,0.4,42
ciciot2023:rung0.4,rf,DoS,25215,9510,0.5,0.9501,-0.0001,0.0,0.0,0.0016,1,0.4,42
ciciot2023:rung0.4,rf,Mirai,18953,7233,0.5,0.95,-0.0,0.0,0.0,0.0019,1,0.4,42
ciciot2023:rung0.4,rf,Recon,23055,8698,0.6298,0.9491,0.0009,0.0,0.0,0.007,1,0.4,42
ciciot2023:rung0.4,rf,Spoofing,12575,4729,0.8401,0.953,-0.003,0.0001,-0.014,0.0135,1,0.4,42
ciciot2023:rung0.4,rf,Web,2135,811,0.9721,0.9583,-0.0083,-0.0214,0.0041,0.0341,1,0.4,42
ciciot2023:rung0.4,rf,Benign,6299,2357,0.9307,0.9488,0.0012,0.0007,0.0078,0.0176,1,0.4,512
ciciot2023:rung0.4,rf,BruteForce,1371,521,0.9874,0.9476,0.0024,0.0107,0.0012,0.0411,1,0.4,512
ciciot2023:rung0.4,rf,DDoS,68476,26141,0.5,0.9489,0.0011,0.0,0.0,0.0012,1,0.4,512
ciciot2023:rung0.4,rf,DoS,25215,9510,0.5,0.9502,-0.0002,0.0,0.0,0.0018,1,0.4,512
ciciot2023:rung0.4,rf,Mirai,18953,7233,0.5,0.9474,0.0026,0.0,0.0,0.0017,1,0.4,512
ciciot2023:rung0.4,rf,Recon,23055,8698,0.639,0.949,0.001,0.0,0.0,0.0092,1,0.4,512
ciciot2023:rung0.4,rf,Spoofing,12575,4729,0.8329,0.9523,-0.0023,0.0,-0.0148,0.0154,1,0.4,512
ciciot2023:rung0.4,rf,Web,2135,811,0.9615,0.947,0.003,-0.0277,0.0035,0.0643,1,0.4,512
ciciot2023:rung0.4,rf,Benign,6299,2357,0.9255,0.9487,0.0013,0.0007,0.0019,0.0147,1,0.4,6021
ciciot2023:rung0.4,rf,BruteForce,1371,521,0.9906,0.9555,-0.0055,0.0092,0.0004,0.0408,1,0.4,6021
ciciot2023:rung0.4,rf,DDoS,68476,26141,0.5,0.9519,-0.0019,0.0,0.0,0.0015,1,0.4,6021
ciciot2023:rung0.4,rf,DoS,25215,9510,0.5,0.951,-0.001,0.0,0.0,0.0016,1,0.4,6021
ciciot2023:rung0.4,rf,Mirai,18953,7233,0.5,0.9496,0.0004,0.0,0.0,0.0019,1,0.4,6021
ciciot2023:rung0.4,rf,Recon,23055,8698,0.652,0.9504,-0.0004,0.0001,0.0,0.0073,1,0.4,6021
ciciot2023:rung0.4,rf,Spoofing,12575,4729,0.8333,0.955,-0.005,0.0001,-0.0213,0.0123,1,0.4,6021
ciciot2023:rung0.4,rf,Web,2135,811,0.9662,0.9547,-0.0047,-0.0225,-0.0048,0.0439,1,0.4,6021
ciciot2023:rung0.4,rf,Benign,6299,2357,0.9311,0.9507,-0.0007,0.0008,0.0096,0.0218,1,0.4,7
ciciot2023:rung0.4,rf,BruteForce,1371,521,0.9913,0.944,0.006,0.0108,0.0023,0.0406,1,0.4,7
ciciot2023:rung0.4,rf,DDoS,68476,26141,0.5,0.9499,0.0001,0.0,0.0,0.0017,1,0.4,7
ciciot2023:rung0.4,rf,DoS,25215,9510,0.5,0.9518,-0.0018,0.0,0.0,0.002,1,0.4,7
ciciot2023:rung0.4,rf,Mirai,18953,7233,0.5,0.9495,0.0005,0.0,0.0,0.0014,1,0.4,7
ciciot2023:rung0.4,rf,Recon,23055,8698,0.6374,0.9514,-0.0014,0.0001,0.0,0.0088,1,0.4,7
ciciot2023:rung0.4,rf,Spoofing,12575,4729,0.8341,0.9526,-0.0026,0.0007,-0.0192,0.0139,1,0.4,7
ciciot2023:rung0.4,rf,Web,2135,811,0.9628,0.954,-0.004,-0.0201,0.0056,0.0407,1,0.4,7
ciciot2023:rung0.4,rf,Benign,6299,2357,0.9347,0.9487,0.0013,0.0012,0.0173,0.0253,1,0.4,88
ciciot2023:rung0.4,rf,BruteForce,1371,521,0.9906,0.9474,0.0026,0.0079,0.0012,0.0432,1,0.4,88
ciciot2023:rung0.4,rf,DDoS,68476,26141,0.5,0.9506,-0.0006,0.0,0.0,0.0015,1,0.4,88
ciciot2023:rung0.4,rf,DoS,25215,9510,0.5,0.9487,0.0013,0.0,0.0,0.0016,1,0.4,88
ciciot2023:rung0.4,rf,Mirai,18953,7233,0.5,0.9506,-0.0006,0.0,0.0,0.0024,1,0.4,88
ciciot2023:rung0.4,rf,Recon,23055,8698,0.6538,0.948,0.002,0.0,0.0,0.0077,1,0.4,88
ciciot2023:rung0.4,rf,Spoofing,12575,4729,0.8329,0.9534,-0.0034,0.0003,-0.0166,0.0148,1,0.4,88
ciciot2023:rung0.4,rf,Web,2135,811,0.9654,0.9491,0.0009,-0.0226,0.0008,0.0457,1,0.4,88
ciciot2023:rung0.4,rf,Benign,6299,2357,0.9323,0.9508,-0.0008,0.0008,0.0144,0.0194,1,0.4,91
ciciot2023:rung0.4,rf,BruteForce,1371,521,0.9899,0.9603,-0.0103,0.0081,0.001,0.0381,1,0.4,91
ciciot2023:rung0.4,rf,DDoS,68476,26141,0.5,0.9494,0.0006,0.0,0.0,0.0013,1,0.4,91
ciciot2023:rung0.4,rf,DoS,25215,9510,0.5,0.9495,0.0005,0.0,0.0,0.0025,1,0.4,91
ciciot2023:rung0.4,rf,Mirai,18953,7233,0.5,0.9496,0.0004,0.0,0.0,0.0013,1,0.4,91
ciciot2023:rung0.4,rf,Recon,23055,8698,0.6518,0.9485,0.0015,-0.0001,0.0,0.0099,1,0.4,91
ciciot2023:rung0.4,rf,Spoofing,12575,4729,0.8353,0.9514,-0.0014,0.0001,-0.0181,0.014,1,0.4,91
ciciot2023:rung0.4,rf,Web,2135,811,0.9652,0.9465,0.0035,-0.0381,0.0038,0.0677,1,0.4,91
ciciot2023:rung0.4,xgb,Benign,6299,2357,0.8944,0.9486,0.0014,0.0,0.0006,0.0115,1,0.4,12345
ciciot2023:rung0.4,xgb,BruteForce,1371,521,0.9867,0.9536,-0.0036,0.0,-0.0099,0.0545,1,0.4,12345
ciciot2023:rung0.4,xgb,DDoS,68476,26141,0.5,0.9493,0.0007,0.0,0.0,0.0003,1,0.4,12345
ciciot2023:rung0.4,xgb,DoS,25215,9510,0.5,0.949,0.001,0.0,0.0,0.0006,1,0.4,12345
ciciot2023:rung0.4,xgb,Mirai,18953,7233,0.5,0.9481,0.0019,0.0,0.0,0.0006,1,0.4,12345
ciciot2023:rung0.4,xgb,Recon,23055,8698,0.599,0.9467,0.0033,0.0,0.0,0.0084,1,0.4,12345
ciciot2023:rung0.4,xgb,Spoofing,12575,4729,0.801,0.9505,-0.0005,0.0,-0.006,0.0192,1,0.4,12345
ciciot2023:rung0.4,xgb,Web,2135,811,0.9606,0.9519,-0.0019,-0.0,0.0014,0.0346,1,0.4,12345
ciciot2023:rung0.4,xgb,Benign,6299,2357,0.8867,0.9528,-0.0028,0.0,0.0092,0.0149,1,0.4,1337
ciciot2023:rung0.4,xgb,BruteForce,1371,521,0.9858,0.9524,-0.0024,0.0,0.0029,0.0363,1,0.4,1337
ciciot2023:rung0.4,xgb,DDoS,68476,26141,0.5,0.9489,0.0011,0.0,0.0,0.0003,1,0.4,1337
ciciot2023:rung0.4,xgb,DoS,25215,9510,0.5,0.9516,-0.0016,0.0,0.0,0.0008,1,0.4,1337
ciciot2023:rung0.4,xgb,Mirai,18953,7233,0.5,0.952,-0.002,0.0,0.0,0.0006,1,0.4,1337
ciciot2023:rung0.4,xgb,Recon,23055,8698,0.5625,0.9499,0.0001,0.0,0.0,0.0112,1,0.4,1337
ciciot2023:rung0.4,xgb,Spoofing,12575,4729,0.8086,0.9525,-0.0025,0.0,-0.0208,0.015,1,0.4,1337
ciciot2023:rung0.4,xgb,Web,2135,811,0.952,0.9374,0.0126,-0.0001,0.007,0.0374,1,0.4,1337
ciciot2023:rung0.4,xgb,Benign,6299,2357,0.8935,0.9491,0.0009,0.0,-0.0098,0.0106,1,0.4,2024
ciciot2023:rung0.4,xgb,BruteForce,1371,521,0.9868,0.9532,-0.0032,0.0,0.001,0.0426,1,0.4,2024
ciciot2023:rung0.4,xgb,DDoS,68476,26141,0.5,0.9517,-0.0017,0.0,0.0,0.0002,1,0.4,2024
ciciot2023:rung0.4,xgb,DoS,25215,9510,0.5,0.9513,-0.0013,0.0,0.0,0.0006,1,0.4,2024
ciciot2023:rung0.4,xgb,Mirai,18953,7233,0.5,0.9497,0.0003,0.0,0.0,0.0005,1,0.4,2024
ciciot2023:rung0.4,xgb,Recon,23055,8698,0.5315,0.9503,-0.0003,0.0,0.0,0.0096,1,0.4,2024
ciciot2023:rung0.4,xgb,Spoofing,12575,4729,0.8043,0.9523,-0.0023,0.0,0.0036,0.0183,1,0.4,2024
ciciot2023:rung0.4,xgb,Web,2135,811,0.9622,0.9382,0.0118,-0.0018,-0.0011,0.0381,1,0.4,2024
ciciot2023:rung0.4,xgb,Benign,6299,2357,0.8885,0.9517,-0.0017,0.0,-0.0056,0.0115,1,0.4,3407
ciciot2023:rung0.4,xgb,BruteForce,1371,521,0.9858,0.9507,-0.0007,0.0,0.0012,0.0483,1,0.4,3407
ciciot2023:rung0.4,xgb,DDoS,68476,26141,0.5,0.9493,0.0007,0.0,0.0,0.0001,1,0.4,3407
ciciot2023:rung0.4,xgb,DoS,25215,9510,0.5,0.9499,0.0001,0.0,0.0,0.0009,1,0.4,3407
ciciot2023:rung0.4,xgb,Mirai,18953,7233,0.5,0.9495,0.0005,0.0,0.0,0.0008,1,0.4,3407
ciciot2023:rung0.4,xgb,Recon,23055,8698,0.537,0.9484,0.0016,0.0,0.0,0.0121,1,0.4,3407
ciciot2023:rung0.4,xgb,Spoofing,12575,4729,0.8015,0.9557,-0.0057,0.0,0.0018,0.0146,1,0.4,3407
ciciot2023:rung0.4,xgb,Web,2135,811,0.9543,0.9523,-0.0023,-0.0023,0.0041,0.0352,1,0.4,3407
ciciot2023:rung0.4,xgb,Benign,6299,2357,0.8842,0.9483,0.0017,0.0,-0.0022,0.0118,1,0.4,42
ciciot2023:rung0.4,xgb,BruteForce,1371,521,0.986,0.944,0.006,0.0,-0.0022,0.0558,1,0.4,42
ciciot2023:rung0.4,xgb,DDoS,68476,26141,0.5,0.9489,0.0011,0.0,0.0,0.0004,1,0.4,42
ciciot2023:rung0.4,xgb,DoS,25215,9510,0.5,0.9524,-0.0024,0.0,0.0,0.0006,1,0.4,42
ciciot2023:rung0.4,xgb,Mirai,18953,7233,0.5,0.9502,-0.0002,0.0,0.0,0.0004,1,0.4,42
ciciot2023:rung0.4,xgb,Recon,23055,8698,0.5644,0.9497,0.0003,0.0,0.0,0.0143,1,0.4,42
ciciot2023:rung0.4,xgb,Spoofing,12575,4729,0.8067,0.9545,-0.0045,0.0,-0.0124,0.0129,1,0.4,42
ciciot2023:rung0.4,xgb,Web,2135,811,0.9559,0.9504,-0.0004,-0.0008,0.0099,0.0384,1,0.4,42
ciciot2023:rung0.4,xgb,Benign,6299,2357,0.896,0.952,-0.002,0.0,-0.0021,0.0102,1,0.4,512
ciciot2023:rung0.4,xgb,BruteForce,1371,521,0.9861,0.947,0.003,0.0,0.0017,0.0326,1,0.4,512
ciciot2023:rung0.4,xgb,DDoS,68476,26141,0.5,0.9494,0.0006,0.0,0.0,0.0003,1,0.4,512
ciciot2023:rung0.4,xgb,DoS,25215,9510,0.5,0.9481,0.0019,0.0,0.0,0.0007,1,0.4,512
ciciot2023:rung0.4,xgb,Mirai,18953,7233,0.5,0.9494,0.0006,0.0,0.0,0.0003,1,0.4,512
ciciot2023:rung0.4,xgb,Recon,23055,8698,0.5937,0.9513,-0.0013,0.0,0.0,0.0102,1,0.4,512
ciciot2023:rung0.4,xgb,Spoofing,12575,4729,0.8102,0.9499,0.0001,0.0,-0.0167,0.0122,1,0.4,512
ciciot2023:rung0.4,xgb,Web,2135,811,0.9503,0.9451,0.0049,-0.0027,0.0073,0.028,1,0.4,512
ciciot2023:rung0.4,xgb,Benign,6299,2357,0.8988,0.9547,-0.0047,0.0,-0.0205,0.01,1,0.4,6021
ciciot2023:rung0.4,xgb,BruteForce,1371,521,0.9842,0.9426,0.0074,0.0,0.0013,0.042,1,0.4,6021
ciciot2023:rung0.4,xgb,DDoS,68476,26141,0.5,0.9503,-0.0003,0.0,0.0,0.0003,1,0.4,6021
ciciot2023:rung0.4,xgb,DoS,25215,9510,0.5,0.9477,0.0023,0.0,0.0,0.0007,1,0.4,6021
ciciot2023:rung0.4,xgb,Mirai,18953,7233,0.5,0.9516,-0.0016,0.0,0.0,0.0006,1,0.4,6021
ciciot2023:rung0.4,xgb,Recon,23055,8698,0.5533,0.9501,-0.0001,0.0,0.0,0.0084,1,0.4,6021
ciciot2023:rung0.4,xgb,Spoofing,12575,4729,0.8044,0.9533,-0.0033,0.0,0.0009,0.0118,1,0.4,6021
ciciot2023:rung0.4,xgb,Web,2135,811,0.9605,0.9498,0.0002,0.0003,0.0026,0.0333,1,0.4,6021
ciciot2023:rung0.4,xgb,Benign,6299,2357,0.8972,0.9479,0.0021,0.0,-0.0035,0.0146,1,0.4,7
ciciot2023:rung0.4,xgb,BruteForce,1371,521,0.9867,0.9463,0.0037,0.0,-0.0011,0.0292,1,0.4,7
ciciot2023:rung0.4,xgb,DDoS,68476,26141,0.5,0.9502,-0.0002,0.0,0.0,0.0002,1,0.4,7
ciciot2023:rung0.4,xgb,DoS,25215,9510,0.5,0.9515,-0.0015,0.0,0.0,0.0007,1,0.4,7
ciciot2023:rung0.4,xgb,Mirai,18953,7233,0.5,0.951,-0.001,0.0,0.0,0.0011,1,0.4,7
ciciot2023:rung0.4,xgb,Recon,23055,8698,0.5544,0.9491,0.0009,0.0,0.0,0.0097,1,0.4,7
ciciot2023:rung0.4,xgb,Spoofing,12575,4729,0.7982,0.9495,0.0005,0.0,-0.0017,0.008,1,0.4,7
ciciot2023:rung0.4,xgb,Web,2135,811,0.9592,0.9323,0.0177,-0.0022,0.0056,0.028,1,0.4,7
ciciot2023:rung0.4,xgb,Benign,6299,2357,0.9018,0.9569,-0.0069,0.0,-0.0058,0.0119,1,0.4,88
ciciot2023:rung0.4,xgb,BruteForce,1371,521,0.9858,0.9438,0.0062,0.0,0.0039,0.0457,1,0.4,88
ciciot2023:rung0.4,xgb,DDoS,68476,26141,0.5,0.9487,0.0013,0.0,0.0,0.0003,1,0.4,88
ciciot2023:rung0.4,xgb,DoS,25215,9510,0.5,0.9517,-0.0017,0.0,0.0,0.0006,1,0.4,88
ciciot2023:rung0.4,xgb,Mirai,18953,7233,0.5,0.9513,-0.0013,0.0,0.0,0.0007,1,0.4,88
ciciot2023:rung0.4,xgb,Recon,23055,8698,0.5694,0.9468,0.0032,0.0,0.0,0.0124,1,0.4,88
ciciot2023:rung0.4,xgb,Spoofing,12575,4729,0.8015,0.9536,-0.0036,0.0,-0.0268,0.0117,1,0.4,88
ciciot2023:rung0.4,xgb,Web,2135,811,0.9508,0.9364,0.0136,-0.0012,0.0086,0.0289,1,0.4,88
ciciot2023:rung0.4,xgb,Benign,6299,2357,0.8856,0.9538,-0.0038,0.0,-0.0178,0.0122,1,0.4,91
ciciot2023:rung0.4,xgb,BruteForce,1371,521,0.985,0.9599,-0.0099,0.0,0.0006,0.0552,1,0.4,91
ciciot2023:rung0.4,xgb,DDoS,68476,26141,0.5,0.9489,0.0011,0.0,0.0,0.0003,1,0.4,91
ciciot2023:rung0.4,xgb,DoS,25215,9510,0.5,0.948,0.002,0.0,0.0,0.0009,1,0.4,91
ciciot2023:rung0.4,xgb,Mirai,18953,7233,0.5,0.9514,-0.0014,0.0,0.0,0.0003,1,0.4,91
ciciot2023:rung0.4,xgb,Recon,23055,8698,0.6058,0.9503,-0.0003,0.0,0.0,0.0083,1,0.4,91
ciciot2023:rung0.4,xgb,Spoofing,12575,4729,0.812,0.9525,-0.0025,0.0,-0.0014,0.0122,1,0.4,91
ciciot2023:rung0.4,xgb,Web,2135,811,0.9548,0.9453,0.0047,0.0,0.0105,0.0335,1,0.4,91
ciciot2023:rung0.6,mlp,Benign,6299,2376,0.9462,0.9539,-0.0039,-0.0007,-0.0001,0.0224,1,0.6,12345
ciciot2023:rung0.6,mlp,BruteForce,1371,524,0.9909,0.9668,-0.0168,-0.0274,-0.0016,0.0788,1,0.6,12345
ciciot2023:rung0.6,mlp,DDoS,68476,25952,0.5,0.9488,0.0012,-0.0,0.0,0.0055,1,0.6,12345
ciciot2023:rung0.6,mlp,DoS,25215,9512,0.5,0.9488,0.0012,0.0,-0.0,0.0085,1,0.6,12345
ciciot2023:rung0.6,mlp,Mirai,18953,7158,0.5,0.953,-0.003,0.0,0.0,0.0029,1,0.6,12345
ciciot2023:rung0.6,mlp,Recon,23055,8870,0.698,0.9473,0.0027,0.0028,0.0,0.0159,1,0.6,12345
ciciot2023:rung0.6,mlp,Spoofing,12575,4797,0.8816,0.9527,-0.0027,0.0,-0.0106,0.0128,1,0.6,12345
ciciot2023:rung0.6,mlp,Web,2135,811,0.9695,0.9566,-0.0066,-0.018,-0.0109,0.0602,1,0.6,12345
ciciot2023:rung0.6,mlp,Benign,6299,2376,0.935,0.9414,0.0086,-0.0017,-0.003,0.0119,1,0.6,1337
ciciot2023:rung0.6,mlp,BruteForce,1371,524,0.9908,0.9639,-0.0139,-0.016,-0.0019,0.0725,1,0.6,1337
ciciot2023:rung0.6,mlp,DDoS,68476,25952,0.5,0.9487,0.0013,0.0,0.0,0.0062,1,0.6,1337
ciciot2023:rung0.6,mlp,DoS,25215,9512,0.5,0.9477,0.0023,0.0,0.0,0.0165,1,0.6,1337
ciciot2023:rung0.6,mlp,Mirai,18953,7158,0.5,0.9505,-0.0005,0.0,0.0,0.0025,1,0.6,1337
ciciot2023:rung0.6,mlp,Recon,23055,8870,0.6972,0.9503,-0.0003,0.0014,0.0,0.0143,1,0.6,1337
ciciot2023:rung0.6,mlp,Spoofing,12575,4797,0.8814,0.9542,-0.0042,-0.0003,-0.0086,0.0165,1,0.6,1337
ciciot2023:rung0.6,mlp,Web,2135,811,0.9739,0.9473,0.0027,-0.0159,-0.0016,0.0524,1,0.6,1337
ciciot2023:rung0.6,mlp,Benign,6299,2376,0.9371,0.9441,0.0059,-0.0003,0.0018,0.02,1,0.6,2024
ciciot2023:rung0.6,mlp,BruteForce,1371,524,0.9919,0.9531,-0.0031,-0.0328,-0.0019,0.0772,1,0.6,2024
ciciot2023:rung0.6,mlp,DDoS,68476,25952,0.5,0.9501,-0.0001,0.0,0.0,0.0074,1,0.6,2024
ciciot2023:rung0.6,mlp,DoS,25215,9512,0.5,0.9483,0.0017,0.0,0.0,0.012,1,0.6,2024
ciciot2023:rung0.6,mlp,Mirai,18953,7158,0.5,0.9522,-0.0022,0.0,0.0,0.0011,1,0.6,2024
ciciot2023:rung0.6,mlp,Recon,23055,8870,0.7058,0.9516,-0.0016,0.0016,0.0,0.02,1,0.6,2024
ciciot2023:rung0.6,mlp,Spoofing,12575,4797,0.8882,0.951,-0.001,0.0,-0.0068,0.0137,1,0.6,2024
ciciot2023:rung0.6,mlp,Web,2135,811,0.9714,0.9433,0.0067,-0.0038,0.0034,0.056,1,0.6,2024
ciciot2023:rung0.6,mlp,Benign,6299,2376,0.9506,0.9432,0.0068,0.0009,0.0008,0.0253,1,0.6,3407
ciciot2023:rung0.6,mlp,BruteForce,1371,524,0.9923,0.9628,-0.0128,-0.0533,-0.0026,0.1068,1,0.6,3407
ciciot2023:rung0.6,mlp,DDoS,68476,25952,0.5,0.9492,0.0008,0.0,0.0,0.0084,1,0.6,3407
ciciot2023:rung0.6,mlp,DoS,25215,9512,0.5,0.9489,0.0011,0.0,0.0,0.009,1,0.6,3407
ciciot2023:rung0.6,mlp,Mirai,18953,7158,0.5,0.9543,-0.0043,0.0,0.0,0.0035,1,0.6,3407
ciciot2023:rung0.6,mlp,Recon,23055,8870,0.703,0.9496,0.0004,0.0009,0.0,0.0137,1,0.6,3407
ciciot2023:rung0.6,mlp,Spoofing,12575,4797,0.8852,0.9558,-0.0058,-0.0001,-0.0146,0.0117,1,0.6,3407
ciciot2023:rung0.6,mlp,Web,2135,811,0.9747,0.946,0.004,-0.0308,-0.0065,0.1109,1,0.6,3407
ciciot2023:rung0.6,mlp,Benign,6299,2376,0.9472,0.9539,-0.0039,0.0017,-0.0,0.0221,1,0.6,42
ciciot2023:rung0.6,mlp,BruteForce,1371,524,0.989,0.9571,-0.0071,-0.0446,-0.0021,0.0941,1,0.6,42
ciciot2023:rung0.6,mlp,DDoS,68476,25952,0.5,0.9508,-0.0008,0.0,0.0,0.0089,1,0.6,42
ciciot2023:rung0.6,mlp,DoS,25215,9512,0.4999,0.9465,0.0035,0.0,-0.0,0.0115,1,0.6,42
ciciot2023:rung0.6,mlp,Mirai,18953,7158,0.4999,0.9517,-0.0017,0.0,0.0,0.006,1,0.6,42
ciciot2023:rung0.6,mlp,Recon,23055,8870,0.7071,0.9474,0.0026,0.0022,0.0,0.0191,1,0.6,42
ciciot2023:rung0.6,mlp,Spoofing,12575,4797,0.8862,0.9532,-0.0032,0.0,-0.0067,0.016,1,0.6,42
ciciot2023:rung0.6,mlp,Web,2135,811,0.9702,0.9527,-0.0027,0.0028,-0.0042,0.0477,1,0.6,42
ciciot2023:rung0.6,mlp,Benign,6299,2376,0.9468,0.9491,0.0009,0.0012,-0.0044,0.0201,1,0.6,512
ciciot2023:rung0.6,mlp,BruteForce,1371,524,0.9914,0.9624,-0.0124,-0.0342,-0.0027,0.0862,1,0.6,512
ciciot2023:rung0.6,mlp,DDoS,68476,25952,0.5,0.9488,0.0012,-0.0,0.0,0.0064,1,0.6,512
ciciot2023:rung0.6,mlp,DoS,25215,9512,0.4999,0.95,-0.0,0.0,-0.0,0.0172,1,0.6,512
ciciot2023:rung0.6,mlp,Mirai,18953,7158,0.4999,0.9522,-0.0022,0.0,0.0,0.004,1,0.6,512
ciciot2023:rung0.6,mlp,Recon,23055,8870,0.7061,0.9516,-0.0016,0.0023,0.0,0.0231,1,0.6,512
ciciot2023:rung0.6,mlp,Spoofing,12575,4797,0.8845,0.9541,-0.0041,-0.0001,-0.0195,0.0155,1,0.6,512
ciciot2023:rung0.6,mlp,Web,2135,811,0.9737,0.9514,-0.0014,-0.0126,-0.0074,0.041,1,0.6,512
ciciot2023:rung0.6,mlp,Benign,6299,2376,0.9376,0.9476,0.0024,0.0043,-0.007,0.0186,1,0.6,6021
ciciot2023:rung0.6,mlp,BruteForce,1371,524,0.9907,0.958,-0.008,-0.0269,-0.0056,0.0668,1,0.6,6021
ciciot2023:rung0.6,mlp,DDoS,68476,25952,0.5,0.9509,-0.0009,0.0,0.0,0.0015,1,0.6,6021
ciciot2023:rung0.6,mlp,DoS,25215,9512,0.5,0.9525,-0.0025,0.0,0.0,0.0076,1,0.6,6021
ciciot2023:rung0.6,mlp,Mirai,18953,7158,0.5,0.9495,0.0005,0.0,0.0,0.0014,1,0.6,6021
ciciot2023:rung0.6,mlp,Recon,23055,8870,0.6559,0.9476,0.0024,0.0022,0.0,0.0189,1,0.6,6021
ciciot2023:rung0.6,mlp,Spoofing,12575,4797,0.8805,0.9483,0.0017,0.0,-0.0092,0.0145,1,0.6,6021
ciciot2023:rung0.6,mlp,Web,2135,811,0.9706,0.9488,0.0012,-0.004,-0.0006,0.0681,1,0.6,6021
ciciot2023:rung0.6,mlp,Benign,6299,2376,0.9438,0.9423,0.0077,0.0011,-0.0015,0.0166,1,0.6,7
ciciot2023:rung0.6,mlp,BruteForce,1371,524,0.9927,0.9666,-0.0166,-0.0384,-0.0014,0.0915,1,0.6,7
ciciot2023:rung0.6,mlp,DDoS,68476,25952,0.5,0.9508,-0.0008,0.0,0.0,0.0083,1,0.6,7
ciciot2023:rung0.6,mlp,DoS,25215,9512,0.5,0.9484,0.0016,-0.0,0.0,0.0089,1,0.6,7
ciciot2023:rung0.6,mlp,Mirai,18953,7158,0.5,0.9514,-0.0014,0.0,0.0,0.0028,1,0.6,7
ciciot2023:rung0.6,mlp,Recon,23055,8870,0.6773,0.9509,-0.0009,0.0013,0.0,0.0193,1,0.6,7
ciciot2023:rung0.6,mlp,Spoofing,12575,4797,0.8786,0.9535,-0.0035,0.0,-0.0054,0.0131,1,0.6,7
ciciot2023:rung0.6,mlp,Web,2135,811,0.9775,0.9547,-0.0047,-0.0106,-0.0077,0.0689,1,0.6,7
ciciot2023:rung0.6,mlp,Benign,6299,2376,0.9434,0.9473,0.0027,0.0017,-0.0085,0.0256,1,0.6,88
ciciot2023:rung0.6,mlp,BruteForce,1371,524,0.99,0.9658,-0.0158,-0.0519,-0.0063,0.085,1,0.6,88
ciciot2023:rung0.6,mlp,DDoS,68476,25952,0.5,0.9507,-0.0007,0.0,0.0,0.0077,1,0.6,88
ciciot2023:rung0.6,mlp,DoS,25215,9512,0.4999,0.9486,0.0014,0.0,0.0,0.0125,1,0.6,88
ciciot2023:rung0.6,mlp,Mirai,18953,7158,0.4999,0.952,-0.002,0.0,0.0,0.0011,1,0.6,88
ciciot2023:rung0.6,mlp,Recon,23055,8870,0.6871,0.9539,-0.0039,0.0018,0.0,0.0138,1,0.6,88
ciciot2023:rung0.6,mlp,Spoofing,12575,4797,0.8848,0.9544,-0.0044,-0.0,-0.004,0.0184,1,0.6,88
ciciot2023:rung0.6,mlp,Web,2135,811,0.9736,0.9524,-0.0024,0.0,-0.0078,0.0902,1,0.6,88
ciciot2023:rung0.6,mlp,Benign,6299,2376,0.944,0.9532,-0.0032,0.0047,0.0022,0.0178,1,0.6,91
ciciot2023:rung0.6,mlp,BruteForce,1371,524,0.9914,0.9672,-0.0172,-0.0292,-0.0023,0.0812,1,0.6,91
ciciot2023:rung0.6,mlp,DDoS,68476,25952,0.5,0.9516,-0.0016,0.0,0.0,0.0055,1,0.6,91
ciciot2023:rung0.6,mlp,DoS,25215,9512,0.4999,0.9515,-0.0015,0.0,0.0,0.005,1,0.6,91
ciciot2023:rung0.6,mlp,Mirai,18953,7158,0.4999,0.9491,0.0009,0.0,0.0,0.0014,1,0.6,91
ciciot2023:rung0.6,mlp,Recon,23055,8870,0.6895,0.9517,-0.0017,0.0017,0.0,0.0169,1,0.6,91
ciciot2023:rung0.6,mlp,Spoofing,12575,4797,0.8837,0.951,-0.001,0.0,-0.0141,0.012,1,0.6,91
ciciot2023:rung0.6,mlp,Web,2135,811,0.9704,0.9535,-0.0035,-0.0022,0.0031,0.0363,1,0.6,91
ciciot2023:rung0.6,rf,Benign,6299,2376,0.934,0.9506,-0.0006,0.0019,0.0105,0.0297,1,0.6,12345
ciciot2023:rung0.6,rf,BruteForce,1371,524,0.991,0.9599,-0.0099,0.0033,-0.0031,0.0328,1,0.6,12345
ciciot2023:rung0.6,rf,DDoS,68476,25952,0.5,0.9496,0.0004,0.0,0.0,0.0008,1,0.6,12345
ciciot2023:rung0.6,rf,DoS,25215,9512,0.5,0.9477,0.0023,0.0,0.0,0.0029,1,0.6,12345
ciciot2023:rung0.6,rf,Mirai,18953,7158,0.5,0.9519,-0.0019,0.0,0.0,0.002,1,0.6,12345
ciciot2023:rung0.6,rf,Recon,23055,8870,0.6647,0.9507,-0.0007,0.0003,0.0,0.0135,1,0.6,12345
ciciot2023:rung0.6,rf,Spoofing,12575,4797,0.8412,0.9541,-0.0041,0.0,-0.022,0.0096,1,0.6,12345
ciciot2023:rung0.6,rf,Web,2135,811,0.9673,0.9547,-0.0047,-0.0373,0.0018,0.0837,1,0.6,12345
ciciot2023:rung0.6,rf,Benign,6299,2376,0.9388,0.9466,0.0034,0.0009,0.0061,0.0252,1,0.6,1337
ciciot2023:rung0.6,rf,BruteForce,1371,524,0.9892,0.9483,0.0017,0.0042,-0.0003,0.0328,1,0.6,1337
ciciot2023:rung0.6,rf,DDoS,68476,25952,0.5,0.9514,-0.0014,0.0,0.0,0.0008,1,0.6,1337
ciciot2023:rung0.6,rf,DoS,25215,9512,0.5,0.953,-0.003,0.0,0.0,0.0028,1,0.6,1337
ciciot2023:rung0.6,rf,Mirai,18953,7158,0.5,0.9498,0.0002,0.0,0.0,0.0018,1,0.6,1337
ciciot2023:rung0.6,rf,Recon,23055,8870,0.6425,0.9487,0.0013,0.0003,0.0,0.0131,1,0.6,1337
ciciot2023:rung0.6,rf,Spoofing,12575,4797,0.8372,0.9562,-0.0062,-0.0001,-0.015,0.0116,1,0.6,1337
ciciot2023:rung0.6,rf,Web,2135,811,0.9627,0.953,-0.003,-0.0278,0.001,0.0551,1,0.6,1337
ciciot2023:rung0.6,rf,Benign,6299,2376,0.9317,0.9518,-0.0018,0.0019,0.0203,0.0275,1,0.6,2024
ciciot2023:rung0.6,rf,BruteForce,1371,524,0.9881,0.9427,0.0073,0.008,-0.002,0.0402,1,0.6,2024
ciciot2023:rung0.6,rf,DDoS,68476,25952,0.5,0.9499,0.0001,0.0,0.0,0.001,1,0.6,2024
ciciot2023:rung0.6,rf,DoS,25215,9512,0.5,0.9497,0.0003,0.0,0.0,0.0019,1,0.6,2024
ciciot2023:rung0.6,rf,Mirai,18953,7158,0.5,0.9482,0.0018,0.0,0.0,0.0016,1,0.6,2024
ciciot2023:rung0.6,rf,Recon,23055,8870,0.6431,0.9474,0.0026,0.0001,0.0,0.0133,1,0.6,2024
ciciot2023:rung0.6,rf,Spoofing,12575,4797,0.8414,0.9543,-0.0043,0.0,-0.0131,0.0097,1,0.6,2024
ciciot2023:rung0.6,rf,Web,2135,811,0.9684,0.9522,-0.0022,-0.0237,-0.0059,0.0483,1,0.6,2024
ciciot2023:rung0.6,rf,Benign,6299,2376,0.9328,0.9477,0.0023,0.0015,0.0064,0.0227,1,0.6,3407
ciciot2023:rung0.6,rf,BruteForce,1371,524,0.9888,0.9487,0.0013,0.0028,0.0014,0.0487,1,0.6,3407
ciciot2023:rung0.6,rf,DDoS,68476,25952,0.5,0.9497,0.0003,0.0,0.0,0.0012,1,0.6,3407
ciciot2023:rung0.6,rf,DoS,25215,9512,0.5,0.9501,-0.0001,0.0,0.0,0.001,1,0.6,3407
ciciot2023:rung0.6,rf,Mirai,18953,7158,0.5,0.9508,-0.0008,0.0,0.0,0.0015,1,0.6,3407
ciciot2023:rung0.6,rf,Recon,23055,8870,0.6369,0.9494,0.0006,0.0,0.0,0.0149,1,0.6,3407
ciciot2023:rung0.6,rf,Spoofing,12575,4797,0.8364,0.9539,-0.0039,-0.0002,-0.0145,0.0112,1,0.6,3407
ciciot2023:rung0.6,rf,Web,2135,811,0.9672,0.9597,-0.0097,-0.0172,-0.0081,0.0448,1,0.6,3407
ciciot2023:rung0.6,rf,Benign,6299,2376,0.9297,0.9511,-0.0011,0.0018,0.012,0.0245,1,0.6,42
ciciot2023:rung0.6,rf,BruteForce,1371,524,0.9895,0.9552,-0.0052,0.0029,-0.0012,0.0373,1,0.6,42
ciciot2023:rung0.6,rf,DDoS,68476,25952,0.5,0.9501,-0.0001,0.0,0.0,0.0012,1,0.6,42
ciciot2023:rung0.6,rf,DoS,25215,9512,0.5,0.9493,0.0007,0.0,0.0,0.0013,1,0.6,42
ciciot2023:rung0.6,rf,Mirai,18953,7158,0.5,0.951,-0.001,0.0,0.0,0.0019,1,0.6,42
ciciot2023:rung0.6,rf,Recon,23055,8870,0.6298,0.9515,-0.0015,0.0001,0.0,0.0155,1,0.6,42
ciciot2023:rung0.6,rf,Spoofing,12575,4797,0.8401,0.9551,-0.0051,-0.0004,-0.0164,0.0103,1,0.6,42
ciciot2023:rung0.6,rf,Web,2135,811,0.9721,0.9634,-0.0134,-0.0282,-0.0015,0.0544,1,0.6,42
ciciot2023:rung0.6,rf,Benign,6299,2376,0.9307,0.9486,0.0014,0.0006,0.009,0.0217,1,0.6,512
ciciot2023:rung0.6,rf,BruteForce,1371,524,0.9874,0.9643,-0.0143,0.0067,-0.0041,0.0315,1,0.6,512
ciciot2023:rung0.6,rf,DDoS,68476,25952,0.5,0.9494,0.0006,0.0,0.0,0.0006,1,0.6,512
ciciot2023:rung0.6,rf,DoS,25215,9512,0.5,0.9506,-0.0006,0.0,0.0,0.0017,1,0.6,512
ciciot2023:rung0.6,rf,Mirai,18953,7158,0.5,0.9507,-0.0007,0.0,0.0,0.0018,1,0.6,512
ciciot2023:rung0.6,rf,Recon,23055,8870,0.639,0.95,-0.0,0.0001,0.0,0.0121,1,0.6,512
ciciot2023:rung0.6,rf,Spoofing,12575,4797,0.8329,0.9572,-0.0072,-0.0,-0.0245,0.012,1,0.6,512
ciciot2023:rung0.6,rf,Web,2135,811,0.9615,0.9339,0.0161,-0.0274,0.006,0.0509,1,0.6,512
ciciot2023:rung0.6,rf,Benign,6299,2376,0.9255,0.9526,-0.0026,0.0012,0.0096,0.0273,1,0.6,6021
ciciot2023:rung0.6,rf,BruteForce,1371,524,0.9906,0.9458,0.0042,0.0055,-0.0002,0.0484,1,0.6,6021
ciciot2023:rung0.6,rf,DDoS,68476,25952,0.5,0.9499,0.0001,0.0,0.0,0.001,1,0.6,6021
ciciot2023:rung0.6,rf,DoS,25215,9512,0.5,0.9502,-0.0002,0.0,0.0,0.0026,1,0.6,6021
ciciot2023:rung0.6,rf,Mirai,18953,7158,0.5,0.9522,-0.0022,0.0,0.0,0.0024,1,0.6,6021
ciciot2023:rung0.6,rf,Recon,23055,8870,0.652,0.951,-0.001,0.0001,0.0,0.0131,1,0.6,6021
ciciot2023:rung0.6,rf,Spoofing,12575,4797,0.8333,0.9573,-0.0073,-0.0001,-0.0155,0.0093,1,0.6,6021
ciciot2023:rung0.6,rf,Web,2135,811,0.9662,0.9425,0.0075,-0.0408,0.0003,0.0621,1,0.6,6021
ciciot2023:rung0.6,rf,Benign,6299,2376,0.9311,0.9496,0.0004,0.0017,0.0152,0.0317,1,0.6,7
ciciot2023:rung0.6,rf,BruteForce,1371,524,0.9913,0.9594,-0.0094,0.0057,0.0005,0.036,1,0.6,7
ciciot2023:rung0.6,rf,DDoS,68476,25952,0.5,0.9497,0.0003,0.0,0.0,0.0008,1,0.6,7
ciciot2023:rung0.6,rf,DoS,25215,9512,0.5,0.9496,0.0004,0.0,0.0,0.0041,1,0.6,7
ciciot2023:rung0.6,rf,Mirai,18953,7158,0.5,0.9491,0.0009,0.0,0.0,0.0014,1,0.6,7
ciciot2023:rung0.6,rf,Recon,23055,8870,0.6374,0.9486,0.0014,0.0001,0.0,0.0095,1,0.6,7
ciciot2023:rung0.6,rf,Spoofing,12575,4797,0.8341,0.9565,-0.0065,-0.0,-0.0203,0.0114,1,0.6,7
ciciot2023:rung0.6,rf,Web,2135,811,0.9628,0.9544,-0.0044,-0.0155,-0.0008,0.0375,1,0.6,7
ciciot2023:rung0.6,rf,Benign,6299,2376,0.9347,0.9524,-0.0024,0.0016,0.0229,0.0289,1,0.6,88
ciciot2023:rung0.6,rf,BruteForce,1371,524,0.9906,0.9382,0.0118,0.0033,-0.0001,0.0312,1,0.6,88
ciciot2023:rung0.6,rf,DDoS,68476,25952,0.5,0.9508,-0.0008,0.0,0.0,0.0006,1,0.6,88
ciciot2023:rung0.6,rf,DoS,25215,9512,0.5,0.9494,0.0006,0.0,0.0,0.002,1,0.6,88
ciciot2023:rung0.6,rf,Mirai,18953,7158,0.5,0.9514,-0.0014,0.0,0.0,0.0017,1,0.6,88
ciciot2023:rung0.6,rf,Recon,23055,8870,0.6538,0.9499,0.0001,0.0,0.0,0.0156,1,0.6,88
ciciot2023:rung0.6,rf,Spoofing,12575,4797,0.8329,0.9555,-0.0055,-0.0001,-0.016,0.0098,1,0.6,88
ciciot2023:rung0.6,rf,Web,2135,811,0.9654,0.9475,0.0025,-0.0315,-0.0004,0.0604,1,0.6,88
ciciot2023:rung0.6,rf,Benign,6299,2376,0.9323,0.9479,0.0021,0.0022,0.0155,0.0367,1,0.6,91
ciciot2023:rung0.6,rf,BruteForce,1371,524,0.9899,0.9548,-0.0048,0.0046,-0.0065,0.0441,1,0.6,91
ciciot2023:rung0.6,rf,DDoS,68476,25952,0.5,0.9492,0.0008,0.0,0.0,0.0014,1,0.6,91
ciciot2023:rung0.6,rf,DoS,25215,9512,0.5,0.9505,-0.0005,0.0,0.0,0.0019,1,0.6,91
ciciot2023:rung0.6,rf,Mirai,18953,7158,0.5,0.9468,0.0032,0.0,0.0,0.0013,1,0.6,91
ciciot2023:rung0.6,rf,Recon,23055,8870,0.6518,0.9505,-0.0005,0.0001,0.0,0.0131,1,0.6,91
ciciot2023:rung0.6,rf,Spoofing,12575,4797,0.8353,0.9577,-0.0077,0.0,-0.0181,0.0086,1,0.6,91
ciciot2023:rung0.6,rf,Web,2135,811,0.9652,0.9401,0.0099,-0.043,0.004,0.0772,1,0.6,91
ciciot2023:rung0.6,xgb,Benign,6299,2376,0.8944,0.9535,-0.0035,0.0,-0.0074,0.0136,1,0.6,12345
ciciot2023:rung0.6,xgb,BruteForce,1371,524,0.9867,0.955,-0.005,0.0,-0.0124,0.0343,1,0.6,12345
ciciot2023:rung0.6,xgb,DDoS,68476,25952,0.5,0.9506,-0.0006,0.0,0.0,0.0002,1,0.6,12345
ciciot2023:rung0.6,xgb,DoS,25215,9512,0.5,0.9507,-0.0007,0.0,0.0,0.0003,1,0.6,12345
ciciot2023:rung0.6,xgb,Mirai,18953,7158,0.5,0.9486,0.0014,0.0,0.0,0.0016,1,0.6,12345
ciciot2023:rung0.6,xgb,Recon,23055,8870,0.599,0.9503,-0.0003,0.0,0.0,0.0154,1,0.6,12345
ciciot2023:rung0.6,xgb,Spoofing,12575,4797,0.801,0.954,-0.004,0.0,-0.0087,0.009,1,0.6,12345
ciciot2023:rung0.6,xgb,Web,2135,811,0.9606,0.9301,0.0199,-0.0009,0.0204,0.0576,1,0.6,12345
ciciot2023:rung0.6,xgb,Benign,6299,2376,0.8867,0.9525,-0.0025,0.0,0.0137,0.0167,1,0.6,1337
ciciot2023:rung0.6,xgb,BruteForce,1371,524,0.9858,0.9697,-0.0197,0.0,-0.0066,0.0326,1,0.6,1337
ciciot2023:rung0.6,xgb,DDoS,68476,25952,0.5,0.9509,-0.0009,0.0,0.0,0.0002,1,0.6,1337
ciciot2023:rung0.6,xgb,DoS,25215,9512,0.5,0.9515,-0.0015,0.0,0.0,0.0003,1,0.6,1337
ciciot2023:rung0.6,xgb,Mirai,18953,7158,0.5,0.9526,-0.0026,0.0,0.0,0.0008,1,0.6,1337
ciciot2023:rung0.6,xgb,Recon,23055,8870,0.5625,0.9506,-0.0006,0.0,0.0,0.0134,1,0.6,1337
ciciot2023:rung0.6,xgb,Spoofing,12575,4797,0.8086,0.9519,-0.0019,0.0,-0.0001,0.0068,1,0.6,1337
ciciot2023:rung0.6,xgb,Web,2135,811,0.952,0.9236,0.0264,-0.0022,0.0118,0.0822,1,0.6,1337
ciciot2023:rung0.6,xgb,Benign,6299,2376,0.8935,0.9495,0.0005,0.0,0.0084,0.0088,1,0.6,2024
ciciot2023:rung0.6,xgb,BruteForce,1371,524,0.9868,0.9481,0.0019,0.0,-0.0015,0.0232,1,0.6,2024
ciciot2023:rung0.6,xgb,DDoS,68476,25952,0.5,0.9501,-0.0001,0.0,0.0,0.0002,1,0.6,2024
ciciot2023:rung0.6,xgb,DoS,25215,9512,0.5,0.9509,-0.0009,0.0,0.0,0.0003,1,0.6,2024
ciciot2023:rung0.6,xgb,Mirai,18953,7158,0.5,0.951,-0.001,0.0,0.0,0.0009,1,0.6,2024
ciciot2023:rung0.6,xgb,Recon,23055,8870,0.5315,0.9501,-0.0001,0.0,0.0,0.0138,1,0.6,2024
ciciot2023:rung0.6,xgb,Spoofing,12575,4797,0.8043,0.9548,-0.0048,0.0,0.0145,0.0052,1,0.6,2024
ciciot2023:rung0.6,xgb,Web,2135,811,0.9622,0.9366,0.0134,-0.0018,0.0066,0.0883,1,0.6,2024
ciciot2023:rung0.6,xgb,Benign,6299,2376,0.8885,0.953,-0.003,0.0,0.0005,0.0129,1,0.6,3407
ciciot2023:rung0.6,xgb,BruteForce,1371,524,0.9858,0.9639,-0.0139,0.0,-0.007,0.0335,1,0.6,3407
ciciot2023:rung0.6,xgb,DDoS,68476,25952,0.5,0.9513,-0.0013,0.0,0.0,0.0003,1,0.6,3407
ciciot2023:rung0.6,xgb,DoS,25215,9512,0.5,0.9519,-0.0019,0.0,0.0,0.0004,1,0.6,3407
ciciot2023:rung0.6,xgb,Mirai,18953,7158,0.5,0.9501,-0.0001,0.0,0.0,0.0009,1,0.6,3407
ciciot2023:rung0.6,xgb,Recon,23055,8870,0.537,0.9499,0.0001,0.0,0.0,0.0129,1,0.6,3407
ciciot2023:rung0.6,xgb,Spoofing,12575,4797,0.8015,0.9564,-0.0064,0.0,0.0033,0.01,1,0.6,3407
ciciot2023:rung0.6,xgb,Web,2135,811,0.9543,0.943,0.007,-0.008,0.0177,0.0978,1,0.6,3407
ciciot2023:rung0.6,xgb,Benign,6299,2376,0.8842,0.952,-0.002,0.0,0.0107,0.012,1,0.6,42
ciciot2023:rung0.6,xgb,BruteForce,1371,524,0.986,0.955,-0.005,0.0,-0.0127,0.0405,1,0.6,42
ciciot2023:rung0.6,xgb,DDoS,68476,25952,0.5,0.9498,0.0002,0.0,0.0,0.0003,1,0.6,42
ciciot2023:rung0.6,xgb,DoS,25215,9512,0.5,0.9501,-0.0001,0.0,0.0,0.0003,1,0.6,42
ciciot2023:rung0.6,xgb,Mirai,18953,7158,0.5,0.9491,0.0009,0.0,0.0,0.0011,1,0.6,42
ciciot2023:rung0.6,xgb,Recon,23055,8870,0.5644,0.9479,0.0021,0.0,0.0,0.0136,1,0.6,42
ciciot2023:rung0.6,xgb,Spoofing,12575,4797,0.8067,0.9552,-0.0052,0.0,0.0021,0.0159,1,0.6,42
ciciot2023:rung0.6,xgb,Web,2135,811,0.9559,0.9429,0.0071,-0.0051,0.0172,0.104,1,0.6,42
ciciot2023:rung0.6,xgb,Benign,6299,2376,0.896,0.9476,0.0024,0.0,0.0042,0.0079,1,0.6,512
ciciot2023:rung0.6,xgb,BruteForce,1371,524,0.9861,0.9672,-0.0172,0.0,-0.0087,0.0271,1,0.6,512
ciciot2023:rung0.6,xgb,DDoS,68476,25952,0.5,0.9516,-0.0016,0.0,0.0,0.0002,1,0.6,512
ciciot2023:rung0.6,xgb,DoS,25215,9512,0.5,0.9502,-0.0002,0.0,0.0,0.0005,1,0.6,512
ciciot2023:rung0.6,xgb,Mirai,18953,7158,0.5,0.9508,-0.0008,0.0,0.0,0.0006,1,0.6,512
ciciot2023:rung0.6,xgb,Recon,23055,8870,0.5937,0.9482,0.0018,0.0,0.0,0.0161,1,0.6,512
ciciot2023:rung0.6,xgb,Spoofing,12575,4797,0.8102,0.9518,-0.0018,0.0,-0.0164,0.0122,1,0.6,512
ciciot2023:rung0.6,xgb,Web,2135,811,0.9503,0.9361,0.0139,-0.0057,0.0145,0.0745,1,0.6,512
ciciot2023:rung0.6,xgb,Benign,6299,2376,0.8988,0.9526,-0.0026,0.0,-0.0131,0.0088,1,0.6,6021
ciciot2023:rung0.6,xgb,BruteForce,1371,524,0.9842,0.9544,-0.0044,0.0,-0.0024,0.0346,1,0.6,6021
ciciot2023:rung0.6,xgb,DDoS,68476,25952,0.5,0.9498,0.0002,0.0,0.0,0.0003,1,0.6,6021
ciciot2023:rung0.6,xgb,DoS,25215,9512,0.5,0.9507,-0.0007,0.0,0.0,0.0004,1,0.6,6021
ciciot2023:rung0.6,xgb,Mirai,18953,7158,0.5,0.9509,-0.0009,0.0,0.0,0.0013,1,0.6,6021
ciciot2023:rung0.6,xgb,Recon,23055,8870,0.5533,0.9508,-0.0008,0.0,0.0,0.0195,1,0.6,6021
ciciot2023:rung0.6,xgb,Spoofing,12575,4797,0.8044,0.957,-0.007,0.0,0.0075,0.0116,1,0.6,6021
ciciot2023:rung0.6,xgb,Web,2135,811,0.9605,0.9398,0.0102,-0.0015,0.0224,0.0743,1,0.6,6021
ciciot2023:rung0.6,xgb,Benign,6299,2376,0.8972,0.9491,0.0009,0.0,0.0049,0.0125,1,0.6,7
ciciot2023:rung0.6,xgb,BruteForce,1371,524,0.9867,0.9592,-0.0092,0.0,-0.0055,0.0311,1,0.6,7
ciciot2023:rung0.6,xgb,DDoS,68476,25952,0.5,0.9495,0.0005,0.0,0.0,0.0002,1,0.6,7
ciciot2023:rung0.6,xgb,DoS,25215,9512,0.5,0.9495,0.0005,0.0,0.0,0.0007,1,0.6,7
ciciot2023:rung0.6,xgb,Mirai,18953,7158,0.5,0.9513,-0.0013,0.0,0.0,0.001,1,0.6,7
ciciot2023:rung0.6,xgb,Recon,23055,8870,0.5544,0.9515,-0.0015,0.0,0.0,0.0154,1,0.6,7
ciciot2023:rung0.6,xgb,Spoofing,12575,4797,0.7982,0.9527,-0.0027,0.0,0.0011,0.011,1,0.6,7
ciciot2023:rung0.6,xgb,Web,2135,811,0.9592,0.9445,0.0055,-0.0036,0.0075,0.0729,1,0.6,7
ciciot2023:rung0.6,xgb,Benign,6299,2376,0.9018,0.9555,-0.0055,0.0,0.0022,0.017,1,0.6,88
ciciot2023:rung0.6,xgb,BruteForce,1371,524,0.9858,0.954,-0.004,0.0,-0.0001,0.0255,1,0.6,88
ciciot2023:rung0.6,xgb,DDoS,68476,25952,0.5,0.9484,0.0016,0.0,0.0,0.0003,1,0.6,88
ciciot2023:rung0.6,xgb,DoS,25215,9512,0.5,0.9471,0.0029,0.0,0.0,0.0004,1,0.6,88
ciciot2023:rung0.6,xgb,Mirai,18953,7158,0.5,0.9535,-0.0035,0.0,0.0,0.0007,1,0.6,88
ciciot2023:rung0.6,xgb,Recon,23055,8870,0.5694,0.9476,0.0024,0.0,0.0,0.0154,1,0.6,88
ciciot2023:rung0.6,xgb,Spoofing,12575,4797,0.8015,0.9535,-0.0035,0.0,-0.0291,0.0157,1,0.6,88
ciciot2023:rung0.6,xgb,Web,2135,811,0.9508,0.9261,0.0239,-0.0029,0.0233,0.0543,1,0.6,88
ciciot2023:rung0.6,xgb,Benign,6299,2376,0.8856,0.949,0.001,0.0,-0.0045,0.0172,1,0.6,91
ciciot2023:rung0.6,xgb,BruteForce,1371,524,0.985,0.9628,-0.0128,0.0,-0.0043,0.034,1,0.6,91
ciciot2023:rung0.6,xgb,DDoS,68476,25952,0.5,0.9507,-0.0007,0.0,0.0,0.0002,1,0.6,91
ciciot2023:rung0.6,xgb,DoS,25215,9512,0.5,0.95,0.0,0.0,0.0,0.0003,1,0.6,91
ciciot2023:rung0.6,xgb,Mirai,18953,7158,0.5,0.9497,0.0003,0.0,0.0,0.0005,1,0.6,91
ciciot2023:rung0.6,xgb,Recon,23055,8870,0.6058,0.9471,0.0029,0.0,0.0,0.0178,1,0.6,91
ciciot2023:rung0.6,xgb,Spoofing,12575,4797,0.812,0.953,-0.003,0.0,-0.0139,0.011,1,0.6,91
ciciot2023:rung0.6,xgb,Web,2135,811,0.9548,0.9351,0.0149,-0.0038,0.005,0.0728,1,0.6,91
ciciot2023:rung0.8,mlp,Benign,6299,2418,0.9462,0.9473,0.0027,0.0055,0.0163,0.0331,1,0.8,12345
ciciot2023:rung0.8,mlp,BruteForce,1371,483,0.9909,0.9617,-0.0117,-0.0199,-0.0011,0.0586,1,0.8,12345
ciciot2023:rung0.8,mlp,DDoS,68476,25910,0.5,0.9491,0.0009,0.0,0.0,0.0042,1,0.8,12345
ciciot2023:rung0.8,mlp,DoS,25215,9575,0.5,0.9502,-0.0002,0.0,0.0,0.0162,1,0.8,12345
ciciot2023:rung0.8,mlp,Mirai,18953,7269,0.5,0.9506,-0.0006,0.0,0.0,0.0077,1,0.8,12345
ciciot2023:rung0.8,mlp,Recon,23055,8755,0.698,0.9497,0.0003,0.0011,0.0,0.0067,1,0.8,12345
ciciot2023:rung0.8,mlp,Spoofing,12575,4779,0.8816,0.9539,-0.0039,0.0002,-0.0016,0.0139,1,0.8,12345
ciciot2023:rung0.8,mlp,Web,2135,811,0.9695,0.9656,-0.0156,-0.025,-0.0168,0.0838,1,0.8,12345
ciciot2023:rung0.8,mlp,Benign,6299,2418,0.935,0.9383,0.0117,0.0055,0.0123,0.0342,1,0.8,1337
ciciot2023:rung0.8,mlp,BruteForce,1371,483,0.9908,0.9665,-0.0165,-0.0409,-0.0046,0.0868,1,0.8,1337
ciciot2023:rung0.8,mlp,DDoS,68476,25910,0.5,0.9509,-0.0009,0.0,0.0,0.0047,1,0.8,1337
ciciot2023:rung0.8,mlp,DoS,25215,9575,0.5,0.9479,0.0021,0.0,0.0,0.0157,1,0.8,1337
ciciot2023:rung0.8,mlp,Mirai,18953,7269,0.5,0.9515,-0.0015,0.0,0.0,0.0085,1,0.8,1337
ciciot2023:rung0.8,mlp,Recon,23055,8755,0.6972,0.947,0.003,0.0,0.0,0.0086,1,0.8,1337
ciciot2023:rung0.8,mlp,Spoofing,12575,4779,0.8814,0.9533,-0.0033,0.0001,-0.0026,0.0139,1,0.8,1337
ciciot2023:rung0.8,mlp,Web,2135,811,0.9739,0.9482,0.0018,-0.0184,-0.0043,0.0696,1,0.8,1337
ciciot2023:rung0.8,mlp,Benign,6299,2418,0.9371,0.9443,0.0057,0.0038,0.0123,0.0221,1,0.8,2024
ciciot2023:rung0.8,mlp,BruteForce,1371,483,0.9919,0.965,-0.015,-0.0142,-0.0054,0.0545,1,0.8,2024
ciciot2023:rung0.8,mlp,DDoS,68476,25910,0.5,0.9503,-0.0003,0.0,0.0,0.0038,1,0.8,2024
ciciot2023:rung0.8,mlp,DoS,25215,9575,0.5,0.9445,0.0055,0.0,0.0,0.0111,1,0.8,2024
ciciot2023:rung0.8,mlp,Mirai,18953,7269,0.5,0.9508,-0.0008,0.0,0.0,0.003,1,0.8,2024
ciciot2023:rung0.8,mlp,Recon,23055,8755,0.7058,0.9501,-0.0001,0.0002,0.0,0.0091,1,0.8,2024
ciciot2023:rung0.8,mlp,Spoofing,12575,4779,0.8882,0.9499,0.0001,0.0,-0.0058,0.0128,1,0.8,2024
ciciot2023:rung0.8,mlp,Web,2135,811,0.9714,0.9597,-0.0097,-0.0019,0.0004,0.0718,1,0.8,2024
ciciot2023:rung0.8,mlp,Benign,6299,2418,0.9506,0.9478,0.0022,0.0038,0.0078,0.0215,1,0.8,3407
ciciot2023:rung0.8,mlp,BruteForce,1371,483,0.9923,0.9516,-0.0016,-0.0164,-0.0016,0.0549,1,0.8,3407
ciciot2023:rung0.8,mlp,DDoS,68476,25910,0.5,0.9506,-0.0006,0.0,0.0,0.0076,1,0.8,3407
ciciot2023:rung0.8,mlp,DoS,25215,9575,0.5,0.9513,-0.0013,0.0,0.0,0.0061,1,0.8,3407
ciciot2023:rung0.8,mlp,Mirai,18953,7269,0.5,0.9509,-0.0009,0.0,0.0,0.0099,1,0.8,3407
ciciot2023:rung0.8,mlp,Recon,23055,8755,0.703,0.9499,0.0001,0.0001,0.0,0.0074,1,0.8,3407
ciciot2023:rung0.8,mlp,Spoofing,12575,4779,0.8852,0.9512,-0.0012,0.0,0.0013,0.0095,1,0.8,3407
ciciot2023:rung0.8,mlp,Web,2135,811,0.9747,0.9672,-0.0172,-0.0331,-0.0182,0.12,1,0.8,3407
ciciot2023:rung0.8,mlp,Benign,6299,2418,0.9472,0.9532,-0.0032,0.0055,0.0007,0.033,1,0.8,42
ciciot2023:rung0.8,mlp,BruteForce,1371,483,0.989,0.9429,0.0071,-0.0295,0.0001,0.0627,1,0.8,42
ciciot2023:rung0.8,mlp,DDoS,68476,25910,0.5,0.9498,0.0002,0.0,0.0,0.0064,1,0.8,42
ciciot2023:rung0.8,mlp,DoS,25215,9575,0.4999,0.9475,0.0025,0.0,0.0,0.0114,1,0.8,42
ciciot2023:rung0.8,mlp,Mirai,18953,7269,0.4999,0.9538,-0.0038,0.0,0.0,0.009,1,0.8,42
ciciot2023:rung0.8,mlp,Recon,23055,8755,0.7071,0.9522,-0.0022,-0.0002,0.0,0.0081,1,0.8,42
ciciot2023:rung0.8,mlp,Spoofing,12575,4779,0.8862,0.9564,-0.0064,0.0,-0.0019,0.0137,1,0.8,42
ciciot2023:rung0.8,mlp,Web,2135,811,0.9702,0.9525,-0.0025,-0.003,-0.0036,0.0785,1,0.8,42
ciciot2023:rung0.8,mlp,Benign,6299,2418,0.9468,0.9459,0.0041,0.004,0.0034,0.0168,1,0.8,512
ciciot2023:rung0.8,mlp,BruteForce,1371,483,0.9914,0.9613,-0.0113,-0.021,-0.0026,0.0679,1,0.8,512
ciciot2023:rung0.8,mlp,DDoS,68476,25910,0.5,0.949,0.001,0.0,0.0,0.0031,1,0.8,512
ciciot2023:rung0.8,mlp,DoS,25215,9575,0.4999,0.9485,0.0015,0.0,0.0,0.0135,1,0.8,512
ciciot2023:rung0.8,mlp,Mirai,18953,7269,0.4999,0.9528,-0.0028,0.0,0.0,0.0079,1,0.8,512
ciciot2023:rung0.8,mlp,Recon,23055,8755,0.7061,0.9524,-0.0024,0.0005,0.0,0.0072,1,0.8,512
ciciot2023:rung0.8,mlp,Spoofing,12575,4779,0.8845,0.9586,-0.0086,0.0,-0.0145,0.0192,1,0.8,512
ciciot2023:rung0.8,mlp,Web,2135,811,0.9737,0.9634,-0.0134,-0.0113,-0.0106,0.0725,1,0.8,512
ciciot2023:rung0.8,mlp,Benign,6299,2418,0.9376,0.9436,0.0064,0.0072,0.009,0.0293,1,0.8,6021
ciciot2023:rung0.8,mlp,BruteForce,1371,483,0.9907,0.9712,-0.0212,-0.0161,-0.0021,0.054,1,0.8,6021
ciciot2023:rung0.8,mlp,DDoS,68476,25910,0.5,0.9487,0.0013,0.0,0.0,0.0042,1,0.8,6021
ciciot2023:rung0.8,mlp,DoS,25215,9575,0.5,0.9487,0.0013,0.0,0.0,0.0045,1,0.8,6021
ciciot2023:rung0.8,mlp,Mirai,18953,7269,0.5,0.953,-0.003,0.0,0.0,0.0022,1,0.8,6021
ciciot2023:rung0.8,mlp,Recon,23055,8755,0.6559,0.9515,-0.0015,-0.0001,0.0,0.0076,1,0.8,6021
ciciot2023:rung0.8,mlp,Spoofing,12575,4779,0.8805,0.953,-0.003,0.0,-0.0042,0.0138,1,0.8,6021
ciciot2023:rung0.8,mlp,Web,2135,811,0.9706,0.9663,-0.0163,-0.016,-0.0137,0.0773,1,0.8,6021
ciciot2023:rung0.8,mlp,Benign,6299,2418,0.9438,0.9461,0.0039,0.0031,0.0073,0.0278,1,0.8,7
ciciot2023:rung0.8,mlp,BruteForce,1371,483,0.9927,0.9588,-0.0088,-0.0142,-0.0008,0.0501,1,0.8,7
ciciot2023:rung0.8,mlp,DDoS,68476,25910,0.5,0.9504,-0.0004,0.0,0.0,0.0072,1,0.8,7
ciciot2023:rung0.8,mlp,DoS,25215,9575,0.5,0.9498,0.0002,-0.0,0.0,0.0081,1,0.8,7
ciciot2023:rung0.8,mlp,Mirai,18953,7269,0.5,0.9495,0.0005,0.0,0.0,0.0076,1,0.8,7
ciciot2023:rung0.8,mlp,Recon,23055,8755,0.6773,0.9496,0.0004,-0.0001,-0.0,0.0075,1,0.8,7
ciciot2023:rung0.8,mlp,Spoofing,12575,4779,0.8786,0.9526,-0.0026,0.0,-0.0043,0.0201,1,0.8,7
ciciot2023:rung0.8,mlp,Web,2135,811,0.9775,0.9711,-0.0211,-0.02,-0.0182,0.085,1,0.8,7
ciciot2023:rung0.8,mlp,Benign,6299,2418,0.9434,0.9435,0.0065,0.0057,0.0142,0.0277,1,0.8,88
ciciot2023:rung0.8,mlp,BruteForce,1371,483,0.99,0.9545,-0.0045,-0.0201,-0.0005,0.066,1,0.8,88
ciciot2023:rung0.8,mlp,DDoS,68476,25910,0.5,0.9514,-0.0014,0.0,0.0,0.003,1,0.8,88
ciciot2023:rung0.8,mlp,DoS,25215,9575,0.4999,0.9475,0.0025,0.0,0.0,0.006,1,0.8,88
ciciot2023:rung0.8,mlp,Mirai,18953,7269,0.4999,0.9467,0.0033,0.0,0.0,0.0034,1,0.8,88
ciciot2023:rung0.8,mlp,Recon,23055,8755,0.6871,0.9477,0.0023,0.0005,0.0,0.0107,1,0.8,88
ciciot2023:rung0.8,mlp,Spoofing,12575,4779,0.8848,0.9506,-0.0006,0.0001,-0.004,0.0133,1,0.8,88
ciciot2023:rung0.8,mlp,Web,2135,811,0.9736,0.9678,-0.0178,0.0028,-0.0173,0.0809,1,0.8,88
ciciot2023:rung0.8,mlp,Benign,6299,2418,0.944,0.9447,0.0053,0.0065,0.0018,0.0233,1,0.8,91
ciciot2023:rung0.8,mlp,BruteForce,1371,483,0.9914,0.9598,-0.0098,-0.0084,-0.0013,0.0503,1,0.8,91
ciciot2023:rung0.8,mlp,DDoS,68476,25910,0.5,0.9489,0.0011,-0.0,0.0,0.008,1,0.8,91
ciciot2023:rung0.8,mlp,DoS,25215,9575,0.4999,0.9505,-0.0005,0.0,0.0,0.0089,1,0.8,91
ciciot2023:rung0.8,mlp,Mirai,18953,7269,0.4999,0.9503,-0.0003,0.0,0.0,0.0025,1,0.8,91
ciciot2023:rung0.8,mlp,Recon,23055,8755,0.6895,0.951,-0.001,0.0001,0.0,0.0077,1,0.8,91
ciciot2023:rung0.8,mlp,Spoofing,12575,4779,0.8837,0.951,-0.001,0.0,-0.0001,0.0141,1,0.8,91
ciciot2023:rung0.8,mlp,Web,2135,811,0.9704,0.9663,-0.0163,-0.0096,-0.006,0.0601,1,0.8,91
ciciot2023:rung0.8,rf,Benign,6299,2418,0.934,0.9498,0.0002,0.0001,-0.0108,0.0155,1,0.8,12345
ciciot2023:rung0.8,rf,BruteForce,1371,483,0.991,0.9615,-0.0115,0.0015,-0.005,0.0409,1,0.8,12345
ciciot2023:rung0.8,rf,DDoS,68476,25910,0.5,0.9504,-0.0004,0.0,0.0,0.0017,1,0.8,12345
ciciot2023:rung0.8,rf,DoS,25215,9575,0.5,0.949,0.001,0.0,0.0,0.0022,1,0.8,12345
ciciot2023:rung0.8,rf,Mirai,18953,7269,0.5,0.9468,0.0032,0.0,0.0,0.0015,1,0.8,12345
ciciot2023:rung0.8,rf,Recon,23055,8755,0.6647,0.9516,-0.0016,0.0,0.0,0.0071,1,0.8,12345
ciciot2023:rung0.8,rf,Spoofing,12575,4779,0.8412,0.9572,-0.0072,-0.0001,-0.0082,0.015,1,0.8,12345
ciciot2023:rung0.8,rf,Web,2135,811,0.9673,0.9614,-0.0114,-0.027,0.0052,0.0667,1,0.8,12345
ciciot2023:rung0.8,rf,Benign,6299,2418,0.9388,0.9521,-0.0021,-0.0006,-0.0153,0.0118,1,0.8,1337
ciciot2023:rung0.8,rf,BruteForce,1371,483,0.9892,0.9602,-0.0102,0.0032,-0.0019,0.0318,1,0.8,1337
ciciot2023:rung0.8,rf,DDoS,68476,25910,0.5,0.9499,0.0001,0.0,0.0,0.0016,1,0.8,1337
ciciot2023:rung0.8,rf,DoS,25215,9575,0.5,0.9493,0.0007,0.0,0.0,0.0045,1,0.8,1337
ciciot2023:rung0.8,rf,Mirai,18953,7269,0.5,0.952,-0.002,0.0,0.0,0.0015,1,0.8,1337
ciciot2023:rung0.8,rf,Recon,23055,8755,0.6425,0.9508,-0.0008,-0.0,0.0,0.0071,1,0.8,1337
ciciot2023:rung0.8,rf,Spoofing,12575,4779,0.8372,0.9535,-0.0035,-0.0001,-0.0063,0.0124,1,0.8,1337
ciciot2023:rung0.8,rf,Web,2135,811,0.9627,0.9586,-0.0086,-0.0278,0.0001,0.0563,1,0.8,1337
ciciot2023:rung0.8,rf,Benign,6299,2418,0.9317,0.9536,-0.0036,0.0016,0.0085,0.0194,1,0.8,2024
ciciot2023:rung0.8,rf,BruteForce,1371,483,0.9881,0.9472,0.0028,0.0068,0.0005,0.0481,1,0.8,2024
ciciot2023:rung0.8,rf,DDoS,68476,25910,0.5,0.9486,0.0014,0.0,0.0,0.0024,1,0.8,2024
ciciot2023:rung0.8,rf,DoS,25215,9575,0.5,0.9492,0.0008,0.0,0.0,0.0045,1,0.8,2024
ciciot2023:rung0.8,rf,Mirai,18953,7269,0.5,0.95,0.0,0.0,0.0,0.0012,1,0.8,2024
ciciot2023:rung0.8,rf,Recon,23055,8755,0.6431,0.9499,0.0001,-0.0,0.0,0.0051,1,0.8,2024
ciciot2023:rung0.8,rf,Spoofing,12575,4779,0.8414,0.954,-0.004,-0.0002,-0.0072,0.0148,1,0.8,2024
ciciot2023:rung0.8,rf,Web,2135,811,0.9684,0.9539,-0.0039,-0.0307,-0.0046,0.0639,1,0.8,2024
ciciot2023:rung0.8,rf,Benign,6299,2418,0.9328,0.9503,-0.0003,-0.0,0.0043,0.0152,1,0.8,3407
ciciot2023:rung0.8,rf,BruteForce,1371,483,0.9888,0.9526,-0.0026,0.0017,-0.0034,0.043,1,0.8,3407
ciciot2023:rung0.8,rf,DDoS,68476,25910,0.5,0.9488,0.0012,0.0,0.0,0.0016,1,0.8,3407
ciciot2023:rung0.8,rf,DoS,25215,9575,0.5,0.9503,-0.0003,0.0,0.0,0.0042,1,0.8,3407
ciciot2023:rung0.8,rf,Mirai,18953,7269,0.5,0.951,-0.001,0.0,0.0,0.0016,1,0.8,3407
ciciot2023:rung0.8,rf,Recon,23055,8755,0.6369,0.9528,-0.0028,-0.0,0.0,0.0062,1,0.8,3407
ciciot2023:rung0.8,rf,Spoofing,12575,4779,0.8364,0.9533,-0.0033,-0.0007,-0.0067,0.0173,1,0.8,3407
ciciot2023:rung0.8,rf,Web,2135,811,0.9672,0.9688,-0.0188,-0.0154,-0.0054,0.0424,1,0.8,3407
ciciot2023:rung0.8,rf,Benign,6299,2418,0.9297,0.9447,0.0053,0.0005,-0.0142,0.0132,1,0.8,42
ciciot2023:rung0.8,rf,BruteForce,1371,483,0.9895,0.9497,0.0003,0.0031,-0.0011,0.046,1,0.8,42
ciciot2023:rung0.8,rf,DDoS,68476,25910,0.5,0.9505,-0.0005,0.0,0.0,0.0011,1,0.8,42
ciciot2023:rung0.8,rf,DoS,25215,9575,0.5,0.9517,-0.0017,0.0,0.0,0.0052,1,0.8,42
ciciot2023:rung0.8,rf,Mirai,18953,7269,0.5,0.9511,-0.0011,0.0,0.0,0.0017,1,0.8,42
ciciot2023:rung0.8,rf,Recon,23055,8755,0.6298,0.9494,0.0006,-0.0001,0.0,0.0076,1,0.8,42
ciciot2023:rung0.8,rf,Spoofing,12575,4779,0.8401,0.9539,-0.0039,-0.0008,-0.0108,0.0188,1,0.8,42
ciciot2023:rung0.8,rf,Web,2135,811,0.9721,0.9545,-0.0045,-0.0289,0.0021,0.0589,1,0.8,42
ciciot2023:rung0.8,rf,Benign,6299,2418,0.9307,0.9577,-0.0077,-0.0006,-0.0049,0.0163,1,0.8,512
ciciot2023:rung0.8,rf,BruteForce,1371,483,0.9874,0.9567,-0.0067,0.0073,-0.0015,0.0433,1,0.8,512
ciciot2023:rung0.8,rf,DDoS,68476,25910,0.5,0.9496,0.0004,0.0,0.0,0.0012,1,0.8,512
ciciot2023:rung0.8,rf,DoS,25215,9575,0.5,0.9528,-0.0028,0.0,0.0,0.0042,1,0.8,512
ciciot2023:rung0.8,rf,Mirai,18953,7269,0.5,0.9503,-0.0003,0.0,0.0,0.0021,1,0.8,512
ciciot2023:rung0.8,rf,Recon,23055,8755,0.639,0.9488,0.0012,-0.0001,0.0,0.0075,1,0.8,512
ciciot2023:rung0.8,rf,Spoofing,12575,4779,0.8329,0.9514,-0.0014,-0.0,-0.0093,0.0178,1,0.8,512
ciciot2023:rung0.8,rf,Web,2135,811,0.9615,0.9466,0.0034,-0.0274,0.0035,0.0535,1,0.8,512
ciciot2023:rung0.8,rf,Benign,6299,2418,0.9255,0.9428,0.0072,0.0004,-0.0103,0.008,1,0.8,6021
ciciot2023:rung0.8,rf,BruteForce,1371,483,0.9906,0.9605,-0.0105,0.008,-0.0042,0.0522,1,0.8,6021
ciciot2023:rung0.8,rf,DDoS,68476,25910,0.5,0.9512,-0.0012,0.0,0.0,0.0011,1,0.8,6021
ciciot2023:rung0.8,rf,DoS,25215,9575,0.5,0.9509,-0.0009,0.0,0.0,0.0043,1,0.8,6021
ciciot2023:rung0.8,rf,Mirai,18953,7269,0.5,0.9489,0.0011,0.0,0.0,0.0013,1,0.8,6021
ciciot2023:rung0.8,rf,Recon,23055,8755,0.652,0.9511,-0.0011,0.0,0.0,0.0061,1,0.8,6021
ciciot2023:rung0.8,rf,Spoofing,12575,4779,0.8333,0.9547,-0.0047,-0.0001,-0.0262,0.0185,1,0.8,6021
ciciot2023:rung0.8,rf,Web,2135,811,0.9662,0.9493,0.0007,-0.0399,-0.0014,0.0621,1,0.8,6021
ciciot2023:rung0.8,rf,Benign,6299,2418,0.9311,0.948,0.002,-0.0011,0.0025,0.0154,1,0.8,7
ciciot2023:rung0.8,rf,BruteForce,1371,483,0.9913,0.9584,-0.0084,0.0061,-0.0018,0.0458,1,0.8,7
ciciot2023:rung0.8,rf,DDoS,68476,25910,0.5,0.9499,0.0001,0.0,0.0,0.0018,1,0.8,7
ciciot2023:rung0.8,rf,DoS,25215,9575,0.5,0.9513,-0.0013,0.0,0.0,0.0061,1,0.8,7
ciciot2023:rung0.8,rf,Mirai,18953,7269,0.5,0.9497,0.0003,0.0,0.0,0.0013,1,0.8,7
ciciot2023:rung0.8,rf,Recon,23055,8755,0.6374,0.9491,0.0009,-0.0,0.0,0.0072,1,0.8,7
ciciot2023:rung0.8,rf,Spoofing,12575,4779,0.8341,0.9552,-0.0052,-0.0,-0.0143,0.0153,1,0.8,7
ciciot2023:rung0.8,rf,Web,2135,811,0.9628,0.9527,-0.0027,-0.0216,-0.0015,0.0439,1,0.8,7
ciciot2023:rung0.8,rf,Benign,6299,2418,0.9347,0.9506,-0.0006,0.0004,0.0032,0.0142,1,0.8,88
ciciot2023:rung0.8,rf,BruteForce,1371,483,0.9906,0.9433,0.0067,0.005,-0.0017,0.0537,1,0.8,88
ciciot2023:rung0.8,rf,DDoS,68476,25910,0.5,0.9497,0.0003,0.0,0.0,0.0022,1,0.8,88
ciciot2023:rung0.8,rf,DoS,25215,9575,0.5,0.9507,-0.0007,0.0,0.0,0.0027,1,0.8,88
ciciot2023:rung0.8,rf,Mirai,18953,7269,0.5,0.9523,-0.0023,0.0,0.0,0.0019,1,0.8,88
ciciot2023:rung0.8,rf,Recon,23055,8755,0.6538,0.9497,0.0003,-0.0,0.0,0.0049,1,0.8,88
ciciot2023:rung0.8,rf,Spoofing,12575,4779,0.8329,0.9529,-0.0029,-0.0001,-0.0047,0.0141,1,0.8,88
ciciot2023:rung0.8,rf,Web,2135,811,0.9654,0.9581,-0.0081,-0.0297,0.0004,0.0584,1,0.8,88
ciciot2023:rung0.8,rf,Benign,6299,2418,0.9323,0.9503,-0.0003,0.0002,0.0062,0.0111,1,0.8,91
ciciot2023:rung0.8,rf,BruteForce,1371,483,0.9899,0.9592,-0.0092,0.0031,-0.0051,0.037,1,0.8,91
ciciot2023:rung0.8,rf,DDoS,68476,25910,0.5,0.9494,0.0006,0.0,0.0,0.0011,1,0.8,91
ciciot2023:rung0.8,rf,DoS,25215,9575,0.5,0.9497,0.0003,0.0,0.0,0.003,1,0.8,91
ciciot2023:rung0.8,rf,Mirai,18953,7269,0.5,0.9475,0.0025,0.0,0.0,0.0011,1,0.8,91
ciciot2023:rung0.8,rf,Recon,23055,8755,0.6518,0.9488,0.0012,-0.0001,0.0,0.0071,1,0.8,91
ciciot2023:rung0.8,rf,Spoofing,12575,4779,0.8353,0.954,-0.004,-0.0001,-0.0016,0.0208,1,0.8,91
ciciot2023:rung0.8,rf,Web,2135,811,0.9652,0.9549,-0.0049,-0.0423,0.004,0.0778,1,0.8,91
ciciot2023:rung0.8,xgb,Benign,6299,2418,0.8944,0.9526,-0.0026,0.0,-0.0093,0.0205,1,0.8,12345
ciciot2023:rung0.8,xgb,BruteForce,1371,483,0.9867,0.9623,-0.0123,0.0,-0.0123,0.0412,1,0.8,12345
ciciot2023:rung0.8,xgb,DDoS,68476,25910,0.5,0.9495,0.0005,0.0,0.0,0.0002,1,0.8,12345
ciciot2023:rung0.8,xgb,DoS,25215,9575,0.5,0.9498,0.0002,0.0,0.0,0.0005,1,0.8,12345
ciciot2023:rung0.8,xgb,Mirai,18953,7269,0.5,0.9525,-0.0025,0.0,0.0,0.0009,1,0.8,12345
ciciot2023:rung0.8,xgb,Recon,23055,8755,0.599,0.9497,0.0003,0.0,0.0,0.0091,1,0.8,12345
ciciot2023:rung0.8,xgb,Spoofing,12575,4779,0.801,0.9522,-0.0022,0.0,0.0084,0.0104,1,0.8,12345
ciciot2023:rung0.8,xgb,Web,2135,811,0.9606,0.9477,0.0023,-0.0009,0.0077,0.0684,1,0.8,12345
ciciot2023:rung0.8,xgb,Benign,6299,2418,0.8867,0.9535,-0.0035,0.0,-0.0155,0.0184,1,0.8,1337
ciciot2023:rung0.8,xgb,BruteForce,1371,483,0.9858,0.976,-0.026,0.0,-0.0078,0.0488,1,0.8,1337
ciciot2023:rung0.8,xgb,DDoS,68476,25910,0.5,0.9503,-0.0003,0.0,0.0,0.0002,1,0.8,1337
ciciot2023:rung0.8,xgb,DoS,25215,9575,0.5,0.9503,-0.0003,0.0,0.0,0.0005,1,0.8,1337
ciciot2023:rung0.8,xgb,Mirai,18953,7269,0.5,0.952,-0.002,0.0,0.0,0.0007,1,0.8,1337
ciciot2023:rung0.8,xgb,Recon,23055,8755,0.5625,0.9491,0.0009,0.0,0.0,0.0082,1,0.8,1337
ciciot2023:rung0.8,xgb,Spoofing,12575,4779,0.8086,0.9529,-0.0029,0.0,0.0285,0.0101,1,0.8,1337
ciciot2023:rung0.8,xgb,Web,2135,811,0.952,0.9379,0.0121,-0.0022,0.0179,0.081,1,0.8,1337
ciciot2023:rung0.8,xgb,Benign,6299,2418,0.8935,0.9581,-0.0081,0.0,-0.0089,0.0153,1,0.8,2024
ciciot2023:rung0.8,xgb,BruteForce,1371,483,0.9868,0.9704,-0.0204,0.0,-0.0053,0.0298,1,0.8,2024
ciciot2023:rung0.8,xgb,DDoS,68476,25910,0.5,0.9499,0.0001,0.0,0.0,0.0002,1,0.8,2024
ciciot2023:rung0.8,xgb,DoS,25215,9575,0.5,0.9488,0.0012,0.0,0.0,0.0005,1,0.8,2024
ciciot2023:rung0.8,xgb,Mirai,18953,7269,0.5,0.9502,-0.0002,0.0,0.0,0.0002,1,0.8,2024
ciciot2023:rung0.8,xgb,Recon,23055,8755,0.5315,0.9479,0.0021,0.0,0.0,0.0073,1,0.8,2024
ciciot2023:rung0.8,xgb,Spoofing,12575,4779,0.8043,0.9562,-0.0062,0.0,0.0392,0.0132,1,0.8,2024
ciciot2023:rung0.8,xgb,Web,2135,811,0.9622,0.9439,0.0061,-0.0018,0.0066,0.0573,1,0.8,2024
ciciot2023:rung0.8,xgb,Benign,6299,2418,0.8885,0.9524,-0.0024,0.0,-0.0141,0.0144,1,0.8,3407
ciciot2023:rung0.8,xgb,BruteForce,1371,483,0.9858,0.9694,-0.0194,0.0,-0.0116,0.0405,1,0.8,3407
ciciot2023:rung0.8,xgb,DDoS,68476,25910,0.5,0.9482,0.0018,0.0,0.0,0.0001,1,0.8,3407
ciciot2023:rung0.8,xgb,DoS,25215,9575,0.5,0.9497,0.0003,0.0,0.0,0.0005,1,0.8,3407
ciciot2023:rung0.8,xgb,Mirai,18953,7269,0.5,0.9501,-0.0001,0.0,0.0,0.0005,1,0.8,3407
ciciot2023:rung0.8,xgb,Recon,23055,8755,0.537,0.9507,-0.0007,0.0,0.0,0.0084,1,0.8,3407
ciciot2023:rung0.8,xgb,Spoofing,12575,4779,0.8015,0.9552,-0.0052,0.0,0.0291,0.0113,1,0.8,3407
ciciot2023:rung0.8,xgb,Web,2135,811,0.9543,0.9388,0.0112,-0.0033,0.0134,0.0823,1,0.8,3407
ciciot2023:rung0.8,xgb,Benign,6299,2418,0.8842,0.9537,-0.0037,0.0,-0.0111,0.0131,1,0.8,42
ciciot2023:rung0.8,xgb,BruteForce,1371,483,0.986,0.9625,-0.0125,0.0,-0.0189,0.0431,1,0.8,42
ciciot2023:rung0.8,xgb,DDoS,68476,25910,0.5,0.9504,-0.0004,0.0,0.0,0.0002,1,0.8,42
ciciot2023:rung0.8,xgb,DoS,25215,9575,0.5,0.9491,0.0009,0.0,0.0,0.0005,1,0.8,42
ciciot2023:rung0.8,xgb,Mirai,18953,7269,0.5,0.9501,-0.0001,0.0,0.0,0.0007,1,0.8,42
ciciot2023:rung0.8,xgb,Recon,23055,8755,0.5644,0.9481,0.0019,0.0,0.0,0.0055,1,0.8,42
ciciot2023:rung0.8,xgb,Spoofing,12575,4779,0.8067,0.952,-0.002,0.0,0.0275,0.0103,1,0.8,42
ciciot2023:rung0.8,xgb,Web,2135,811,0.9559,0.9434,0.0066,-0.0044,0.0117,0.067,1,0.8,42
ciciot2023:rung0.8,xgb,Benign,6299,2418,0.896,0.9573,-0.0073,0.0,-0.0152,0.01,1,0.8,512
ciciot2023:rung0.8,xgb,BruteForce,1371,483,0.9861,0.976,-0.026,0.0,-0.0098,0.0427,1,0.8,512
ciciot2023:rung0.8,xgb,DDoS,68476,25910,0.5,0.9488,0.0012,0.0,0.0,0.0003,1,0.8,512
ciciot2023:rung0.8,xgb,DoS,25215,9575,0.5,0.9516,-0.0016,0.0,0.0,0.0003,1,0.8,512
ciciot2023:rung0.8,xgb,Mirai,18953,7269,0.5,0.9499,0.0001,0.0,0.0,0.0003,1,0.8,512
ciciot2023:rung0.8,xgb,Recon,23055,8755,0.5937,0.9495,0.0005,0.0,0.0,0.0073,1,0.8,512
ciciot2023:rung0.8,xgb,Spoofing,12575,4779,0.8102,0.9504,-0.0004,0.0,0.0209,0.0122,1,0.8,512
ciciot2023:rung0.8,xgb,Web,2135,811,0.9503,0.9277,0.0223,-0.0046,0.0248,0.0725,1,0.8,512
ciciot2023:rung0.8,xgb,Benign,6299,2418,0.8988,0.9562,-0.0062,0.0,-0.0377,0.0135,1,0.8,6021
ciciot2023:rung0.8,xgb,BruteForce,1371,483,0.9842,0.9549,-0.0049,0.0,-0.0063,0.0348,1,0.8,6021
ciciot2023:rung0.8,xgb,DDoS,68476,25910,0.5,0.9509,-0.0009,0.0,0.0,0.0002,1,0.8,6021
ciciot2023:rung0.8,xgb,DoS,25215,9575,0.5,0.9504,-0.0004,0.0,0.0,0.0006,1,0.8,6021
ciciot2023:rung0.8,xgb,Mirai,18953,7269,0.5,0.948,0.002,0.0,0.0,0.0005,1,0.8,6021
ciciot2023:rung0.8,xgb,Recon,23055,8755,0.5533,0.9487,0.0013,0.0,0.0,0.0063,1,0.8,6021
ciciot2023:rung0.8,xgb,Spoofing,12575,4779,0.8044,0.948,0.002,0.0,0.0316,0.011,1,0.8,6021
ciciot2023:rung0.8,xgb,Web,2135,811,0.9605,0.934,0.016,-0.0036,0.0149,0.0881,1,0.8,6021
ciciot2023:rung0.8,xgb,Benign,6299,2418,0.8972,0.949,0.001,0.0,-0.0183,0.021,1,0.8,7
ciciot2023:rung0.8,xgb,BruteForce,1371,483,0.9867,0.9629,-0.0129,0.0,-0.0099,0.0387,1,0.8,7
ciciot2023:rung0.8,xgb,DDoS,68476,25910,0.5,0.9503,-0.0003,0.0,0.0,0.0003,1,0.8,7
ciciot2023:rung0.8,xgb,DoS,25215,9575,0.5,0.9506,-0.0006,0.0,0.0,0.0009,1,0.8,7
ciciot2023:rung0.8,xgb,Mirai,18953,7269,0.5,0.9505,-0.0005,0.0,0.0,0.0006,1,0.8,7
ciciot2023:rung0.8,xgb,Recon,23055,8755,0.5544,0.9497,0.0003,0.0,0.0,0.0074,1,0.8,7
ciciot2023:rung0.8,xgb,Spoofing,12575,4779,0.7982,0.9512,-0.0012,0.0,0.0223,0.0093,1,0.8,7
ciciot2023:rung0.8,xgb,Web,2135,811,0.9592,0.9409,0.0091,-0.0036,0.0103,0.0782,1,0.8,7
ciciot2023:rung0.8,xgb,Benign,6299,2418,0.9018,0.9593,-0.0093,0.0,-0.0169,0.0165,1,0.8,88
ciciot2023:rung0.8,xgb,BruteForce,1371,483,0.9858,0.9696,-0.0196,0.0,-0.0108,0.0334,1,0.8,88
ciciot2023:rung0.8,xgb,DDoS,68476,25910,0.5,0.9499,0.0001,0.0,0.0,0.0002,1,0.8,88
ciciot2023:rung0.8,xgb,DoS,25215,9575,0.5,0.9492,0.0008,0.0,0.0,0.0006,1,0.8,88
ciciot2023:rung0.8,xgb,Mirai,18953,7269,0.5,0.9498,0.0002,0.0,0.0,0.0007,1,0.8,88
ciciot2023:rung0.8,xgb,Recon,23055,8755,0.5694,0.9513,-0.0013,0.0,0.0,0.006,1,0.8,88
ciciot2023:rung0.8,xgb,Spoofing,12575,4779,0.8015,0.956,-0.006,0.0,0.0141,0.0107,1,0.8,88
ciciot2023:rung0.8,xgb,Web,2135,811,0.9508,0.9201,0.0299,-0.003,0.024,0.0703,1,0.8,88
ciciot2023:rung0.8,xgb,Benign,6299,2418,0.8856,0.9526,-0.0026,0.0,-0.0205,0.0155,1,0.8,91
ciciot2023:rung0.8,xgb,BruteForce,1371,483,0.985,0.977,-0.027,0.0,-0.0109,0.0463,1,0.8,91
ciciot2023:rung0.8,xgb,DDoS,68476,25910,0.5,0.9497,0.0003,0.0,0.0,0.0002,1,0.8,91
ciciot2023:rung0.8,xgb,DoS,25215,9575,0.5,0.9503,-0.0003,0.0,0.0,0.0006,1,0.8,91
ciciot2023:rung0.8,xgb,Mirai,18953,7269,0.5,0.9503,-0.0003,0.0,0.0,0.0004,1,0.8,91
ciciot2023:rung0.8,xgb,Recon,23055,8755,0.6058,0.9492,0.0008,0.0,0.0,0.0074,1,0.8,91
ciciot2023:rung0.8,xgb,Spoofing,12575,4779,0.812,0.9515,-0.0015,0.0,0.0121,0.011,1,0.8,91
ciciot2023:rung0.8,xgb,Web,2135,811,0.9548,0.9342,0.0158,-0.0038,0.0176,0.0813,1,0.8,91
ciciot2023:rung0.0,mlp,Benign,6299,2428,0.9462,0.9466,0.0034,0.0008,0.0083,0.0223,2,0.0,12345
ciciot2023:rung0.0,mlp,BruteForce,1371,541,0.9909,0.9662,-0.0162,-0.0027,-0.0011,0.0464,2,0.0,12345
ciciot2023:rung0.0,mlp,DDoS,68476,25807,0.5,0.9486,0.0014,0.0,0.0,0.0049,2,0.0,12345
ciciot2023:rung0.0,mlp,DoS,25215,9624,0.5,0.9517,-0.0017,0.0,0.0,0.0123,2,0.0,12345
ciciot2023:rung0.0,mlp,Mirai,18953,7223,0.5,0.9541,-0.0041,0.0,0.0,0.003,2,0.0,12345
ciciot2023:rung0.0,mlp,Recon,23055,8740,0.698,0.9501,-0.0001,0.0021,0.0,0.0149,2,0.0,12345
ciciot2023:rung0.0,mlp,Spoofing,12575,4826,0.8816,0.9548,-0.0048,0.0002,-0.0064,0.0103,2,0.0,12345
ciciot2023:rung0.0,mlp,Web,2135,811,0.9695,0.9494,0.0006,-0.0009,0.0008,0.0202,2,0.0,12345
ciciot2023:rung0.0,mlp,Benign,6299,2428,0.935,0.9413,0.0087,-0.0002,0.0119,0.0232,2,0.0,1337
ciciot2023:rung0.0,mlp,BruteForce,1371,541,0.9908,0.9521,-0.0021,-0.0035,-0.0024,0.0312,2,0.0,1337
ciciot2023:rung0.0,mlp,DDoS,68476,25807,0.5,0.9491,0.0009,0.0,0.0,0.0052,2,0.0,1337
ciciot2023:rung0.0,mlp,DoS,25215,9624,0.5,0.9519,-0.0019,0.0,0.0,0.0066,2,0.0,1337
ciciot2023:rung0.0,mlp,Mirai,18953,7223,0.5,0.9517,-0.0017,0.0,0.0,0.0051,2,0.0,1337
ciciot2023:rung0.0,mlp,Recon,23055,8740,0.6972,0.9525,-0.0025,0.0002,0.0,0.0064,2,0.0,1337
ciciot2023:rung0.0,mlp,Spoofing,12575,4826,0.8814,0.9532,-0.0032,0.0,0.0009,0.0145,2,0.0,1337
ciciot2023:rung0.0,mlp,Web,2135,811,0.9739,0.9491,0.0009,0.0017,0.0069,0.0371,2,0.0,1337
ciciot2023:rung0.0,mlp,Benign,6299,2428,0.9371,0.9423,0.0077,-0.0003,0.0094,0.013,2,0.0,2024
ciciot2023:rung0.0,mlp,BruteForce,1371,541,0.9919,0.9453,0.0047,0.0094,-0.0003,0.0338,2,0.0,2024
ciciot2023:rung0.0,mlp,DDoS,68476,25807,0.5,0.9491,0.0009,0.0,0.0,0.0031,2,0.0,2024
ciciot2023:rung0.0,mlp,DoS,25215,9624,0.5,0.9518,-0.0018,0.0,0.0,0.0058,2,0.0,2024
ciciot2023:rung0.0,mlp,Mirai,18953,7223,0.5,0.9499,0.0001,0.0,0.0,0.0015,2,0.0,2024
ciciot2023:rung0.0,mlp,Recon,23055,8740,0.7058,0.9507,-0.0007,0.0002,0.0,0.0086,2,0.0,2024
ciciot2023:rung0.0,mlp,Spoofing,12575,4826,0.8882,0.9543,-0.0043,0.0,-0.0077,0.0122,2,0.0,2024
ciciot2023:rung0.0,mlp,Web,2135,811,0.9714,0.9433,0.0067,0.003,0.0116,0.0325,2,0.0,2024
ciciot2023:rung0.0,mlp,Benign,6299,2428,0.9506,0.9446,0.0054,-0.0009,0.0063,0.022,2,0.0,3407
ciciot2023:rung0.0,mlp,BruteForce,1371,541,0.9923,0.9569,-0.0069,-0.0057,-0.0025,0.0454,2,0.0,3407
ciciot2023:rung0.0,mlp,DDoS,68476,25807,0.5,0.9506,-0.0006,0.0,0.0,0.004,2,0.0,3407
ciciot2023:rung0.0,mlp,DoS,25215,9624,0.5,0.9509,-0.0009,0.0,0.0,0.0068,2,0.0,3407
ciciot2023:rung0.0,mlp,Mirai,18953,7223,0.5,0.9509,-0.0009,0.0,0.0,0.0048,2,0.0,3407
ciciot2023:rung0.0,mlp,Recon,23055,8740,0.703,0.9483,0.0017,0.0008,0.0,0.0098,2,0.0,3407
ciciot2023:rung0.0,mlp,Spoofing,12575,4826,0.8852,0.9544,-0.0044,0.0,-0.0047,0.0095,2,0.0,3407
ciciot2023:rung0.0,mlp,Web,2135,811,0.9747,0.9383,0.0117,0.0022,0.0069,0.0404,2,0.0,3407
ciciot2023:rung0.0,mlp,Benign,6299,2428,0.9472,0.9487,0.0013,0.0038,0.0084,0.0273,2,0.0,42
ciciot2023:rung0.0,mlp,BruteForce,1371,541,0.989,0.9543,-0.0043,-0.0152,-0.0008,0.0574,2,0.0,42
ciciot2023:rung0.0,mlp,DDoS,68476,25807,0.5,0.9506,-0.0006,0.0,0.0,0.0039,2,0.0,42
ciciot2023:rung0.0,mlp,DoS,25215,9624,0.4999,0.9504,-0.0004,0.0,0.0,0.0119,2,0.0,42
ciciot2023:rung0.0,mlp,Mirai,18953,7223,0.4999,0.9519,-0.0019,0.0,0.0,0.0082,2,0.0,42
ciciot2023:rung0.0,mlp,Recon,23055,8740,0.7071,0.9517,-0.0017,0.0007,0.0,0.0072,2,0.0,42
ciciot2023:rung0.0,mlp,Spoofing,12575,4826,0.8862,0.9579,-0.0079,0.0,-0.0095,0.0109,2,0.0,42
ciciot2023:rung0.0,mlp,Web,2135,811,0.9702,0.9335,0.0165,-0.0,0.0036,0.0358,2,0.0,42
ciciot2023:rung0.0,mlp,Benign,6299,2428,0.9468,0.9424,0.0076,-0.0002,0.0031,0.0186,2,0.0,512
ciciot2023:rung0.0,mlp,BruteForce,1371,541,0.9914,0.9606,-0.0106,-0.0046,-0.0,0.0474,2,0.0,512
ciciot2023:rung0.0,mlp,DDoS,68476,25807,0.5,0.9494,0.0006,0.0,0.0,0.0034,2,0.0,512
ciciot2023:rung0.0,mlp,DoS,25215,9624,0.4999,0.9447,0.0053,0.0,0.0,0.0129,2,0.0,512
ciciot2023:rung0.0,mlp,Mirai,18953,7223,0.4999,0.9501,-0.0001,0.0,0.0,0.0069,2,0.0,512
ciciot2023:rung0.0,mlp,Recon,23055,8740,0.7061,0.9517,-0.0017,0.001,0.0,0.0136,2,0.0,512
ciciot2023:rung0.0,mlp,Spoofing,12575,4826,0.8845,0.9544,-0.0044,-0.0001,-0.0116,0.017,2,0.0,512
ciciot2023:rung0.0,mlp,Web,2135,811,0.9737,0.9464,0.0036,0.0069,-0.0003,0.0345,2,0.0,512
ciciot2023:rung0.0,mlp,Benign,6299,2428,0.9376,0.9402,0.0098,0.0031,0.01,0.0207,2,0.0,6021
ciciot2023:rung0.0,mlp,BruteForce,1371,541,0.9907,0.964,-0.014,-0.006,-0.0035,0.0391,2,0.0,6021
ciciot2023:rung0.0,mlp,DDoS,68476,25807,0.5,0.9502,-0.0002,0.0,0.0,0.0018,2,0.0,6021
ciciot2023:rung0.0,mlp,DoS,25215,9624,0.5,0.9509,-0.0009,0.0,0.0,0.0055,2,0.0,6021
ciciot2023:rung0.0,mlp,Mirai,18953,7223,0.5,0.9515,-0.0015,0.0,0.0,0.0016,2,0.0,6021
ciciot2023:rung0.0,mlp,Recon,23055,8740,0.6559,0.9505,-0.0005,-0.0,0.0,0.0063,2,0.0,6021
ciciot2023:rung0.0,mlp,Spoofing,12575,4826,0.8805,0.9514,-0.0014,0.0,-0.0096,0.0101,2,0.0,6021
ciciot2023:rung0.0,mlp,Web,2135,811,0.9706,0.9295,0.0205,0.0041,0.0118,0.0459,2,0.0,6021
ciciot2023:rung0.0,mlp,Benign,6299,2428,0.9438,0.9454,0.0046,-0.0003,0.0054,0.0251,2,0.0,7
ciciot2023:rung0.0,mlp,BruteForce,1371,541,0.9927,0.9571,-0.0071,-0.0142,-0.0004,0.0606,2,0.0,7
ciciot2023:rung0.0,mlp,DDoS,68476,25807,0.5,0.9487,0.0013,0.0,0.0,0.0052,2,0.0,7
ciciot2023:rung0.0,mlp,DoS,25215,9624,0.5,0.9509,-0.0009,0.0,0.0,0.0093,2,0.0,7
ciciot2023:rung0.0,mlp,Mirai,18953,7223,0.5,0.9527,-0.0027,0.0,0.0,0.0085,2,0.0,7
ciciot2023:rung0.0,mlp,Recon,23055,8740,0.6773,0.9514,-0.0014,0.0004,0.0,0.0059,2,0.0,7
ciciot2023:rung0.0,mlp,Spoofing,12575,4826,0.8786,0.9531,-0.0031,-0.0,-0.0004,0.0174,2,0.0,7
ciciot2023:rung0.0,mlp,Web,2135,811,0.9775,0.9462,0.0038,0.003,0.0009,0.0349,2,0.0,7
ciciot2023:rung0.0,mlp,Benign,6299,2428,0.9434,0.9435,0.0065,0.0014,-0.0028,0.0294,2,0.0,88
ciciot2023:rung0.0,mlp,BruteForce,1371,541,0.99,0.9542,-0.0042,-0.0123,-0.0006,0.047,2,0.0,88
ciciot2023:rung0.0,mlp,DDoS,68476,25807,0.5,0.9512,-0.0012,0.0,0.0,0.0043,2,0.0,88
ciciot2023:rung0.0,mlp,DoS,25215,9624,0.4999,0.9495,0.0005,0.0,0.0,0.0131,2,0.0,88
ciciot2023:rung0.0,mlp,Mirai,18953,7223,0.4999,0.9505,-0.0005,0.0,0.0,0.0018,2,0.0,88
ciciot2023:rung0.0,mlp,Recon,23055,8740,0.6871,0.9497,0.0003,0.0004,0.0,0.0073,2,0.0,88
ciciot2023:rung0.0,mlp,Spoofing,12575,4826,0.8848,0.9532,-0.0032,0.0001,0.0102,0.0164,2,0.0,88
ciciot2023:rung0.0,mlp,Web,2135,811,0.9736,0.9455,0.0045,0.005,0.0078,0.03,2,0.0,88
ciciot2023:rung0.0,mlp,Benign,6299,2428,0.944,0.9499,0.0001,0.0026,0.0095,0.0195,2,0.0,91
ciciot2023:rung0.0,mlp,BruteForce,1371,541,0.9914,0.9656,-0.0156,-0.0034,-0.0005,0.0466,2,0.0,91
ciciot2023:rung0.0,mlp,DDoS,68476,25807,0.5,0.9506,-0.0006,0.0,0.0,0.0051,2,0.0,91
ciciot2023:rung0.0,mlp,DoS,25215,9624,0.4999,0.9519,-0.0019,0.0,0.0,0.0052,2,0.0,91
ciciot2023:rung0.0,mlp,Mirai,18953,7223,0.4999,0.9519,-0.0019,0.0,0.0,0.0015,2,0.0,91
ciciot2023:rung0.0,mlp,Recon,23055,8740,0.6895,0.9506,-0.0006,0.0004,0.0,0.009,2,0.0,91
ciciot2023:rung0.0,mlp,Spoofing,12575,4826,0.8837,0.9528,-0.0028,0.0,-0.0076,0.011,2,0.0,91
ciciot2023:rung0.0,mlp,Web,2135,811,0.9704,0.9391,0.0109,0.0053,0.0055,0.0252,2,0.0,91
ciciot2023:rung0.0,rf,Benign,6299,2428,0.934,0.949,0.001,0.0003,0.0044,0.0116,2,0.0,12345
ciciot2023:rung0.0,rf,BruteForce,1371,541,0.991,0.959,-0.009,-0.013,-0.0008,0.0439,2,0.0,12345
ciciot2023:rung0.0,rf,DDoS,68476,25807,0.5,0.9501,-0.0001,0.0,0.0,0.0009,2,0.0,12345
ciciot2023:rung0.0,rf,DoS,25215,9624,0.5,0.9492,0.0008,0.0,0.0,0.0041,2,0.0,12345
ciciot2023:rung0.0,rf,Mirai,18953,7223,0.5,0.9485,0.0015,0.0,0.0,0.0013,2,0.0,12345
ciciot2023:rung0.0,rf,Recon,23055,8740,0.6647,0.9484,0.0016,0.0,0.0,0.0073,2,0.0,12345
ciciot2023:rung0.0,rf,Spoofing,12575,4826,0.8412,0.9537,-0.0037,0.0,-0.0181,0.011,2,0.0,12345
ciciot2023:rung0.0,rf,Web,2135,811,0.9673,0.9568,-0.0068,-0.0164,0.0022,0.051,2,0.0,12345
ciciot2023:rung0.0,rf,Benign,6299,2428,0.9388,0.9496,0.0004,0.0001,-0.0012,0.0119,2,0.0,1337
ciciot2023:rung0.0,rf,BruteForce,1371,541,0.9892,0.9495,0.0005,-0.0137,-0.0007,0.037,2,0.0,1337
ciciot2023:rung0.0,rf,DDoS,68476,25807,0.5,0.9504,-0.0004,0.0,0.0,0.001,2,0.0,1337
ciciot2023:rung0.0,rf,DoS,25215,9624,0.5,0.9496,0.0004,0.0,0.0,0.003,2,0.0,1337
ciciot2023:rung0.0,rf,Mirai,18953,7223,0.5,0.9501,-0.0001,0.0,0.0,0.0013,2,0.0,1337
ciciot2023:rung0.0,rf,Recon,23055,8740,0.6425,0.9444,0.0056,-0.0,0.0,0.0086,2,0.0,1337
ciciot2023:rung0.0,rf,Spoofing,12575,4826,0.8372,0.9495,0.0005,0.0,-0.0138,0.0082,2,0.0,1337
ciciot2023:rung0.0,rf,Web,2135,811,0.9627,0.9515,-0.0015,-0.0189,0.0015,0.0358,2,0.0,1337
ciciot2023:rung0.0,rf,Benign,6299,2428,0.9317,0.9493,0.0007,0.0017,0.0095,0.0221,2,0.0,2024
ciciot2023:rung0.0,rf,BruteForce,1371,541,0.9881,0.9582,-0.0082,-0.0103,0.0026,0.0426,2,0.0,2024
ciciot2023:rung0.0,rf,DDoS,68476,25807,0.5,0.95,-0.0,0.0,0.0,0.0009,2,0.0,2024
ciciot2023:rung0.0,rf,DoS,25215,9624,0.5,0.9528,-0.0028,0.0,0.0,0.0033,2,0.0,2024
ciciot2023:rung0.0,rf,Mirai,18953,7223,0.5,0.9519,-0.0019,0.0,0.0,0.0017,2,0.0,2024
ciciot2023:rung0.0,rf,Recon,23055,8740,0.6431,0.9503,-0.0003,-0.0001,0.0,0.0077,2,0.0,2024
ciciot2023:rung0.0,rf,Spoofing,12575,4826,0.8414,0.9503,-0.0003,-0.0001,-0.0126,0.0117,2,0.0,2024
ciciot2023:rung0.0,rf,Web,2135,811,0.9684,0.964,-0.014,-0.0002,-0.0016,0.0209,2,0.0,2024
ciciot2023:rung0.0,rf,Benign,6299,2428,0.9328,0.9506,-0.0006,0.0014,0.0026,0.0173,2,0.0,3407
ciciot2023:rung0.0,rf,BruteForce,1371,541,0.9888,0.9505,-0.0005,-0.0152,0.0012,0.0413,2,0.0,3407
ciciot2023:rung0.0,rf,DDoS,68476,25807,0.5,0.951,-0.001,0.0,0.0,0.0009,2,0.0,3407
ciciot2023:rung0.0,rf,DoS,25215,9624,0.5,0.9479,0.0021,0.0,0.0,0.0031,2,0.0,3407
ciciot2023:rung0.0,rf,Mirai,18953,7223,0.5,0.9508,-0.0008,0.0,0.0,0.0009,2,0.0,3407
ciciot2023:rung0.0,rf,Recon,23055,8740,0.6369,0.9474,0.0026,-0.0,0.0,0.0075,2,0.0,3407
ciciot2023:rung0.0,rf,Spoofing,12575,4826,0.8364,0.9524,-0.0024,-0.0001,-0.0074,0.0107,2,0.0,3407
ciciot2023:rung0.0,rf,Web,2135,811,0.9672,0.9562,-0.0062,0.0021,0.0007,0.0259,2,0.0,3407
ciciot2023:rung0.0,rf,Benign,6299,2428,0.9297,0.9484,0.0016,0.0003,0.0067,0.015,2,0.0,42
ciciot2023:rung0.0,rf,BruteForce,1371,541,0.9895,0.9586,-0.0086,-0.013,0.0012,0.0395,2,0.0,42
ciciot2023:rung0.0,rf,DDoS,68476,25807,0.5,0.9515,-0.0015,0.0,0.0,0.0013,2,0.0,42
ciciot2023:rung0.0,rf,DoS,25215,9624,0.5,0.9501,-0.0001,0.0,0.0,0.0031,2,0.0,42
ciciot2023:rung0.0,rf,Mirai,18953,7223,0.5,0.9499,0.0001,0.0,0.0,0.0013,2,0.0,42
ciciot2023:rung0.0,rf,Recon,23055,8740,0.6298,0.9507,-0.0007,-0.0001,0.0,0.0067,2,0.0,42
ciciot2023:rung0.0,rf,Spoofing,12575,4826,0.8401,0.9549,-0.0049,-0.0002,-0.0099,0.0088,2,0.0,42
ciciot2023:rung0.0,rf,Web,2135,811,0.9721,0.9624,-0.0124,-0.0067,-0.0039,0.022,2,0.0,42
ciciot2023:rung0.0,rf,Benign,6299,2428,0.9307,0.9539,-0.0039,0.0,0.0075,0.0157,2,0.0,512
ciciot2023:rung0.0,rf,BruteForce,1371,541,0.9874,0.9573,-0.0073,-0.0119,-0.0027,0.0433,2,0.0,512
ciciot2023:rung0.0,rf,DDoS,68476,25807,0.5,0.9495,0.0005,0.0,0.0,0.0009,2,0.0,512
ciciot2023:rung0.0,rf,DoS,25215,9624,0.5,0.9485,0.0015,0.0,0.0,0.0027,2,0.0,512
ciciot2023:rung0.0,rf,Mirai,18953,7223,0.5,0.9505,-0.0005,0.0,0.0,0.0014,2,0.0,512
ciciot2023:rung0.0,rf,Recon,23055,8740,0.639,0.9496,0.0004,-0.0001,0.0,0.0071,2,0.0,512
ciciot2023:rung0.0,rf,Spoofing,12575,4826,0.8329,0.9505,-0.0005,-0.0,-0.0106,0.0077,2,0.0,512
ciciot2023:rung0.0,rf,Web,2135,811,0.9615,0.9404,0.0096,-0.0081,0.0062,0.0245,2,0.0,512
ciciot2023:rung0.0,rf,Benign,6299,2428,0.9255,0.9465,0.0035,0.0005,0.0064,0.0148,2,0.0,6021
ciciot2023:rung0.0,rf,BruteForce,1371,541,0.9906,0.9595,-0.0095,-0.0144,-0.0009,0.0383,2,0.0,6021
ciciot2023:rung0.0,rf,DDoS,68476,25807,0.5,0.9495,0.0005,0.0,0.0,0.0012,2,0.0,6021
ciciot2023:rung0.0,rf,DoS,25215,9624,0.5,0.9497,0.0003,0.0,0.0,0.0035,2,0.0,6021
ciciot2023:rung0.0,rf,Mirai,18953,7223,0.5,0.952,-0.002,0.0,0.0,0.0012,2,0.0,6021
ciciot2023:rung0.0,rf,Recon,23055,8740,0.652,0.9444,0.0056,-0.0,0.0,0.0057,2,0.0,6021
ciciot2023:rung0.0,rf,Spoofing,12575,4826,0.8333,0.9524,-0.0024,-0.0001,-0.0105,0.0118,2,0.0,6021
ciciot2023:rung0.0,rf,Web,2135,811,0.9662,0.9551,-0.0051,-0.011,-0.0035,0.0342,2,0.0,6021
ciciot2023:rung0.0,rf,Benign,6299,2428,0.9311,0.9522,-0.0022,-0.0001,0.0197,0.0123,2,0.0,7
ciciot2023:rung0.0,rf,BruteForce,1371,541,0.9913,0.9562,-0.0062,-0.0199,0.0014,0.0469,2,0.0,7
ciciot2023:rung0.0,rf,DDoS,68476,25807,0.5,0.9498,0.0002,0.0,0.0,0.0016,2,0.0,7
ciciot2023:rung0.0,rf,DoS,25215,9624,0.5,0.9507,-0.0007,0.0,0.0,0.0037,2,0.0,7
ciciot2023:rung0.0,rf,Mirai,18953,7223,0.5,0.9519,-0.0019,0.0,0.0,0.0014,2,0.0,7
ciciot2023:rung0.0,rf,Recon,23055,8740,0.6374,0.9503,-0.0003,-0.0,0.0,0.0082,2,0.0,7
ciciot2023:rung0.0,rf,Spoofing,12575,4826,0.8341,0.951,-0.001,-0.0,-0.0156,0.0088,2,0.0,7
ciciot2023:rung0.0,rf,Web,2135,811,0.9628,0.9499,0.0001,-0.0122,0.0041,0.0245,2,0.0,7
ciciot2023:rung0.0,rf,Benign,6299,2428,0.9347,0.9526,-0.0026,0.0005,0.0178,0.015,2,0.0,88
ciciot2023:rung0.0,rf,BruteForce,1371,541,0.9906,0.9434,0.0066,-0.0126,0.0036,0.0384,2,0.0,88
ciciot2023:rung0.0,rf,DDoS,68476,25807,0.5,0.9497,0.0003,0.0,0.0,0.0005,2,0.0,88
ciciot2023:rung0.0,rf,DoS,25215,9624,0.5,0.951,-0.001,0.0,0.0,0.0028,2,0.0,88
ciciot2023:rung0.0,rf,Mirai,18953,7223,0.5,0.9505,-0.0005,0.0,0.0,0.0013,2,0.0,88
ciciot2023:rung0.0,rf,Recon,23055,8740,0.6538,0.9491,0.0009,-0.0,0.0,0.0075,2,0.0,88
ciciot2023:rung0.0,rf,Spoofing,12575,4826,0.8329,0.9525,-0.0025,-0.0001,-0.0132,0.014,2,0.0,88
ciciot2023:rung0.0,rf,Web,2135,811,0.9654,0.9604,-0.0104,-0.0089,0.0019,0.0287,2,0.0,88
ciciot2023:rung0.0,rf,Benign,6299,2428,0.9323,0.9481,0.0019,0.0012,0.0148,0.0228,2,0.0,91
ciciot2023:rung0.0,rf,BruteForce,1371,541,0.9899,0.9719,-0.0219,-0.0145,-0.0069,0.0439,2,0.0,91
ciciot2023:rung0.0,rf,DDoS,68476,25807,0.5,0.95,0.0,0.0,0.0,0.001,2,0.0,91
ciciot2023:rung0.0,rf,DoS,25215,9624,0.5,0.9504,-0.0004,0.0,0.0,0.0025,2,0.0,91
ciciot2023:rung0.0,rf,Mirai,18953,7223,0.5,0.9514,-0.0014,0.0,0.0,0.0011,2,0.0,91
ciciot2023:rung0.0,rf,Recon,23055,8740,0.6518,0.9481,0.0019,-0.0001,0.0,0.0064,2,0.0,91
ciciot2023:rung0.0,rf,Spoofing,12575,4826,0.8353,0.9521,-0.0021,0.0,-0.0199,0.0101,2,0.0,91
ciciot2023:rung0.0,rf,Web,2135,811,0.9652,0.9572,-0.0072,-0.0148,0.0037,0.0371,2,0.0,91
ciciot2023:rung0.0,xgb,Benign,6299,2428,0.8944,0.9534,-0.0034,0.0,-0.0066,0.0122,2,0.0,12345
ciciot2023:rung0.0,xgb,BruteForce,1371,541,0.9867,0.9488,0.0012,0.0,-0.0044,0.0333,2,0.0,12345
ciciot2023:rung0.0,xgb,DDoS,68476,25807,0.5,0.95,-0.0,0.0,0.0,0.0004,2,0.0,12345
ciciot2023:rung0.0,xgb,DoS,25215,9624,0.5,0.9497,0.0003,0.0,0.0,0.0005,2,0.0,12345
ciciot2023:rung0.0,xgb,Mirai,18953,7223,0.5,0.9499,0.0001,0.0,0.0,0.0005,2,0.0,12345
ciciot2023:rung0.0,xgb,Recon,23055,8740,0.599,0.948,0.002,0.0,0.0,0.0095,2,0.0,12345
ciciot2023:rung0.0,xgb,Spoofing,12575,4826,0.801,0.9507,-0.0007,0.0,-0.0177,0.0096,2,0.0,12345
ciciot2023:rung0.0,xgb,Web,2135,811,0.9606,0.949,0.001,-0.0,0.0083,0.0275,2,0.0,12345
ciciot2023:rung0.0,xgb,Benign,6299,2428,0.8867,0.9516,-0.0016,0.0,0.0203,0.0188,2,0.0,1337
ciciot2023:rung0.0,xgb,BruteForce,1371,541,0.9858,0.9579,-0.0079,0.0,0.0002,0.0496,2,0.0,1337
ciciot2023:rung0.0,xgb,DDoS,68476,25807,0.5,0.9506,-0.0006,0.0,0.0,0.0005,2,0.0,1337
ciciot2023:rung0.0,xgb,DoS,25215,9624,0.5,0.9518,-0.0018,0.0,0.0,0.0006,2,0.0,1337
ciciot2023:rung0.0,xgb,Mirai,18953,7223,0.5,0.9484,0.0016,0.0,0.0,0.0004,2,0.0,1337
ciciot2023:rung0.0,xgb,Recon,23055,8740,0.5625,0.9469,0.0031,0.0,0.0,0.0107,2,0.0,1337
ciciot2023:rung0.0,xgb,Spoofing,12575,4826,0.8086,0.9502,-0.0002,0.0,-0.0164,0.0103,2,0.0,1337
ciciot2023:rung0.0,xgb,Web,2135,811,0.952,0.9424,0.0076,-0.0001,0.0053,0.0234,2,0.0,1337
ciciot2023:rung0.0,xgb,Benign,6299,2428,0.8935,0.9491,0.0009,0.0,0.0089,0.0184,2,0.0,2024
ciciot2023:rung0.0,xgb,BruteForce,1371,541,0.9868,0.9475,0.0025,0.0,0.0015,0.0254,2,0.0,2024
ciciot2023:rung0.0,xgb,DDoS,68476,25807,0.5,0.9495,0.0005,0.0,0.0,0.0004,2,0.0,2024
ciciot2023:rung0.0,xgb,DoS,25215,9624,0.5,0.9485,0.0015,0.0,0.0,0.0005,2,0.0,2024
ciciot2023:rung0.0,xgb,Mirai,18953,7223,0.5,0.9514,-0.0014,0.0,0.0,0.0002,2,0.0,2024
ciciot2023:rung0.0,xgb,Recon,23055,8740,0.5315,0.9492,0.0008,0.0,0.0,0.011,2,0.0,2024
ciciot2023:rung0.0,xgb,Spoofing,12575,4826,0.8043,0.9489,0.0011,0.0,0.0044,0.0175,2,0.0,2024
ciciot2023:rung0.0,xgb,Web,2135,811,0.9622,0.9554,-0.0054,0.0,-0.0007,0.0182,2,0.0,2024
ciciot2023:rung0.0,xgb,Benign,6299,2428,0.8885,0.9505,-0.0005,0.0,0.01,0.0124,2,0.0,3407
ciciot2023:rung0.0,xgb,BruteForce,1371,541,0.9858,0.9523,-0.0023,0.0,-0.0062,0.0289,2,0.0,3407
ciciot2023:rung0.0,xgb,DDoS,68476,25807,0.5,0.9498,0.0002,0.0,0.0,0.0005,2,0.0,3407
ciciot2023:rung0.0,xgb,DoS,25215,9624,0.5,0.9513,-0.0013,0.0,0.0,0.0007,2,0.0,3407
ciciot2023:rung0.0,xgb,Mirai,18953,7223,0.5,0.9503,-0.0003,0.0,0.0,0.0003,2,0.0,3407
ciciot2023:rung0.0,xgb,Recon,23055,8740,0.537,0.9514,-0.0014,0.0,0.0,0.0095,2,0.0,3407
ciciot2023:rung0.0,xgb,Spoofing,12575,4826,0.8015,0.953,-0.003,0.0,-0.0113,0.0071,2,0.0,3407
ciciot2023:rung0.0,xgb,Web,2135,811,0.9543,0.9608,-0.0108,-0.0007,-0.0041,0.0234,2,0.0,3407
ciciot2023:rung0.0,xgb,Benign,6299,2428,0.8842,0.9491,0.0009,0.0,0.0125,0.0172,2,0.0,42
ciciot2023:rung0.0,xgb,BruteForce,1371,541,0.986,0.9579,-0.0079,0.0,-0.0054,0.0369,2,0.0,42
ciciot2023:rung0.0,xgb,DDoS,68476,25807,0.5,0.9497,0.0003,0.0,0.0,0.0004,2,0.0,42
ciciot2023:rung0.0,xgb,DoS,25215,9624,0.5,0.9486,0.0014,0.0,0.0,0.0006,2,0.0,42
ciciot2023:rung0.0,xgb,Mirai,18953,7223,0.5,0.9515,-0.0015,0.0,0.0,0.0006,2,0.0,42
ciciot2023:rung0.0,xgb,Recon,23055,8740,0.5644,0.9512,-0.0012,0.0,0.0,0.0114,2,0.0,42
ciciot2023:rung0.0,xgb,Spoofing,12575,4826,0.8067,0.9502,-0.0002,0.0,-0.024,0.0086,2,0.0,42
ciciot2023:rung0.0,xgb,Web,2135,811,0.9559,0.9549,-0.0049,-0.0006,0.0102,0.0189,2,0.0,42
ciciot2023:rung0.0,xgb,Benign,6299,2428,0.896,0.9493,0.0007,0.0,-0.0033,0.0088,2,0.0,512
ciciot2023:rung0.0,xgb,BruteForce,1371,541,0.9861,0.9532,-0.0032,0.0,0.0011,0.0287,2,0.0,512
ciciot2023:rung0.0,xgb,DDoS,68476,25807,0.5,0.9513,-0.0013,0.0,0.0,0.0005,2,0.0,512
ciciot2023:rung0.0,xgb,DoS,25215,9624,0.5,0.9508,-0.0008,0.0,0.0,0.0008,2,0.0,512
ciciot2023:rung0.0,xgb,Mirai,18953,7223,0.5,0.9509,-0.0009,0.0,0.0,0.0002,2,0.0,512
ciciot2023:rung0.0,xgb,Recon,23055,8740,0.5937,0.9476,0.0024,0.0,0.0,0.0073,2,0.0,512
ciciot2023:rung0.0,xgb,Spoofing,12575,4826,0.8102,0.9519,-0.0019,0.0,-0.0144,0.013,2,0.0,512
ciciot2023:rung0.0,xgb,Web,2135,811,0.9503,0.9485,0.0015,0.0002,0.0077,0.0284,2,0.0,512
ciciot2023:rung0.0,xgb,Benign,6299,2428,0.8988,0.9519,-0.0019,0.0,-0.0079,0.0162,2,0.0,6021
ciciot2023:rung0.0,xgb,BruteForce,1371,541,0.9842,0.9494,0.0006,0.0,0.0028,0.0233,2,0.0,6021
ciciot2023:rung0.0,xgb,DDoS,68476,25807,0.5,0.9516,-0.0016,0.0,0.0,0.0005,2,0.0,6021
ciciot2023:rung0.0,xgb,DoS,25215,9624,0.5,0.9529,-0.0029,0.0,0.0,0.001,2,0.0,6021
ciciot2023:rung0.0,xgb,Mirai,18953,7223,0.5,0.9507,-0.0007,0.0,0.0,0.0006,2,0.0,6021
ciciot2023:rung0.0,xgb,Recon,23055,8740,0.5533,0.947,0.003,0.0,0.0,0.0101,2,0.0,6021
ciciot2023:rung0.0,xgb,Spoofing,12575,4826,0.8044,0.95,-0.0,0.0,-0.017,0.0112,2,0.0,6021
ciciot2023:rung0.0,xgb,Web,2135,811,0.9605,0.9512,-0.0012,0.0003,0.0012,0.0194,2,0.0,6021
ciciot2023:rung0.0,xgb,Benign,6299,2428,0.8972,0.9488,0.0012,0.0,0.0191,0.0118,2,0.0,7
ciciot2023:rung0.0,xgb,BruteForce,1371,541,0.9867,0.9547,-0.0047,0.0,-0.0047,0.0259,2,0.0,7
ciciot2023:rung0.0,xgb,DDoS,68476,25807,0.5,0.9504,-0.0004,0.0,0.0,0.0005,2,0.0,7
ciciot2023:rung0.0,xgb,DoS,25215,9624,0.5,0.9502,-0.0002,0.0,0.0,0.0015,2,0.0,7
ciciot2023:rung0.0,xgb,Mirai,18953,7223,0.5,0.9519,-0.0019,0.0,0.0,0.0003,2,0.0,7
ciciot2023:rung0.0,xgb,Recon,23055,8740,0.5544,0.948,0.002,0.0,0.0,0.0096,2,0.0,7
ciciot2023:rung0.0,xgb,Spoofing,12575,4826,0.7982,0.9548,-0.0048,0.0,-0.0012,0.0056,2,0.0,7
ciciot2023:rung0.0,xgb,Web,2135,811,0.9592,0.9565,-0.0065,0.0003,-0.0048,0.0289,2,0.0,7
ciciot2023:rung0.0,xgb,Benign,6299,2428,0.9018,0.9542,-0.0042,0.0,0.0102,0.0107,2,0.0,88
ciciot2023:rung0.0,xgb,BruteForce,1371,541,0.9858,0.9409,0.0091,0.0,0.0047,0.0368,2,0.0,88
ciciot2023:rung0.0,xgb,DDoS,68476,25807,0.5,0.9505,-0.0005,0.0,0.0,0.0005,2,0.0,88
ciciot2023:rung0.0,xgb,DoS,25215,9624,0.5,0.9493,0.0007,0.0,0.0,0.0005,2,0.0,88
ciciot2023:rung0.0,xgb,Mirai,18953,7223,0.5,0.95,-0.0,0.0,0.0,0.0005,2,0.0,88
ciciot2023:rung0.0,xgb,Recon,23055,8740,0.5694,0.9474,0.0026,0.0,0.0,0.0083,2,0.0,88
ciciot2023:rung0.0,xgb,Spoofing,12575,4826,0.8015,0.9541,-0.0041,0.0,-0.0187,0.0098,2,0.0,88
ciciot2023:rung0.0,xgb,Web,2135,811,0.9508,0.9456,0.0044,-0.0011,0.0047,0.0217,2,0.0,88
ciciot2023:rung0.0,xgb,Benign,6299,2428,0.8856,0.9546,-0.0046,0.0,0.0161,0.0112,2,0.0,91
ciciot2023:rung0.0,xgb,BruteForce,1371,541,0.985,0.9567,-0.0067,0.0,0.0016,0.0294,2,0.0,91
ciciot2023:rung0.0,xgb,DDoS,68476,25807,0.5,0.9503,-0.0003,0.0,0.0,0.0004,2,0.0,91
ciciot2023:rung0.0,xgb,DoS,25215,9624,0.5,0.9506,-0.0006,0.0,0.0,0.0005,2,0.0,91
ciciot2023:rung0.0,xgb,Mirai,18953,7223,0.5,0.9516,-0.0016,0.0,0.0,0.0007,2,0.0,91
ciciot2023:rung0.0,xgb,Recon,23055,8740,0.6058,0.949,0.001,0.0,0.0,0.011,2,0.0,91
ciciot2023:rung0.0,xgb,Spoofing,12575,4826,0.812,0.9523,-0.0023,0.0,-0.0112,0.0132,2,0.0,91
ciciot2023:rung0.0,xgb,Web,2135,811,0.9548,0.9501,-0.0001,0.0,-0.0027,0.0199,2,0.0,91
ciciot2023:rung0.2,mlp,Benign,6299,2417,0.9462,0.9451,0.0049,0.005,0.003,0.0288,2,0.2,12345
ciciot2023:rung0.2,mlp,BruteForce,1371,541,0.9909,0.9619,-0.0119,-0.0199,-0.001,0.0478,2,0.2,12345
ciciot2023:rung0.2,mlp,DDoS,68476,25984,0.5,0.9502,-0.0002,0.0,0.0,0.0035,2,0.2,12345
ciciot2023:rung0.2,mlp,DoS,25215,9598,0.5,0.9489,0.0011,0.0,0.0,0.0088,2,0.2,12345
ciciot2023:rung0.2,mlp,Mirai,18953,7201,0.5,0.951,-0.001,0.0,0.0,0.0056,2,0.2,12345
ciciot2023:rung0.2,mlp,Recon,23055,8646,0.698,0.9493,0.0007,0.0022,0.0,0.0145,2,0.2,12345
ciciot2023:rung0.2,mlp,Spoofing,12575,4802,0.8816,0.9486,0.0014,0.0002,-0.0143,0.0122,2,0.2,12345
ciciot2023:rung0.2,mlp,Web,2135,811,0.9695,0.9473,0.0027,-0.0022,-0.0074,0.0336,2,0.2,12345
ciciot2023:rung0.2,mlp,Benign,6299,2417,0.935,0.9482,0.0018,0.0031,-0.0,0.0235,2,0.2,1337
ciciot2023:rung0.2,mlp,BruteForce,1371,541,0.9908,0.9516,-0.0016,-0.0059,0.0004,0.0342,2,0.2,1337
ciciot2023:rung0.2,mlp,DDoS,68476,25984,0.5,0.9493,0.0007,0.0,0.0,0.0042,2,0.2,1337
ciciot2023:rung0.2,mlp,DoS,25215,9598,0.5,0.9488,0.0012,0.0,0.0,0.0079,2,0.2,1337
ciciot2023:rung0.2,mlp,Mirai,18953,7201,0.5,0.9489,0.0011,0.0,0.0,0.0063,2,0.2,1337
ciciot2023:rung0.2,mlp,Recon,23055,8646,0.6972,0.9477,0.0023,0.0006,0.0,0.0079,2,0.2,1337
ciciot2023:rung0.2,mlp,Spoofing,12575,4802,0.8814,0.9556,-0.0056,0.0,-0.0109,0.013,2,0.2,1337
ciciot2023:rung0.2,mlp,Web,2135,811,0.9739,0.9507,-0.0007,-0.0059,0.0011,0.0274,2,0.2,1337
ciciot2023:rung0.2,mlp,Benign,6299,2417,0.9371,0.9531,-0.0031,0.0065,-0.0054,0.0298,2,0.2,2024
ciciot2023:rung0.2,mlp,BruteForce,1371,541,0.9919,0.9577,-0.0077,-0.0027,-0.005,0.0424,2,0.2,2024
ciciot2023:rung0.2,mlp,DDoS,68476,25984,0.5,0.9494,0.0006,0.0,0.0,0.0031,2,0.2,2024
ciciot2023:rung0.2,mlp,DoS,25215,9598,0.5,0.9496,0.0004,0.0,0.0,0.0078,2,0.2,2024
ciciot2023:rung0.2,mlp,Mirai,18953,7201,0.5,0.9502,-0.0002,0.0,0.0,0.0032,2,0.2,2024
ciciot2023:rung0.2,mlp,Recon,23055,8646,0.7058,0.9497,0.0003,0.0009,0.0,0.0096,2,0.2,2024
ciciot2023:rung0.2,mlp,Spoofing,12575,4802,0.8882,0.9542,-0.0042,0.0,-0.0116,0.0132,2,0.2,2024
ciciot2023:rung0.2,mlp,Web,2135,811,0.9714,0.9533,-0.0033,-0.0075,0.0012,0.0335,2,0.2,2024
ciciot2023:rung0.2,mlp,Benign,6299,2417,0.9506,0.948,0.002,0.0058,0.0058,0.0292,2,0.2,3407
ciciot2023:rung0.2,mlp,BruteForce,1371,541,0.9923,0.9547,-0.0047,-0.0291,-0.0018,0.0576,2,0.2,3407
ciciot2023:rung0.2,mlp,DDoS,68476,25984,0.5,0.9512,-0.0012,0.0,0.0,0.005,2,0.2,3407
ciciot2023:rung0.2,mlp,DoS,25215,9598,0.5,0.948,0.002,0.0,0.0,0.006,2,0.2,3407
ciciot2023:rung0.2,mlp,Mirai,18953,7201,0.5,0.9525,-0.0025,0.0,0.0,0.0072,2,0.2,3407
ciciot2023:rung0.2,mlp,Recon,23055,8646,0.703,0.9527,-0.0027,0.0,0.0,0.0053,2,0.2,3407
ciciot2023:rung0.2,mlp,Spoofing,12575,4802,0.8852,0.9535,-0.0035,-0.0,-0.0027,0.0113,2,0.2,3407
ciciot2023:rung0.2,mlp,Web,2135,811,0.9747,0.9436,0.0064,-0.0065,-0.0013,0.0663,2,0.2,3407
ciciot2023:rung0.2,mlp,Benign,6299,2417,0.9472,0.9494,0.0006,0.0033,0.0037,0.0293,2,0.2,42
ciciot2023:rung0.2,mlp,BruteForce,1371,541,0.989,0.9529,-0.0029,-0.0052,0.0003,0.0518,2,0.2,42
ciciot2023:rung0.2,mlp,DDoS,68476,25984,0.5,0.9504,-0.0004,0.0,0.0,0.0066,2,0.2,42
ciciot2023:rung0.2,mlp,DoS,25215,9598,0.4999,0.9499,0.0001,0.0,0.0,0.0127,2,0.2,42
ciciot2023:rung0.2,mlp,Mirai,18953,7201,0.4999,0.9491,0.0009,0.0,0.0,0.0092,2,0.2,42
ciciot2023:rung0.2,mlp,Recon,23055,8646,0.7071,0.9485,0.0015,0.0007,0.0,0.0083,2,0.2,42
ciciot2023:rung0.2,mlp,Spoofing,12575,4802,0.8862,0.9584,-0.0084,0.0,-0.0194,0.0145,2,0.2,42
ciciot2023:rung0.2,mlp,Web,2135,811,0.9702,0.9557,-0.0057,0.0016,-0.0019,0.0448,2,0.2,42
ciciot2023:rung0.2,mlp,Benign,6299,2417,0.9468,0.9473,0.0027,0.0045,-0.0021,0.0209,2,0.2,512
ciciot2023:rung0.2,mlp,BruteForce,1371,541,0.9914,0.9617,-0.0117,-0.0082,-0.0013,0.0445,2,0.2,512
ciciot2023:rung0.2,mlp,DDoS,68476,25984,0.5,0.9498,0.0002,-0.0,0.0,0.0025,2,0.2,512
ciciot2023:rung0.2,mlp,DoS,25215,9598,0.4999,0.9491,0.0009,0.0,0.0,0.009,2,0.2,512
ciciot2023:rung0.2,mlp,Mirai,18953,7201,0.4999,0.9486,0.0014,0.0,0.0,0.008,2,0.2,512
ciciot2023:rung0.2,mlp,Recon,23055,8646,0.7061,0.9502,-0.0002,0.0013,0.0,0.01,2,0.2,512
ciciot2023:rung0.2,mlp,Spoofing,12575,4802,0.8845,0.9538,-0.0038,-0.0,-0.0134,0.0145,2,0.2,512
ciciot2023:rung0.2,mlp,Web,2135,811,0.9737,0.9491,0.0009,0.0044,-0.0018,0.0274,2,0.2,512
ciciot2023:rung0.2,mlp,Benign,6299,2417,0.9376,0.9509,-0.0009,0.0072,-0.0052,0.0291,2,0.2,6021
ciciot2023:rung0.2,mlp,BruteForce,1371,541,0.9907,0.9667,-0.0167,-0.0191,-0.0034,0.0505,2,0.2,6021
ciciot2023:rung0.2,mlp,DDoS,68476,25984,0.5,0.9498,0.0002,0.0,0.0,0.0051,2,0.2,6021
ciciot2023:rung0.2,mlp,DoS,25215,9598,0.5,0.9524,-0.0024,0.0,0.0,0.011,2,0.2,6021
ciciot2023:rung0.2,mlp,Mirai,18953,7201,0.5,0.9499,0.0001,0.0,0.0,0.0021,2,0.2,6021
ciciot2023:rung0.2,mlp,Recon,23055,8646,0.6559,0.9477,0.0023,0.001,0.0,0.0095,2,0.2,6021
ciciot2023:rung0.2,mlp,Spoofing,12575,4802,0.8805,0.9532,-0.0032,0.0,-0.0176,0.0153,2,0.2,6021
ciciot2023:rung0.2,mlp,Web,2135,811,0.9706,0.9494,0.0006,-0.0024,-0.0011,0.0381,2,0.2,6021
ciciot2023:rung0.2,mlp,Benign,6299,2417,0.9438,0.9484,0.0016,0.0,0.0014,0.0237,2,0.2,7
ciciot2023:rung0.2,mlp,BruteForce,1371,541,0.9927,0.9627,-0.0127,-0.0319,-0.0003,0.0812,2,0.2,7
ciciot2023:rung0.2,mlp,DDoS,68476,25984,0.5,0.9504,-0.0004,0.0,0.0,0.0037,2,0.2,7
ciciot2023:rung0.2,mlp,DoS,25215,9598,0.5,0.9511,-0.0011,-0.0,0.0,0.0096,2,0.2,7
ciciot2023:rung0.2,mlp,Mirai,18953,7201,0.5,0.9534,-0.0034,0.0,0.0,0.0089,2,0.2,7
ciciot2023:rung0.2,mlp,Recon,23055,8646,0.6773,0.9499,0.0001,0.0004,-0.0,0.0079,2,0.2,7
ciciot2023:rung0.2,mlp,Spoofing,12575,4802,0.8786,0.9566,-0.0066,0.0,-0.0122,0.0128,2,0.2,7
ciciot2023:rung0.2,mlp,Web,2135,811,0.9775,0.958,-0.008,0.0016,-0.0076,0.0369,2,0.2,7
ciciot2023:rung0.2,mlp,Benign,6299,2417,0.9434,0.9492,0.0008,0.003,-0.0021,0.0314,2,0.2,88
ciciot2023:rung0.2,mlp,BruteForce,1371,541,0.99,0.9652,-0.0152,-0.0147,-0.0011,0.0412,2,0.2,88
ciciot2023:rung0.2,mlp,DDoS,68476,25984,0.5,0.9502,-0.0002,0.0,0.0,0.0059,2,0.2,88
ciciot2023:rung0.2,mlp,DoS,25215,9598,0.4999,0.9484,0.0016,0.0,0.0,0.0117,2,0.2,88
ciciot2023:rung0.2,mlp,Mirai,18953,7201,0.4999,0.9542,-0.0042,0.0,0.0,0.0032,2,0.2,88
ciciot2023:rung0.2,mlp,Recon,23055,8646,0.6871,0.9507,-0.0007,0.0013,0.0,0.0131,2,0.2,88
ciciot2023:rung0.2,mlp,Spoofing,12575,4802,0.8848,0.9528,-0.0028,0.0001,-0.0047,0.0129,2,0.2,88
ciciot2023:rung0.2,mlp,Web,2135,811,0.9736,0.9572,-0.0072,-0.0001,-0.0044,0.0358,2,0.2,88
ciciot2023:rung0.2,mlp,Benign,6299,2417,0.944,0.9491,0.0009,0.006,-0.0036,0.0243,2,0.2,91
ciciot2023:rung0.2,mlp,BruteForce,1371,541,0.9914,0.9551,-0.0051,-0.0093,-0.0008,0.0414,2,0.2,91
ciciot2023:rung0.2,mlp,DDoS,68476,25984,0.5,0.949,0.001,0.0,0.0,0.0048,2,0.2,91
ciciot2023:rung0.2,mlp,DoS,25215,9598,0.4999,0.9525,-0.0025,0.0,0.0,0.0087,2,0.2,91
ciciot2023:rung0.2,mlp,Mirai,18953,7201,0.4999,0.9477,0.0023,0.0,0.0,0.0025,2,0.2,91
ciciot2023:rung0.2,mlp,Recon,23055,8646,0.6895,0.9502,-0.0002,0.0012,0.0,0.0111,2,0.2,91
ciciot2023:rung0.2,mlp,Spoofing,12575,4802,0.8837,0.9545,-0.0045,0.0,-0.0104,0.0106,2,0.2,91
ciciot2023:rung0.2,mlp,Web,2135,811,0.9704,0.9445,0.0055,0.0017,0.0006,0.0244,2,0.2,91
ciciot2023:rung0.2,rf,Benign,6299,2417,0.934,0.9502,-0.0002,0.0017,-0.0085,0.0394,2,0.2,12345
ciciot2023:rung0.2,rf,BruteForce,1371,541,0.991,0.9564,-0.0064,0.0014,0.0,0.0337,2,0.2,12345
ciciot2023:rung0.2,rf,DDoS,68476,25984,0.5,0.9493,0.0007,0.0,0.0,0.0026,2,0.2,12345
ciciot2023:rung0.2,rf,DoS,25215,9598,0.5,0.95,0.0,0.0,0.0,0.0024,2,0.2,12345
ciciot2023:rung0.2,rf,Mirai,18953,7201,0.5,0.9472,0.0028,0.0,0.0,0.0019,2,0.2,12345
ciciot2023:rung0.2,rf,Recon,23055,8646,0.6647,0.9488,0.0012,0.0001,0.0,0.0068,2,0.2,12345
ciciot2023:rung0.2,rf,Spoofing,12575,4802,0.8412,0.953,-0.003,-0.0001,0.001,0.0114,2,0.2,12345
ciciot2023:rung0.2,rf,Web,2135,811,0.9673,0.9509,-0.0009,-0.0139,0.0028,0.0402,2,0.2,12345
ciciot2023:rung0.2,rf,Benign,6299,2417,0.9388,0.9514,-0.0014,0.0008,0.008,0.0347,2,0.2,1337
ciciot2023:rung0.2,rf,BruteForce,1371,541,0.9892,0.9534,-0.0034,0.0032,0.0006,0.0279,2,0.2,1337
ciciot2023:rung0.2,rf,DDoS,68476,25984,0.5,0.9492,0.0008,0.0,0.0,0.0029,2,0.2,1337
ciciot2023:rung0.2,rf,DoS,25215,9598,0.5,0.9484,0.0016,0.0,0.0,0.0032,2,0.2,1337
ciciot2023:rung0.2,rf,Mirai,18953,7201,0.5,0.9505,-0.0005,0.0,0.0,0.0023,2,0.2,1337
ciciot2023:rung0.2,rf,Recon,23055,8646,0.6425,0.9462,0.0038,-0.0,0.0,0.0067,2,0.2,1337
ciciot2023:rung0.2,rf,Spoofing,12575,4802,0.8372,0.9505,-0.0005,-0.0003,-0.0031,0.0124,2,0.2,1337
ciciot2023:rung0.2,rf,Web,2135,811,0.9627,0.9483,0.0017,-0.019,0.003,0.0407,2,0.2,1337
ciciot2023:rung0.2,rf,Benign,6299,2417,0.9317,0.9512,-0.0012,0.0021,0.0049,0.0315,2,0.2,2024
ciciot2023:rung0.2,rf,BruteForce,1371,541,0.9881,0.9625,-0.0125,0.0007,-0.0012,0.0373,2,0.2,2024
ciciot2023:rung0.2,rf,DDoS,68476,25984,0.5,0.9508,-0.0008,0.0,0.0,0.002,2,0.2,2024
ciciot2023:rung0.2,rf,DoS,25215,9598,0.5,0.9507,-0.0007,0.0,0.0,0.0042,2,0.2,2024
ciciot2023:rung0.2,rf,Mirai,18953,7201,0.5,0.9485,0.0015,0.0,0.0,0.0021,2,0.2,2024
ciciot2023:rung0.2,rf,Recon,23055,8646,0.6431,0.95,-0.0,-0.0001,0.0,0.0075,2,0.2,2024
ciciot2023:rung0.2,rf,Spoofing,12575,4802,0.8414,0.9562,-0.0062,-0.0002,-0.0016,0.0106,2,0.2,2024
ciciot2023:rung0.2,rf,Web,2135,811,0.9684,0.9534,-0.0034,-0.0098,-0.0034,0.0271,2,0.2,2024
ciciot2023:rung0.2,rf,Benign,6299,2417,0.9328,0.9468,0.0032,0.0016,0.0046,0.0307,2,0.2,3407
ciciot2023:rung0.2,rf,BruteForce,1371,541,0.9888,0.9373,0.0127,-0.0035,0.0061,0.0309,2,0.2,3407
ciciot2023:rung0.2,rf,DDoS,68476,25984,0.5,0.9499,0.0001,0.0,0.0,0.0024,2,0.2,3407
ciciot2023:rung0.2,rf,DoS,25215,9598,0.5,0.9497,0.0003,0.0,0.0,0.0029,2,0.2,3407
ciciot2023:rung0.2,rf,Mirai,18953,7201,0.5,0.9498,0.0002,0.0,0.0,0.002,2,0.2,3407
ciciot2023:rung0.2,rf,Recon,23055,8646,0.6369,0.9472,0.0028,-0.0,0.0,0.0072,2,0.2,3407
ciciot2023:rung0.2,rf,Spoofing,12575,4802,0.8364,0.953,-0.003,-0.0005,-0.0068,0.0118,2,0.2,3407
ciciot2023:rung0.2,rf,Web,2135,811,0.9672,0.9592,-0.0092,0.0033,-0.0005,0.0271,2,0.2,3407
ciciot2023:rung0.2,rf,Benign,6299,2417,0.9297,0.951,-0.001,0.0017,0.0025,0.0302,2,0.2,42
ciciot2023:rung0.2,rf,BruteForce,1371,541,0.9895,0.9442,0.0058,0.0008,0.0022,0.0294,2,0.2,42
ciciot2023:rung0.2,rf,DDoS,68476,25984,0.5,0.9493,0.0007,0.0,0.0,0.0028,2,0.2,42
ciciot2023:rung0.2,rf,DoS,25215,9598,0.5,0.9502,-0.0002,0.0,0.0,0.0017,2,0.2,42
ciciot2023:rung0.2,rf,Mirai,18953,7201,0.5,0.9502,-0.0002,0.0,0.0,0.0026,2,0.2,42
ciciot2023:rung0.2,rf,Recon,23055,8646,0.6298,0.9493,0.0007,-0.0001,0.0,0.0084,2,0.2,42
ciciot2023:rung0.2,rf,Spoofing,12575,4802,0.8401,0.9523,-0.0023,-0.0002,-0.0029,0.0073,2,0.2,42
ciciot2023:rung0.2,rf,Web,2135,811,0.9721,0.9594,-0.0094,-0.0124,0.0017,0.0268,2,0.2,42
ciciot2023:rung0.2,rf,Benign,6299,2417,0.9307,0.9499,0.0001,0.0008,-0.0038,0.0237,2,0.2,512
ciciot2023:rung0.2,rf,BruteForce,1371,541,0.9874,0.9569,-0.0069,0.0025,-0.0012,0.0295,2,0.2,512
ciciot2023:rung0.2,rf,DDoS,68476,25984,0.5,0.9494,0.0006,0.0,0.0,0.0026,2,0.2,512
ciciot2023:rung0.2,rf,DoS,25215,9598,0.5,0.9495,0.0005,0.0,0.0,0.0028,2,0.2,512
ciciot2023:rung0.2,rf,Mirai,18953,7201,0.5,0.9524,-0.0024,0.0,0.0,0.0022,2,0.2,512
ciciot2023:rung0.2,rf,Recon,23055,8646,0.639,0.9495,0.0005,-0.0001,0.0,0.007,2,0.2,512
ciciot2023:rung0.2,rf,Spoofing,12575,4802,0.8329,0.9517,-0.0017,-0.0001,-0.0079,0.0095,2,0.2,512
ciciot2023:rung0.2,rf,Web,2135,811,0.9615,0.9449,0.0051,-0.0152,0.0023,0.0258,2,0.2,512
ciciot2023:rung0.2,rf,Benign,6299,2417,0.9255,0.9561,-0.0061,0.0012,0.0006,0.0313,2,0.2,6021
ciciot2023:rung0.2,rf,BruteForce,1371,541,0.9906,0.956,-0.006,0.003,-0.0015,0.0407,2,0.2,6021
ciciot2023:rung0.2,rf,DDoS,68476,25984,0.5,0.95,-0.0,0.0,0.0,0.0022,2,0.2,6021
ciciot2023:rung0.2,rf,DoS,25215,9598,0.5,0.9515,-0.0015,0.0,0.0,0.0014,2,0.2,6021
ciciot2023:rung0.2,rf,Mirai,18953,7201,0.5,0.9501,-0.0001,0.0,0.0,0.0019,2,0.2,6021
ciciot2023:rung0.2,rf,Recon,23055,8646,0.652,0.9483,0.0017,0.0,0.0,0.0046,2,0.2,6021
ciciot2023:rung0.2,rf,Spoofing,12575,4802,0.8333,0.9508,-0.0008,-0.0002,-0.0029,0.0158,2,0.2,6021
ciciot2023:rung0.2,rf,Web,2135,811,0.9662,0.9519,-0.0019,-0.0115,0.0014,0.0304,2,0.2,6021
ciciot2023:rung0.2,rf,Benign,6299,2417,0.9311,0.9523,-0.0023,0.0012,0.0146,0.0396,2,0.2,7
ciciot2023:rung0.2,rf,BruteForce,1371,541,0.9913,0.9608,-0.0108,-0.0009,0.0023,0.0227,2,0.2,7
ciciot2023:rung0.2,rf,DDoS,68476,25984,0.5,0.9501,-0.0001,0.0,0.0,0.0017,2,0.2,7
ciciot2023:rung0.2,rf,DoS,25215,9598,0.5,0.951,-0.001,0.0,0.0,0.004,2,0.2,7
ciciot2023:rung0.2,rf,Mirai,18953,7201,0.5,0.9497,0.0003,0.0,0.0,0.0016,2,0.2,7
ciciot2023:rung0.2,rf,Recon,23055,8646,0.6374,0.952,-0.002,-0.0,0.0,0.0063,2,0.2,7
ciciot2023:rung0.2,rf,Spoofing,12575,4802,0.8341,0.9544,-0.0044,-0.0001,-0.002,0.0105,2,0.2,7
ciciot2023:rung0.2,rf,Web,2135,811,0.9628,0.9566,-0.0066,-0.0151,-0.0025,0.0296,2,0.2,7
ciciot2023:rung0.2,rf,Benign,6299,2417,0.9347,0.952,-0.002,0.0021,0.0097,0.0407,2,0.2,88
ciciot2023:rung0.2,rf,BruteForce,1371,541,0.9906,0.9542,-0.0042,0.0002,0.0026,0.0358,2,0.2,88
ciciot2023:rung0.2,rf,DDoS,68476,25984,0.5,0.9497,0.0003,0.0,0.0,0.0022,2,0.2,88
ciciot2023:rung0.2,rf,DoS,25215,9598,0.5,0.9501,-0.0001,0.0,0.0,0.003,2,0.2,88
ciciot2023:rung0.2,rf,Mirai,18953,7201,0.5,0.9513,-0.0013,0.0,0.0,0.0024,2,0.2,88
ciciot2023:rung0.2,rf,Recon,23055,8646,0.6538,0.9513,-0.0013,-0.0,0.0,0.0055,2,0.2,88
ciciot2023:rung0.2,rf,Spoofing,12575,4802,0.8329,0.9543,-0.0043,-0.0001,0.0023,0.013,2,0.2,88
ciciot2023:rung0.2,rf,Web,2135,811,0.9654,0.9433,0.0067,-0.0072,0.0045,0.0328,2,0.2,88
ciciot2023:rung0.2,rf,Benign,6299,2417,0.9323,0.9467,0.0033,0.002,0.0067,0.0339,2,0.2,91
ciciot2023:rung0.2,rf,BruteForce,1371,541,0.9899,0.9597,-0.0097,0.0014,-0.0012,0.0314,2,0.2,91
ciciot2023:rung0.2,rf,DDoS,68476,25984,0.5,0.9505,-0.0005,0.0,0.0,0.0021,2,0.2,91
ciciot2023:rung0.2,rf,DoS,25215,9598,0.5,0.949,0.001,0.0,0.0,0.0035,2,0.2,91
ciciot2023:rung0.2,rf,Mirai,18953,7201,0.5,0.9525,-0.0025,0.0,0.0,0.002,2,0.2,91
ciciot2023:rung0.2,rf,Recon,23055,8646,0.6518,0.9485,0.0015,-0.0001,0.0,0.007,2,0.2,91
ciciot2023:rung0.2,rf,Spoofing,12575,4802,0.8353,0.9549,-0.0049,0.0,0.0023,0.0094,2,0.2,91
ciciot2023:rung0.2,rf,Web,2135,811,0.9652,0.9545,-0.0045,-0.0203,0.0072,0.0398,2,0.2,91
ciciot2023:rung0.2,xgb,Benign,6299,2417,0.8944,0.9549,-0.0049,0.0,-0.0099,0.03,2,0.2,12345
ciciot2023:rung0.2,xgb,BruteForce,1371,541,0.9867,0.9593,-0.0093,0.0,-0.0089,0.0402,2,0.2,12345
ciciot2023:rung0.2,xgb,DDoS,68476,25984,0.5,0.95,0.0,0.0,0.0,0.0002,2,0.2,12345
ciciot2023:rung0.2,xgb,DoS,25215,9598,0.5,0.9503,-0.0003,0.0,0.0,0.001,2,0.2,12345
ciciot2023:rung0.2,xgb,Mirai,18953,7201,0.5,0.9485,0.0015,0.0,0.0,0.0003,2,0.2,12345
ciciot2023:rung0.2,xgb,Recon,23055,8646,0.599,0.9462,0.0038,0.0,0.0,0.0072,2,0.2,12345
ciciot2023:rung0.2,xgb,Spoofing,12575,4802,0.801,0.9486,0.0014,0.0,-0.0063,0.0087,2,0.2,12345
ciciot2023:rung0.2,xgb,Web,2135,811,0.9606,0.945,0.005,0.0003,0.0041,0.0358,2,0.2,12345
ciciot2023:rung0.2,xgb,Benign,6299,2417,0.8867,0.9471,0.0029,0.0,-0.0084,0.026,2,0.2,1337
ciciot2023:rung0.2,xgb,BruteForce,1371,541,0.9858,0.9619,-0.0119,0.0,-0.002,0.0383,2,0.2,1337
ciciot2023:rung0.2,xgb,DDoS,68476,25984,0.5,0.9494,0.0006,0.0,0.0,0.0001,2,0.2,1337
ciciot2023:rung0.2,xgb,DoS,25215,9598,0.5,0.9516,-0.0016,0.0,0.0,0.0009,2,0.2,1337
ciciot2023:rung0.2,xgb,Mirai,18953,7201,0.5,0.948,0.002,0.0,0.0,0.0003,2,0.2,1337
ciciot2023:rung0.2,xgb,Recon,23055,8646,0.5625,0.9484,0.0016,0.0,0.0,0.0053,2,0.2,1337
ciciot2023:rung0.2,xgb,Spoofing,12575,4802,0.8086,0.9536,-0.0036,0.0,-0.0015,0.0103,2,0.2,1337
ciciot2023:rung0.2,xgb,Web,2135,811,0.952,0.9525,-0.0025,0.0013,0.0094,0.0384,2,0.2,1337
ciciot2023:rung0.2,xgb,Benign,6299,2417,0.8935,0.9533,-0.0033,0.0,0.0002,0.0272,2,0.2,2024
ciciot2023:rung0.2,xgb,BruteForce,1371,541,0.9868,0.9562,-0.0062,0.0,-0.0028,0.0383,2,0.2,2024
ciciot2023:rung0.2,xgb,DDoS,68476,25984,0.5,0.9499,0.0001,0.0,0.0,0.0002,2,0.2,2024
ciciot2023:rung0.2,xgb,DoS,25215,9598,0.5,0.9489,0.0011,0.0,0.0,0.0011,2,0.2,2024
ciciot2023:rung0.2,xgb,Mirai,18953,7201,0.5,0.9506,-0.0006,0.0,0.0,0.0007,2,0.2,2024
ciciot2023:rung0.2,xgb,Recon,23055,8646,0.5315,0.9501,-0.0001,0.0,0.0,0.0065,2,0.2,2024
ciciot2023:rung0.2,xgb,Spoofing,12575,4802,0.8043,0.9528,-0.0028,0.0,0.0137,0.0139,2,0.2,2024
ciciot2023:rung0.2,xgb,Web,2135,811,0.9622,0.943,0.007,0.0,0.0047,0.0342,2,0.2,2024
ciciot2023:rung0.2,xgb,Benign,6299,2417,0.8885,0.9539,-0.0039,0.0,-0.0157,0.0256,2,0.2,3407
ciciot2023:rung0.2,xgb,BruteForce,1371,541,0.9858,0.9632,-0.0132,0.0,-0.0068,0.0363,2,0.2,3407
ciciot2023:rung0.2,xgb,DDoS,68476,25984,0.5,0.9511,-0.0011,0.0,0.0,0.0002,2,0.2,3407
ciciot2023:rung0.2,xgb,DoS,25215,9598,0.5,0.9519,-0.0019,0.0,0.0,0.001,2,0.2,3407
ciciot2023:rung0.2,xgb,Mirai,18953,7201,0.5,0.9516,-0.0016,0.0,0.0,0.0005,2,0.2,3407
ciciot2023:rung0.2,xgb,Recon,23055,8646,0.537,0.9497,0.0003,0.0,0.0,0.0079,2,0.2,3407
ciciot2023:rung0.2,xgb,Spoofing,12575,4802,0.8015,0.9497,0.0003,0.0,-0.0011,0.0093,2,0.2,3407
ciciot2023:rung0.2,xgb,Web,2135,811,0.9543,0.9451,0.0049,0.0,0.0041,0.0314,2,0.2,3407
ciciot2023:rung0.2,xgb,Benign,6299,2417,0.8842,0.9497,0.0003,0.0,0.0064,0.026,2,0.2,42
ciciot2023:rung0.2,xgb,BruteForce,1371,541,0.986,0.9597,-0.0097,0.0,-0.0012,0.0504,2,0.2,42
ciciot2023:rung0.2,xgb,DDoS,68476,25984,0.5,0.9499,0.0001,0.0,0.0,0.0002,2,0.2,42
ciciot2023:rung0.2,xgb,DoS,25215,9598,0.5,0.9505,-0.0005,0.0,0.0,0.0011,2,0.2,42
ciciot2023:rung0.2,xgb,Mirai,18953,7201,0.5,0.9473,0.0027,0.0,0.0,0.0003,2,0.2,42
ciciot2023:rung0.2,xgb,Recon,23055,8646,0.5644,0.9484,0.0016,0.0,0.0,0.0069,2,0.2,42
ciciot2023:rung0.2,xgb,Spoofing,12575,4802,0.8067,0.9493,0.0007,0.0,0.0134,0.0121,2,0.2,42
ciciot2023:rung0.2,xgb,Web,2135,811,0.9559,0.9469,0.0031,0.0,0.0107,0.0287,2,0.2,42
ciciot2023:rung0.2,xgb,Benign,6299,2417,0.896,0.9561,-0.0061,0.0,-0.0106,0.0305,2,0.2,512
ciciot2023:rung0.2,xgb,BruteForce,1371,541,0.9861,0.9638,-0.0138,0.0,0.0016,0.0184,2,0.2,512
ciciot2023:rung0.2,xgb,DDoS,68476,25984,0.5,0.9508,-0.0008,0.0,0.0,0.0002,2,0.2,512
ciciot2023:rung0.2,xgb,DoS,25215,9598,0.5,0.9468,0.0032,0.0,0.0,0.0015,2,0.2,512
ciciot2023:rung0.2,xgb,Mirai,18953,7201,0.5,0.9512,-0.0012,0.0,0.0,0.0005,2,0.2,512
ciciot2023:rung0.2,xgb,Recon,23055,8646,0.5937,0.9511,-0.0011,0.0,0.0,0.0074,2,0.2,512
ciciot2023:rung0.2,xgb,Spoofing,12575,4802,0.8102,0.9483,0.0017,0.0,-0.0053,0.0124,2,0.2,512
ciciot2023:rung0.2,xgb,Web,2135,811,0.9503,0.9525,-0.0025,-0.0018,0.0017,0.0282,2,0.2,512
ciciot2023:rung0.2,xgb,Benign,6299,2417,0.8988,0.9489,0.0011,0.0,-0.0186,0.0271,2,0.2,6021
ciciot2023:rung0.2,xgb,BruteForce,1371,541,0.9842,0.9553,-0.0053,0.0,-0.0003,0.0315,2,0.2,6021
ciciot2023:rung0.2,xgb,DDoS,68476,25984,0.5,0.9501,-0.0001,0.0,0.0,0.0002,2,0.2,6021
ciciot2023:rung0.2,xgb,DoS,25215,9598,0.5,0.9508,-0.0008,0.0,0.0,0.0013,2,0.2,6021
ciciot2023:rung0.2,xgb,Mirai,18953,7201,0.5,0.95,0.0,0.0,0.0,0.0004,2,0.2,6021
ciciot2023:rung0.2,xgb,Recon,23055,8646,0.5533,0.9495,0.0005,0.0,0.0,0.0067,2,0.2,6021
ciciot2023:rung0.2,xgb,Spoofing,12575,4802,0.8044,0.9524,-0.0024,0.0,0.0078,0.0115,2,0.2,6021
ciciot2023:rung0.2,xgb,Web,2135,811,0.9605,0.9448,0.0052,0.0003,0.0121,0.0309,2,0.2,6021
ciciot2023:rung0.2,xgb,Benign,6299,2417,0.8972,0.9547,-0.0047,0.0,0.0021,0.0314,2,0.2,7
ciciot2023:rung0.2,xgb,BruteForce,1371,541,0.9867,0.9555,-0.0055,0.0,-0.0011,0.0433,2,0.2,7
ciciot2023:rung0.2,xgb,DDoS,68476,25984,0.5,0.9517,-0.0017,0.0,0.0,0.0001,2,0.2,7
ciciot2023:rung0.2,xgb,DoS,25215,9598,0.5,0.9513,-0.0013,0.0,0.0,0.0013,2,0.2,7
ciciot2023:rung0.2,xgb,Mirai,18953,7201,0.5,0.9504,-0.0004,0.0,0.0,0.0003,2,0.2,7
ciciot2023:rung0.2,xgb,Recon,23055,8646,0.5544,0.9495,0.0005,0.0,0.0,0.0069,2,0.2,7
ciciot2023:rung0.2,xgb,Spoofing,12575,4802,0.7982,0.9509,-0.0009,0.0,0.0005,0.0072,2,0.2,7
ciciot2023:rung0.2,xgb,Web,2135,811,0.9592,0.9502,-0.0002,0.0003,0.007,0.0418,2,0.2,7
ciciot2023:rung0.2,xgb,Benign,6299,2417,0.9018,0.956,-0.006,0.0,-0.0072,0.0205,2,0.2,88
ciciot2023:rung0.2,xgb,BruteForce,1371,541,0.9858,0.9647,-0.0147,0.0,0.0,0.037,2,0.2,88
ciciot2023:rung0.2,xgb,DDoS,68476,25984,0.5,0.9495,0.0005,0.0,0.0,0.0002,2,0.2,88
ciciot2023:rung0.2,xgb,DoS,25215,9598,0.5,0.9485,0.0015,0.0,0.0,0.0008,2,0.2,88
ciciot2023:rung0.2,xgb,Mirai,18953,7201,0.5,0.9511,-0.0011,0.0,0.0,0.0005,2,0.2,88
ciciot2023:rung0.2,xgb,Recon,23055,8646,0.5694,0.9504,-0.0004,0.0,0.0,0.0073,2,0.2,88
ciciot2023:rung0.2,xgb,Spoofing,12575,4802,0.8015,0.9521,-0.0021,0.0,-0.0087,0.0132,2,0.2,88
ciciot2023:rung0.2,xgb,Web,2135,811,0.9508,0.9478,0.0022,-0.0009,0.0039,0.023,2,0.2,88
ciciot2023:rung0.2,xgb,Benign,6299,2417,0.8856,0.9517,-0.0017,0.0,-0.0174,0.0261,2,0.2,91
ciciot2023:rung0.2,xgb,BruteForce,1371,541,0.985,0.9553,-0.0053,0.0,-0.004,0.0301,2,0.2,91
ciciot2023:rung0.2,xgb,DDoS,68476,25984,0.5,0.9506,-0.0006,0.0,0.0,0.0001,2,0.2,91
ciciot2023:rung0.2,xgb,DoS,25215,9598,0.5,0.9474,0.0026,0.0,0.0,0.0016,2,0.2,91
ciciot2023:rung0.2,xgb,Mirai,18953,7201,0.5,0.9518,-0.0018,0.0,0.0,0.001,2,0.2,91
ciciot2023:rung0.2,xgb,Recon,23055,8646,0.6058,0.9486,0.0014,0.0,0.0,0.0055,2,0.2,91
ciciot2023:rung0.2,xgb,Spoofing,12575,4802,0.812,0.9518,-0.0018,0.0,-0.0127,0.0129,2,0.2,91
ciciot2023:rung0.2,xgb,Web,2135,811,0.9548,0.9406,0.0094,0.0,0.0047,0.0299,2,0.2,91
ciciot2023:rung0.4,mlp,Benign,6299,2388,0.9462,0.9489,0.0011,-0.0002,0.0112,0.025,2,0.4,12345
ciciot2023:rung0.4,mlp,BruteForce,1371,549,0.9909,0.9585,-0.0085,0.004,-0.001,0.0292,2,0.4,12345
ciciot2023:rung0.4,mlp,DDoS,68476,26071,0.5,0.9507,-0.0007,0.0,0.0,0.0043,2,0.4,12345
ciciot2023:rung0.4,mlp,DoS,25215,9652,0.5,0.9477,0.0023,0.0,0.0,0.0108,2,0.4,12345
ciciot2023:rung0.4,mlp,Mirai,18953,7103,0.5,0.9499,0.0001,0.0,0.0,0.0059,2,0.4,12345
ciciot2023:rung0.4,mlp,Recon,23055,8717,0.698,0.9524,-0.0024,0.0015,0.0,0.0116,2,0.4,12345
ciciot2023:rung0.4,mlp,Spoofing,12575,4709,0.8816,0.9537,-0.0037,-0.0,-0.0126,0.0144,2,0.4,12345
ciciot2023:rung0.4,mlp,Web,2135,811,0.9695,0.952,-0.002,-0.0205,-0.013,0.0568,2,0.4,12345
ciciot2023:rung0.4,mlp,Benign,6299,2388,0.935,0.9489,0.0011,-0.0011,-0.004,0.0183,2,0.4,1337
ciciot2023:rung0.4,mlp,BruteForce,1371,549,0.9908,0.9515,-0.0015,-0.0015,-0.002,0.0418,2,0.4,1337
ciciot2023:rung0.4,mlp,DDoS,68476,26071,0.5,0.9497,0.0003,0.0,0.0,0.0052,2,0.4,1337
ciciot2023:rung0.4,mlp,DoS,25215,9652,0.5,0.9503,-0.0003,0.0,0.0,0.0122,2,0.4,1337
ciciot2023:rung0.4,mlp,Mirai,18953,7103,0.5,0.9517,-0.0017,0.0,0.0,0.0082,2,0.4,1337
ciciot2023:rung0.4,mlp,Recon,23055,8717,0.6972,0.9492,0.0008,0.0005,-0.0,0.009,2,0.4,1337
ciciot2023:rung0.4,mlp,Spoofing,12575,4709,0.8814,0.9493,0.0007,-0.0,-0.0075,0.0175,2,0.4,1337
ciciot2023:rung0.4,mlp,Web,2135,811,0.9739,0.9427,0.0073,-0.0107,0.0025,0.0514,2,0.4,1337
ciciot2023:rung0.4,mlp,Benign,6299,2388,0.9371,0.95,-0.0,-0.0018,-0.0053,0.0134,2,0.4,2024
ciciot2023:rung0.4,mlp,BruteForce,1371,549,0.9919,0.9559,-0.0059,0.0168,-0.0024,0.0275,2,0.4,2024
ciciot2023:rung0.4,mlp,DDoS,68476,26071,0.5,0.9502,-0.0002,0.0,0.0,0.0057,2,0.4,2024
ciciot2023:rung0.4,mlp,DoS,25215,9652,0.5,0.9499,0.0001,0.0,0.0,0.0084,2,0.4,2024
ciciot2023:rung0.4,mlp,Mirai,18953,7103,0.5,0.9507,-0.0007,0.0,0.0,0.0023,2,0.4,2024
ciciot2023:rung0.4,mlp,Recon,23055,8717,0.7058,0.9495,0.0005,-0.0002,-0.0,0.0089,2,0.4,2024
ciciot2023:rung0.4,mlp,Spoofing,12575,4709,0.8882,0.9535,-0.0035,0.0,-0.0141,0.0158,2,0.4,2024
ciciot2023:rung0.4,mlp,Web,2135,811,0.9714,0.9545,-0.0045,0.0049,0.002,0.0424,2,0.4,2024
ciciot2023:rung0.4,mlp,Benign,6299,2388,0.9506,0.9562,-0.0062,-0.0014,0.0012,0.0131,2,0.4,3407
ciciot2023:rung0.4,mlp,BruteForce,1371,549,0.9923,0.9506,-0.0006,-0.0074,-0.0014,0.0259,2,0.4,3407
ciciot2023:rung0.4,mlp,DDoS,68476,26071,0.5,0.9505,-0.0005,0.0,0.0,0.0052,2,0.4,3407
ciciot2023:rung0.4,mlp,DoS,25215,9652,0.5,0.949,0.001,0.0,0.0,0.0068,2,0.4,3407
ciciot2023:rung0.4,mlp,Mirai,18953,7103,0.5,0.9484,0.0016,0.0,0.0,0.009,2,0.4,3407
ciciot2023:rung0.4,mlp,Recon,23055,8717,0.703,0.9495,0.0005,0.0008,0.0,0.0103,2,0.4,3407
ciciot2023:rung0.4,mlp,Spoofing,12575,4709,0.8852,0.9525,-0.0025,-0.0001,-0.0153,0.0113,2,0.4,3407
ciciot2023:rung0.4,mlp,Web,2135,811,0.9747,0.9391,0.0109,-0.0233,0.0009,0.0789,2,0.4,3407
ciciot2023:rung0.4,mlp,Benign,6299,2388,0.9472,0.9508,-0.0008,0.0035,0.0017,0.0213,2,0.4,42
ciciot2023:rung0.4,mlp,BruteForce,1371,549,0.989,0.9694,-0.0194,0.0064,0.0002,0.0288,2,0.4,42
ciciot2023:rung0.4,mlp,DDoS,68476,26071,0.5,0.9494,0.0006,0.0,0.0,0.0062,2,0.4,42
ciciot2023:rung0.4,mlp,DoS,25215,9652,0.4999,0.9518,-0.0018,0.0,0.0,0.0141,2,0.4,42
ciciot2023:rung0.4,mlp,Mirai,18953,7103,0.4999,0.95,-0.0,0.0,0.0,0.0131,2,0.4,42
ciciot2023:rung0.4,mlp,Recon,23055,8717,0.7071,0.9516,-0.0016,0.0001,0.0,0.0101,2,0.4,42
ciciot2023:rung0.4,mlp,Spoofing,12575,4709,0.8862,0.9534,-0.0034,0.0,-0.0144,0.0104,2,0.4,42
ciciot2023:rung0.4,mlp,Web,2135,811,0.9702,0.9499,0.0001,0.0008,-0.0053,0.0317,2,0.4,42
ciciot2023:rung0.4,mlp,Benign,6299,2388,0.9468,0.9528,-0.0028,0.0024,-0.0072,0.0189,2,0.4,512
ciciot2023:rung0.4,mlp,BruteForce,1371,549,0.9914,0.9526,-0.0026,0.0002,-0.001,0.0308,2,0.4,512
ciciot2023:rung0.4,mlp,DDoS,68476,26071,0.5,0.9504,-0.0004,0.0,0.0,0.0063,2,0.4,512
ciciot2023:rung0.4,mlp,DoS,25215,9652,0.4999,0.9498,0.0002,0.0,0.0,0.0105,2,0.4,512
ciciot2023:rung0.4,mlp,Mirai,18953,7103,0.4999,0.9505,-0.0005,0.0,0.0,0.0079,2,0.4,512
ciciot2023:rung0.4,mlp,Recon,23055,8717,0.7061,0.9528,-0.0028,0.0006,0.0,0.0086,2,0.4,512
ciciot2023:rung0.4,mlp,Spoofing,12575,4709,0.8845,0.9546,-0.0046,-0.0001,-0.0126,0.0185,2,0.4,512
ciciot2023:rung0.4,mlp,Web,2135,811,0.9737,0.9512,-0.0012,-0.0127,-0.0096,0.0401,2,0.4,512
ciciot2023:rung0.4,mlp,Benign,6299,2388,0.9376,0.9498,0.0002,0.0011,-0.002,0.0177,2,0.4,6021
ciciot2023:rung0.4,mlp,BruteForce,1371,549,0.9907,0.9506,-0.0006,-0.0017,-0.0043,0.0293,2,0.4,6021
ciciot2023:rung0.4,mlp,DDoS,68476,26071,0.5,0.951,-0.001,0.0,0.0,0.004,2,0.4,6021
ciciot2023:rung0.4,mlp,DoS,25215,9652,0.5,0.95,0.0,0.0,0.0,0.0052,2,0.4,6021
ciciot2023:rung0.4,mlp,Mirai,18953,7103,0.5,0.9525,-0.0025,0.0,0.0,0.0008,2,0.4,6021
ciciot2023:rung0.4,mlp,Recon,23055,8717,0.6559,0.9513,-0.0013,0.0008,0.0,0.009,2,0.4,6021
ciciot2023:rung0.4,mlp,Spoofing,12575,4709,0.8805,0.9535,-0.0035,0.0,-0.0125,0.0169,2,0.4,6021
ciciot2023:rung0.4,mlp,Web,2135,811,0.9706,0.9343,0.0157,-0.0066,0.0095,0.0367,2,0.4,6021
ciciot2023:rung0.4,mlp,Benign,6299,2388,0.9438,0.9435,0.0065,-0.0007,0.002,0.0207,2,0.4,7
ciciot2023:rung0.4,mlp,BruteForce,1371,549,0.9927,0.9638,-0.0138,-0.006,-0.0015,0.0401,2,0.4,7
ciciot2023:rung0.4,mlp,DDoS,68476,26071,0.5,0.9486,0.0014,0.0,0.0,0.0042,2,0.4,7
ciciot2023:rung0.4,mlp,DoS,25215,9652,0.5,0.9476,0.0024,-0.0,0.0,0.0063,2,0.4,7
ciciot2023:rung0.4,mlp,Mirai,18953,7103,0.5,0.952,-0.002,0.0,0.0,0.0097,2,0.4,7
ciciot2023:rung0.4,mlp,Recon,23055,8717,0.6773,0.9477,0.0023,0.0006,-0.0,0.0101,2,0.4,7
ciciot2023:rung0.4,mlp,Spoofing,12575,4709,0.8786,0.9514,-0.0014,-0.0,-0.0161,0.0102,2,0.4,7
ciciot2023:rung0.4,mlp,Web,2135,811,0.9775,0.9584,-0.0084,-0.0016,-0.0042,0.0634,2,0.4,7
ciciot2023:rung0.4,mlp,Benign,6299,2388,0.9434,0.9532,-0.0032,0.0007,-0.0021,0.0186,2,0.4,88
ciciot2023:rung0.4,mlp,BruteForce,1371,549,0.99,0.9638,-0.0138,0.0049,-0.0017,0.0224,2,0.4,88
ciciot2023:rung0.4,mlp,DDoS,68476,26071,0.5,0.9485,0.0015,0.0,0.0,0.0055,2,0.4,88
ciciot2023:rung0.4,mlp,DoS,25215,9652,0.4999,0.9498,0.0002,0.0,0.0,0.0068,2,0.4,88
ciciot2023:rung0.4,mlp,Mirai,18953,7103,0.4999,0.9491,0.0009,0.0,0.0,0.0031,2,0.4,88
ciciot2023:rung0.4,mlp,Recon,23055,8717,0.6871,0.9521,-0.0021,0.0002,0.0,0.0133,2,0.4,88
ciciot2023:rung0.4,mlp,Spoofing,12575,4709,0.8848,0.9551,-0.0051,-0.0,-0.0071,0.0163,2,0.4,88
ciciot2023:rung0.4,mlp,Web,2135,811,0.9736,0.9519,-0.0019,-0.0021,-0.0086,0.0571,2,0.4,88
ciciot2023:rung0.4,mlp,Benign,6299,2388,0.944,0.9456,0.0044,0.006,0.0036,0.0229,2,0.4,91
ciciot2023:rung0.4,mlp,BruteForce,1371,549,0.9914,0.9638,-0.0138,0.0192,-0.0009,0.0472,2,0.4,91
ciciot2023:rung0.4,mlp,DDoS,68476,26071,0.5,0.9524,-0.0024,0.0,0.0,0.0043,2,0.4,91
ciciot2023:rung0.4,mlp,DoS,25215,9652,0.4999,0.9514,-0.0014,0.0,0.0,0.0068,2,0.4,91
ciciot2023:rung0.4,mlp,Mirai,18953,7103,0.4999,0.9518,-0.0018,0.0,0.0,0.003,2,0.4,91
ciciot2023:rung0.4,mlp,Recon,23055,8717,0.6895,0.9512,-0.0012,0.0003,0.0,0.0101,2,0.4,91
ciciot2023:rung0.4,mlp,Spoofing,12575,4709,0.8837,0.9536,-0.0036,0.0,-0.0144,0.0152,2,0.4,91
ciciot2023:rung0.4,mlp,Web,2135,811,0.9704,0.9573,-0.0073,-0.0027,0.0021,0.041,2,0.4,91
ciciot2023:rung0.4,rf,Benign,6299,2388,0.934,0.9562,-0.0062,-0.0002,-0.034,0.0152,2,0.4,12345
ciciot2023:rung0.4,rf,BruteForce,1371,549,0.991,0.9548,-0.0048,-0.0111,-0.0017,0.039,2,0.4,12345
ciciot2023:rung0.4,rf,DDoS,68476,26071,0.5,0.9507,-0.0007,0.0,0.0,0.0018,2,0.4,12345
ciciot2023:rung0.4,rf,DoS,25215,9652,0.5,0.9482,0.0018,0.0,0.0,0.0026,2,0.4,12345
ciciot2023:rung0.4,rf,Mirai,18953,7103,0.5,0.95,0.0,0.0,0.0,0.0009,2,0.4,12345
ciciot2023:rung0.4,rf,Recon,23055,8717,0.6647,0.9518,-0.0018,0.0003,0.0,0.0163,2,0.4,12345
ciciot2023:rung0.4,rf,Spoofing,12575,4709,0.8412,0.9517,-0.0017,0.0,-0.0124,0.012,2,0.4,12345
ciciot2023:rung0.4,rf,Web,2135,811,0.9673,0.935,0.015,-0.0133,0.0024,0.0412,2,0.4,12345
ciciot2023:rung0.4,rf,Benign,6299,2388,0.9388,0.9495,0.0005,-0.0001,-0.0414,0.0173,2,0.4,1337
ciciot2023:rung0.4,rf,BruteForce,1371,549,0.9892,0.9557,-0.0057,-0.0117,-0.0012,0.0503,2,0.4,1337
ciciot2023:rung0.4,rf,DDoS,68476,26071,0.5,0.95,-0.0,0.0,0.0,0.0029,2,0.4,1337
ciciot2023:rung0.4,rf,DoS,25215,9652,0.5,0.9513,-0.0013,0.0,0.0,0.0033,2,0.4,1337
ciciot2023:rung0.4,rf,Mirai,18953,7103,0.5,0.9496,0.0004,0.0,0.0,0.0011,2,0.4,1337
ciciot2023:rung0.4,rf,Recon,23055,8717,0.6425,0.9479,0.0021,0.0003,0.0,0.0116,2,0.4,1337
ciciot2023:rung0.4,rf,Spoofing,12575,4709,0.8372,0.9543,-0.0043,0.0002,-0.0133,0.0127,2,0.4,1337
ciciot2023:rung0.4,rf,Web,2135,811,0.9627,0.951,-0.001,-0.019,0.0076,0.0341,2,0.4,1337
ciciot2023:rung0.4,rf,Benign,6299,2388,0.9317,0.9532,-0.0032,0.0013,-0.0045,0.0176,2,0.4,2024
ciciot2023:rung0.4,rf,BruteForce,1371,549,0.9881,0.9441,0.0059,-0.014,0.0028,0.0453,2,0.4,2024
ciciot2023:rung0.4,rf,DDoS,68476,26071,0.5,0.951,-0.001,0.0,0.0,0.002,2,0.4,2024
ciciot2023:rung0.4,rf,DoS,25215,9652,0.5,0.951,-0.001,0.0,0.0,0.0026,2,0.4,2024
ciciot2023:rung0.4,rf,Mirai,18953,7103,0.5,0.9508,-0.0008,0.0,0.0,0.0014,2,0.4,2024
ciciot2023:rung0.4,rf,Recon,23055,8717,0.6431,0.9485,0.0015,0.0001,0.0,0.0144,2,0.4,2024
ciciot2023:rung0.4,rf,Spoofing,12575,4709,0.8414,0.9465,0.0035,0.0001,-0.0089,0.0137,2,0.4,2024
ciciot2023:rung0.4,rf,Web,2135,811,0.9684,0.9481,0.0019,-0.0144,0.004,0.0381,2,0.4,2024
ciciot2023:rung0.4,rf,Benign,6299,2388,0.9328,0.9515,-0.0015,0.0002,-0.0187,0.0126,2,0.4,3407
ciciot2023:rung0.4,rf,BruteForce,1371,549,0.9888,0.9499,0.0001,-0.0142,-0.0044,0.0405,2,0.4,3407
ciciot2023:rung0.4,rf,DDoS,68476,26071,0.5,0.9512,-0.0012,0.0,0.0,0.0014,2,0.4,3407
ciciot2023:rung0.4,rf,DoS,25215,9652,0.5,0.951,-0.001,0.0,0.0,0.0021,2,0.4,3407
ciciot2023:rung0.4,rf,Mirai,18953,7103,0.5,0.9492,0.0008,0.0,0.0,0.0011,2,0.4,3407
ciciot2023:rung0.4,rf,Recon,23055,8717,0.6369,0.9487,0.0013,0.0,0.0,0.0111,2,0.4,3407
ciciot2023:rung0.4,rf,Spoofing,12575,4709,0.8364,0.9527,-0.0027,0.0001,-0.0077,0.0076,2,0.4,3407
ciciot2023:rung0.4,rf,Web,2135,811,0.9672,0.9499,0.0001,-0.0071,0.0059,0.0476,2,0.4,3407
ciciot2023:rung0.4,rf,Benign,6299,2388,0.9297,0.9523,-0.0023,0.0008,-0.0267,0.0166,2,0.4,42
ciciot2023:rung0.4,rf,BruteForce,1371,549,0.9895,0.9525,-0.0025,-0.0139,-0.0052,0.0428,2,0.4,42
ciciot2023:rung0.4,rf,DDoS,68476,26071,0.5,0.9497,0.0003,0.0,0.0,0.0016,2,0.4,42
ciciot2023:rung0.4,rf,DoS,25215,9652,0.5,0.9498,0.0002,0.0,0.0,0.0019,2,0.4,42
ciciot2023:rung0.4,rf,Mirai,18953,7103,0.5,0.9522,-0.0022,0.0,0.0,0.0015,2,0.4,42
ciciot2023:rung0.4,rf,Recon,23055,8717,0.6298,0.949,0.001,0.0,0.0,0.0125,2,0.4,42
ciciot2023:rung0.4,rf,Spoofing,12575,4709,0.8401,0.9501,-0.0001,0.0001,-0.0101,0.0118,2,0.4,42
ciciot2023:rung0.4,rf,Web,2135,811,0.9721,0.9391,0.0109,0.0008,0.0083,0.0625,2,0.4,42
ciciot2023:rung0.4,rf,Benign,6299,2388,0.9307,0.9612,-0.0112,0.0003,-0.0297,0.0136,2,0.4,512
ciciot2023:rung0.4,rf,BruteForce,1371,549,0.9874,0.9612,-0.0112,-0.0119,-0.0039,0.0407,2,0.4,512
ciciot2023:rung0.4,rf,DDoS,68476,26071,0.5,0.9501,-0.0001,0.0,0.0,0.0021,2,0.4,512
ciciot2023:rung0.4,rf,DoS,25215,9652,0.5,0.9499,0.0001,0.0,0.0,0.003,2,0.4,512
ciciot2023:rung0.4,rf,Mirai,18953,7103,0.5,0.9517,-0.0017,0.0,0.0,0.003,2,0.4,512
ciciot2023:rung0.4,rf,Recon,23055,8717,0.639,0.9469,0.0031,0.0001,0.0,0.0124,2,0.4,512
ciciot2023:rung0.4,rf,Spoofing,12575,4709,0.8329,0.9527,-0.0027,0.0,-0.0191,0.0084,2,0.4,512
ciciot2023:rung0.4,rf,Web,2135,811,0.9615,0.9425,0.0075,-0.0111,0.0109,0.0397,2,0.4,512
ciciot2023:rung0.4,rf,Benign,6299,2388,0.9255,0.9548,-0.0048,0.0009,-0.0225,0.0153,2,0.4,6021
ciciot2023:rung0.4,rf,BruteForce,1371,549,0.9906,0.9603,-0.0103,-0.0128,-0.0045,0.0436,2,0.4,6021
ciciot2023:rung0.4,rf,DDoS,68476,26071,0.5,0.951,-0.001,0.0,0.0,0.0016,2,0.4,6021
ciciot2023:rung0.4,rf,DoS,25215,9652,0.5,0.9521,-0.0021,0.0,0.0,0.0034,2,0.4,6021
ciciot2023:rung0.4,rf,Mirai,18953,7103,0.5,0.9503,-0.0003,0.0,0.0,0.0014,2,0.4,6021
ciciot2023:rung0.4,rf,Recon,23055,8717,0.652,0.946,0.004,0.0002,0.0,0.018,2,0.4,6021
ciciot2023:rung0.4,rf,Spoofing,12575,4709,0.8333,0.9477,0.0023,0.0001,-0.0098,0.0097,2,0.4,6021
ciciot2023:rung0.4,rf,Web,2135,811,0.9662,0.9441,0.0059,-0.0164,0.0027,0.0406,2,0.4,6021
ciciot2023:rung0.4,rf,Benign,6299,2388,0.9311,0.9522,-0.0022,0.0004,-0.018,0.0153,2,0.4,7
ciciot2023:rung0.4,rf,BruteForce,1371,549,0.9913,0.9661,-0.0161,-0.0167,-0.0008,0.0421,2,0.4,7
ciciot2023:rung0.4,rf,DDoS,68476,26071,0.5,0.9501,-0.0001,0.0,0.0,0.0025,2,0.4,7
ciciot2023:rung0.4,rf,DoS,25215,9652,0.5,0.9507,-0.0007,0.0,0.0,0.0046,2,0.4,7
ciciot2023:rung0.4,rf,Mirai,18953,7103,0.5,0.9478,0.0022,0.0,0.0,0.0013,2,0.4,7
ciciot2023:rung0.4,rf,Recon,23055,8717,0.6374,0.9509,-0.0009,0.0001,0.0,0.0112,2,0.4,7
ciciot2023:rung0.4,rf,Spoofing,12575,4709,0.8341,0.9518,-0.0018,0.0007,-0.0145,0.0131,2,0.4,7
ciciot2023:rung0.4,rf,Web,2135,811,0.9628,0.9379,0.0121,-0.0124,0.0013,0.0388,2,0.4,7
ciciot2023:rung0.4,rf,Benign,6299,2388,0.9347,0.9526,-0.0026,0.0003,-0.0169,0.0112,2,0.4,88
ciciot2023:rung0.4,rf,BruteForce,1371,549,0.9906,0.949,0.001,-0.0121,0.0009,0.0397,2,0.4,88
ciciot2023:rung0.4,rf,DDoS,68476,26071,0.5,0.9509,-0.0009,0.0,0.0,0.0013,2,0.4,88
ciciot2023:rung0.4,rf,DoS,25215,9652,0.5,0.9494,0.0006,0.0,0.0,0.0018,2,0.4,88
ciciot2023:rung0.4,rf,Mirai,18953,7103,0.5,0.951,-0.001,0.0,0.0,0.0009,2,0.4,88
ciciot2023:rung0.4,rf,Recon,23055,8717,0.6538,0.9499,0.0001,0.0,0.0,0.0128,2,0.4,88
ciciot2023:rung0.4,rf,Spoofing,12575,4709,0.8329,0.9518,-0.0018,0.0,-0.0057,0.0085,2,0.4,88
ciciot2023:rung0.4,rf,Web,2135,811,0.9654,0.9473,0.0027,-0.0147,0.0042,0.0323,2,0.4,88
ciciot2023:rung0.4,rf,Benign,6299,2388,0.9323,0.9501,-0.0001,0.0008,-0.0124,0.0181,2,0.4,91
ciciot2023:rung0.4,rf,BruteForce,1371,549,0.9899,0.9636,-0.0136,-0.0158,-0.0012,0.0394,2,0.4,91
ciciot2023:rung0.4,rf,DDoS,68476,26071,0.5,0.9506,-0.0006,0.0,0.0,0.0016,2,0.4,91
ciciot2023:rung0.4,rf,DoS,25215,9652,0.5,0.9494,0.0006,0.0,0.0,0.002,2,0.4,91
ciciot2023:rung0.4,rf,Mirai,18953,7103,0.5,0.9511,-0.0011,0.0,0.0,0.0009,2,0.4,91
ciciot2023:rung0.4,rf,Recon,23055,8717,0.6518,0.9518,-0.0018,0.0001,0.0,0.0108,2,0.4,91
ciciot2023:rung0.4,rf,Spoofing,12575,4709,0.8353,0.9505,-0.0005,0.0001,-0.0039,0.0097,2,0.4,91
ciciot2023:rung0.4,rf,Web,2135,811,0.9652,0.9522,-0.0022,-0.0148,0.0057,0.0383,2,0.4,91
ciciot2023:rung0.4,xgb,Benign,6299,2388,0.8944,0.9492,0.0008,0.0,-0.0214,0.009,2,0.4,12345
ciciot2023:rung0.4,xgb,BruteForce,1371,549,0.9867,0.9485,0.0015,0.0,-0.0009,0.0459,2,0.4,12345
ciciot2023:rung0.4,xgb,DDoS,68476,26071,0.5,0.9499,0.0001,0.0,0.0,0.0002,2,0.4,12345
ciciot2023:rung0.4,xgb,DoS,25215,9652,0.5,0.9499,0.0001,0.0,0.0,0.0014,2,0.4,12345
ciciot2023:rung0.4,xgb,Mirai,18953,7103,0.5,0.9511,-0.0011,0.0,0.0,0.0007,2,0.4,12345
ciciot2023:rung0.4,xgb,Recon,23055,8717,0.599,0.9516,-0.0016,0.0,0.0,0.0118,2,0.4,12345
ciciot2023:rung0.4,xgb,Spoofing,12575,4709,0.801,0.9519,-0.0019,0.0,-0.0123,0.009,2,0.4,12345
ciciot2023:rung0.4,xgb,Web,2135,811,0.9606,0.9519,-0.0019,-0.0,0.0031,0.0363,2,0.4,12345
ciciot2023:rung0.4,xgb,Benign,6299,2388,0.8867,0.9515,-0.0015,0.0,-0.0171,0.0118,2,0.4,1337
ciciot2023:rung0.4,xgb,BruteForce,1371,549,0.9858,0.9587,-0.0087,0.0,0.0028,0.0459,2,0.4,1337
ciciot2023:rung0.4,xgb,DDoS,68476,26071,0.5,0.9498,0.0002,0.0,0.0,0.0002,2,0.4,1337
ciciot2023:rung0.4,xgb,DoS,25215,9652,0.5,0.9513,-0.0013,0.0,0.0,0.0005,2,0.4,1337
ciciot2023:rung0.4,xgb,Mirai,18953,7103,0.5,0.9488,0.0012,0.0,0.0,0.0006,2,0.4,1337
ciciot2023:rung0.4,xgb,Recon,23055,8717,0.5625,0.9511,-0.0011,0.0,0.0,0.0117,2,0.4,1337
ciciot2023:rung0.4,xgb,Spoofing,12575,4709,0.8086,0.9513,-0.0013,0.0,-0.0247,0.0093,2,0.4,1337
ciciot2023:rung0.4,xgb,Web,2135,811,0.952,0.9345,0.0155,-0.0001,0.0046,0.0416,2,0.4,1337
ciciot2023:rung0.4,xgb,Benign,6299,2388,0.8935,0.951,-0.001,0.0,-0.0074,0.0111,2,0.4,2024
ciciot2023:rung0.4,xgb,BruteForce,1371,549,0.9868,0.9528,-0.0028,0.0,0.0021,0.0372,2,0.4,2024
ciciot2023:rung0.4,xgb,DDoS,68476,26071,0.5,0.9494,0.0006,0.0,0.0,0.0004,2,0.4,2024
ciciot2023:rung0.4,xgb,DoS,25215,9652,0.5,0.9501,-0.0001,0.0,0.0,0.0014,2,0.4,2024
ciciot2023:rung0.4,xgb,Mirai,18953,7103,0.5,0.9497,0.0003,0.0,0.0,0.0003,2,0.4,2024
ciciot2023:rung0.4,xgb,Recon,23055,8717,0.5315,0.9515,-0.0015,0.0,0.0,0.009,2,0.4,2024
ciciot2023:rung0.4,xgb,Spoofing,12575,4709,0.8043,0.9552,-0.0052,0.0,-0.0028,0.0096,2,0.4,2024
ciciot2023:rung0.4,xgb,Web,2135,811,0.9622,0.9549,-0.0049,-0.0018,-0.0015,0.048,2,0.4,2024
ciciot2023:rung0.4,xgb,Benign,6299,2388,0.8885,0.9558,-0.0058,0.0,-0.0263,0.0115,2,0.4,3407
ciciot2023:rung0.4,xgb,BruteForce,1371,549,0.9858,0.9475,0.0025,0.0,-0.0039,0.0338,2,0.4,3407
ciciot2023:rung0.4,xgb,DDoS,68476,26071,0.5,0.9496,0.0004,0.0,0.0,0.0001,2,0.4,3407
ciciot2023:rung0.4,xgb,DoS,25215,9652,0.5,0.9515,-0.0015,0.0,0.0,0.0015,2,0.4,3407
ciciot2023:rung0.4,xgb,Mirai,18953,7103,0.5,0.9516,-0.0016,0.0,0.0,0.0005,2,0.4,3407
ciciot2023:rung0.4,xgb,Recon,23055,8717,0.537,0.9481,0.0019,0.0,0.0,0.0093,2,0.4,3407
ciciot2023:rung0.4,xgb,Spoofing,12575,4709,0.8015,0.9501,-0.0001,0.0,0.0001,0.006,2,0.4,3407
ciciot2023:rung0.4,xgb,Web,2135,811,0.9543,0.9434,0.0066,-0.0021,0.0037,0.0527,2,0.4,3407
ciciot2023:rung0.4,xgb,Benign,6299,2388,0.8842,0.9517,-0.0017,0.0,-0.0265,0.0171,2,0.4,42
ciciot2023:rung0.4,xgb,BruteForce,1371,549,0.986,0.9583,-0.0083,0.0,-0.0047,0.0489,2,0.4,42
ciciot2023:rung0.4,xgb,DDoS,68476,26071,0.5,0.9498,0.0002,0.0,0.0,0.0002,2,0.4,42
ciciot2023:rung0.4,xgb,DoS,25215,9652,0.5,0.9511,-0.0011,0.0,0.0,0.0013,2,0.4,42
ciciot2023:rung0.4,xgb,Mirai,18953,7103,0.5,0.9482,0.0018,0.0,0.0,0.0005,2,0.4,42
ciciot2023:rung0.4,xgb,Recon,23055,8717,0.5644,0.9485,0.0015,0.0,0.0,0.0104,2,0.4,42
ciciot2023:rung0.4,xgb,Spoofing,12575,4709,0.8067,0.9571,-0.0071,0.0,-0.0059,0.0085,2,0.4,42
ciciot2023:rung0.4,xgb,Web,2135,811,0.9559,0.9483,0.0017,-0.0008,0.0023,0.0368,2,0.4,42
ciciot2023:rung0.4,xgb,Benign,6299,2388,0.896,0.9564,-0.0064,0.0,-0.0243,0.0148,2,0.4,512
ciciot2023:rung0.4,xgb,BruteForce,1371,549,0.9861,0.957,-0.007,0.0,-0.0014,0.0241,2,0.4,512
ciciot2023:rung0.4,xgb,DDoS,68476,26071,0.5,0.9499,0.0001,0.0,0.0,0.0003,2,0.4,512
ciciot2023:rung0.4,xgb,DoS,25215,9652,0.5,0.95,0.0,0.0,0.0,0.001,2,0.4,512
ciciot2023:rung0.4,xgb,Mirai,18953,7103,0.5,0.9508,-0.0008,0.0,0.0,0.0003,2,0.4,512
ciciot2023:rung0.4,xgb,Recon,23055,8717,0.5937,0.9505,-0.0005,0.0,0.0,0.0098,2,0.4,512
ciciot2023:rung0.4,xgb,Spoofing,12575,4709,0.8102,0.9488,0.0012,0.0,-0.0244,0.0072,2,0.4,512
ciciot2023:rung0.4,xgb,Web,2135,811,0.9503,0.9543,-0.0043,-0.0027,0.0102,0.0441,2,0.4,512
ciciot2023:rung0.4,xgb,Benign,6299,2388,0.8988,0.9517,-0.0017,0.0,-0.0358,0.017,2,0.4,6021
ciciot2023:rung0.4,xgb,BruteForce,1371,549,0.9842,0.9594,-0.0094,0.0,-0.0006,0.0337,2,0.4,6021
ciciot2023:rung0.4,xgb,DDoS,68476,26071,0.5,0.9502,-0.0002,0.0,0.0,0.0001,2,0.4,6021
ciciot2023:rung0.4,xgb,DoS,25215,9652,0.5,0.9522,-0.0022,0.0,0.0,0.0011,2,0.4,6021
ciciot2023:rung0.4,xgb,Mirai,18953,7103,0.5,0.9513,-0.0013,0.0,0.0,0.0007,2,0.4,6021
ciciot2023:rung0.4,xgb,Recon,23055,8717,0.5533,0.9504,-0.0004,0.0,0.0,0.0122,2,0.4,6021
ciciot2023:rung0.4,xgb,Spoofing,12575,4709,0.8044,0.9508,-0.0008,0.0,0.0007,0.011,2,0.4,6021
ciciot2023:rung0.4,xgb,Web,2135,811,0.9605,0.9571,-0.0071,0.0,0.0019,0.0597,2,0.4,6021
ciciot2023:rung0.4,xgb,Benign,6299,2388,0.8972,0.9586,-0.0086,0.0,-0.0141,0.0126,2,0.4,7
ciciot2023:rung0.4,xgb,BruteForce,1371,549,0.9867,0.949,0.001,0.0,0.0,0.0336,2,0.4,7
ciciot2023:rung0.4,xgb,DDoS,68476,26071,0.5,0.9489,0.0011,0.0,0.0,0.0002,2,0.4,7
ciciot2023:rung0.4,xgb,DoS,25215,9652,0.5,0.9502,-0.0002,0.0,0.0,0.0013,2,0.4,7
ciciot2023:rung0.4,xgb,Mirai,18953,7103,0.5,0.9523,-0.0023,0.0,0.0,0.0006,2,0.4,7
ciciot2023:rung0.4,xgb,Recon,23055,8717,0.5544,0.952,-0.002,0.0,0.0,0.0105,2,0.4,7
ciciot2023:rung0.4,xgb,Spoofing,12575,4709,0.7982,0.9539,-0.0039,0.0,0.0097,0.0079,2,0.4,7
ciciot2023:rung0.4,xgb,Web,2135,811,0.9592,0.9519,-0.0019,-0.0015,0.004,0.0511,2,0.4,7
ciciot2023:rung0.4,xgb,Benign,6299,2388,0.9018,0.9564,-0.0064,0.0,-0.0242,0.0154,2,0.4,88
ciciot2023:rung0.4,xgb,BruteForce,1371,549,0.9858,0.9485,0.0015,0.0,0.0061,0.0337,2,0.4,88
ciciot2023:rung0.4,xgb,DDoS,68476,26071,0.5,0.9512,-0.0012,0.0,0.0,0.0002,2,0.4,88
ciciot2023:rung0.4,xgb,DoS,25215,9652,0.5,0.95,0.0,0.0,0.0,0.0008,2,0.4,88
ciciot2023:rung0.4,xgb,Mirai,18953,7103,0.5,0.9468,0.0032,0.0,0.0,0.0004,2,0.4,88
ciciot2023:rung0.4,xgb,Recon,23055,8717,0.5694,0.9485,0.0015,0.0,0.0,0.0117,2,0.4,88
ciciot2023:rung0.4,xgb,Spoofing,12575,4709,0.8015,0.9511,-0.0011,0.0,-0.0195,0.0078,2,0.4,88
ciciot2023:rung0.4,xgb,Web,2135,811,0.9508,0.9419,0.0081,-0.0029,0.0124,0.0431,2,0.4,88
ciciot2023:rung0.4,xgb,Benign,6299,2388,0.8856,0.9567,-0.0067,0.0,-0.0377,0.0144,2,0.4,91
ciciot2023:rung0.4,xgb,BruteForce,1371,549,0.985,0.9619,-0.0119,0.0,-0.0042,0.0379,2,0.4,91
ciciot2023:rung0.4,xgb,DDoS,68476,26071,0.5,0.951,-0.001,0.0,0.0,0.0003,2,0.4,91
ciciot2023:rung0.4,xgb,DoS,25215,9652,0.5,0.9516,-0.0016,0.0,0.0,0.0012,2,0.4,91
ciciot2023:rung0.4,xgb,Mirai,18953,7103,0.5,0.9507,-0.0007,0.0,0.0,0.0002,2,0.4,91
ciciot2023:rung0.4,xgb,Recon,23055,8717,0.6058,0.9481,0.0019,0.0,0.0,0.012,2,0.4,91
ciciot2023:rung0.4,xgb,Spoofing,12575,4709,0.812,0.954,-0.004,0.0,-0.021,0.01,2,0.4,91
ciciot2023:rung0.4,xgb,Web,2135,811,0.9548,0.9464,0.0036,0.0,0.0037,0.0415,2,0.4,91
ciciot2023:rung0.6,mlp,Benign,6299,2460,0.9462,0.9456,0.0044,-0.0006,0.0167,0.0176,2,0.6,12345
ciciot2023:rung0.6,mlp,BruteForce,1371,532,0.9909,0.9664,-0.0164,-0.0167,-0.0009,0.0447,2,0.6,12345
ciciot2023:rung0.6,mlp,DDoS,68476,25936,0.5,0.9506,-0.0006,0.0,0.0,0.0038,2,0.6,12345
ciciot2023:rung0.6,mlp,DoS,25215,9571,0.5,0.9497,0.0003,0.0,0.0,0.0148,2,0.6,12345
ciciot2023:rung0.6,mlp,Mirai,18953,7237,0.5,0.9502,-0.0002,0.0,0.0,0.0037,2,0.6,12345
ciciot2023:rung0.6,mlp,Recon,23055,8694,0.698,0.9476,0.0024,0.0011,0.0,0.0067,2,0.6,12345
ciciot2023:rung0.6,mlp,Spoofing,12575,4759,0.8816,0.9544,-0.0044,0.0002,0.0014,0.0136,2,0.6,12345
ciciot2023:rung0.6,mlp,Web,2135,811,0.9695,0.9692,-0.0192,-0.0226,-0.0157,0.0661,2,0.6,12345
ciciot2023:rung0.6,mlp,Benign,6299,2460,0.935,0.9459,0.0041,-0.0011,0.0144,0.0234,2,0.6,1337
ciciot2023:rung0.6,mlp,BruteForce,1371,532,0.9908,0.9545,-0.0045,-0.0116,-0.0014,0.0555,2,0.6,1337
ciciot2023:rung0.6,mlp,DDoS,68476,25936,0.5,0.9506,-0.0006,0.0,0.0,0.0036,2,0.6,1337
ciciot2023:rung0.6,mlp,DoS,25215,9571,0.5,0.9499,0.0001,0.0,0.0,0.0136,2,0.6,1337
ciciot2023:rung0.6,mlp,Mirai,18953,7237,0.5,0.9473,0.0027,0.0,0.0,0.0018,2,0.6,1337
ciciot2023:rung0.6,mlp,Recon,23055,8694,0.6972,0.9507,-0.0007,0.0002,-0.0,0.009,2,0.6,1337
ciciot2023:rung0.6,mlp,Spoofing,12575,4759,0.8814,0.9557,-0.0057,0.0,-0.0031,0.0154,2,0.6,1337
ciciot2023:rung0.6,mlp,Web,2135,811,0.9739,0.9589,-0.0089,-0.0234,-0.0056,0.0744,2,0.6,1337
ciciot2023:rung0.6,mlp,Benign,6299,2460,0.9371,0.9418,0.0082,-0.0017,0.0137,0.0183,2,0.6,2024
ciciot2023:rung0.6,mlp,BruteForce,1371,532,0.9919,0.9669,-0.0169,-0.0012,-0.0065,0.0533,2,0.6,2024
ciciot2023:rung0.6,mlp,DDoS,68476,25936,0.5,0.9483,0.0017,0.0,0.0,0.0031,2,0.6,2024
ciciot2023:rung0.6,mlp,DoS,25215,9571,0.5,0.9464,0.0036,0.0,0.0,0.0121,2,0.6,2024
ciciot2023:rung0.6,mlp,Mirai,18953,7237,0.5,0.9499,0.0001,0.0,0.0,0.0015,2,0.6,2024
ciciot2023:rung0.6,mlp,Recon,23055,8694,0.7058,0.952,-0.002,-0.0009,-0.0,0.0101,2,0.6,2024
ciciot2023:rung0.6,mlp,Spoofing,12575,4759,0.8882,0.9479,0.0021,0.0,-0.0015,0.0158,2,0.6,2024
ciciot2023:rung0.6,mlp,Web,2135,811,0.9714,0.9605,-0.0105,-0.0002,0.0019,0.0351,2,0.6,2024
ciciot2023:rung0.6,mlp,Benign,6299,2460,0.9506,0.943,0.007,-0.0015,0.0059,0.0166,2,0.6,3407
ciciot2023:rung0.6,mlp,BruteForce,1371,532,0.9923,0.9461,0.0039,-0.0138,-0.0005,0.0418,2,0.6,3407
ciciot2023:rung0.6,mlp,DDoS,68476,25936,0.5,0.9502,-0.0002,0.0,0.0,0.0037,2,0.6,3407
ciciot2023:rung0.6,mlp,DoS,25215,9571,0.5,0.9513,-0.0013,0.0,0.0,0.0082,2,0.6,3407
ciciot2023:rung0.6,mlp,Mirai,18953,7237,0.5,0.9494,0.0006,0.0,0.0,0.0038,2,0.6,3407
ciciot2023:rung0.6,mlp,Recon,23055,8694,0.703,0.9485,0.0015,-0.0003,0.0,0.009,2,0.6,3407
ciciot2023:rung0.6,mlp,Spoofing,12575,4759,0.8852,0.9544,-0.0044,0.0,0.0006,0.0113,2,0.6,3407
ciciot2023:rung0.6,mlp,Web,2135,811,0.9747,0.9571,-0.0071,-0.0487,-0.0102,0.1097,2,0.6,3407
ciciot2023:rung0.6,mlp,Benign,6299,2460,0.9472,0.9435,0.0065,-0.0002,0.0103,0.0193,2,0.6,42
ciciot2023:rung0.6,mlp,BruteForce,1371,532,0.989,0.9513,-0.0013,-0.0042,0.0007,0.0344,2,0.6,42
ciciot2023:rung0.6,mlp,DDoS,68476,25936,0.5,0.9512,-0.0012,0.0,0.0,0.0027,2,0.6,42
ciciot2023:rung0.6,mlp,DoS,25215,9571,0.4999,0.9509,-0.0009,0.0,0.0,0.0086,2,0.6,42
ciciot2023:rung0.6,mlp,Mirai,18953,7237,0.4999,0.9497,0.0003,0.0,0.0,0.0055,2,0.6,42
ciciot2023:rung0.6,mlp,Recon,23055,8694,0.7071,0.9516,-0.0016,-0.0002,0.0,0.0065,2,0.6,42
ciciot2023:rung0.6,mlp,Spoofing,12575,4759,0.8862,0.9546,-0.0046,0.0,-0.0094,0.0177,2,0.6,42
ciciot2023:rung0.6,mlp,Web,2135,811,0.9702,0.9535,-0.0035,0.0012,-0.0003,0.0572,2,0.6,42
ciciot2023:rung0.6,mlp,Benign,6299,2460,0.9468,0.9409,0.0091,-0.0001,0.0066,0.0259,2,0.6,512
ciciot2023:rung0.6,mlp,BruteForce,1371,532,0.9914,0.9532,-0.0032,-0.0049,-0.0018,0.0455,2,0.6,512
ciciot2023:rung0.6,mlp,DDoS,68476,25936,0.5,0.95,0.0,0.0,0.0,0.0053,2,0.6,512
ciciot2023:rung0.6,mlp,DoS,25215,9571,0.4999,0.9503,-0.0003,0.0,0.0,0.0086,2,0.6,512
ciciot2023:rung0.6,mlp,Mirai,18953,7237,0.4999,0.9526,-0.0026,0.0,0.0,0.0043,2,0.6,512
ciciot2023:rung0.6,mlp,Recon,23055,8694,0.7061,0.9514,-0.0014,0.0005,0.0,0.0085,2,0.6,512
ciciot2023:rung0.6,mlp,Spoofing,12575,4759,0.8845,0.9565,-0.0065,-0.0,-0.0117,0.0151,2,0.6,512
ciciot2023:rung0.6,mlp,Web,2135,811,0.9737,0.9642,-0.0142,-0.0105,-0.002,0.0584,2,0.6,512
ciciot2023:rung0.6,mlp,Benign,6299,2460,0.9376,0.9457,0.0043,0.0023,0.0012,0.0173,2,0.6,6021
ciciot2023:rung0.6,mlp,BruteForce,1371,532,0.9907,0.9697,-0.0197,-0.0086,-0.0057,0.0559,2,0.6,6021
ciciot2023:rung0.6,mlp,DDoS,68476,25936,0.5,0.951,-0.001,0.0,0.0,0.0029,2,0.6,6021
ciciot2023:rung0.6,mlp,DoS,25215,9571,0.5,0.9526,-0.0026,0.0,0.0,0.0083,2,0.6,6021
ciciot2023:rung0.6,mlp,Mirai,18953,7237,0.5,0.9498,0.0002,0.0,0.0,0.0016,2,0.6,6021
ciciot2023:rung0.6,mlp,Recon,23055,8694,0.6559,0.9504,-0.0004,-0.0001,0.0,0.0099,2,0.6,6021
ciciot2023:rung0.6,mlp,Spoofing,12575,4759,0.8805,0.9569,-0.0069,0.0,0.0006,0.0114,2,0.6,6021
ciciot2023:rung0.6,mlp,Web,2135,811,0.9706,0.956,-0.006,-0.0151,-0.0151,0.0474,2,0.6,6021
ciciot2023:rung0.6,mlp,Benign,6299,2460,0.9438,0.9471,0.0029,-0.0005,0.0111,0.0173,2,0.6,7
ciciot2023:rung0.6,mlp,BruteForce,1371,532,0.9927,0.9492,0.0008,-0.0101,-0.0007,0.0469,2,0.6,7
ciciot2023:rung0.6,mlp,DDoS,68476,25936,0.5,0.9504,-0.0004,0.0,0.0,0.0037,2,0.6,7
ciciot2023:rung0.6,mlp,DoS,25215,9571,0.5,0.9508,-0.0008,-0.0,0.0,0.0089,2,0.6,7
ciciot2023:rung0.6,mlp,Mirai,18953,7237,0.5,0.9506,-0.0006,0.0,0.0,0.0028,2,0.6,7
ciciot2023:rung0.6,mlp,Recon,23055,8694,0.6773,0.9527,-0.0027,0.0006,0.0,0.0108,2,0.6,7
ciciot2023:rung0.6,mlp,Spoofing,12575,4759,0.8786,0.9551,-0.0051,0.0,-0.0118,0.0162,2,0.6,7
ciciot2023:rung0.6,mlp,Web,2135,811,0.9775,0.9687,-0.0187,-0.0248,-0.0185,0.0829,2,0.6,7
ciciot2023:rung0.6,mlp,Benign,6299,2460,0.9434,0.9431,0.0069,-0.0002,0.0082,0.0156,2,0.6,88
ciciot2023:rung0.6,mlp,BruteForce,1371,532,0.99,0.9609,-0.0109,-0.0097,-0.0008,0.0407,2,0.6,88
ciciot2023:rung0.6,mlp,DDoS,68476,25936,0.5,0.9493,0.0007,0.0,0.0,0.0045,2,0.6,88
ciciot2023:rung0.6,mlp,DoS,25215,9571,0.4999,0.9488,0.0012,0.0,0.0,0.0055,2,0.6,88
ciciot2023:rung0.6,mlp,Mirai,18953,7237,0.4999,0.9504,-0.0004,0.0,0.0,0.0037,2,0.6,88
ciciot2023:rung0.6,mlp,Recon,23055,8694,0.6871,0.9517,-0.0017,0.0001,0.0,0.0075,2,0.6,88
ciciot2023:rung0.6,mlp,Spoofing,12575,4759,0.8848,0.9552,-0.0052,0.0001,0.001,0.0148,2,0.6,88
ciciot2023:rung0.6,mlp,Web,2135,811,0.9736,0.9621,-0.0121,-0.0068,-0.0106,0.0734,2,0.6,88
ciciot2023:rung0.6,mlp,Benign,6299,2460,0.944,0.9487,0.0013,0.0054,0.0092,0.0218,2,0.6,91
ciciot2023:rung0.6,mlp,BruteForce,1371,532,0.9914,0.9534,-0.0034,-0.0035,-0.0011,0.049,2,0.6,91
ciciot2023:rung0.6,mlp,DDoS,68476,25936,0.5,0.9503,-0.0003,0.0,0.0,0.0043,2,0.6,91
ciciot2023:rung0.6,mlp,DoS,25215,9571,0.4999,0.9503,-0.0003,0.0,0.0,0.0061,2,0.6,91
ciciot2023:rung0.6,mlp,Mirai,18953,7237,0.4999,0.9493,0.0007,0.0,0.0,0.0016,2,0.6,91
ciciot2023:rung0.6,mlp,Recon,23055,8694,0.6895,0.9537,-0.0037,-0.0001,0.0,0.0085,2,0.6,91
ciciot2023:rung0.6,mlp,Spoofing,12575,4759,0.8837,0.9577,-0.0077,0.0,0.0058,0.015,2,0.6,91
ciciot2023:rung0.6,mlp,Web,2135,811,0.9704,0.9624,-0.0124,-0.0249,-0.0154,0.0801,2,0.6,91
ciciot2023:rung0.6,rf,Benign,6299,2460,0.934,0.9496,0.0004,0.0011,-0.0069,0.0144,2,0.6,12345
ciciot2023:rung0.6,rf,BruteForce,1371,532,0.991,0.9686,-0.0186,-0.0264,-0.0074,0.0617,2,0.6,12345
ciciot2023:rung0.6,rf,DDoS,68476,25936,0.5,0.9494,0.0006,0.0,0.0,0.0016,2,0.6,12345
ciciot2023:rung0.6,rf,DoS,25215,9571,0.5,0.95,0.0,0.0,0.0,0.0033,2,0.6,12345
ciciot2023:rung0.6,rf,Mirai,18953,7237,0.5,0.951,-0.001,0.0,0.0,0.0015,2,0.6,12345
ciciot2023:rung0.6,rf,Recon,23055,8694,0.6647,0.9515,-0.0015,0.0001,0.0,0.0073,2,0.6,12345
ciciot2023:rung0.6,rf,Spoofing,12575,4759,0.8412,0.9522,-0.0022,0.0003,0.0064,0.0179,2,0.6,12345
ciciot2023:rung0.6,rf,Web,2135,811,0.9673,0.9528,-0.0028,-0.0268,-0.0053,0.0635,2,0.6,12345
ciciot2023:rung0.6,rf,Benign,6299,2460,0.9388,0.9515,-0.0015,0.0003,-0.008,0.019,2,0.6,1337
ciciot2023:rung0.6,rf,BruteForce,1371,532,0.9892,0.9609,-0.0109,-0.0159,-0.0076,0.054,2,0.6,1337
ciciot2023:rung0.6,rf,DDoS,68476,25936,0.5,0.9513,-0.0013,0.0,0.0,0.001,2,0.6,1337
ciciot2023:rung0.6,rf,DoS,25215,9571,0.5,0.9493,0.0007,0.0,0.0,0.0021,2,0.6,1337
ciciot2023:rung0.6,rf,Mirai,18953,7237,0.5,0.9496,0.0004,0.0,0.0,0.0016,2,0.6,1337
ciciot2023:rung0.6,rf,Recon,23055,8694,0.6425,0.9498,0.0002,-0.0,0.0,0.0058,2,0.6,1337
ciciot2023:rung0.6,rf,Spoofing,12575,4759,0.8372,0.9508,-0.0008,0.0002,0.0074,0.0123,2,0.6,1337
ciciot2023:rung0.6,rf,Web,2135,811,0.9627,0.9684,-0.0184,-0.0293,-0.0054,0.0636,2,0.6,1337
ciciot2023:rung0.6,rf,Benign,6299,2460,0.9317,0.9533,-0.0033,0.0014,0.0008,0.0183,2,0.6,2024
ciciot2023:rung0.6,rf,BruteForce,1371,532,0.9881,0.9592,-0.0092,-0.0214,-0.0089,0.0526,2,0.6,2024
ciciot2023:rung0.6,rf,DDoS,68476,25936,0.5,0.9491,0.0009,0.0,0.0,0.0008,2,0.6,2024
ciciot2023:rung0.6,rf,DoS,25215,9571,0.5,0.948,0.002,0.0,0.0,0.0016,2,0.6,2024
ciciot2023:rung0.6,rf,Mirai,18953,7237,0.5,0.9498,0.0002,0.0,0.0,0.0012,2,0.6,2024
ciciot2023:rung0.6,rf,Recon,23055,8694,0.6431,0.9506,-0.0006,0.0,0.0,0.0088,2,0.6,2024
ciciot2023:rung0.6,rf,Spoofing,12575,4759,0.8414,0.9507,-0.0007,0.0001,0.0059,0.0156,2,0.6,2024
ciciot2023:rung0.6,rf,Web,2135,811,0.9684,0.9651,-0.0151,-0.0251,-0.0078,0.0508,2,0.6,2024
ciciot2023:rung0.6,rf,Benign,6299,2460,0.9328,0.9478,0.0022,0.0006,0.0084,0.0126,2,0.6,3407
ciciot2023:rung0.6,rf,BruteForce,1371,532,0.9888,0.9709,-0.0209,-0.0244,-0.0102,0.0533,2,0.6,3407
ciciot2023:rung0.6,rf,DDoS,68476,25936,0.5,0.9533,-0.0033,0.0,0.0,0.0007,2,0.6,3407
ciciot2023:rung0.6,rf,DoS,25215,9571,0.5,0.9511,-0.0011,0.0,0.0,0.0024,2,0.6,3407
ciciot2023:rung0.6,rf,Mirai,18953,7237,0.5,0.9489,0.0011,0.0,0.0,0.0014,2,0.6,3407
ciciot2023:rung0.6,rf,Recon,23055,8694,0.6369,0.949,0.001,0.0,0.0,0.0102,2,0.6,3407
ciciot2023:rung0.6,rf,Spoofing,12575,4759,0.8364,0.9535,-0.0035,0.0002,0.0059,0.0121,2,0.6,3407
ciciot2023:rung0.6,rf,Web,2135,811,0.9672,0.9762,-0.0262,-0.0136,-0.006,0.0416,2,0.6,3407
ciciot2023:rung0.6,rf,Benign,6299,2460,0.9297,0.9496,0.0004,0.0006,-0.0072,0.0117,2,0.6,42
ciciot2023:rung0.6,rf,BruteForce,1371,532,0.9895,0.963,-0.013,-0.019,-0.0037,0.0532,2,0.6,42
ciciot2023:rung0.6,rf,DDoS,68476,25936,0.5,0.9505,-0.0005,0.0,0.0,0.0011,2,0.6,42
ciciot2023:rung0.6,rf,DoS,25215,9571,0.5,0.9502,-0.0002,0.0,0.0,0.0032,2,0.6,42
ciciot2023:rung0.6,rf,Mirai,18953,7237,0.5,0.95,-0.0,0.0,0.0,0.0009,2,0.6,42
ciciot2023:rung0.6,rf,Recon,23055,8694,0.6298,0.9504,-0.0004,-0.0001,0.0,0.0074,2,0.6,42
ciciot2023:rung0.6,rf,Spoofing,12575,4759,0.8401,0.9514,-0.0014,0.0001,0.0108,0.0125,2,0.6,42
ciciot2023:rung0.6,rf,Web,2135,811,0.9721,0.9592,-0.0092,-0.0233,-0.0044,0.0392,2,0.6,42
ciciot2023:rung0.6,rf,Benign,6299,2460,0.9307,0.9476,0.0024,0.0001,-0.0047,0.0143,2,0.6,512
ciciot2023:rung0.6,rf,BruteForce,1371,532,0.9874,0.9628,-0.0128,-0.0143,-0.0068,0.0481,2,0.6,512
ciciot2023:rung0.6,rf,DDoS,68476,25936,0.5,0.9505,-0.0005,0.0,0.0,0.0011,2,0.6,512
ciciot2023:rung0.6,rf,DoS,25215,9571,0.5,0.9491,0.0009,0.0,0.0,0.0023,2,0.6,512
ciciot2023:rung0.6,rf,Mirai,18953,7237,0.5,0.9483,0.0017,0.0,0.0,0.0013,2,0.6,512
ciciot2023:rung0.6,rf,Recon,23055,8694,0.639,0.9511,-0.0011,0.0,0.0,0.0097,2,0.6,512
ciciot2023:rung0.6,rf,Spoofing,12575,4759,0.8329,0.9518,-0.0018,0.0,0.0065,0.0121,2,0.6,512
ciciot2023:rung0.6,rf,Web,2135,811,0.9615,0.9547,-0.0047,-0.0246,-0.0007,0.0458,2,0.6,512
ciciot2023:rung0.6,rf,Benign,6299,2460,0.9255,0.9497,0.0003,0.0003,-0.0048,0.0164,2,0.6,6021
ciciot2023:rung0.6,rf,BruteForce,1371,532,0.9906,0.9709,-0.0209,-0.0163,-0.0038,0.056,2,0.6,6021
ciciot2023:rung0.6,rf,DDoS,68476,25936,0.5,0.9499,0.0001,0.0,0.0,0.0014,2,0.6,6021
ciciot2023:rung0.6,rf,DoS,25215,9571,0.5,0.9506,-0.0006,0.0,0.0,0.0014,2,0.6,6021
ciciot2023:rung0.6,rf,Mirai,18953,7237,0.5,0.9481,0.0019,0.0,0.0,0.0016,2,0.6,6021
ciciot2023:rung0.6,rf,Recon,23055,8694,0.652,0.952,-0.002,0.0,0.0,0.0082,2,0.6,6021
ciciot2023:rung0.6,rf,Spoofing,12575,4759,0.8333,0.9474,0.0026,0.0001,0.0002,0.0111,2,0.6,6021
ciciot2023:rung0.6,rf,Web,2135,811,0.9662,0.9564,-0.0064,-0.039,-0.0096,0.0597,2,0.6,6021
ciciot2023:rung0.6,rf,Benign,6299,2460,0.9311,0.9502,-0.0002,0.0003,0.0028,0.0167,2,0.6,7
ciciot2023:rung0.6,rf,BruteForce,1371,532,0.9913,0.9654,-0.0154,-0.0326,-0.0047,0.0596,2,0.6,7
ciciot2023:rung0.6,rf,DDoS,68476,25936,0.5,0.9505,-0.0005,0.0,0.0,0.0009,2,0.6,7
ciciot2023:rung0.6,rf,DoS,25215,9571,0.5,0.949,0.001,0.0,0.0,0.0015,2,0.6,7
ciciot2023:rung0.6,rf,Mirai,18953,7237,0.5,0.9492,0.0008,0.0,0.0,0.0012,2,0.6,7
ciciot2023:rung0.6,rf,Recon,23055,8694,0.6374,0.9513,-0.0013,0.0,0.0,0.0065,2,0.6,7
ciciot2023:rung0.6,rf,Spoofing,12575,4759,0.8341,0.951,-0.001,0.0007,0.0073,0.0133,2,0.6,7
ciciot2023:rung0.6,rf,Web,2135,811,0.9628,0.9575,-0.0075,-0.0203,-0.0028,0.0397,2,0.6,7
ciciot2023:rung0.6,rf,Benign,6299,2460,0.9347,0.9478,0.0022,0.001,0.0126,0.0223,2,0.6,88
ciciot2023:rung0.6,rf,BruteForce,1371,532,0.9906,0.9618,-0.0118,-0.0171,-0.0007,0.0586,2,0.6,88
ciciot2023:rung0.6,rf,DDoS,68476,25936,0.5,0.9502,-0.0002,0.0,0.0,0.001,2,0.6,88
ciciot2023:rung0.6,rf,DoS,25215,9571,0.5,0.9499,0.0001,0.0,0.0,0.0029,2,0.6,88
ciciot2023:rung0.6,rf,Mirai,18953,7237,0.5,0.9512,-0.0012,0.0,0.0,0.0015,2,0.6,88
ciciot2023:rung0.6,rf,Recon,23055,8694,0.6538,0.9508,-0.0008,-0.0,0.0,0.0064,2,0.6,88
ciciot2023:rung0.6,rf,Spoofing,12575,4759,0.8329,0.9541,-0.0041,0.0004,0.0146,0.0098,2,0.6,88
ciciot2023:rung0.6,rf,Web,2135,811,0.9654,0.9544,-0.0044,-0.0292,0.0003,0.0516,2,0.6,88
ciciot2023:rung0.6,rf,Benign,6299,2460,0.9323,0.9476,0.0024,0.001,0.0025,0.0191,2,0.6,91
ciciot2023:rung0.6,rf,BruteForce,1371,532,0.9899,0.9682,-0.0182,-0.02,-0.0049,0.0572,2,0.6,91
ciciot2023:rung0.6,rf,DDoS,68476,25936,0.5,0.9483,0.0017,0.0,0.0,0.0009,2,0.6,91
ciciot2023:rung0.6,rf,DoS,25215,9571,0.5,0.9513,-0.0013,0.0,0.0,0.0027,2,0.6,91
ciciot2023:rung0.6,rf,Mirai,18953,7237,0.5,0.9498,0.0002,0.0,0.0,0.001,2,0.6,91
ciciot2023:rung0.6,rf,Recon,23055,8694,0.6518,0.9492,0.0008,0.0,0.0,0.0083,2,0.6,91
ciciot2023:rung0.6,rf,Spoofing,12575,4759,0.8353,0.9526,-0.0026,0.0001,0.0074,0.0155,2,0.6,91
ciciot2023:rung0.6,rf,Web,2135,811,0.9652,0.9594,-0.0094,-0.0372,0.0036,0.069,2,0.6,91
ciciot2023:rung0.6,xgb,Benign,6299,2460,0.8944,0.9473,0.0027,0.0,-0.0108,0.0147,2,0.6,12345
ciciot2023:rung0.6,xgb,BruteForce,1371,532,0.9867,0.9605,-0.0105,0.0,-0.0149,0.0584,2,0.6,12345
ciciot2023:rung0.6,xgb,DDoS,68476,25936,0.5,0.9517,-0.0017,0.0,0.0,0.0002,2,0.6,12345
ciciot2023:rung0.6,xgb,DoS,25215,9571,0.5,0.9496,0.0004,0.0,0.0,0.0002,2,0.6,12345
ciciot2023:rung0.6,xgb,Mirai,18953,7237,0.5,0.948,0.002,0.0,0.0,0.0007,2,0.6,12345
ciciot2023:rung0.6,xgb,Recon,23055,8694,0.599,0.9523,-0.0023,0.0,0.0,0.0049,2,0.6,12345
ciciot2023:rung0.6,xgb,Spoofing,12575,4759,0.801,0.9498,0.0002,0.0,0.0206,0.0096,2,0.6,12345
ciciot2023:rung0.6,xgb,Web,2135,811,0.9606,0.9531,-0.0031,-0.0009,0.0056,0.0692,2,0.6,12345
ciciot2023:rung0.6,xgb,Benign,6299,2460,0.8867,0.9495,0.0005,0.0,0.0081,0.0241,2,0.6,1337
ciciot2023:rung0.6,xgb,BruteForce,1371,532,0.9858,0.9602,-0.0102,0.0,-0.0065,0.0645,2,0.6,1337
ciciot2023:rung0.6,xgb,DDoS,68476,25936,0.5,0.9492,0.0008,0.0,0.0,0.0002,2,0.6,1337
ciciot2023:rung0.6,xgb,DoS,25215,9571,0.5,0.949,0.001,0.0,0.0,0.0004,2,0.6,1337
ciciot2023:rung0.6,xgb,Mirai,18953,7237,0.5,0.9524,-0.0024,0.0,0.0,0.0004,2,0.6,1337
ciciot2023:rung0.6,xgb,Recon,23055,8694,0.5625,0.9466,0.0034,0.0,0.0,0.0062,2,0.6,1337
ciciot2023:rung0.6,xgb,Spoofing,12575,4759,0.8086,0.9486,0.0014,0.0,0.0148,0.0101,2,0.6,1337
ciciot2023:rung0.6,xgb,Web,2135,811,0.952,0.9582,-0.0082,-0.0022,0.0088,0.0702,2,0.6,1337
ciciot2023:rung0.6,xgb,Benign,6299,2460,0.8935,0.9447,0.0053,0.0,0.0039,0.0184,2,0.6,2024
ciciot2023:rung0.6,xgb,BruteForce,1371,532,0.9868,0.9615,-0.0115,0.0,-0.0054,0.0494,2,0.6,2024
ciciot2023:rung0.6,xgb,DDoS,68476,25936,0.5,0.9498,0.0002,0.0,0.0,0.0003,2,0.6,2024
ciciot2023:rung0.6,xgb,DoS,25215,9571,0.5,0.9501,-0.0001,0.0,0.0,0.0004,2,0.6,2024
ciciot2023:rung0.6,xgb,Mirai,18953,7237,0.5,0.9486,0.0014,0.0,0.0,0.0005,2,0.6,2024
ciciot2023:rung0.6,xgb,Recon,23055,8694,0.5315,0.9499,0.0001,0.0,0.0,0.0044,2,0.6,2024
ciciot2023:rung0.6,xgb,Spoofing,12575,4759,0.8043,0.9508,-0.0008,0.0,0.0483,0.0133,2,0.6,2024
ciciot2023:rung0.6,xgb,Web,2135,811,0.9622,0.9647,-0.0147,-0.0018,-0.0037,0.0678,2,0.6,2024
ciciot2023:rung0.6,xgb,Benign,6299,2460,0.8885,0.9477,0.0023,0.0,0.004,0.0185,2,0.6,3407
ciciot2023:rung0.6,xgb,BruteForce,1371,532,0.9858,0.9579,-0.0079,0.0,-0.0095,0.0518,2,0.6,3407
ciciot2023:rung0.6,xgb,DDoS,68476,25936,0.5,0.9488,0.0012,0.0,0.0,0.0003,2,0.6,3407
ciciot2023:rung0.6,xgb,DoS,25215,9571,0.5,0.9494,0.0006,0.0,0.0,0.0004,2,0.6,3407
ciciot2023:rung0.6,xgb,Mirai,18953,7237,0.5,0.9493,0.0007,0.0,0.0,0.0006,2,0.6,3407
ciciot2023:rung0.6,xgb,Recon,23055,8694,0.537,0.9519,-0.0019,0.0,0.0,0.0053,2,0.6,3407
ciciot2023:rung0.6,xgb,Spoofing,12575,4759,0.8015,0.9547,-0.0047,0.0,0.0216,0.0109,2,0.6,3407
ciciot2023:rung0.6,xgb,Web,2135,811,0.9543,0.9543,-0.0043,-0.0023,0.0021,0.0667,2,0.6,3407
ciciot2023:rung0.6,xgb,Benign,6299,2460,0.8842,0.9465,0.0035,0.0,0.0161,0.015,2,0.6,42
ciciot2023:rung0.6,xgb,BruteForce,1371,532,0.986,0.9645,-0.0145,0.0,-0.0081,0.0619,2,0.6,42
ciciot2023:rung0.6,xgb,DDoS,68476,25936,0.5,0.9507,-0.0007,0.0,0.0,0.0002,2,0.6,42
ciciot2023:rung0.6,xgb,DoS,25215,9571,0.5,0.9499,0.0001,0.0,0.0,0.0004,2,0.6,42
ciciot2023:rung0.6,xgb,Mirai,18953,7237,0.5,0.95,0.0,0.0,0.0,0.0008,2,0.6,42
ciciot2023:rung0.6,xgb,Recon,23055,8694,0.5644,0.9493,0.0007,0.0,0.0,0.0049,2,0.6,42
ciciot2023:rung0.6,xgb,Spoofing,12575,4759,0.8067,0.9496,0.0004,0.0,0.0271,0.0086,2,0.6,42
ciciot2023:rung0.6,xgb,Web,2135,811,0.9559,0.951,-0.001,-0.0044,0.0011,0.0697,2,0.6,42
ciciot2023:rung0.6,xgb,Benign,6299,2460,0.896,0.9513,-0.0013,0.0,0.0003,0.0195,2,0.6,512
ciciot2023:rung0.6,xgb,BruteForce,1371,532,0.9861,0.9607,-0.0107,0.0,0.0023,0.043,2,0.6,512
ciciot2023:rung0.6,xgb,DDoS,68476,25936,0.5,0.9499,0.0001,0.0,0.0,0.0002,2,0.6,512
ciciot2023:rung0.6,xgb,DoS,25215,9571,0.5,0.9512,-0.0012,0.0,0.0,0.0002,2,0.6,512
ciciot2023:rung0.6,xgb,Mirai,18953,7237,0.5,0.9495,0.0005,0.0,0.0,0.0001,2,0.6,512
ciciot2023:rung0.6,xgb,Recon,23055,8694,0.5937,0.9493,0.0007,0.0,0.0,0.0058,2,0.6,512
ciciot2023:rung0.6,xgb,Spoofing,12575,4759,0.8102,0.949,0.001,0.0,0.0222,0.0083,2,0.6,512
ciciot2023:rung0.6,xgb,Web,2135,811,0.9503,0.9506,-0.0006,-0.0027,0.0122,0.0549,2,0.6,512
ciciot2023:rung0.6,xgb,Benign,6299,2460,0.8988,0.9477,0.0023,0.0,-0.0036,0.0116,2,0.6,6021
ciciot2023:rung0.6,xgb,BruteForce,1371,532,0.9842,0.9564,-0.0064,0.0,-0.0042,0.0513,2,0.6,6021
ciciot2023:rung0.6,xgb,DDoS,68476,25936,0.5,0.9507,-0.0007,0.0,0.0,0.0002,2,0.6,6021
ciciot2023:rung0.6,xgb,DoS,25215,9571,0.5,0.9497,0.0003,0.0,0.0,0.0006,2,0.6,6021
ciciot2023:rung0.6,xgb,Mirai,18953,7237,0.5,0.9526,-0.0026,0.0,0.0,0.0006,2,0.6,6021
ciciot2023:rung0.6,xgb,Recon,23055,8694,0.5533,0.9477,0.0023,0.0,0.0,0.0067,2,0.6,6021
ciciot2023:rung0.6,xgb,Spoofing,12575,4759,0.8044,0.9518,-0.0018,0.0,0.032,0.0091,2,0.6,6021
ciciot2023:rung0.6,xgb,Web,2135,811,0.9605,0.9515,-0.0015,-0.0036,0.0002,0.0779,2,0.6,6021
ciciot2023:rung0.6,xgb,Benign,6299,2460,0.8972,0.9447,0.0053,0.0,0.0025,0.0136,2,0.6,7
ciciot2023:rung0.6,xgb,BruteForce,1371,532,0.9867,0.9575,-0.0075,0.0,-0.0078,0.0408,2,0.6,7
ciciot2023:rung0.6,xgb,DDoS,68476,25936,0.5,0.9494,0.0006,0.0,0.0,0.0003,2,0.6,7
ciciot2023:rung0.6,xgb,DoS,25215,9571,0.5,0.9526,-0.0026,0.0,0.0,0.0005,2,0.6,7
ciciot2023:rung0.6,xgb,Mirai,18953,7237,0.5,0.9504,-0.0004,0.0,0.0,0.0009,2,0.6,7
ciciot2023:rung0.6,xgb,Recon,23055,8694,0.5544,0.9514,-0.0014,0.0,0.0,0.0045,2,0.6,7
ciciot2023:rung0.6,xgb,Spoofing,12575,4759,0.7982,0.9491,0.0009,0.0,0.0346,0.0101,2,0.6,7
ciciot2023:rung0.6,xgb,Web,2135,811,0.9592,0.9619,-0.0119,-0.0022,0.0001,0.0552,2,0.6,7
ciciot2023:rung0.6,xgb,Benign,6299,2460,0.9018,0.9562,-0.0062,0.0,0.0005,0.0225,2,0.6,88
ciciot2023:rung0.6,xgb,BruteForce,1371,532,0.9858,0.9596,-0.0096,0.0,-0.0055,0.0549,2,0.6,88
ciciot2023:rung0.6,xgb,DDoS,68476,25936,0.5,0.9496,0.0004,0.0,0.0,0.0002,2,0.6,88
ciciot2023:rung0.6,xgb,DoS,25215,9571,0.5,0.9487,0.0013,0.0,0.0,0.0003,2,0.6,88
ciciot2023:rung0.6,xgb,Mirai,18953,7237,0.5,0.9478,0.0022,0.0,0.0,0.0002,2,0.6,88
ciciot2023:rung0.6,xgb,Recon,23055,8694,0.5694,0.9496,0.0004,0.0,0.0,0.0051,2,0.6,88
ciciot2023:rung0.6,xgb,Spoofing,12575,4759,0.8015,0.9525,-0.0025,0.0,0.001,0.0121,2,0.6,88
ciciot2023:rung0.6,xgb,Web,2135,811,0.9508,0.9383,0.0117,-0.0012,0.0068,0.0481,2,0.6,88
ciciot2023:rung0.6,xgb,Benign,6299,2460,0.8856,0.9483,0.0017,0.0,-0.0106,0.0188,2,0.6,91
ciciot2023:rung0.6,xgb,BruteForce,1371,532,0.985,0.9664,-0.0164,0.0,-0.0075,0.0515,2,0.6,91
ciciot2023:rung0.6,xgb,DDoS,68476,25936,0.5,0.9514,-0.0014,0.0,0.0,0.0002,2,0.6,91
ciciot2023:rung0.6,xgb,DoS,25215,9571,0.5,0.9522,-0.0022,0.0,0.0,0.0004,2,0.6,91
ciciot2023:rung0.6,xgb,Mirai,18953,7237,0.5,0.9471,0.0029,0.0,0.0,0.0006,2,0.6,91
ciciot2023:rung0.6,xgb,Recon,23055,8694,0.6058,0.9504,-0.0004,0.0,0.0,0.0043,2,0.6,91
ciciot2023:rung0.6,xgb,Spoofing,12575,4759,0.812,0.9541,-0.0041,0.0,0.0397,0.0153,2,0.6,91
ciciot2023:rung0.6,xgb,Web,2135,811,0.9548,0.9534,-0.0034,-0.0038,0.0068,0.0591,2,0.6,91
ciciot2023:rung0.8,mlp,Benign,6299,2387,0.9462,0.9465,0.0035,-0.0005,0.004,0.0211,2,0.8,12345
ciciot2023:rung0.8,mlp,BruteForce,1371,536,0.9909,0.9483,0.0017,0.003,-0.0001,0.0445,2,0.8,12345
ciciot2023:rung0.8,mlp,DDoS,68476,26082,0.5,0.9501,-0.0001,0.0,0.0,0.0057,2,0.8,12345
ciciot2023:rung0.8,mlp,DoS,25215,9420,0.5,0.9506,-0.0006,0.0,0.0,0.0113,2,0.8,12345
ciciot2023:rung0.8,mlp,Mirai,18953,7234,0.5,0.953,-0.003,0.0,0.0,0.0031,2,0.8,12345
ciciot2023:rung0.8,mlp,Recon,23055,8831,0.698,0.9473,0.0027,0.0012,0.0,0.0126,2,0.8,12345
ciciot2023:rung0.8,mlp,Spoofing,12575,4699,0.8816,0.9552,-0.0052,0.0002,-0.0124,0.0155,2,0.8,12345
ciciot2023:rung0.8,mlp,Web,2135,811,0.9695,0.9679,-0.0179,-0.0636,-0.0205,0.1292,2,0.8,12345
ciciot2023:rung0.8,mlp,Benign,6299,2387,0.935,0.9428,0.0072,0.0009,0.0037,0.0165,2,0.8,1337
ciciot2023:rung0.8,mlp,BruteForce,1371,536,0.9908,0.9601,-0.0101,0.006,-0.0042,0.0486,2,0.8,1337
ciciot2023:rung0.8,mlp,DDoS,68476,26082,0.5,0.9499,0.0001,0.0,0.0,0.0047,2,0.8,1337
ciciot2023:rung0.8,mlp,DoS,25215,9420,0.5,0.9493,0.0007,0.0,0.0,0.0144,2,0.8,1337
ciciot2023:rung0.8,mlp,Mirai,18953,7234,0.5,0.9527,-0.0027,0.0,0.0,0.0034,2,0.8,1337
ciciot2023:rung0.8,mlp,Recon,23055,8831,0.6972,0.952,-0.002,0.0002,0.0,0.0072,2,0.8,1337
ciciot2023:rung0.8,mlp,Spoofing,12575,4699,0.8814,0.9555,-0.0055,0.0,-0.0058,0.0156,2,0.8,1337
ciciot2023:rung0.8,mlp,Web,2135,811,0.9739,0.9509,-0.0009,-0.0278,-0.0024,0.091,2,0.8,1337
ciciot2023:rung0.8,mlp,Benign,6299,2387,0.9371,0.9467,0.0033,-0.0003,-0.0098,0.0171,2,0.8,2024
ciciot2023:rung0.8,mlp,BruteForce,1371,536,0.9919,0.9562,-0.0062,0.0193,-0.0036,0.0501,2,0.8,2024
ciciot2023:rung0.8,mlp,DDoS,68476,26082,0.5,0.949,0.001,0.0,0.0,0.0042,2,0.8,2024
ciciot2023:rung0.8,mlp,DoS,25215,9420,0.5,0.9511,-0.0011,0.0,0.0,0.0104,2,0.8,2024
ciciot2023:rung0.8,mlp,Mirai,18953,7234,0.5,0.9504,-0.0004,0.0,0.0,0.002,2,0.8,2024
ciciot2023:rung0.8,mlp,Recon,23055,8831,0.7058,0.9526,-0.0026,0.0004,0.0,0.0078,2,0.8,2024
ciciot2023:rung0.8,mlp,Spoofing,12575,4699,0.8882,0.9545,-0.0045,0.0,-0.0112,0.0197,2,0.8,2024
ciciot2023:rung0.8,mlp,Web,2135,811,0.9714,0.963,-0.013,-0.0014,-0.0024,0.0669,2,0.8,2024
ciciot2023:rung0.8,mlp,Benign,6299,2387,0.9506,0.9515,-0.0015,-0.0009,0.0009,0.014,2,0.8,3407
ciciot2023:rung0.8,mlp,BruteForce,1371,536,0.9923,0.9489,0.0011,-0.0007,-0.0019,0.0374,2,0.8,3407
ciciot2023:rung0.8,mlp,DDoS,68476,26082,0.5,0.9498,0.0002,0.0,0.0,0.0032,2,0.8,3407
ciciot2023:rung0.8,mlp,DoS,25215,9420,0.5,0.9503,-0.0003,0.0,0.0,0.0072,2,0.8,3407
ciciot2023:rung0.8,mlp,Mirai,18953,7234,0.5,0.9516,-0.0016,0.0,0.0,0.0052,2,0.8,3407
ciciot2023:rung0.8,mlp,Recon,23055,8831,0.703,0.9499,0.0001,0.0003,0.0,0.0121,2,0.8,3407
ciciot2023:rung0.8,mlp,Spoofing,12575,4699,0.8852,0.9539,-0.0039,0.0006,-0.0072,0.0182,2,0.8,3407
ciciot2023:rung0.8,mlp,Web,2135,811,0.9747,0.9682,-0.0182,-0.0886,-0.0188,0.171,2,0.8,3407
ciciot2023:rung0.8,mlp,Benign,6299,2387,0.9472,0.9465,0.0035,0.0038,0.0075,0.0263,2,0.8,42
ciciot2023:rung0.8,mlp,BruteForce,1371,536,0.989,0.9498,0.0002,-0.0048,-0.0014,0.0251,2,0.8,42
ciciot2023:rung0.8,mlp,DDoS,68476,26082,0.5,0.9508,-0.0008,0.0,0.0,0.005,2,0.8,42
ciciot2023:rung0.8,mlp,DoS,25215,9420,0.4999,0.9504,-0.0004,-0.0,0.0,0.0097,2,0.8,42
ciciot2023:rung0.8,mlp,Mirai,18953,7234,0.4999,0.9535,-0.0035,0.0,0.0,0.004,2,0.8,42
ciciot2023:rung0.8,mlp,Recon,23055,8831,0.7071,0.9486,0.0014,-0.0001,0.0,0.0069,2,0.8,42
ciciot2023:rung0.8,mlp,Spoofing,12575,4699,0.8862,0.9528,-0.0028,0.0,-0.0034,0.0139,2,0.8,42
ciciot2023:rung0.8,mlp,Web,2135,811,0.9702,0.9625,-0.0125,-0.0263,-0.0042,0.1122,2,0.8,42
ciciot2023:rung0.8,mlp,Benign,6299,2387,0.9468,0.9481,0.0019,0.0018,-0.0043,0.016,2,0.8,512
ciciot2023:rung0.8,mlp,BruteForce,1371,536,0.9914,0.9687,-0.0187,0.0137,-0.0002,0.0309,2,0.8,512
ciciot2023:rung0.8,mlp,DDoS,68476,26082,0.5,0.9488,0.0012,0.0,0.0,0.0069,2,0.8,512
ciciot2023:rung0.8,mlp,DoS,25215,9420,0.4999,0.951,-0.001,0.0,0.0,0.0087,2,0.8,512
ciciot2023:rung0.8,mlp,Mirai,18953,7234,0.4999,0.9514,-0.0014,0.0,0.0,0.0044,2,0.8,512
ciciot2023:rung0.8,mlp,Recon,23055,8831,0.7061,0.952,-0.002,0.0009,0.0,0.0084,2,0.8,512
ciciot2023:rung0.8,mlp,Spoofing,12575,4699,0.8845,0.9552,-0.0052,-0.0,-0.0141,0.0164,2,0.8,512
ciciot2023:rung0.8,mlp,Web,2135,811,0.9737,0.9592,-0.0092,-0.0228,-0.0215,0.0892,2,0.8,512
ciciot2023:rung0.8,mlp,Benign,6299,2387,0.9376,0.9502,-0.0002,0.0013,0.0011,0.0192,2,0.8,6021
ciciot2023:rung0.8,mlp,BruteForce,1371,536,0.9907,0.9509,-0.0009,0.0104,-0.0038,0.045,2,0.8,6021
ciciot2023:rung0.8,mlp,DDoS,68476,26082,0.5,0.9493,0.0007,0.0,0.0,0.0029,2,0.8,6021
ciciot2023:rung0.8,mlp,DoS,25215,9420,0.5,0.9499,0.0001,0.0,0.0,0.0041,2,0.8,6021
ciciot2023:rung0.8,mlp,Mirai,18953,7234,0.5,0.9501,-0.0001,0.0,0.0,0.0028,2,0.8,6021
ciciot2023:rung0.8,mlp,Recon,23055,8831,0.6559,0.9454,0.0046,0.0015,0.0,0.0096,2,0.8,6021
ciciot2023:rung0.8,mlp,Spoofing,12575,4699,0.8805,0.9509,-0.0009,0.0,-0.004,0.0189,2,0.8,6021
ciciot2023:rung0.8,mlp,Web,2135,811,0.9706,0.9649,-0.0149,-0.0019,-0.019,0.0569,2,0.8,6021
ciciot2023:rung0.8,mlp,Benign,6299,2387,0.9438,0.9457,0.0043,-0.0003,0.0036,0.0214,2,0.8,7
ciciot2023:rung0.8,mlp,BruteForce,1371,536,0.9927,0.9588,-0.0088,-0.0025,-0.0008,0.0435,2,0.8,7
ciciot2023:rung0.8,mlp,DDoS,68476,26082,0.5,0.9507,-0.0007,0.0,0.0,0.0046,2,0.8,7
ciciot2023:rung0.8,mlp,DoS,25215,9420,0.5,0.9485,0.0015,-0.0,0.0,0.0076,2,0.8,7
ciciot2023:rung0.8,mlp,Mirai,18953,7234,0.5,0.9481,0.0019,0.0,0.0,0.0038,2,0.8,7
ciciot2023:rung0.8,mlp,Recon,23055,8831,0.6773,0.9532,-0.0032,0.0005,0.0,0.0078,2,0.8,7
ciciot2023:rung0.8,mlp,Spoofing,12575,4699,0.8786,0.9579,-0.0079,0.0,-0.0121,0.0187,2,0.8,7
ciciot2023:rung0.8,mlp,Web,2135,811,0.9775,0.9613,-0.0113,-0.0358,-0.0154,0.1269,2,0.8,7
ciciot2023:rung0.8,mlp,Benign,6299,2387,0.9434,0.9461,0.0039,0.0008,-0.0014,0.0244,2,0.8,88
ciciot2023:rung0.8,mlp,BruteForce,1371,536,0.99,0.9543,-0.0043,0.0027,-0.0002,0.0356,2,0.8,88
ciciot2023:rung0.8,mlp,DDoS,68476,26082,0.5,0.9508,-0.0008,0.0,0.0,0.006,2,0.8,88
ciciot2023:rung0.8,mlp,DoS,25215,9420,0.4999,0.95,0.0,0.0,0.0,0.0075,2,0.8,88
ciciot2023:rung0.8,mlp,Mirai,18953,7234,0.4999,0.9501,-0.0001,0.0,0.0,0.0025,2,0.8,88
ciciot2023:rung0.8,mlp,Recon,23055,8831,0.6871,0.9511,-0.0011,0.0006,0.0,0.0108,2,0.8,88
ciciot2023:rung0.8,mlp,Spoofing,12575,4699,0.8848,0.9515,-0.0015,0.0001,-0.0039,0.01,2,0.8,88
ciciot2023:rung0.8,mlp,Web,2135,811,0.9736,0.9687,-0.0187,-0.0,-0.0151,0.0787,2,0.8,88
ciciot2023:rung0.8,mlp,Benign,6299,2387,0.944,0.9487,0.0013,0.0008,0.0042,0.0119,2,0.8,91
ciciot2023:rung0.8,mlp,BruteForce,1371,536,0.9914,0.9659,-0.0159,0.0069,0.0001,0.0296,2,0.8,91
ciciot2023:rung0.8,mlp,DDoS,68476,26082,0.5,0.9497,0.0003,0.0,0.0,0.0051,2,0.8,91
ciciot2023:rung0.8,mlp,DoS,25215,9420,0.4999,0.9495,0.0005,0.0,0.0,0.0078,2,0.8,91
ciciot2023:rung0.8,mlp,Mirai,18953,7234,0.4999,0.9512,-0.0012,0.0,0.0,0.0026,2,0.8,91
ciciot2023:rung0.8,mlp,Recon,23055,8831,0.6895,0.9524,-0.0024,0.0001,0.0,0.0079,2,0.8,91
ciciot2023:rung0.8,mlp,Spoofing,12575,4699,0.8837,0.9561,-0.0061,0.0,-0.003,0.0149,2,0.8,91
ciciot2023:rung0.8,mlp,Web,2135,811,0.9704,0.9618,-0.0118,-0.0248,-0.0174,0.0799,2,0.8,91
ciciot2023:rung0.8,rf,Benign,6299,2387,0.934,0.9531,-0.0031,0.0018,-0.0021,0.0272,2,0.8,12345
ciciot2023:rung0.8,rf,BruteForce,1371,536,0.991,0.9526,-0.0026,-0.009,0.0024,0.0374,2,0.8,12345
ciciot2023:rung0.8,rf,DDoS,68476,26082,0.5,0.95,-0.0,0.0,0.0,0.0006,2,0.8,12345
ciciot2023:rung0.8,rf,DoS,25215,9420,0.5,0.9512,-0.0012,0.0,0.0,0.001,2,0.8,12345
ciciot2023:rung0.8,rf,Mirai,18953,7234,0.5,0.949,0.001,0.0,0.0,0.0024,2,0.8,12345
ciciot2023:rung0.8,rf,Recon,23055,8831,0.6647,0.9498,0.0002,0.0002,0.0,0.0069,2,0.8,12345
ciciot2023:rung0.8,rf,Spoofing,12575,4699,0.8412,0.955,-0.005,0.0,-0.0102,0.0142,2,0.8,12345
ciciot2023:rung0.8,rf,Web,2135,811,0.9673,0.956,-0.006,-0.0369,0.0013,0.0843,2,0.8,12345
ciciot2023:rung0.8,rf,Benign,6299,2387,0.9388,0.9457,0.0043,0.0007,0.0089,0.0252,2,0.8,1337
ciciot2023:rung0.8,rf,BruteForce,1371,536,0.9892,0.9472,0.0028,-0.0017,0.0029,0.0317,2,0.8,1337
ciciot2023:rung0.8,rf,DDoS,68476,26082,0.5,0.9498,0.0002,0.0,0.0,0.002,2,0.8,1337
ciciot2023:rung0.8,rf,DoS,25215,9420,0.5,0.9473,0.0027,0.0,0.0,0.0014,2,0.8,1337
ciciot2023:rung0.8,rf,Mirai,18953,7234,0.5,0.9497,0.0003,0.0,0.0,0.0023,2,0.8,1337
ciciot2023:rung0.8,rf,Recon,23055,8831,0.6425,0.9478,0.0022,0.0002,0.0,0.0089,2,0.8,1337
ciciot2023:rung0.8,rf,Spoofing,12575,4699,0.8372,0.9544,-0.0044,-0.0001,-0.0108,0.0136,2,0.8,1337
ciciot2023:rung0.8,rf,Web,2135,811,0.9627,0.9519,-0.0019,-0.0289,-0.0099,0.0709,2,0.8,1337
ciciot2023:rung0.8,rf,Benign,6299,2387,0.9317,0.9522,-0.0022,0.0018,0.0027,0.0245,2,0.8,2024
ciciot2023:rung0.8,rf,BruteForce,1371,536,0.9881,0.9453,0.0047,-0.0047,0.0053,0.0289,2,0.8,2024
ciciot2023:rung0.8,rf,DDoS,68476,26082,0.5,0.9509,-0.0009,0.0,0.0,0.0014,2,0.8,2024
ciciot2023:rung0.8,rf,DoS,25215,9420,0.5,0.9493,0.0007,0.0,0.0,0.0014,2,0.8,2024
ciciot2023:rung0.8,rf,Mirai,18953,7234,0.5,0.9532,-0.0032,0.0,0.0,0.002,2,0.8,2024
ciciot2023:rung0.8,rf,Recon,23055,8831,0.6431,0.951,-0.001,0.0001,0.0,0.0091,2,0.8,2024
ciciot2023:rung0.8,rf,Spoofing,12575,4699,0.8414,0.9492,0.0008,-0.0002,-0.0048,0.0148,2,0.8,2024
ciciot2023:rung0.8,rf,Web,2135,811,0.9684,0.9631,-0.0131,-0.0381,-0.0064,0.0775,2,0.8,2024
ciciot2023:rung0.8,rf,Benign,6299,2387,0.9328,0.9504,-0.0004,0.0014,0.0123,0.0237,2,0.8,3407
ciciot2023:rung0.8,rf,BruteForce,1371,536,0.9888,0.9354,0.0146,-0.0066,0.0027,0.0433,2,0.8,3407
ciciot2023:rung0.8,rf,DDoS,68476,26082,0.5,0.9501,-0.0001,0.0,0.0,0.0013,2,0.8,3407
ciciot2023:rung0.8,rf,DoS,25215,9420,0.5,0.9484,0.0016,0.0,0.0,0.0013,2,0.8,3407
ciciot2023:rung0.8,rf,Mirai,18953,7234,0.5,0.9518,-0.0018,0.0,0.0,0.0028,2,0.8,3407
ciciot2023:rung0.8,rf,Recon,23055,8831,0.6369,0.9509,-0.0009,0.0,0.0,0.009,2,0.8,3407
ciciot2023:rung0.8,rf,Spoofing,12575,4699,0.8364,0.9564,-0.0064,-0.0002,-0.0041,0.0105,2,0.8,3407
ciciot2023:rung0.8,rf,Web,2135,811,0.9672,0.9626,-0.0126,-0.0208,-0.0077,0.0626,2,0.8,3407
ciciot2023:rung0.8,rf,Benign,6299,2387,0.9297,0.9531,-0.0031,0.0012,0.0103,0.0204,2,0.8,42
ciciot2023:rung0.8,rf,BruteForce,1371,536,0.9895,0.9382,0.0118,-0.0014,0.002,0.0302,2,0.8,42
ciciot2023:rung0.8,rf,DDoS,68476,26082,0.5,0.9487,0.0013,0.0,0.0,0.001,2,0.8,42
ciciot2023:rung0.8,rf,DoS,25215,9420,0.5,0.9486,0.0014,0.0,0.0,0.0017,2,0.8,42
ciciot2023:rung0.8,rf,Mirai,18953,7234,0.5,0.9542,-0.0042,0.0,0.0,0.0023,2,0.8,42
ciciot2023:rung0.8,rf,Recon,23055,8831,0.6298,0.9492,0.0008,0.0,0.0,0.0066,2,0.8,42
ciciot2023:rung0.8,rf,Spoofing,12575,4699,0.8401,0.9555,-0.0055,-0.0001,-0.0015,0.0109,2,0.8,42
ciciot2023:rung0.8,rf,Web,2135,811,0.9721,0.9496,0.0004,-0.0285,-0.0013,0.0689,2,0.8,42
ciciot2023:rung0.8,rf,Benign,6299,2387,0.9307,0.9523,-0.0023,0.0007,-0.012,0.022,2,0.8,512
ciciot2023:rung0.8,rf,BruteForce,1371,536,0.9874,0.9563,-0.0063,-0.0135,0.0003,0.0391,2,0.8,512
ciciot2023:rung0.8,rf,DDoS,68476,26082,0.5,0.9495,0.0005,0.0,0.0,0.0011,2,0.8,512
ciciot2023:rung0.8,rf,DoS,25215,9420,0.5,0.949,0.001,0.0,0.0,0.001,2,0.8,512
ciciot2023:rung0.8,rf,Mirai,18953,7234,0.5,0.9506,-0.0006,0.0,0.0,0.0022,2,0.8,512
ciciot2023:rung0.8,rf,Recon,23055,8831,0.639,0.9478,0.0022,0.0,0.0,0.0075,2,0.8,512
ciciot2023:rung0.8,rf,Spoofing,12575,4699,0.8329,0.9518,-0.0018,-0.0001,-0.0118,0.013,2,0.8,512
ciciot2023:rung0.8,rf,Web,2135,811,0.9615,0.9438,0.0062,-0.028,0.0043,0.067,2,0.8,512
ciciot2023:rung0.8,rf,Benign,6299,2387,0.9255,0.9547,-0.0047,0.001,0.0144,0.0212,2,0.8,6021
ciciot2023:rung0.8,rf,BruteForce,1371,536,0.9906,0.9511,-0.0011,-0.0052,0.0019,0.0343,2,0.8,6021
ciciot2023:rung0.8,rf,DDoS,68476,26082,0.5,0.9504,-0.0004,0.0,0.0,0.0011,2,0.8,6021
ciciot2023:rung0.8,rf,DoS,25215,9420,0.5,0.9477,0.0023,0.0,0.0,0.0011,2,0.8,6021
ciciot2023:rung0.8,rf,Mirai,18953,7234,0.5,0.9495,0.0005,0.0,0.0,0.0022,2,0.8,6021
ciciot2023:rung0.8,rf,Recon,23055,8831,0.652,0.946,0.004,0.0001,0.0,0.0082,2,0.8,6021
ciciot2023:rung0.8,rf,Spoofing,12575,4699,0.8333,0.9518,-0.0018,-0.0001,-0.0077,0.0109,2,0.8,6021
ciciot2023:rung0.8,rf,Web,2135,811,0.9662,0.9535,-0.0035,-0.0427,-0.0055,0.0761,2,0.8,6021
ciciot2023:rung0.8,rf,Benign,6299,2387,0.9311,0.9524,-0.0024,0.0013,0.0063,0.0255,2,0.8,7
ciciot2023:rung0.8,rf,BruteForce,1371,536,0.9913,0.9476,0.0024,-0.0033,0.0034,0.0295,2,0.8,7
ciciot2023:rung0.8,rf,DDoS,68476,26082,0.5,0.9485,0.0015,0.0,0.0,0.0013,2,0.8,7
ciciot2023:rung0.8,rf,DoS,25215,9420,0.5,0.9529,-0.0029,0.0,0.0,0.0022,2,0.8,7
ciciot2023:rung0.8,rf,Mirai,18953,7234,0.5,0.9498,0.0002,0.0,0.0,0.002,2,0.8,7
ciciot2023:rung0.8,rf,Recon,23055,8831,0.6374,0.9486,0.0014,0.0001,0.0,0.0083,2,0.8,7
ciciot2023:rung0.8,rf,Spoofing,12575,4699,0.8341,0.9538,-0.0038,-0.0,-0.0033,0.013,2,0.8,7
ciciot2023:rung0.8,rf,Web,2135,811,0.9628,0.9523,-0.0023,-0.0268,0.0022,0.0615,2,0.8,7
ciciot2023:rung0.8,rf,Benign,6299,2387,0.9347,0.9519,-0.0019,0.0016,0.0135,0.0324,2,0.8,88
ciciot2023:rung0.8,rf,BruteForce,1371,536,0.9906,0.9494,0.0006,-0.0015,0.0044,0.0294,2,0.8,88
ciciot2023:rung0.8,rf,DDoS,68476,26082,0.5,0.9496,0.0004,0.0,0.0,0.0009,2,0.8,88
ciciot2023:rung0.8,rf,DoS,25215,9420,0.5,0.9493,0.0007,0.0,0.0,0.0019,2,0.8,88
ciciot2023:rung0.8,rf,Mirai,18953,7234,0.5,0.9523,-0.0023,0.0,0.0,0.0022,2,0.8,88
ciciot2023:rung0.8,rf,Recon,23055,8831,0.6538,0.9507,-0.0007,0.0,0.0,0.0097,2,0.8,88
ciciot2023:rung0.8,rf,Spoofing,12575,4699,0.8329,0.9539,-0.0039,-0.0001,-0.0053,0.015,2,0.8,88
ciciot2023:rung0.8,rf,Web,2135,811,0.9654,0.9566,-0.0066,-0.0339,-0.0055,0.0904,2,0.8,88
ciciot2023:rung0.8,rf,Benign,6299,2387,0.9323,0.9523,-0.0023,0.0018,0.0115,0.0294,2,0.8,91
ciciot2023:rung0.8,rf,BruteForce,1371,536,0.9899,0.9504,-0.0004,-0.001,-0.0031,0.0341,2,0.8,91
ciciot2023:rung0.8,rf,DDoS,68476,26082,0.5,0.9499,0.0001,0.0,0.0,0.0014,2,0.8,91
ciciot2023:rung0.8,rf,DoS,25215,9420,0.5,0.9506,-0.0006,0.0,0.0,0.0021,2,0.8,91
ciciot2023:rung0.8,rf,Mirai,18953,7234,0.5,0.951,-0.001,0.0,0.0,0.0018,2,0.8,91
ciciot2023:rung0.8,rf,Recon,23055,8831,0.6518,0.9484,0.0016,0.0,0.0,0.0062,2,0.8,91
ciciot2023:rung0.8,rf,Spoofing,12575,4699,0.8353,0.951,-0.001,0.0,-0.0062,0.0129,2,0.8,91
ciciot2023:rung0.8,rf,Web,2135,811,0.9652,0.9512,-0.0012,-0.0499,-0.0014,0.0994,2,0.8,91
ciciot2023:rung0.8,xgb,Benign,6299,2387,0.8944,0.954,-0.004,0.0,-0.0065,0.0103,2,0.8,12345
ciciot2023:rung0.8,xgb,BruteForce,1371,536,0.9867,0.9586,-0.0086,0.0,0.0016,0.038,2,0.8,12345
ciciot2023:rung0.8,xgb,DDoS,68476,26082,0.5,0.9506,-0.0006,0.0,0.0,0.0002,2,0.8,12345
ciciot2023:rung0.8,xgb,DoS,25215,9420,0.5,0.9506,-0.0006,0.0,0.0,0.0005,2,0.8,12345
ciciot2023:rung0.8,xgb,Mirai,18953,7234,0.5,0.9512,-0.0012,0.0,0.0,0.0002,2,0.8,12345
ciciot2023:rung0.8,xgb,Recon,23055,8831,0.599,0.9529,-0.0029,0.0,0.0,0.0123,2,0.8,12345
ciciot2023:rung0.8,xgb,Spoofing,12575,4699,0.801,0.9485,0.0015,0.0,0.0071,0.0132,2,0.8,12345
ciciot2023:rung0.8,xgb,Web,2135,811,0.9606,0.9492,0.0008,-0.0031,0.0065,0.0982,2,0.8,12345
ciciot2023:rung0.8,xgb,Benign,6299,2387,0.8867,0.9506,-0.0006,0.0,0.0148,0.0156,2,0.8,1337
ciciot2023:rung0.8,xgb,BruteForce,1371,536,0.9858,0.9545,-0.0045,0.0,0.0017,0.0296,2,0.8,1337
ciciot2023:rung0.8,xgb,DDoS,68476,26082,0.5,0.9501,-0.0001,0.0,0.0,0.0002,2,0.8,1337
ciciot2023:rung0.8,xgb,DoS,25215,9420,0.5,0.9498,0.0002,0.0,0.0,0.0002,2,0.8,1337
ciciot2023:rung0.8,xgb,Mirai,18953,7234,0.5,0.953,-0.003,0.0,0.0,0.0002,2,0.8,1337
ciciot2023:rung0.8,xgb,Recon,23055,8831,0.5625,0.947,0.003,0.0,0.0,0.0066,2,0.8,1337
ciciot2023:rung0.8,xgb,Spoofing,12575,4699,0.8086,0.9538,-0.0038,0.0,-0.01,0.0156,2,0.8,1337
ciciot2023:rung0.8,xgb,Web,2135,811,0.952,0.9386,0.0114,-0.0099,0.0014,0.1044,2,0.8,1337
ciciot2023:rung0.8,xgb,Benign,6299,2387,0.8935,0.9576,-0.0076,0.0,0.0034,0.0122,2,0.8,2024
ciciot2023:rung0.8,xgb,BruteForce,1371,536,0.9868,0.9565,-0.0065,0.0,0.0017,0.047,2,0.8,2024
ciciot2023:rung0.8,xgb,DDoS,68476,26082,0.5,0.9492,0.0008,0.0,0.0,0.0002,2,0.8,2024
ciciot2023:rung0.8,xgb,DoS,25215,9420,0.5,0.9486,0.0014,0.0,0.0,0.0007,2,0.8,2024
ciciot2023:rung0.8,xgb,Mirai,18953,7234,0.5,0.9498,0.0002,0.0,0.0,0.0003,2,0.8,2024
ciciot2023:rung0.8,xgb,Recon,23055,8831,0.5315,0.9489,0.0011,0.0,0.0,0.0074,2,0.8,2024
ciciot2023:rung0.8,xgb,Spoofing,12575,4699,0.8043,0.9484,0.0016,0.0,0.0086,0.0091,2,0.8,2024
ciciot2023:rung0.8,xgb,Web,2135,811,0.9622,0.944,0.006,-0.0044,0.0023,0.107,2,0.8,2024
ciciot2023:rung0.8,xgb,Benign,6299,2387,0.8885,0.9556,-0.0056,0.0,-0.0138,0.0101,2,0.8,3407
ciciot2023:rung0.8,xgb,BruteForce,1371,536,0.9858,0.9483,0.0017,0.0,0.0032,0.053,2,0.8,3407
ciciot2023:rung0.8,xgb,DDoS,68476,26082,0.5,0.9504,-0.0004,0.0,0.0,0.0002,2,0.8,3407
ciciot2023:rung0.8,xgb,DoS,25215,9420,0.5,0.9501,-0.0001,0.0,0.0,0.0003,2,0.8,3407
ciciot2023:rung0.8,xgb,Mirai,18953,7234,0.5,0.9517,-0.0017,0.0,0.0,0.0003,2,0.8,3407
ciciot2023:rung0.8,xgb,Recon,23055,8831,0.537,0.9482,0.0018,0.0,0.0,0.0108,2,0.8,3407
ciciot2023:rung0.8,xgb,Spoofing,12575,4699,0.8015,0.9507,-0.0007,0.0,0.0137,0.0114,2,0.8,3407
ciciot2023:rung0.8,xgb,Web,2135,811,0.9543,0.9427,0.0073,-0.0084,-0.0045,0.1111,2,0.8,3407
ciciot2023:rung0.8,xgb,Benign,6299,2387,0.8842,0.9532,-0.0032,0.0,0.0149,0.0137,2,0.8,42
ciciot2023:rung0.8,xgb,BruteForce,1371,536,0.986,0.9552,-0.0052,0.0,0.0004,0.043,2,0.8,42
ciciot2023:rung0.8,xgb,DDoS,68476,26082,0.5,0.9505,-0.0005,0.0,0.0,0.0003,2,0.8,42
ciciot2023:rung0.8,xgb,DoS,25215,9420,0.5,0.9505,-0.0005,0.0,0.0,0.0006,2,0.8,42
ciciot2023:rung0.8,xgb,Mirai,18953,7234,0.5,0.9522,-0.0022,0.0,0.0,0.0002,2,0.8,42
ciciot2023:rung0.8,xgb,Recon,23055,8831,0.5644,0.9495,0.0005,0.0,0.0,0.0073,2,0.8,42
ciciot2023:rung0.8,xgb,Spoofing,12575,4699,0.8067,0.95,0.0,0.0,0.0073,0.0157,2,0.8,42
ciciot2023:rung0.8,xgb,Web,2135,811,0.9559,0.9514,-0.0014,-0.0121,0.0133,0.1225,2,0.8,42
ciciot2023:rung0.8,xgb,Benign,6299,2387,0.896,0.9552,-0.0052,0.0,-0.006,0.0126,2,0.8,512
ciciot2023:rung0.8,xgb,BruteForce,1371,536,0.9861,0.9575,-0.0075,0.0,0.0032,0.0504,2,0.8,512
ciciot2023:rung0.8,xgb,DDoS,68476,26082,0.5,0.9502,-0.0002,0.0,0.0,0.0001,2,0.8,512
ciciot2023:rung0.8,xgb,DoS,25215,9420,0.5,0.9491,0.0009,0.0,0.0,0.0005,2,0.8,512
ciciot2023:rung0.8,xgb,Mirai,18953,7234,0.5,0.9509,-0.0009,0.0,0.0,0.0002,2,0.8,512
ciciot2023:rung0.8,xgb,Recon,23055,8831,0.5937,0.9493,0.0007,0.0,0.0,0.0103,2,0.8,512
ciciot2023:rung0.8,xgb,Spoofing,12575,4699,0.8102,0.9476,0.0024,0.0,0.0057,0.0137,2,0.8,512
ciciot2023:rung0.8,xgb,Web,2135,811,0.9503,0.937,0.013,-0.0112,0.0173,0.1071,2,0.8,512
ciciot2023:rung0.8,xgb,Benign,6299,2387,0.8988,0.9523,-0.0023,0.0,-0.0133,0.0104,2,0.8,6021
ciciot2023:rung0.8,xgb,BruteForce,1371,536,0.9842,0.9526,-0.0026,0.0,0.0037,0.0588,2,0.8,6021
ciciot2023:rung0.8,xgb,DDoS,68476,26082,0.5,0.9497,0.0003,0.0,0.0,0.0003,2,0.8,6021
ciciot2023:rung0.8,xgb,DoS,25215,9420,0.5,0.9508,-0.0008,0.0,0.0,0.0008,2,0.8,6021
ciciot2023:rung0.8,xgb,Mirai,18953,7234,0.5,0.9502,-0.0002,0.0,0.0,0.0003,2,0.8,6021
ciciot2023:rung0.8,xgb,Recon,23055,8831,0.5533,0.9492,0.0008,0.0,0.0,0.01,2,0.8,6021
ciciot2023:rung0.8,xgb,Spoofing,12575,4699,0.8044,0.9545,-0.0045,0.0,0.0058,0.0154,2,0.8,6021
ciciot2023:rung0.8,xgb,Web,2135,811,0.9605,0.9472,0.0028,-0.0036,0.0034,0.1118,2,0.8,6021
ciciot2023:rung0.8,xgb,Benign,6299,2387,0.8972,0.9561,-0.0061,0.0,0.0047,0.0098,2,0.8,7
ciciot2023:rung0.8,xgb,BruteForce,1371,536,0.9867,0.9502,-0.0002,0.0,0.0088,0.0469,2,0.8,7
ciciot2023:rung0.8,xgb,DDoS,68476,26082,0.5,0.9514,-0.0014,0.0,0.0,0.0002,2,0.8,7
ciciot2023:rung0.8,xgb,DoS,25215,9420,0.5,0.9486,0.0014,0.0,0.0,0.0006,2,0.8,7
ciciot2023:rung0.8,xgb,Mirai,18953,7234,0.5,0.9509,-0.0009,0.0,0.0,0.0002,2,0.8,7
ciciot2023:rung0.8,xgb,Recon,23055,8831,0.5544,0.9483,0.0017,0.0,0.0,0.0065,2,0.8,7
ciciot2023:rung0.8,xgb,Spoofing,12575,4699,0.7982,0.9536,-0.0036,0.0,-0.0015,0.0169,2,0.8,7
ciciot2023:rung0.8,xgb,Web,2135,811,0.9592,0.9388,0.0112,-0.0068,-0.0011,0.1078,2,0.8,7
ciciot2023:rung0.8,xgb,Benign,6299,2387,0.9018,0.9482,0.0018,0.0,0.0013,0.0068,2,0.8,88
ciciot2023:rung0.8,xgb,BruteForce,1371,536,0.9858,0.9478,0.0022,0.0,0.0058,0.0621,2,0.8,88
ciciot2023:rung0.8,xgb,DDoS,68476,26082,0.5,0.9509,-0.0009,0.0,0.0,0.0002,2,0.8,88
ciciot2023:rung0.8,xgb,DoS,25215,9420,0.5,0.9515,-0.0015,0.0,0.0,0.0005,2,0.8,88
ciciot2023:rung0.8,xgb,Mirai,18953,7234,0.5,0.9508,-0.0008,0.0,0.0,0.0008,2,0.8,88
ciciot2023:rung0.8,xgb,Recon,23055,8831,0.5694,0.9489,0.0011,0.0,0.0,0.0087,2,0.8,88
ciciot2023:rung0.8,xgb,Spoofing,12575,4699,0.8015,0.9505,-0.0005,0.0,0.008,0.0119,2,0.8,88
ciciot2023:rung0.8,xgb,Web,2135,811,0.9508,0.9316,0.0184,-0.003,0.013,0.0814,2,0.8,88
ciciot2023:rung0.8,xgb,Benign,6299,2387,0.8856,0.9525,-0.0025,0.0,-0.0102,0.0085,2,0.8,91
ciciot2023:rung0.8,xgb,BruteForce,1371,536,0.985,0.9496,0.0004,0.0,-0.0012,0.0478,2,0.8,91
ciciot2023:rung0.8,xgb,DDoS,68476,26082,0.5,0.9507,-0.0007,0.0,0.0,0.0002,2,0.8,91
ciciot2023:rung0.8,xgb,DoS,25215,9420,0.5,0.9475,0.0025,0.0,0.0,0.0004,2,0.8,91
ciciot2023:rung0.8,xgb,Mirai,18953,7234,0.5,0.9497,0.0003,0.0,0.0,0.0006,2,0.8,91
ciciot2023:rung0.8,xgb,Recon,23055,8831,0.6058,0.9461,0.0039,0.0,0.0,0.0118,2,0.8,91
ciciot2023:rung0.8,xgb,Spoofing,12575,4699,0.812,0.9498,0.0002,0.0,0.0085,0.0097,2,0.8,91
ciciot2023:rung0.8,xgb,Web,2135,811,0.9548,0.9423,0.0077,-0.0065,0.0032,0.1133,2,0.8,91
ciciot2023:rung0.0,mlp,Benign,6299,2405,0.9462,0.951,-0.001,-0.0035,0.0015,0.0208,3,0.0,12345
ciciot2023:rung0.0,mlp,BruteForce,1371,511,0.9909,0.9515,-0.0015,-0.0056,0.0001,0.0352,3,0.0,12345
ciciot2023:rung0.0,mlp,DDoS,68476,26148,0.5,0.9507,-0.0007,0.0,0.0,0.0057,3,0.0,12345
ciciot2023:rung0.0,mlp,DoS,25215,9491,0.5,0.9494,0.0006,0.0,-0.0,0.009,3,0.0,12345
ciciot2023:rung0.0,mlp,Mirai,18953,7078,0.5,0.9484,0.0016,0.0,0.0,0.004,3,0.0,12345
ciciot2023:rung0.0,mlp,Recon,23055,8808,0.698,0.9505,-0.0005,0.0011,0.0,0.0084,3,0.0,12345
ciciot2023:rung0.0,mlp,Spoofing,12575,4748,0.8816,0.9524,-0.0024,-0.0,-0.0125,0.0234,3,0.0,12345
ciciot2023:rung0.0,mlp,Web,2135,811,0.9695,0.9438,0.0062,-0.0031,0.0017,0.0192,3,0.0,12345
ciciot2023:rung0.0,mlp,Benign,6299,2405,0.935,0.9528,-0.0028,-0.0033,-0.0017,0.0237,3,0.0,1337
ciciot2023:rung0.0,mlp,BruteForce,1371,511,0.9908,0.9448,0.0052,-0.0101,0.0007,0.0377,3,0.0,1337
ciciot2023:rung0.0,mlp,DDoS,68476,26148,0.5,0.9512,-0.0012,0.0,0.0,0.0055,3,0.0,1337
ciciot2023:rung0.0,mlp,DoS,25215,9491,0.5,0.9491,0.0009,0.0,0.0,0.0171,3,0.0,1337
ciciot2023:rung0.0,mlp,Mirai,18953,7078,0.5,0.9501,-0.0001,0.0,0.0,0.0061,3,0.0,1337
ciciot2023:rung0.0,mlp,Recon,23055,8808,0.6972,0.9508,-0.0008,-0.0001,-0.0,0.0119,3,0.0,1337
ciciot2023:rung0.0,mlp,Spoofing,12575,4748,0.8814,0.9541,-0.0041,-0.0001,-0.0132,0.0187,3,0.0,1337
ciciot2023:rung0.0,mlp,Web,2135,811,0.9739,0.9435,0.0065,-0.0009,0.0044,0.0236,3,0.0,1337
ciciot2023:rung0.0,mlp,Benign,6299,2405,0.9371,0.95,0.0,-0.0011,0.0024,0.0138,3,0.0,2024
ciciot2023:rung0.0,mlp,BruteForce,1371,511,0.9919,0.9507,-0.0007,-0.0019,-0.0013,0.0314,3,0.0,2024
ciciot2023:rung0.0,mlp,DDoS,68476,26148,0.5,0.9488,0.0012,0.0,0.0,0.0066,3,0.0,2024
ciciot2023:rung0.0,mlp,DoS,25215,9491,0.5,0.9498,0.0002,0.0,0.0,0.0092,3,0.0,2024
ciciot2023:rung0.0,mlp,Mirai,18953,7078,0.5,0.9506,-0.0006,0.0,0.0,0.0038,3,0.0,2024
ciciot2023:rung0.0,mlp,Recon,23055,8808,0.7058,0.9502,-0.0002,-0.001,-0.0,0.0111,3,0.0,2024
ciciot2023:rung0.0,mlp,Spoofing,12575,4748,0.8882,0.9547,-0.0047,0.0,-0.0192,0.0205,3,0.0,2024
ciciot2023:rung0.0,mlp,Web,2135,811,0.9714,0.9436,0.0064,0.0071,0.0071,0.0371,3,0.0,2024
ciciot2023:rung0.0,mlp,Benign,6299,2405,0.9506,0.9543,-0.0043,-0.0031,0.0028,0.0165,3,0.0,3407
ciciot2023:rung0.0,mlp,BruteForce,1371,511,0.9923,0.9517,-0.0017,-0.0241,0.0008,0.0508,3,0.0,3407
ciciot2023:rung0.0,mlp,DDoS,68476,26148,0.5,0.9508,-0.0008,0.0,0.0,0.0047,3,0.0,3407
ciciot2023:rung0.0,mlp,DoS,25215,9491,0.5,0.9487,0.0013,0.0,0.0,0.0064,3,0.0,3407
ciciot2023:rung0.0,mlp,Mirai,18953,7078,0.5,0.9512,-0.0012,0.0,0.0,0.0084,3,0.0,3407
ciciot2023:rung0.0,mlp,Recon,23055,8808,0.703,0.9531,-0.0031,-0.0004,0.0,0.006,3,0.0,3407
ciciot2023:rung0.0,mlp,Spoofing,12575,4748,0.8852,0.9539,-0.0039,-0.0001,-0.0051,0.0145,3,0.0,3407
ciciot2023:rung0.0,mlp,Web,2135,811,0.9747,0.9307,0.0193,0.0025,0.0106,0.0551,3,0.0,3407
ciciot2023:rung0.0,mlp,Benign,6299,2405,0.9472,0.9478,0.0022,0.0032,0.0043,0.0162,3,0.0,42
ciciot2023:rung0.0,mlp,BruteForce,1371,511,0.989,0.9575,-0.0075,-0.0073,0.001,0.0472,3,0.0,42
ciciot2023:rung0.0,mlp,DDoS,68476,26148,0.5,0.9506,-0.0006,0.0,0.0,0.0047,3,0.0,42
ciciot2023:rung0.0,mlp,DoS,25215,9491,0.4999,0.9516,-0.0016,0.0,-0.0,0.012,3,0.0,42
ciciot2023:rung0.0,mlp,Mirai,18953,7078,0.4999,0.9508,-0.0008,0.0,0.0,0.0068,3,0.0,42
ciciot2023:rung0.0,mlp,Recon,23055,8808,0.7071,0.9521,-0.0021,0.0,0.0,0.0067,3,0.0,42
ciciot2023:rung0.0,mlp,Spoofing,12575,4748,0.8862,0.9544,-0.0044,0.0,-0.0166,0.0232,3,0.0,42
ciciot2023:rung0.0,mlp,Web,2135,811,0.9702,0.9361,0.0139,-0.0001,0.0104,0.0505,3,0.0,42
ciciot2023:rung0.0,mlp,Benign,6299,2405,0.9468,0.9535,-0.0035,-0.0003,-0.0066,0.0155,3,0.0,512
ciciot2023:rung0.0,mlp,BruteForce,1371,511,0.9914,0.9499,0.0001,0.0003,0.0004,0.0318,3,0.0,512
ciciot2023:rung0.0,mlp,DDoS,68476,26148,0.5,0.9503,-0.0003,0.0,0.0,0.0042,3,0.0,512
ciciot2023:rung0.0,mlp,DoS,25215,9491,0.4999,0.949,0.001,0.0,0.0,0.0127,3,0.0,512
ciciot2023:rung0.0,mlp,Mirai,18953,7078,0.4999,0.9537,-0.0037,0.0,0.0,0.0067,3,0.0,512
ciciot2023:rung0.0,mlp,Recon,23055,8808,0.7061,0.9524,-0.0024,0.0004,0.0,0.0064,3,0.0,512
ciciot2023:rung0.0,mlp,Spoofing,12575,4748,0.8845,0.9535,-0.0035,-0.0001,-0.0177,0.0228,3,0.0,512
ciciot2023:rung0.0,mlp,Web,2135,811,0.9737,0.9358,0.0142,0.0004,0.0059,0.0254,3,0.0,512
ciciot2023:rung0.0,mlp,Benign,6299,2405,0.9376,0.9553,-0.0053,-0.002,-0.0013,0.0165,3,0.0,6021
ciciot2023:rung0.0,mlp,BruteForce,1371,511,0.9907,0.9656,-0.0156,0.0028,-0.0034,0.0406,3,0.0,6021
ciciot2023:rung0.0,mlp,DDoS,68476,26148,0.5,0.9483,0.0017,0.0,0.0,0.0016,3,0.0,6021
ciciot2023:rung0.0,mlp,DoS,25215,9491,0.5,0.9527,-0.0027,0.0,0.0,0.008,3,0.0,6021
ciciot2023:rung0.0,mlp,Mirai,18953,7078,0.5,0.9488,0.0012,0.0,0.0,0.0022,3,0.0,6021
ciciot2023:rung0.0,mlp,Recon,23055,8808,0.6559,0.9495,0.0005,0.0005,0.0,0.006,3,0.0,6021
ciciot2023:rung0.0,mlp,Spoofing,12575,4748,0.8805,0.9517,-0.0017,0.0,-0.0095,0.0189,3,0.0,6021
ciciot2023:rung0.0,mlp,Web,2135,811,0.9706,0.9337,0.0163,0.0151,0.0117,0.0541,3,0.0,6021
ciciot2023:rung0.0,mlp,Benign,6299,2405,0.9438,0.9485,0.0015,-0.0067,0.0007,0.0201,3,0.0,7
ciciot2023:rung0.0,mlp,BruteForce,1371,511,0.9927,0.9554,-0.0054,-0.0075,0.0003,0.0365,3,0.0,7
ciciot2023:rung0.0,mlp,DDoS,68476,26148,0.5,0.9524,-0.0024,0.0,0.0,0.0054,3,0.0,7
ciciot2023:rung0.0,mlp,DoS,25215,9491,0.5,0.9501,-0.0001,0.0,0.0,0.0142,3,0.0,7
ciciot2023:rung0.0,mlp,Mirai,18953,7078,0.5,0.9476,0.0024,0.0,0.0,0.0058,3,0.0,7
ciciot2023:rung0.0,mlp,Recon,23055,8808,0.6773,0.9522,-0.0022,0.0004,0.0,0.0063,3,0.0,7
ciciot2023:rung0.0,mlp,Spoofing,12575,4748,0.8786,0.9551,-0.0051,-0.0,-0.0196,0.0162,3,0.0,7
ciciot2023:rung0.0,mlp,Web,2135,811,0.9775,0.9476,0.0024,0.0193,0.0033,0.0468,3,0.0,7
ciciot2023:rung0.0,mlp,Benign,6299,2405,0.9434,0.9467,0.0033,0.0,0.0036,0.017,3,0.0,88
ciciot2023:rung0.0,mlp,BruteForce,1371,511,0.99,0.9556,-0.0056,0.0037,-0.0004,0.0219,3,0.0,88
ciciot2023:rung0.0,mlp,DDoS,68476,26148,0.5,0.9495,0.0005,0.0,0.0,0.0026,3,0.0,88
ciciot2023:rung0.0,mlp,DoS,25215,9491,0.4999,0.9494,0.0006,0.0,0.0,0.0152,3,0.0,88
ciciot2023:rung0.0,mlp,Mirai,18953,7078,0.4999,0.9495,0.0005,0.0,0.0,0.0024,3,0.0,88
ciciot2023:rung0.0,mlp,Recon,23055,8808,0.6871,0.9512,-0.0012,0.0005,0.0,0.0076,3,0.0,88
ciciot2023:rung0.0,mlp,Spoofing,12575,4748,0.8848,0.9558,-0.0058,-0.0,-0.0037,0.0171,3,0.0,88
ciciot2023:rung0.0,mlp,Web,2135,811,0.9736,0.9502,-0.0002,-0.0026,0.0053,0.0345,3,0.0,88
ciciot2023:rung0.0,mlp,Benign,6299,2405,0.944,0.9472,0.0028,-0.002,0.0021,0.0233,3,0.0,91
ciciot2023:rung0.0,mlp,BruteForce,1371,511,0.9914,0.9589,-0.0089,0.0047,-0.0001,0.0246,3,0.0,91
ciciot2023:rung0.0,mlp,DDoS,68476,26148,0.5,0.9494,0.0006,0.0,0.0,0.0021,3,0.0,91
ciciot2023:rung0.0,mlp,DoS,25215,9491,0.4999,0.9486,0.0014,0.0,0.0,0.01,3,0.0,91
ciciot2023:rung0.0,mlp,Mirai,18953,7078,0.4999,0.9504,-0.0004,0.0,0.0,0.002,3,0.0,91
ciciot2023:rung0.0,mlp,Recon,23055,8808,0.6895,0.9513,-0.0013,-0.0006,0.0,0.0063,3,0.0,91
ciciot2023:rung0.0,mlp,Spoofing,12575,4748,0.8837,0.9522,-0.0022,0.0,-0.0145,0.0171,3,0.0,91
ciciot2023:rung0.0,mlp,Web,2135,811,0.9704,0.9417,0.0083,0.0059,0.0028,0.0342,3,0.0,91
ciciot2023:rung0.0,rf,Benign,6299,2405,0.934,0.9557,-0.0057,0.0012,-0.0067,0.0211,3,0.0,12345
ciciot2023:rung0.0,rf,BruteForce,1371,511,0.991,0.9591,-0.0091,0.0045,-0.0068,0.0393,3,0.0,12345
ciciot2023:rung0.0,rf,DDoS,68476,26148,0.5,0.9488,0.0012,0.0,0.0,0.002,3,0.0,12345
ciciot2023:rung0.0,rf,DoS,25215,9491,0.5,0.9492,0.0008,0.0,0.0,0.0013,3,0.0,12345
ciciot2023:rung0.0,rf,Mirai,18953,7078,0.5,0.9484,0.0016,0.0,0.0,0.0012,3,0.0,12345
ciciot2023:rung0.0,rf,Recon,23055,8808,0.6647,0.95,0.0,0.0002,0.0,0.0058,3,0.0,12345
ciciot2023:rung0.0,rf,Spoofing,12575,4748,0.8412,0.9531,-0.0031,-0.0001,-0.0319,0.0218,3,0.0,12345
ciciot2023:rung0.0,rf,Web,2135,811,0.9673,0.9575,-0.0075,-0.0017,0.0084,0.0488,3,0.0,12345
ciciot2023:rung0.0,rf,Benign,6299,2405,0.9388,0.9565,-0.0065,0.0007,-0.0167,0.0216,3,0.0,1337
ciciot2023:rung0.0,rf,BruteForce,1371,511,0.9892,0.9587,-0.0087,0.0082,-0.0014,0.0517,3,0.0,1337
ciciot2023:rung0.0,rf,DDoS,68476,26148,0.5,0.9488,0.0012,0.0,0.0,0.001,3,0.0,1337
ciciot2023:rung0.0,rf,DoS,25215,9491,0.5,0.9495,0.0005,0.0,0.0,0.0026,3,0.0,1337
ciciot2023:rung0.0,rf,Mirai,18953,7078,0.5,0.9501,-0.0001,0.0,0.0,0.0009,3,0.0,1337
ciciot2023:rung0.0,rf,Recon,23055,8808,0.6425,0.9491,0.0009,-0.0,0.0,0.0045,3,0.0,1337
ciciot2023:rung0.0,rf,Spoofing,12575,4748,0.8372,0.9536,-0.0036,-0.0003,-0.0265,0.0181,3,0.0,1337
ciciot2023:rung0.0,rf,Web,2135,811,0.9627,0.9482,0.0018,-0.0001,0.0069,0.0302,3,0.0,1337
ciciot2023:rung0.0,rf,Benign,6299,2405,0.9317,0.9552,-0.0052,0.0021,-0.004,0.0316,3,0.0,2024
ciciot2023:rung0.0,rf,BruteForce,1371,511,0.9881,0.9613,-0.0113,0.0094,-0.0018,0.0554,3,0.0,2024
ciciot2023:rung0.0,rf,DDoS,68476,26148,0.5,0.9505,-0.0005,0.0,0.0,0.0022,3,0.0,2024
ciciot2023:rung0.0,rf,DoS,25215,9491,0.5,0.9485,0.0015,0.0,0.0,0.001,3,0.0,2024
ciciot2023:rung0.0,rf,Mirai,18953,7078,0.5,0.9502,-0.0002,0.0,0.0,0.0008,3,0.0,2024
ciciot2023:rung0.0,rf,Recon,23055,8808,0.6431,0.95,-0.0,0.0,0.0,0.0052,3,0.0,2024
ciciot2023:rung0.0,rf,Spoofing,12575,4748,0.8414,0.951,-0.001,-0.0002,-0.0312,0.0284,3,0.0,2024
ciciot2023:rung0.0,rf,Web,2135,811,0.9684,0.9446,0.0054,0.0002,0.0063,0.0436,3,0.0,2024
ciciot2023:rung0.0,rf,Benign,6299,2405,0.9328,0.9517,-0.0017,0.0016,-0.0205,0.0283,3,0.0,3407
ciciot2023:rung0.0,rf,BruteForce,1371,511,0.9888,0.9386,0.0114,0.0057,0.0013,0.0443,3,0.0,3407
ciciot2023:rung0.0,rf,DDoS,68476,26148,0.5,0.949,0.001,0.0,0.0,0.0022,3,0.0,3407
ciciot2023:rung0.0,rf,DoS,25215,9491,0.5,0.952,-0.002,0.0,0.0,0.0023,3,0.0,3407
ciciot2023:rung0.0,rf,Mirai,18953,7078,0.5,0.9512,-0.0012,0.0,0.0,0.0011,3,0.0,3407
ciciot2023:rung0.0,rf,Recon,23055,8808,0.6369,0.9512,-0.0012,-0.0,0.0,0.0051,3,0.0,3407
ciciot2023:rung0.0,rf,Spoofing,12575,4748,0.8364,0.9517,-0.0017,-0.0007,-0.0211,0.0172,3,0.0,3407
ciciot2023:rung0.0,rf,Web,2135,811,0.9672,0.9559,-0.0059,0.0037,0.0058,0.0381,3,0.0,3407
ciciot2023:rung0.0,rf,Benign,6299,2405,0.9297,0.9511,-0.0011,0.0006,-0.0211,0.0186,3,0.0,42
ciciot2023:rung0.0,rf,BruteForce,1371,511,0.9895,0.9493,0.0007,0.0066,-0.0014,0.0511,3,0.0,42
ciciot2023:rung0.0,rf,DDoS,68476,26148,0.5,0.9493,0.0007,0.0,0.0,0.0011,3,0.0,42
ciciot2023:rung0.0,rf,DoS,25215,9491,0.5,0.9497,0.0003,0.0,0.0,0.0022,3,0.0,42
ciciot2023:rung0.0,rf,Mirai,18953,7078,0.5,0.9509,-0.0009,0.0,0.0,0.0007,3,0.0,42
ciciot2023:rung0.0,rf,Recon,23055,8808,0.6298,0.949,0.001,-0.0001,0.0,0.0081,3,0.0,42
ciciot2023:rung0.0,rf,Spoofing,12575,4748,0.8401,0.954,-0.004,-0.0011,-0.0306,0.0212,3,0.0,42
ciciot2023:rung0.0,rf,Web,2135,811,0.9721,0.9464,0.0036,0.0002,0.0072,0.0335,3,0.0,42
ciciot2023:rung0.0,rf,Benign,6299,2405,0.9307,0.9581,-0.0081,0.0008,-0.0041,0.0217,3,0.0,512
ciciot2023:rung0.0,rf,BruteForce,1371,511,0.9874,0.9611,-0.0111,0.0097,-0.0006,0.0365,3,0.0,512
ciciot2023:rung0.0,rf,DDoS,68476,26148,0.5,0.949,0.001,0.0,0.0,0.0006,3,0.0,512
ciciot2023:rung0.0,rf,DoS,25215,9491,0.5,0.9502,-0.0002,0.0,0.0,0.0011,3,0.0,512
ciciot2023:rung0.0,rf,Mirai,18953,7078,0.5,0.9496,0.0004,0.0,0.0,0.0013,3,0.0,512
ciciot2023:rung0.0,rf,Recon,23055,8808,0.639,0.9494,0.0006,-0.0001,0.0,0.0048,3,0.0,512
ciciot2023:rung0.0,rf,Spoofing,12575,4748,0.8329,0.9479,0.0021,-0.0001,-0.0332,0.0184,3,0.0,512
ciciot2023:rung0.0,rf,Web,2135,811,0.9615,0.9491,0.0009,-0.0152,0.0086,0.0373,3,0.0,512
ciciot2023:rung0.0,rf,Benign,6299,2405,0.9255,0.9537,-0.0037,0.0009,-0.0211,0.0246,3,0.0,6021
ciciot2023:rung0.0,rf,BruteForce,1371,511,0.9906,0.9689,-0.0189,0.0047,-0.0011,0.0369,3,0.0,6021
ciciot2023:rung0.0,rf,DDoS,68476,26148,0.5,0.9491,0.0009,0.0,0.0,0.0016,3,0.0,6021
ciciot2023:rung0.0,rf,DoS,25215,9491,0.5,0.9498,0.0002,0.0,0.0,0.0016,3,0.0,6021
ciciot2023:rung0.0,rf,Mirai,18953,7078,0.5,0.9528,-0.0028,0.0,0.0,0.0012,3,0.0,6021
ciciot2023:rung0.0,rf,Recon,23055,8808,0.652,0.951,-0.001,0.0001,0.0,0.0045,3,0.0,6021
ciciot2023:rung0.0,rf,Spoofing,12575,4748,0.8333,0.9514,-0.0014,-0.0002,-0.0325,0.0218,3,0.0,6021
ciciot2023:rung0.0,rf,Web,2135,811,0.9662,0.9398,0.0102,-0.0115,0.0115,0.0291,3,0.0,6021
ciciot2023:rung0.0,rf,Benign,6299,2405,0.9311,0.9564,-0.0064,0.0015,-0.0042,0.0246,3,0.0,7
ciciot2023:rung0.0,rf,BruteForce,1371,511,0.9913,0.9603,-0.0103,0.0058,0.0004,0.0452,3,0.0,7
ciciot2023:rung0.0,rf,DDoS,68476,26148,0.5,0.9495,0.0005,0.0,0.0,0.0031,3,0.0,7
ciciot2023:rung0.0,rf,DoS,25215,9491,0.5,0.9499,0.0001,0.0,0.0,0.0008,3,0.0,7
ciciot2023:rung0.0,rf,Mirai,18953,7078,0.5,0.9487,0.0013,0.0,0.0,0.0018,3,0.0,7
ciciot2023:rung0.0,rf,Recon,23055,8808,0.6374,0.949,0.001,-0.0,0.0,0.008,3,0.0,7
ciciot2023:rung0.0,rf,Spoofing,12575,4748,0.8341,0.9535,-0.0035,-0.0001,-0.0307,0.0171,3,0.0,7
ciciot2023:rung0.0,rf,Web,2135,811,0.9628,0.9397,0.0103,-0.0017,0.0111,0.0371,3,0.0,7
ciciot2023:rung0.0,rf,Benign,6299,2405,0.9347,0.9575,-0.0075,0.0015,-0.0031,0.0309,3,0.0,88
ciciot2023:rung0.0,rf,BruteForce,1371,511,0.9906,0.9462,0.0038,0.007,0.0007,0.0425,3,0.0,88
ciciot2023:rung0.0,rf,DDoS,68476,26148,0.5,0.9514,-0.0014,0.0,0.0,0.0006,3,0.0,88
ciciot2023:rung0.0,rf,DoS,25215,9491,0.5,0.9487,0.0013,0.0,0.0,0.0014,3,0.0,88
ciciot2023:rung0.0,rf,Mirai,18953,7078,0.5,0.9493,0.0007,0.0,0.0,0.0013,3,0.0,88
ciciot2023:rung0.0,rf,Recon,23055,8808,0.6538,0.9499,0.0001,-0.0,0.0,0.0086,3,0.0,88
ciciot2023:rung0.0,rf,Spoofing,12575,4748,0.8329,0.9525,-0.0025,-0.0001,-0.0256,0.0203,3,0.0,88
ciciot2023:rung0.0,rf,Web,2135,811,0.9654,0.9381,0.0119,0.0004,0.0056,0.0397,3,0.0,88
ciciot2023:rung0.0,rf,Benign,6299,2405,0.9323,0.9521,-0.0021,0.0014,-0.008,0.0273,3,0.0,91
ciciot2023:rung0.0,rf,BruteForce,1371,511,0.9899,0.9663,-0.0163,0.0074,-0.0046,0.0456,3,0.0,91
ciciot2023:rung0.0,rf,DDoS,68476,26148,0.5,0.9492,0.0008,0.0,0.0,0.0011,3,0.0,91
ciciot2023:rung0.0,rf,DoS,25215,9491,0.5,0.9516,-0.0016,0.0,0.0,0.0018,3,0.0,91
ciciot2023:rung0.0,rf,Mirai,18953,7078,0.5,0.9514,-0.0014,0.0,0.0,0.0011,3,0.0,91
ciciot2023:rung0.0,rf,Recon,23055,8808,0.6518,0.9464,0.0036,-0.0001,0.0,0.0076,3,0.0,91
ciciot2023:rung0.0,rf,Spoofing,12575,4748,0.8353,0.953,-0.003,-0.0001,-0.0331,0.0161,3,0.0,91
ciciot2023:rung0.0,rf,Web,2135,811,0.9652,0.9413,0.0087,-0.0048,0.0069,0.038,3,0.0,91
ciciot2023:rung0.0,xgb,Benign,6299,2405,0.8944,0.9585,-0.0085,0.0,-0.0333,0.0163,3,0.0,12345
ciciot2023:rung0.0,xgb,BruteForce,1371,511,0.9867,0.9577,-0.0077,0.0,-0.0066,0.0365,3,0.0,12345
ciciot2023:rung0.0,xgb,DDoS,68476,26148,0.5,0.9494,0.0006,0.0,0.0,0.0004,3,0.0,12345
ciciot2023:rung0.0,xgb,DoS,25215,9491,0.5,0.9532,-0.0032,0.0,0.0,0.0002,3,0.0,12345
ciciot2023:rung0.0,xgb,Mirai,18953,7078,0.5,0.9501,-0.0001,0.0,0.0,0.0005,3,0.0,12345
ciciot2023:rung0.0,xgb,Recon,23055,8808,0.599,0.9496,0.0004,0.0,0.0,0.0076,3,0.0,12345
ciciot2023:rung0.0,xgb,Spoofing,12575,4748,0.801,0.9505,-0.0005,0.0,-0.0541,0.0112,3,0.0,12345
ciciot2023:rung0.0,xgb,Web,2135,811,0.9606,0.9425,0.0075,0.0017,0.0116,0.0344,3,0.0,12345
ciciot2023:rung0.0,xgb,Benign,6299,2405,0.8867,0.9509,-0.0009,0.0,-0.0283,0.0123,3,0.0,1337
ciciot2023:rung0.0,xgb,BruteForce,1371,511,0.9858,0.9526,-0.0026,0.0,-0.0067,0.0459,3,0.0,1337
ciciot2023:rung0.0,xgb,DDoS,68476,26148,0.5,0.9494,0.0006,0.0,0.0,0.0003,3,0.0,1337
ciciot2023:rung0.0,xgb,DoS,25215,9491,0.5,0.9505,-0.0005,0.0,0.0,0.0003,3,0.0,1337
ciciot2023:rung0.0,xgb,Mirai,18953,7078,0.5,0.9516,-0.0016,0.0,0.0,0.0006,3,0.0,1337
ciciot2023:rung0.0,xgb,Recon,23055,8808,0.5625,0.95,0.0,0.0,0.0,0.0052,3,0.0,1337
ciciot2023:rung0.0,xgb,Spoofing,12575,4748,0.8086,0.957,-0.007,0.0,-0.0334,0.0099,3,0.0,1337
ciciot2023:rung0.0,xgb,Web,2135,811,0.952,0.9404,0.0096,0.0008,0.0123,0.0415,3,0.0,1337
ciciot2023:rung0.0,xgb,Benign,6299,2405,0.8935,0.9526,-0.0026,0.0,-0.021,0.0131,3,0.0,2024
ciciot2023:rung0.0,xgb,BruteForce,1371,511,0.9868,0.9642,-0.0142,0.0,-0.0002,0.0366,3,0.0,2024
ciciot2023:rung0.0,xgb,DDoS,68476,26148,0.5,0.9493,0.0007,0.0,0.0,0.0003,3,0.0,2024
ciciot2023:rung0.0,xgb,DoS,25215,9491,0.5,0.9526,-0.0026,0.0,0.0,0.0005,3,0.0,2024
ciciot2023:rung0.0,xgb,Mirai,18953,7078,0.5,0.9517,-0.0017,0.0,0.0,0.0005,3,0.0,2024
ciciot2023:rung0.0,xgb,Recon,23055,8808,0.5315,0.9501,-0.0001,0.0,0.0,0.0049,3,0.0,2024
ciciot2023:rung0.0,xgb,Spoofing,12575,4748,0.8043,0.9518,-0.0018,0.0,-0.0242,0.0077,3,0.0,2024
ciciot2023:rung0.0,xgb,Web,2135,811,0.9622,0.9402,0.0098,0.0,0.0018,0.0307,3,0.0,2024
ciciot2023:rung0.0,xgb,Benign,6299,2405,0.8885,0.9545,-0.0045,0.0,-0.0303,0.0153,3,0.0,3407
ciciot2023:rung0.0,xgb,BruteForce,1371,511,0.9858,0.9595,-0.0095,0.0,-0.0095,0.04,3,0.0,3407
ciciot2023:rung0.0,xgb,DDoS,68476,26148,0.5,0.9504,-0.0004,0.0,0.0,0.0003,3,0.0,3407
ciciot2023:rung0.0,xgb,DoS,25215,9491,0.5,0.9485,0.0015,0.0,0.0,0.0004,3,0.0,3407
ciciot2023:rung0.0,xgb,Mirai,18953,7078,0.5,0.952,-0.002,0.0,0.0,0.0004,3,0.0,3407
ciciot2023:rung0.0,xgb,Recon,23055,8808,0.537,0.9476,0.0024,0.0,0.0,0.0061,3,0.0,3407
ciciot2023:rung0.0,xgb,Spoofing,12575,4748,0.8015,0.9554,-0.0054,0.0,-0.0679,0.0148,3,0.0,3407
ciciot2023:rung0.0,xgb,Web,2135,811,0.9543,0.9438,0.0062,0.0,0.0091,0.0311,3,0.0,3407
ciciot2023:rung0.0,xgb,Benign,6299,2405,0.8842,0.953,-0.003,0.0,-0.0137,0.0164,3,0.0,42
ciciot2023:rung0.0,xgb,BruteForce,1371,511,0.986,0.9611,-0.0111,0.0,-0.0047,0.0512,3,0.0,42
ciciot2023:rung0.0,xgb,DDoS,68476,26148,0.5,0.951,-0.001,0.0,0.0,0.0004,3,0.0,42
ciciot2023:rung0.0,xgb,DoS,25215,9491,0.5,0.9514,-0.0014,0.0,0.0,0.0003,3,0.0,42
ciciot2023:rung0.0,xgb,Mirai,18953,7078,0.5,0.9542,-0.0042,0.0,0.0,0.0005,3,0.0,42
ciciot2023:rung0.0,xgb,Recon,23055,8808,0.5644,0.9495,0.0005,0.0,0.0,0.0063,3,0.0,42
ciciot2023:rung0.0,xgb,Spoofing,12575,4748,0.8067,0.9523,-0.0023,0.0,-0.0379,0.0119,3,0.0,42
ciciot2023:rung0.0,xgb,Web,2135,811,0.9559,0.9385,0.0115,-0.0001,0.0141,0.034,3,0.0,42
ciciot2023:rung0.0,xgb,Benign,6299,2405,0.896,0.957,-0.007,0.0,-0.0325,0.0153,3,0.0,512
ciciot2023:rung0.0,xgb,BruteForce,1371,511,0.9861,0.9571,-0.0071,0.0,0.0032,0.0351,3,0.0,512
ciciot2023:rung0.0,xgb,DDoS,68476,26148,0.5,0.9503,-0.0003,0.0,0.0,0.0002,3,0.0,512
ciciot2023:rung0.0,xgb,DoS,25215,9491,0.5,0.9515,-0.0015,0.0,0.0,0.0005,3,0.0,512
ciciot2023:rung0.0,xgb,Mirai,18953,7078,0.5,0.9516,-0.0016,0.0,0.0,0.0008,3,0.0,512
ciciot2023:rung0.0,xgb,Recon,23055,8808,0.5937,0.9505,-0.0005,0.0,0.0,0.0055,3,0.0,512
ciciot2023:rung0.0,xgb,Spoofing,12575,4748,0.8102,0.949,0.001,0.0,-0.0444,0.01,3,0.0,512
ciciot2023:rung0.0,xgb,Web,2135,811,0.9503,0.9448,0.0052,0.0002,0.0142,0.0376,3,0.0,512
ciciot2023:rung0.0,xgb,Benign,6299,2405,0.8988,0.9606,-0.0106,0.0,-0.033,0.0141,3,0.0,6021
ciciot2023:rung0.0,xgb,BruteForce,1371,511,0.9842,0.9579,-0.0079,0.0,0.0005,0.0334,3,0.0,6021
ciciot2023:rung0.0,xgb,DDoS,68476,26148,0.5,0.9514,-0.0014,0.0,0.0,0.0002,3,0.0,6021
ciciot2023:rung0.0,xgb,DoS,25215,9491,0.5,0.9517,-0.0017,0.0,0.0,0.0003,3,0.0,6021
ciciot2023:rung0.0,xgb,Mirai,18953,7078,0.5,0.9537,-0.0037,0.0,0.0,0.0004,3,0.0,6021
ciciot2023:rung0.0,xgb,Recon,23055,8808,0.5533,0.9495,0.0005,0.0,0.0,0.0063,3,0.0,6021
ciciot2023:rung0.0,xgb,Spoofing,12575,4748,0.8044,0.9553,-0.0053,0.0,-0.0263,0.0116,3,0.0,6021
ciciot2023:rung0.0,xgb,Web,2135,811,0.9605,0.9487,0.0013,0.0003,0.016,0.0321,3,0.0,6021
ciciot2023:rung0.0,xgb,Benign,6299,2405,0.8972,0.9599,-0.0099,0.0,-0.0181,0.0146,3,0.0,7
ciciot2023:rung0.0,xgb,BruteForce,1371,511,0.9867,0.9542,-0.0042,0.0,0.0003,0.0386,3,0.0,7
ciciot2023:rung0.0,xgb,DDoS,68476,26148,0.5,0.9513,-0.0013,0.0,0.0,0.0004,3,0.0,7
ciciot2023:rung0.0,xgb,DoS,25215,9491,0.5,0.9513,-0.0013,0.0,0.0,0.0011,3,0.0,7
ciciot2023:rung0.0,xgb,Mirai,18953,7078,0.5,0.95,0.0,0.0,0.0,0.0003,3,0.0,7
ciciot2023:rung0.0,xgb,Recon,23055,8808,0.5544,0.9497,0.0003,0.0,0.0,0.0043,3,0.0,7
ciciot2023:rung0.0,xgb,Spoofing,12575,4748,0.7982,0.9551,-0.0051,0.0,-0.0472,0.0108,3,0.0,7
ciciot2023:rung0.0,xgb,Web,2135,811,0.9592,0.9512,-0.0012,0.0003,-0.0017,0.0311,3,0.0,7
ciciot2023:rung0.0,xgb,Benign,6299,2405,0.9018,0.9541,-0.0041,0.0,-0.0351,0.0148,3,0.0,88
ciciot2023:rung0.0,xgb,BruteForce,1371,511,0.9858,0.9658,-0.0158,0.0,0.0006,0.0565,3,0.0,88
ciciot2023:rung0.0,xgb,DDoS,68476,26148,0.5,0.9487,0.0013,0.0,0.0,0.0003,3,0.0,88
ciciot2023:rung0.0,xgb,DoS,25215,9491,0.5,0.9476,0.0024,0.0,0.0,0.0003,3,0.0,88
ciciot2023:rung0.0,xgb,Mirai,18953,7078,0.5,0.9494,0.0006,0.0,0.0,0.0007,3,0.0,88
ciciot2023:rung0.0,xgb,Recon,23055,8808,0.5694,0.9508,-0.0008,0.0,0.0,0.0057,3,0.0,88
ciciot2023:rung0.0,xgb,Spoofing,12575,4748,0.8015,0.9529,-0.0029,0.0,-0.0496,0.0139,3,0.0,88
ciciot2023:rung0.0,xgb,Web,2135,811,0.9508,0.9363,0.0137,0.0,0.0053,0.0305,3,0.0,88
ciciot2023:rung0.0,xgb,Benign,6299,2405,0.8856,0.9549,-0.0049,0.0,-0.0426,0.0169,3,0.0,91
ciciot2023:rung0.0,xgb,BruteForce,1371,511,0.985,0.9614,-0.0114,0.0,-0.0081,0.0697,3,0.0,91
ciciot2023:rung0.0,xgb,DDoS,68476,26148,0.5,0.9503,-0.0003,0.0,0.0,0.0004,3,0.0,91
ciciot2023:rung0.0,xgb,DoS,25215,9491,0.5,0.9501,-0.0001,0.0,0.0,0.0008,3,0.0,91
ciciot2023:rung0.0,xgb,Mirai,18953,7078,0.5,0.9522,-0.0022,0.0,0.0,0.001,3,0.0,91
ciciot2023:rung0.0,xgb,Recon,23055,8808,0.6058,0.9501,-0.0001,0.0,0.0,0.0045,3,0.0,91
ciciot2023:rung0.0,xgb,Spoofing,12575,4748,0.812,0.9511,-0.0011,0.0,-0.0368,0.0089,3,0.0,91
ciciot2023:rung0.0,xgb,Web,2135,811,0.9548,0.9475,0.0025,0.0012,0.0111,0.0431,3,0.0,91
ciciot2023:rung0.2,mlp,Benign,6299,2539,0.9462,0.9433,0.0067,0.0028,0.0117,0.0365,3,0.2,12345
ciciot2023:rung0.2,mlp,BruteForce,1371,525,0.9909,0.9503,-0.0003,0.0003,-0.0001,0.0314,3,0.2,12345
ciciot2023:rung0.2,mlp,DDoS,68476,25875,0.5,0.9511,-0.0011,0.0,0.0,0.0038,3,0.2,12345
ciciot2023:rung0.2,mlp,DoS,25215,9595,0.5,0.9483,0.0017,0.0,0.0,0.0128,3,0.2,12345
ciciot2023:rung0.2,mlp,Mirai,18953,7258,0.5,0.9475,0.0025,0.0,0.0,0.0036,3,0.2,12345
ciciot2023:rung0.2,mlp,Recon,23055,8755,0.698,0.9501,-0.0001,0.0021,0.0,0.0106,3,0.2,12345
ciciot2023:rung0.2,mlp,Spoofing,12575,4642,0.8816,0.9525,-0.0025,0.0,-0.0172,0.0134,3,0.2,12345
ciciot2023:rung0.2,mlp,Web,2135,811,0.9695,0.9566,-0.0066,-0.0173,-0.0096,0.0522,3,0.2,12345
ciciot2023:rung0.2,mlp,Benign,6299,2539,0.935,0.9409,0.0091,0.0024,0.0074,0.0228,3,0.2,1337
ciciot2023:rung0.2,mlp,BruteForce,1371,525,0.9908,0.9476,0.0024,-0.0079,0.0009,0.034,3,0.2,1337
ciciot2023:rung0.2,mlp,DDoS,68476,25875,0.5,0.9498,0.0002,0.0,0.0,0.004,3,0.2,1337
ciciot2023:rung0.2,mlp,DoS,25215,9595,0.5,0.949,0.001,0.0,0.0,0.0125,3,0.2,1337
ciciot2023:rung0.2,mlp,Mirai,18953,7258,0.5,0.9492,0.0008,0.0,0.0,0.0078,3,0.2,1337
ciciot2023:rung0.2,mlp,Recon,23055,8755,0.6972,0.95,0.0,0.0004,0.0,0.008,3,0.2,1337
ciciot2023:rung0.2,mlp,Spoofing,12575,4642,0.8814,0.9546,-0.0046,-0.0,-0.0069,0.013,3,0.2,1337
ciciot2023:rung0.2,mlp,Web,2135,811,0.9739,0.9465,0.0035,-0.0264,-0.0023,0.0629,3,0.2,1337
ciciot2023:rung0.2,mlp,Benign,6299,2539,0.9371,0.943,0.007,0.0019,0.009,0.0189,3,0.2,2024
ciciot2023:rung0.2,mlp,BruteForce,1371,525,0.9919,0.9421,0.0079,0.0022,-0.0015,0.0302,3,0.2,2024
ciciot2023:rung0.2,mlp,DDoS,68476,25875,0.5,0.9505,-0.0005,0.0,0.0,0.0022,3,0.2,2024
ciciot2023:rung0.2,mlp,DoS,25215,9595,0.5,0.9504,-0.0004,0.0,0.0,0.011,3,0.2,2024
ciciot2023:rung0.2,mlp,Mirai,18953,7258,0.5,0.9513,-0.0013,0.0,0.0,0.0017,3,0.2,2024
ciciot2023:rung0.2,mlp,Recon,23055,8755,0.7058,0.9501,-0.0001,-0.0001,0.0,0.0058,3,0.2,2024
ciciot2023:rung0.2,mlp,Spoofing,12575,4642,0.8882,0.9532,-0.0032,0.0,-0.0123,0.0131,3,0.2,2024
ciciot2023:rung0.2,mlp,Web,2135,811,0.9714,0.9515,-0.0015,-0.009,-0.0049,0.0432,3,0.2,2024
ciciot2023:rung0.2,mlp,Benign,6299,2539,0.9506,0.9452,0.0048,0.0039,0.0099,0.0301,3,0.2,3407
ciciot2023:rung0.2,mlp,BruteForce,1371,525,0.9923,0.9554,-0.0054,-0.0184,-0.0016,0.037,3,0.2,3407
ciciot2023:rung0.2,mlp,DDoS,68476,25875,0.5,0.9492,0.0008,0.0,0.0,0.0025,3,0.2,3407
ciciot2023:rung0.2,mlp,DoS,25215,9595,0.5,0.9492,0.0008,0.0,0.0,0.011,3,0.2,3407
ciciot2023:rung0.2,mlp,Mirai,18953,7258,0.5,0.949,0.001,0.0,0.0,0.006,3,0.2,3407
ciciot2023:rung0.2,mlp,Recon,23055,8755,0.703,0.9505,-0.0005,0.0001,0.0,0.0114,3,0.2,3407
ciciot2023:rung0.2,mlp,Spoofing,12575,4642,0.8852,0.9548,-0.0048,-0.0001,-0.0078,0.0121,3,0.2,3407
ciciot2023:rung0.2,mlp,Web,2135,811,0.9747,0.9377,0.0123,-0.017,0.0032,0.0571,3,0.2,3407
ciciot2023:rung0.2,mlp,Benign,6299,2539,0.9472,0.9472,0.0028,0.0035,0.0042,0.0249,3,0.2,42
ciciot2023:rung0.2,mlp,BruteForce,1371,525,0.989,0.9467,0.0033,-0.0146,-0.0013,0.0403,3,0.2,42
ciciot2023:rung0.2,mlp,DDoS,68476,25875,0.5,0.9488,0.0012,0.0,0.0,0.0036,3,0.2,42
ciciot2023:rung0.2,mlp,DoS,25215,9595,0.4999,0.9486,0.0014,0.0,0.0,0.0134,3,0.2,42
ciciot2023:rung0.2,mlp,Mirai,18953,7258,0.4999,0.9493,0.0007,0.0,0.0,0.0069,3,0.2,42
ciciot2023:rung0.2,mlp,Recon,23055,8755,0.7071,0.9517,-0.0017,-0.0001,0.0,0.0078,3,0.2,42
ciciot2023:rung0.2,mlp,Spoofing,12575,4642,0.8862,0.9601,-0.0101,0.0,-0.0203,0.0199,3,0.2,42
ciciot2023:rung0.2,mlp,Web,2135,811,0.9702,0.9551,-0.0051,-0.0084,-0.001,0.0339,3,0.2,42
ciciot2023:rung0.2,mlp,Benign,6299,2539,0.9468,0.9507,-0.0007,0.0033,0.0091,0.0199,3,0.2,512
ciciot2023:rung0.2,mlp,BruteForce,1371,525,0.9914,0.9579,-0.0079,-0.0151,-0.0002,0.0416,3,0.2,512
ciciot2023:rung0.2,mlp,DDoS,68476,25875,0.5,0.9479,0.0021,0.0,0.0,0.0057,3,0.2,512
ciciot2023:rung0.2,mlp,DoS,25215,9595,0.4999,0.9523,-0.0023,0.0,0.0,0.0083,3,0.2,512
ciciot2023:rung0.2,mlp,Mirai,18953,7258,0.4999,0.9514,-0.0014,0.0,0.0,0.0082,3,0.2,512
ciciot2023:rung0.2,mlp,Recon,23055,8755,0.7061,0.9501,-0.0001,0.0012,0.0,0.0124,3,0.2,512
ciciot2023:rung0.2,mlp,Spoofing,12575,4642,0.8845,0.9559,-0.0059,-0.0001,-0.0211,0.0179,3,0.2,512
ciciot2023:rung0.2,mlp,Web,2135,811,0.9737,0.9625,-0.0125,-0.0147,-0.0066,0.0524,3,0.2,512
ciciot2023:rung0.2,mlp,Benign,6299,2539,0.9376,0.9499,0.0001,0.0075,0.0087,0.0319,3,0.2,6021
ciciot2023:rung0.2,mlp,BruteForce,1371,525,0.9907,0.9552,-0.0052,-0.0191,-0.0051,0.039,3,0.2,6021
ciciot2023:rung0.2,mlp,DDoS,68476,25875,0.5,0.9497,0.0003,0.0,0.0,0.0027,3,0.2,6021
ciciot2023:rung0.2,mlp,DoS,25215,9595,0.5,0.9505,-0.0005,0.0,0.0,0.0084,3,0.2,6021
ciciot2023:rung0.2,mlp,Mirai,18953,7258,0.5,0.9506,-0.0006,0.0,0.0,0.0019,3,0.2,6021
ciciot2023:rung0.2,mlp,Recon,23055,8755,0.6559,0.949,0.001,0.0003,0.0,0.0073,3,0.2,6021
ciciot2023:rung0.2,mlp,Spoofing,12575,4642,0.8805,0.955,-0.005,0.0,-0.0105,0.0116,3,0.2,6021
ciciot2023:rung0.2,mlp,Web,2135,811,0.9706,0.9476,0.0024,-0.0013,0.0028,0.0305,3,0.2,6021
ciciot2023:rung0.2,mlp,Benign,6299,2539,0.9438,0.94,0.01,-0.0002,0.0118,0.0198,3,0.2,7
ciciot2023:rung0.2,mlp,BruteForce,1371,525,0.9927,0.9579,-0.0079,-0.0209,-0.0009,0.0656,3,0.2,7
ciciot2023:rung0.2,mlp,DDoS,68476,25875,0.5,0.9503,-0.0003,0.0,0.0,0.0045,3,0.2,7
ciciot2023:rung0.2,mlp,DoS,25215,9595,0.5,0.9487,0.0013,0.0,0.0,0.0119,3,0.2,7
ciciot2023:rung0.2,mlp,Mirai,18953,7258,0.5,0.952,-0.002,0.0,0.0,0.0099,3,0.2,7
ciciot2023:rung0.2,mlp,Recon,23055,8755,0.6773,0.9521,-0.0021,0.0,0.0,0.007,3,0.2,7
ciciot2023:rung0.2,mlp,Spoofing,12575,4642,0.8786,0.9552,-0.0052,-0.0,-0.0122,0.0161,3,0.2,7
ciciot2023:rung0.2,mlp,Web,2135,811,0.9775,0.9629,-0.0129,-0.0081,0.0014,0.0497,3,0.2,7
ciciot2023:rung0.2,mlp,Benign,6299,2539,0.9434,0.9414,0.0086,0.0055,0.0068,0.0395,3,0.2,88
ciciot2023:rung0.2,mlp,BruteForce,1371,525,0.99,0.9562,-0.0062,-0.0096,0.0005,0.0343,3,0.2,88
ciciot2023:rung0.2,mlp,DDoS,68476,25875,0.5,0.9506,-0.0006,0.0,0.0,0.0048,3,0.2,88
ciciot2023:rung0.2,mlp,DoS,25215,9595,0.4999,0.9505,-0.0005,0.0,0.0,0.0089,3,0.2,88
ciciot2023:rung0.2,mlp,Mirai,18953,7258,0.4999,0.9512,-0.0012,0.0,0.0,0.0025,3,0.2,88
ciciot2023:rung0.2,mlp,Recon,23055,8755,0.6871,0.9531,-0.0031,0.0009,0.0,0.0082,3,0.2,88
ciciot2023:rung0.2,mlp,Spoofing,12575,4642,0.8848,0.9511,-0.0011,-0.0,-0.0077,0.0096,3,0.2,88
ciciot2023:rung0.2,mlp,Web,2135,811,0.9736,0.963,-0.013,-0.0086,-0.0067,0.0494,3,0.2,88
ciciot2023:rung0.2,mlp,Benign,6299,2539,0.944,0.9476,0.0024,0.0057,0.0101,0.0238,3,0.2,91
ciciot2023:rung0.2,mlp,BruteForce,1371,525,0.9914,0.9526,-0.0026,-0.0136,-0.001,0.0525,3,0.2,91
ciciot2023:rung0.2,mlp,DDoS,68476,25875,0.5,0.9511,-0.0011,0.0,0.0,0.0038,3,0.2,91
ciciot2023:rung0.2,mlp,DoS,25215,9595,0.4999,0.9506,-0.0006,0.0,0.0,0.0112,3,0.2,91
ciciot2023:rung0.2,mlp,Mirai,18953,7258,0.4999,0.9501,-0.0001,0.0,0.0,0.0023,3,0.2,91
ciciot2023:rung0.2,mlp,Recon,23055,8755,0.6895,0.9484,0.0016,0.0004,0.0,0.009,3,0.2,91
ciciot2023:rung0.2,mlp,Spoofing,12575,4642,0.8837,0.951,-0.001,-0.0,-0.0075,0.0113,3,0.2,91
ciciot2023:rung0.2,mlp,Web,2135,811,0.9704,0.945,0.005,-0.0175,0.0013,0.0409,3,0.2,91
ciciot2023:rung0.2,rf,Benign,6299,2539,0.934,0.9515,-0.0015,0.0018,0.0123,0.026,3,0.2,12345
ciciot2023:rung0.2,rf,BruteForce,1371,525,0.991,0.9602,-0.0102,-0.0079,-0.002,0.0441,3,0.2,12345
ciciot2023:rung0.2,rf,DDoS,68476,25875,0.5,0.95,-0.0,0.0,0.0,0.001,3,0.2,12345
ciciot2023:rung0.2,rf,DoS,25215,9595,0.5,0.9488,0.0012,0.0,0.0,0.002,3,0.2,12345
ciciot2023:rung0.2,rf,Mirai,18953,7258,0.5,0.9506,-0.0006,0.0,0.0,0.002,3,0.2,12345
ciciot2023:rung0.2,rf,Recon,23055,8755,0.6647,0.9517,-0.0017,0.0001,0.0,0.0036,3,0.2,12345
ciciot2023:rung0.2,rf,Spoofing,12575,4642,0.8412,0.9536,-0.0036,0.0,-0.0061,0.0077,3,0.2,12345
ciciot2023:rung0.2,rf,Web,2135,811,0.9673,0.9527,-0.0027,-0.0174,-0.0054,0.0493,3,0.2,12345
ciciot2023:rung0.2,rf,Benign,6299,2539,0.9388,0.9426,0.0074,0.0005,0.0172,0.0122,3,0.2,1337
ciciot2023:rung0.2,rf,BruteForce,1371,525,0.9892,0.9646,-0.0146,-0.0041,-0.0015,0.0475,3,0.2,1337
ciciot2023:rung0.2,rf,DDoS,68476,25875,0.5,0.9513,-0.0013,0.0,0.0,0.0009,3,0.2,1337
ciciot2023:rung0.2,rf,DoS,25215,9595,0.5,0.9487,0.0013,0.0,0.0,0.0031,3,0.2,1337
ciciot2023:rung0.2,rf,Mirai,18953,7258,0.5,0.949,0.001,0.0,0.0,0.0011,3,0.2,1337
ciciot2023:rung0.2,rf,Recon,23055,8755,0.6425,0.9497,0.0003,-0.0,0.0,0.0045,3,0.2,1337
ciciot2023:rung0.2,rf,Spoofing,12575,4642,0.8372,0.9551,-0.0051,0.0001,-0.0004,0.0111,3,0.2,1337
ciciot2023:rung0.2,rf,Web,2135,811,0.9627,0.9529,-0.0029,-0.0152,0.0008,0.0287,3,0.2,1337
ciciot2023:rung0.2,rf,Benign,6299,2539,0.9317,0.9489,0.0011,0.0017,0.0238,0.0225,3,0.2,2024
ciciot2023:rung0.2,rf,BruteForce,1371,525,0.9881,0.9537,-0.0037,-0.012,0.0016,0.0447,3,0.2,2024
ciciot2023:rung0.2,rf,DDoS,68476,25875,0.5,0.9502,-0.0002,0.0,0.0,0.0014,3,0.2,2024
ciciot2023:rung0.2,rf,DoS,25215,9595,0.5,0.9509,-0.0009,0.0,0.0,0.002,3,0.2,2024
ciciot2023:rung0.2,rf,Mirai,18953,7258,0.5,0.9496,0.0004,0.0,0.0,0.0017,3,0.2,2024
ciciot2023:rung0.2,rf,Recon,23055,8755,0.6431,0.9498,0.0002,0.0,0.0,0.0069,3,0.2,2024
ciciot2023:rung0.2,rf,Spoofing,12575,4642,0.8414,0.9537,-0.0037,0.0001,0.0011,0.01,3,0.2,2024
ciciot2023:rung0.2,rf,Web,2135,811,0.9684,0.9692,-0.0192,-0.0217,-0.0081,0.0368,3,0.2,2024
ciciot2023:rung0.2,rf,Benign,6299,2539,0.9328,0.9453,0.0047,0.0007,0.0154,0.0154,3,0.2,3407
ciciot2023:rung0.2,rf,BruteForce,1371,525,0.9888,0.9474,0.0026,-0.0113,-0.0007,0.0501,3,0.2,3407
ciciot2023:rung0.2,rf,DDoS,68476,25875,0.5,0.951,-0.001,0.0,0.0,0.0011,3,0.2,3407
ciciot2023:rung0.2,rf,DoS,25215,9595,0.5,0.952,-0.002,0.0,0.0,0.0017,3,0.2,3407
ciciot2023:rung0.2,rf,Mirai,18953,7258,0.5,0.9464,0.0036,0.0,0.0,0.0013,3,0.2,3407
ciciot2023:rung0.2,rf,Recon,23055,8755,0.6369,0.9502,-0.0002,0.0,0.0,0.0052,3,0.2,3407
ciciot2023:rung0.2,rf,Spoofing,12575,4642,0.8364,0.9514,-0.0014,0.0001,0.0055,0.013,3,0.2,3407
ciciot2023:rung0.2,rf,Web,2135,811,0.9672,0.9635,-0.0135,-0.0078,-0.0092,0.0439,3,0.2,3407
ciciot2023:rung0.2,rf,Benign,6299,2539,0.9297,0.9472,0.0028,0.0011,0.0114,0.0198,3,0.2,42
ciciot2023:rung0.2,rf,BruteForce,1371,525,0.9895,0.9629,-0.0129,-0.0164,-0.0015,0.0544,3,0.2,42
ciciot2023:rung0.2,rf,DDoS,68476,25875,0.5,0.9502,-0.0002,0.0,0.0,0.0009,3,0.2,42
ciciot2023:rung0.2,rf,DoS,25215,9595,0.5,0.9485,0.0015,0.0,0.0,0.0023,3,0.2,42
ciciot2023:rung0.2,rf,Mirai,18953,7258,0.5,0.9497,0.0003,0.0,0.0,0.0012,3,0.2,42
ciciot2023:rung0.2,rf,Recon,23055,8755,0.6298,0.9528,-0.0028,0.0,0.0,0.0048,3,0.2,42
ciciot2023:rung0.2,rf,Spoofing,12575,4642,0.8401,0.9561,-0.0061,-0.0002,0.0043,0.0096,3,0.2,42
ciciot2023:rung0.2,rf,Web,2135,811,0.9721,0.9549,-0.0049,-0.0161,-0.0054,0.0466,3,0.2,42
ciciot2023:rung0.2,rf,Benign,6299,2539,0.9307,0.9464,0.0036,0.0003,0.0241,0.0137,3,0.2,512
ciciot2023:rung0.2,rf,BruteForce,1371,525,0.9874,0.961,-0.011,-0.0031,-0.0026,0.0459,3,0.2,512
ciciot2023:rung0.2,rf,DDoS,68476,25875,0.5,0.9509,-0.0009,0.0,0.0,0.0006,3,0.2,512
ciciot2023:rung0.2,rf,DoS,25215,9595,0.5,0.951,-0.001,0.0,0.0,0.0047,3,0.2,512
ciciot2023:rung0.2,rf,Mirai,18953,7258,0.5,0.9496,0.0004,0.0,0.0,0.0014,3,0.2,512
ciciot2023:rung0.2,rf,Recon,23055,8755,0.639,0.9519,-0.0019,0.0,0.0,0.0061,3,0.2,512
ciciot2023:rung0.2,rf,Spoofing,12575,4642,0.8329,0.9513,-0.0013,-0.0,-0.001,0.011,3,0.2,512
ciciot2023:rung0.2,rf,Web,2135,811,0.9615,0.9508,-0.0008,-0.0151,-0.0001,0.0342,3,0.2,512
ciciot2023:rung0.2,rf,Benign,6299,2539,0.9255,0.9489,0.0011,0.0004,0.0257,0.0155,3,0.2,6021
ciciot2023:rung0.2,rf,BruteForce,1371,525,0.9906,0.9564,-0.0064,-0.0148,-0.0022,0.0485,3,0.2,6021
ciciot2023:rung0.2,rf,DDoS,68476,25875,0.5,0.9502,-0.0002,0.0,0.0,0.0011,3,0.2,6021
ciciot2023:rung0.2,rf,DoS,25215,9595,0.5,0.9475,0.0025,0.0,0.0,0.0014,3,0.2,6021
ciciot2023:rung0.2,rf,Mirai,18953,7258,0.5,0.951,-0.001,0.0,0.0,0.0012,3,0.2,6021
ciciot2023:rung0.2,rf,Recon,23055,8755,0.652,0.9494,0.0006,0.0,0.0,0.0043,3,0.2,6021
ciciot2023:rung0.2,rf,Spoofing,12575,4642,0.8333,0.955,-0.005,-0.0,-0.0085,0.0113,3,0.2,6021
ciciot2023:rung0.2,rf,Web,2135,811,0.9662,0.9531,-0.0031,-0.0221,-0.0041,0.05,3,0.2,6021
ciciot2023:rung0.2,rf,Benign,6299,2539,0.9311,0.9482,0.0018,0.0009,0.0336,0.0235,3,0.2,7
ciciot2023:rung0.2,rf,BruteForce,1371,525,0.9913,0.9514,-0.0014,-0.0148,0.0008,0.0486,3,0.2,7
ciciot2023:rung0.2,rf,DDoS,68476,25875,0.5,0.9494,0.0006,0.0,0.0,0.0013,3,0.2,7
ciciot2023:rung0.2,rf,DoS,25215,9595,0.5,0.9494,0.0006,0.0,0.0,0.0028,3,0.2,7
ciciot2023:rung0.2,rf,Mirai,18953,7258,0.5,0.9491,0.0009,0.0,0.0,0.0016,3,0.2,7
ciciot2023:rung0.2,rf,Recon,23055,8755,0.6374,0.9477,0.0023,0.0,0.0,0.0052,3,0.2,7
ciciot2023:rung0.2,rf,Spoofing,12575,4642,0.8341,0.9514,-0.0014,0.0006,-0.0057,0.01,3,0.2,7
ciciot2023:rung0.2,rf,Web,2135,811,0.9628,0.9388,0.0112,-0.016,-0.0019,0.0386,3,0.2,7
ciciot2023:rung0.2,rf,Benign,6299,2539,0.9347,0.9504,-0.0004,0.0004,0.0211,0.0181,3,0.2,88
ciciot2023:rung0.2,rf,BruteForce,1371,525,0.9906,0.949,0.001,-0.0127,-0.0004,0.0447,3,0.2,88
ciciot2023:rung0.2,rf,DDoS,68476,25875,0.5,0.9492,0.0008,0.0,0.0,0.0016,3,0.2,88
ciciot2023:rung0.2,rf,DoS,25215,9595,0.5,0.95,-0.0,0.0,0.0,0.0016,3,0.2,88
ciciot2023:rung0.2,rf,Mirai,18953,7258,0.5,0.9519,-0.0019,0.0,0.0,0.0012,3,0.2,88
ciciot2023:rung0.2,rf,Recon,23055,8755,0.6538,0.9536,-0.0036,0.0,0.0,0.0057,3,0.2,88
ciciot2023:rung0.2,rf,Spoofing,12575,4642,0.8329,0.9529,-0.0029,0.0001,0.0013,0.0098,3,0.2,88
ciciot2023:rung0.2,rf,Web,2135,811,0.9654,0.9608,-0.0108,-0.009,0.001,0.0238,3,0.2,88
ciciot2023:rung0.2,rf,Benign,6299,2539,0.9323,0.9434,0.0066,0.001,0.031,0.0196,3,0.2,91
ciciot2023:rung0.2,rf,BruteForce,1371,525,0.9899,0.9709,-0.0209,-0.0131,-0.004,0.0483,3,0.2,91
ciciot2023:rung0.2,rf,DDoS,68476,25875,0.5,0.951,-0.001,0.0,0.0,0.0013,3,0.2,91
ciciot2023:rung0.2,rf,DoS,25215,9595,0.5,0.9482,0.0018,0.0,0.0,0.0025,3,0.2,91
ciciot2023:rung0.2,rf,Mirai,18953,7258,0.5,0.9496,0.0004,0.0,0.0,0.0018,3,0.2,91
ciciot2023:rung0.2,rf,Recon,23055,8755,0.6518,0.9483,0.0017,-0.0001,0.0,0.0052,3,0.2,91
ciciot2023:rung0.2,rf,Spoofing,12575,4642,0.8353,0.9524,-0.0024,0.0001,0.0005,0.0089,3,0.2,91
ciciot2023:rung0.2,rf,Web,2135,811,0.9652,0.9547,-0.0047,-0.0247,0.0019,0.0498,3,0.2,91
ciciot2023:rung0.2,xgb,Benign,6299,2539,0.8944,0.9513,-0.0013,0.0,0.0029,0.0152,3,0.2,12345
ciciot2023:rung0.2,xgb,BruteForce,1371,525,0.9867,0.9592,-0.0092,0.0,-0.0137,0.037,3,0.2,12345
ciciot2023:rung0.2,xgb,DDoS,68476,25875,0.5,0.9497,0.0003,0.0,0.0,0.0004,3,0.2,12345
ciciot2023:rung0.2,xgb,DoS,25215,9595,0.5,0.948,0.002,0.0,0.0,0.0006,3,0.2,12345
ciciot2023:rung0.2,xgb,Mirai,18953,7258,0.5,0.9502,-0.0002,0.0,0.0,0.0003,3,0.2,12345
ciciot2023:rung0.2,xgb,Recon,23055,8755,0.599,0.9502,-0.0002,0.0,0.0,0.0113,3,0.2,12345
ciciot2023:rung0.2,xgb,Spoofing,12575,4642,0.801,0.9501,-0.0001,0.0,0.0132,0.007,3,0.2,12345
ciciot2023:rung0.2,xgb,Web,2135,811,0.9606,0.9559,-0.0059,-0.0,-0.0025,0.0337,3,0.2,12345
ciciot2023:rung0.2,xgb,Benign,6299,2539,0.8867,0.9568,-0.0068,0.0,0.0266,0.0256,3,0.2,1337
ciciot2023:rung0.2,xgb,BruteForce,1371,525,0.9858,0.9556,-0.0056,0.0,-0.0014,0.0561,3,0.2,1337
ciciot2023:rung0.2,xgb,DDoS,68476,25875,0.5,0.9514,-0.0014,0.0,0.0,0.0004,3,0.2,1337
ciciot2023:rung0.2,xgb,DoS,25215,9595,0.5,0.9511,-0.0011,0.0,0.0,0.0005,3,0.2,1337
ciciot2023:rung0.2,xgb,Mirai,18953,7258,0.5,0.9496,0.0004,0.0,0.0,0.0002,3,0.2,1337
ciciot2023:rung0.2,xgb,Recon,23055,8755,0.5625,0.9511,-0.0011,0.0,0.0,0.0087,3,0.2,1337
ciciot2023:rung0.2,xgb,Spoofing,12575,4642,0.8086,0.9495,0.0005,0.0,0.0199,0.0119,3,0.2,1337
ciciot2023:rung0.2,xgb,Web,2135,811,0.952,0.9396,0.0104,-0.0001,0.0064,0.0269,3,0.2,1337
ciciot2023:rung0.2,xgb,Benign,6299,2539,0.8935,0.9514,-0.0014,0.0,0.0191,0.0233,3,0.2,2024
ciciot2023:rung0.2,xgb,BruteForce,1371,525,0.9868,0.9581,-0.0081,0.0,-0.0006,0.0367,3,0.2,2024
ciciot2023:rung0.2,xgb,DDoS,68476,25875,0.5,0.9513,-0.0013,0.0,0.0,0.0003,3,0.2,2024
ciciot2023:rung0.2,xgb,DoS,25215,9595,0.5,0.9494,0.0006,0.0,0.0,0.0008,3,0.2,2024
ciciot2023:rung0.2,xgb,Mirai,18953,7258,0.5,0.9503,-0.0003,0.0,0.0,0.0004,3,0.2,2024
ciciot2023:rung0.2,xgb,Recon,23055,8755,0.5315,0.95,-0.0,0.0,0.0,0.0089,3,0.2,2024
ciciot2023:rung0.2,xgb,Spoofing,12575,4642,0.8043,0.9546,-0.0046,0.0,0.0257,0.0174,3,0.2,2024
ciciot2023:rung0.2,xgb,Web,2135,811,0.9622,0.9491,0.0009,-0.0018,0.003,0.031,3,0.2,2024
ciciot2023:rung0.2,xgb,Benign,6299,2539,0.8885,0.9541,-0.0041,0.0,0.0086,0.0189,3,0.2,3407
ciciot2023:rung0.2,xgb,BruteForce,1371,525,0.9858,0.956,-0.006,0.0,-0.0075,0.0608,3,0.2,3407
ciciot2023:rung0.2,xgb,DDoS,68476,25875,0.5,0.9508,-0.0008,0.0,0.0,0.0002,3,0.2,3407
ciciot2023:rung0.2,xgb,DoS,25215,9595,0.5,0.9517,-0.0017,0.0,0.0,0.0007,3,0.2,3407
ciciot2023:rung0.2,xgb,Mirai,18953,7258,0.5,0.9485,0.0015,0.0,0.0,0.0002,3,0.2,3407
ciciot2023:rung0.2,xgb,Recon,23055,8755,0.537,0.949,0.001,0.0,0.0,0.0075,3,0.2,3407
ciciot2023:rung0.2,xgb,Spoofing,12575,4642,0.8015,0.9573,-0.0073,0.0,0.008,0.0063,3,0.2,3407
ciciot2023:rung0.2,xgb,Web,2135,811,0.9543,0.9535,-0.0035,-0.0023,0.0059,0.0458,3,0.2,3407
ciciot2023:rung0.2,xgb,Benign,6299,2539,0.8842,0.9501,-0.0001,0.0,0.0156,0.0242,3,0.2,42
ciciot2023:rung0.2,xgb,BruteForce,1371,525,0.986,0.9543,-0.0043,0.0,-0.0009,0.0494,3,0.2,42
ciciot2023:rung0.2,xgb,DDoS,68476,25875,0.5,0.9502,-0.0002,0.0,0.0,0.0003,3,0.2,42
ciciot2023:rung0.2,xgb,DoS,25215,9595,0.5,0.9473,0.0027,0.0,0.0,0.0008,3,0.2,42
ciciot2023:rung0.2,xgb,Mirai,18953,7258,0.5,0.9486,0.0014,0.0,0.0,0.0005,3,0.2,42
ciciot2023:rung0.2,xgb,Recon,23055,8755,0.5644,0.9496,0.0004,0.0,0.0,0.0084,3,0.2,42
ciciot2023:rung0.2,xgb,Spoofing,12575,4642,0.8067,0.9516,-0.0016,0.0,0.0253,0.0089,3,0.2,42
ciciot2023:rung0.2,xgb,Web,2135,811,0.9559,0.9494,0.0006,-0.0018,0.0102,0.0442,3,0.2,42
ciciot2023:rung0.2,xgb,Benign,6299,2539,0.896,0.9537,-0.0037,0.0,-0.0032,0.0168,3,0.2,512
ciciot2023:rung0.2,xgb,BruteForce,1371,525,0.9861,0.9522,-0.0022,0.0,-0.0008,0.0276,3,0.2,512
ciciot2023:rung0.2,xgb,DDoS,68476,25875,0.5,0.9505,-0.0005,0.0,0.0,0.0005,3,0.2,512
ciciot2023:rung0.2,xgb,DoS,25215,9595,0.5,0.9503,-0.0003,0.0,0.0,0.0007,3,0.2,512
ciciot2023:rung0.2,xgb,Mirai,18953,7258,0.5,0.9516,-0.0016,0.0,0.0,0.0002,3,0.2,512
ciciot2023:rung0.2,xgb,Recon,23055,8755,0.5937,0.9492,0.0008,0.0,0.0,0.0106,3,0.2,512
ciciot2023:rung0.2,xgb,Spoofing,12575,4642,0.8102,0.9526,-0.0026,0.0,0.0302,0.0099,3,0.2,512
ciciot2023:rung0.2,xgb,Web,2135,811,0.9503,0.9506,-0.0006,-0.0027,0.0093,0.0278,3,0.2,512
ciciot2023:rung0.2,xgb,Benign,6299,2539,0.8988,0.9519,-0.0019,0.0,-0.0097,0.0114,3,0.2,6021
ciciot2023:rung0.2,xgb,BruteForce,1371,525,0.9842,0.949,0.001,0.0,-0.0042,0.0644,3,0.2,6021
ciciot2023:rung0.2,xgb,DDoS,68476,25875,0.5,0.9505,-0.0005,0.0,0.0,0.0004,3,0.2,6021
ciciot2023:rung0.2,xgb,DoS,25215,9595,0.5,0.9505,-0.0005,0.0,0.0,0.0007,3,0.2,6021
ciciot2023:rung0.2,xgb,Mirai,18953,7258,0.5,0.9522,-0.0022,0.0,0.0,0.0004,3,0.2,6021
ciciot2023:rung0.2,xgb,Recon,23055,8755,0.5533,0.9485,0.0015,0.0,0.0,0.0088,3,0.2,6021
ciciot2023:rung0.2,xgb,Spoofing,12575,4642,0.8044,0.952,-0.002,0.0,0.0206,0.0129,3,0.2,6021
ciciot2023:rung0.2,xgb,Web,2135,811,0.9605,0.9513,-0.0013,-0.0015,0.0031,0.0456,3,0.2,6021
ciciot2023:rung0.2,xgb,Benign,6299,2539,0.8972,0.9532,-0.0032,0.0,0.0137,0.0171,3,0.2,7
ciciot2023:rung0.2,xgb,BruteForce,1371,525,0.9867,0.9589,-0.0089,0.0,-0.017,0.0553,3,0.2,7
ciciot2023:rung0.2,xgb,DDoS,68476,25875,0.5,0.95,-0.0,0.0,0.0,0.0003,3,0.2,7
ciciot2023:rung0.2,xgb,DoS,25215,9595,0.5,0.9536,-0.0036,0.0,0.0,0.001,3,0.2,7
ciciot2023:rung0.2,xgb,Mirai,18953,7258,0.5,0.9517,-0.0017,0.0,0.0,0.0009,3,0.2,7
ciciot2023:rung0.2,xgb,Recon,23055,8755,0.5544,0.9486,0.0014,0.0,0.0,0.0038,3,0.2,7
ciciot2023:rung0.2,xgb,Spoofing,12575,4642,0.7982,0.9523,-0.0023,0.0,0.0283,0.0092,3,0.2,7
ciciot2023:rung0.2,xgb,Web,2135,811,0.9592,0.9404,0.0096,-0.0022,-0.0082,0.0445,3,0.2,7
ciciot2023:rung0.2,xgb,Benign,6299,2539,0.9018,0.9524,-0.0024,0.0,0.0275,0.0167,3,0.2,88
ciciot2023:rung0.2,xgb,BruteForce,1371,525,0.9858,0.9499,0.0001,0.0,-0.0008,0.0429,3,0.2,88
ciciot2023:rung0.2,xgb,DDoS,68476,25875,0.5,0.9506,-0.0006,0.0,0.0,0.0004,3,0.2,88
ciciot2023:rung0.2,xgb,DoS,25215,9595,0.5,0.9497,0.0003,0.0,0.0,0.0006,3,0.2,88
ciciot2023:rung0.2,xgb,Mirai,18953,7258,0.5,0.9519,-0.0019,0.0,0.0,0.0007,3,0.2,88
ciciot2023:rung0.2,xgb,Recon,23055,8755,0.5694,0.952,-0.002,0.0,0.0,0.0074,3,0.2,88
ciciot2023:rung0.2,xgb,Spoofing,12575,4642,0.8015,0.9508,-0.0008,0.0,0.018,0.0173,3,0.2,88
ciciot2023:rung0.2,xgb,Web,2135,811,0.9508,0.9364,0.0136,-0.0029,0.0113,0.0328,3,0.2,88
ciciot2023:rung0.2,xgb,Benign,6299,2539,0.8856,0.9495,0.0005,0.0,-0.0015,0.0113,3,0.2,91
ciciot2023:rung0.2,xgb,BruteForce,1371,525,0.985,0.9581,-0.0081,0.0,-0.0083,0.0501,3,0.2,91
ciciot2023:rung0.2,xgb,DDoS,68476,25875,0.5,0.9492,0.0008,0.0,0.0,0.0003,3,0.2,91
ciciot2023:rung0.2,xgb,DoS,25215,9595,0.5,0.9496,0.0004,0.0,0.0,0.0008,3,0.2,91
ciciot2023:rung0.2,xgb,Mirai,18953,7258,0.5,0.9499,0.0001,0.0,0.0,0.0006,3,0.2,91
ciciot2023:rung0.2,xgb,Recon,23055,8755,0.6058,0.9486,0.0014,0.0,0.0,0.0108,3,0.2,91
ciciot2023:rung0.2,xgb,Spoofing,12575,4642,0.812,0.9549,-0.0049,0.0,0.0242,0.014,3,0.2,91
ciciot2023:rung0.2,xgb,Web,2135,811,0.9548,0.9514,-0.0014,-0.0019,0.0049,0.0401,3,0.2,91
ciciot2023:rung0.4,mlp,Benign,6299,2383,0.9462,0.9418,0.0082,0.0026,0.0104,0.0297,3,0.4,12345
ciciot2023:rung0.4,mlp,BruteForce,1371,530,0.9909,0.96,-0.01,-0.0219,-0.001,0.0567,3,0.4,12345
ciciot2023:rung0.4,mlp,DDoS,68476,26156,0.5,0.9497,0.0003,0.0,0.0,0.0059,3,0.4,12345
ciciot2023:rung0.4,mlp,DoS,25215,9702,0.5,0.9485,0.0015,0.0,0.0,0.0094,3,0.4,12345
ciciot2023:rung0.4,mlp,Mirai,18953,7089,0.5,0.9513,-0.0013,0.0,0.0,0.0028,3,0.4,12345
ciciot2023:rung0.4,mlp,Recon,23055,8601,0.698,0.9497,0.0003,0.0002,0.0,0.0071,3,0.4,12345
ciciot2023:rung0.4,mlp,Spoofing,12575,4728,0.8816,0.9533,-0.0033,-0.0,-0.0213,0.0207,3,0.4,12345
ciciot2023:rung0.4,mlp,Web,2135,811,0.9695,0.955,-0.005,-0.0183,-0.0008,0.0768,3,0.4,12345
ciciot2023:rung0.4,mlp,Benign,6299,2383,0.935,0.9395,0.0105,0.003,0.0139,0.0259,3,0.4,1337
ciciot2023:rung0.4,mlp,BruteForce,1371,530,0.9908,0.9506,-0.0006,-0.0263,-0.0049,0.0719,3,0.4,1337
ciciot2023:rung0.4,mlp,DDoS,68476,26156,0.5,0.9484,0.0016,0.0,0.0,0.003,3,0.4,1337
ciciot2023:rung0.4,mlp,DoS,25215,9702,0.5,0.9489,0.0011,-0.0,0.0,0.0068,3,0.4,1337
ciciot2023:rung0.4,mlp,Mirai,18953,7089,0.5,0.9506,-0.0006,0.0,0.0,0.0033,3,0.4,1337
ciciot2023:rung0.4,mlp,Recon,23055,8601,0.6972,0.9525,-0.0025,0.0,0.0,0.0105,3,0.4,1337
ciciot2023:rung0.4,mlp,Spoofing,12575,4728,0.8814,0.9508,-0.0008,-0.0004,-0.016,0.0302,3,0.4,1337
ciciot2023:rung0.4,mlp,Web,2135,811,0.9739,0.9486,0.0014,-0.0286,0.0012,0.0711,3,0.4,1337
ciciot2023:rung0.4,mlp,Benign,6299,2383,0.9371,0.947,0.003,0.0026,0.0061,0.0316,3,0.4,2024
ciciot2023:rung0.4,mlp,BruteForce,1371,530,0.9919,0.9568,-0.0068,-0.0079,-0.0064,0.0458,3,0.4,2024
ciciot2023:rung0.4,mlp,DDoS,68476,26156,0.5,0.9488,0.0012,0.0,0.0,0.0029,3,0.4,2024
ciciot2023:rung0.4,mlp,DoS,25215,9702,0.5,0.9505,-0.0005,0.0,0.0,0.0072,3,0.4,2024
ciciot2023:rung0.4,mlp,Mirai,18953,7089,0.5,0.9475,0.0025,0.0,0.0,0.0017,3,0.4,2024
ciciot2023:rung0.4,mlp,Recon,23055,8601,0.7058,0.9528,-0.0028,0.0001,0.0,0.0094,3,0.4,2024
ciciot2023:rung0.4,mlp,Spoofing,12575,4728,0.8882,0.9494,0.0006,-0.0,-0.0211,0.0325,3,0.4,2024
ciciot2023:rung0.4,mlp,Web,2135,811,0.9714,0.9539,-0.0039,-0.0127,0.0085,0.0425,3,0.4,2024
ciciot2023:rung0.4,mlp,Benign,6299,2383,0.9506,0.9468,0.0032,0.001,0.0104,0.0231,3,0.4,3407
ciciot2023:rung0.4,mlp,BruteForce,1371,530,0.9923,0.9564,-0.0064,-0.0248,-0.002,0.054,3,0.4,3407
ciciot2023:rung0.4,mlp,DDoS,68476,26156,0.5,0.9497,0.0003,0.0,0.0,0.0039,3,0.4,3407
ciciot2023:rung0.4,mlp,DoS,25215,9702,0.5,0.9466,0.0034,0.0,0.0,0.0068,3,0.4,3407
ciciot2023:rung0.4,mlp,Mirai,18953,7089,0.5,0.9513,-0.0013,0.0,0.0,0.0022,3,0.4,3407
ciciot2023:rung0.4,mlp,Recon,23055,8601,0.703,0.9513,-0.0013,0.0001,0.0,0.0068,3,0.4,3407
ciciot2023:rung0.4,mlp,Spoofing,12575,4728,0.8852,0.9501,-0.0001,-0.0001,-0.0099,0.027,3,0.4,3407
ciciot2023:rung0.4,mlp,Web,2135,811,0.9747,0.9499,0.0001,-0.0316,-0.0032,0.0855,3,0.4,3407
ciciot2023:rung0.4,mlp,Benign,6299,2383,0.9472,0.9437,0.0063,0.0041,0.0123,0.0322,3,0.4,42
ciciot2023:rung0.4,mlp,BruteForce,1371,530,0.989,0.9672,-0.0172,-0.0204,-0.0031,0.0589,3,0.4,42
ciciot2023:rung0.4,mlp,DDoS,68476,26156,0.5,0.9511,-0.0011,0.0,0.0,0.0057,3,0.4,42
ciciot2023:rung0.4,mlp,DoS,25215,9702,0.4999,0.9499,0.0001,-0.0,-0.0,0.0093,3,0.4,42
ciciot2023:rung0.4,mlp,Mirai,18953,7089,0.4999,0.9491,0.0009,0.0,0.0,0.0066,3,0.4,42
ciciot2023:rung0.4,mlp,Recon,23055,8601,0.7071,0.9496,0.0004,-0.0005,0.0,0.0125,3,0.4,42
ciciot2023:rung0.4,mlp,Spoofing,12575,4728,0.8862,0.9502,-0.0002,0.0,-0.0193,0.0241,3,0.4,42
ciciot2023:rung0.4,mlp,Web,2135,811,0.9702,0.9557,-0.0057,-0.008,-0.0019,0.0531,3,0.4,42
ciciot2023:rung0.4,mlp,Benign,6299,2383,0.9468,0.9427,0.0073,0.0025,0.0095,0.0199,3,0.4,512
ciciot2023:rung0.4,mlp,BruteForce,1371,530,0.9914,0.9626,-0.0126,-0.0193,-0.0003,0.0628,3,0.4,512
ciciot2023:rung0.4,mlp,DDoS,68476,26156,0.5,0.9495,0.0005,-0.0,0.0,0.0037,3,0.4,512
ciciot2023:rung0.4,mlp,DoS,25215,9702,0.4999,0.9486,0.0014,0.0,0.0,0.0115,3,0.4,512
ciciot2023:rung0.4,mlp,Mirai,18953,7089,0.4999,0.9524,-0.0024,0.0,0.0,0.0046,3,0.4,512
ciciot2023:rung0.4,mlp,Recon,23055,8601,0.7061,0.9499,0.0001,0.0002,0.0,0.0109,3,0.4,512
ciciot2023:rung0.4,mlp,Spoofing,12575,4728,0.8845,0.9519,-0.0019,-0.0001,-0.0166,0.0264,3,0.4,512
ciciot2023:rung0.4,mlp,Web,2135,811,0.9737,0.952,-0.002,-0.0133,0.0022,0.0482,3,0.4,512
ciciot2023:rung0.4,mlp,Benign,6299,2383,0.9376,0.9449,0.0051,0.0072,0.0079,0.0318,3,0.4,6021
ciciot2023:rung0.4,mlp,BruteForce,1371,530,0.9907,0.967,-0.017,-0.0304,-0.0061,0.054,3,0.4,6021
ciciot2023:rung0.4,mlp,DDoS,68476,26156,0.5,0.95,0.0,0.0,0.0,0.0036,3,0.4,6021
ciciot2023:rung0.4,mlp,DoS,25215,9702,0.5,0.9519,-0.0019,0.0,0.0,0.0127,3,0.4,6021
ciciot2023:rung0.4,mlp,Mirai,18953,7089,0.5,0.9517,-0.0017,0.0,0.0,0.0024,3,0.4,6021
ciciot2023:rung0.4,mlp,Recon,23055,8601,0.6559,0.9528,-0.0028,-0.0001,0.0,0.0125,3,0.4,6021
ciciot2023:rung0.4,mlp,Spoofing,12575,4728,0.8805,0.9512,-0.0012,-0.0001,-0.0156,0.0237,3,0.4,6021
ciciot2023:rung0.4,mlp,Web,2135,811,0.9706,0.9387,0.0113,-0.0016,0.0034,0.0348,3,0.4,6021
ciciot2023:rung0.4,mlp,Benign,6299,2383,0.9438,0.9438,0.0062,0.0007,0.0142,0.0198,3,0.4,7
ciciot2023:rung0.4,mlp,BruteForce,1371,530,0.9927,0.9558,-0.0058,-0.0278,-0.0006,0.0734,3,0.4,7
ciciot2023:rung0.4,mlp,DDoS,68476,26156,0.5,0.9523,-0.0023,0.0,0.0,0.0063,3,0.4,7
ciciot2023:rung0.4,mlp,DoS,25215,9702,0.5,0.9476,0.0024,-0.0,0.0,0.0136,3,0.4,7
ciciot2023:rung0.4,mlp,Mirai,18953,7089,0.5,0.9503,-0.0003,0.0,0.0,0.005,3,0.4,7
ciciot2023:rung0.4,mlp,Recon,23055,8601,0.6773,0.9535,-0.0035,0.0001,-0.0,0.0119,3,0.4,7
ciciot2023:rung0.4,mlp,Spoofing,12575,4728,0.8786,0.9545,-0.0045,-0.0003,-0.0216,0.0249,3,0.4,7
ciciot2023:rung0.4,mlp,Web,2135,811,0.9775,0.9402,0.0098,-0.0244,-0.004,0.0961,3,0.4,7
ciciot2023:rung0.4,mlp,Benign,6299,2383,0.9434,0.9433,0.0067,0.0022,0.0089,0.0253,3,0.4,88
ciciot2023:rung0.4,mlp,BruteForce,1371,530,0.99,0.9577,-0.0077,-0.0237,-0.006,0.0507,3,0.4,88
ciciot2023:rung0.4,mlp,DDoS,68476,26156,0.5,0.9502,-0.0002,0.0,0.0,0.0036,3,0.4,88
ciciot2023:rung0.4,mlp,DoS,25215,9702,0.4999,0.951,-0.001,0.0,0.0,0.0176,3,0.4,88
ciciot2023:rung0.4,mlp,Mirai,18953,7089,0.4999,0.9525,-0.0025,0.0,0.0,0.0023,3,0.4,88
ciciot2023:rung0.4,mlp,Recon,23055,8601,0.6871,0.9529,-0.0029,-0.0004,0.0,0.0097,3,0.4,88
ciciot2023:rung0.4,mlp,Spoofing,12575,4728,0.8848,0.9536,-0.0036,-0.0003,-0.0098,0.0195,3,0.4,88
ciciot2023:rung0.4,mlp,Web,2135,811,0.9736,0.9519,-0.0019,-0.0105,-0.0062,0.0465,3,0.4,88
ciciot2023:rung0.4,mlp,Benign,6299,2383,0.944,0.9417,0.0083,0.0067,0.0087,0.0215,3,0.4,91
ciciot2023:rung0.4,mlp,BruteForce,1371,530,0.9914,0.9568,-0.0068,-0.0274,-0.0016,0.0717,3,0.4,91
ciciot2023:rung0.4,mlp,DDoS,68476,26156,0.5,0.9505,-0.0005,0.0,0.0,0.0057,3,0.4,91
ciciot2023:rung0.4,mlp,DoS,25215,9702,0.4999,0.9511,-0.0011,0.0,0.0,0.007,3,0.4,91
ciciot2023:rung0.4,mlp,Mirai,18953,7089,0.4999,0.95,0.0,0.0,0.0,0.0018,3,0.4,91
ciciot2023:rung0.4,mlp,Recon,23055,8601,0.6895,0.9523,-0.0023,-0.0004,0.0,0.0088,3,0.4,91
ciciot2023:rung0.4,mlp,Spoofing,12575,4728,0.8837,0.9543,-0.0043,-0.0001,-0.0192,0.0276,3,0.4,91
ciciot2023:rung0.4,mlp,Web,2135,811,0.9704,0.9422,0.0078,-0.0141,-0.0012,0.0408,3,0.4,91
ciciot2023:rung0.4,rf,Benign,6299,2383,0.934,0.9424,0.0076,0.0022,0.0278,0.0318,3,0.4,12345
ciciot2023:rung0.4,rf,BruteForce,1371,530,0.991,0.9658,-0.0158,-0.0116,-0.0083,0.0474,3,0.4,12345
ciciot2023:rung0.4,rf,DDoS,68476,26156,0.5,0.9507,-0.0007,0.0,0.0,0.001,3,0.4,12345
ciciot2023:rung0.4,rf,DoS,25215,9702,0.5,0.9499,0.0001,0.0,0.0,0.0058,3,0.4,12345
ciciot2023:rung0.4,rf,Mirai,18953,7089,0.5,0.9517,-0.0017,0.0,0.0,0.0021,3,0.4,12345
ciciot2023:rung0.4,rf,Recon,23055,8601,0.6647,0.9518,-0.0018,0.0001,0.0,0.005,3,0.4,12345
ciciot2023:rung0.4,rf,Spoofing,12575,4728,0.8412,0.9556,-0.0056,-0.0,-0.0283,0.0122,3,0.4,12345
ciciot2023:rung0.4,rf,Web,2135,811,0.9673,0.9512,-0.0012,-0.0366,0.0012,0.0739,3,0.4,12345
ciciot2023:rung0.4,rf,Benign,6299,2383,0.9388,0.9422,0.0078,0.0011,0.0417,0.0357,3,0.4,1337
ciciot2023:rung0.4,rf,BruteForce,1371,530,0.9892,0.9592,-0.0092,-0.0057,-0.003,0.0516,3,0.4,1337
ciciot2023:rung0.4,rf,DDoS,68476,26156,0.5,0.9508,-0.0008,0.0,0.0,0.002,3,0.4,1337
ciciot2023:rung0.4,rf,DoS,25215,9702,0.5,0.9496,0.0004,0.0,0.0,0.0078,3,0.4,1337
ciciot2023:rung0.4,rf,Mirai,18953,7089,0.5,0.9526,-0.0026,0.0,0.0,0.0021,3,0.4,1337
ciciot2023:rung0.4,rf,Recon,23055,8601,0.6425,0.9511,-0.0011,-0.0,0.0,0.0085,3,0.4,1337
ciciot2023:rung0.4,rf,Spoofing,12575,4728,0.8372,0.9507,-0.0007,-0.0002,-0.0167,0.0111,3,0.4,1337
ciciot2023:rung0.4,rf,Web,2135,811,0.9627,0.9465,0.0035,-0.0351,0.0022,0.0783,3,0.4,1337
ciciot2023:rung0.4,rf,Benign,6299,2383,0.9317,0.9379,0.0121,0.0024,0.0443,0.0433,3,0.4,2024
ciciot2023:rung0.4,rf,BruteForce,1371,530,0.9881,0.964,-0.014,-0.0058,-0.0069,0.0473,3,0.4,2024
ciciot2023:rung0.4,rf,DDoS,68476,26156,0.5,0.9493,0.0007,0.0,0.0,0.0015,3,0.4,2024
ciciot2023:rung0.4,rf,DoS,25215,9702,0.5,0.9488,0.0012,0.0,0.0,0.0052,3,0.4,2024
ciciot2023:rung0.4,rf,Mirai,18953,7089,0.5,0.9492,0.0008,0.0,0.0,0.0018,3,0.4,2024
ciciot2023:rung0.4,rf,Recon,23055,8601,0.6431,0.9488,0.0012,-0.0001,0.0,0.0089,3,0.4,2024
ciciot2023:rung0.4,rf,Spoofing,12575,4728,0.8414,0.9556,-0.0056,-0.0001,-0.028,0.0132,3,0.4,2024
ciciot2023:rung0.4,rf,Web,2135,811,0.9684,0.9612,-0.0112,-0.0237,-0.007,0.0471,3,0.4,2024
ciciot2023:rung0.4,rf,Benign,6299,2383,0.9328,0.9445,0.0055,0.0021,0.0335,0.0319,3,0.4,3407
ciciot2023:rung0.4,rf,BruteForce,1371,530,0.9888,0.9534,-0.0034,-0.003,-0.007,0.0477,3,0.4,3407
ciciot2023:rung0.4,rf,DDoS,68476,26156,0.5,0.949,0.001,0.0,0.0,0.0012,3,0.4,3407
ciciot2023:rung0.4,rf,DoS,25215,9702,0.5,0.9503,-0.0003,0.0,0.0,0.0067,3,0.4,3407
ciciot2023:rung0.4,rf,Mirai,18953,7089,0.5,0.9487,0.0013,0.0,0.0,0.0019,3,0.4,3407
ciciot2023:rung0.4,rf,Recon,23055,8601,0.6369,0.9506,-0.0006,-0.0001,0.0,0.0097,3,0.4,3407
ciciot2023:rung0.4,rf,Spoofing,12575,4728,0.8364,0.95,-0.0,-0.0006,-0.0174,0.0102,3,0.4,3407
ciciot2023:rung0.4,rf,Web,2135,811,0.9672,0.957,-0.007,-0.0244,-0.0033,0.0681,3,0.4,3407
ciciot2023:rung0.4,rf,Benign,6299,2383,0.9297,0.9431,0.0069,0.002,0.0267,0.0267,3,0.4,42
ciciot2023:rung0.4,rf,BruteForce,1371,530,0.9895,0.9687,-0.0187,-0.0081,-0.0046,0.0487,3,0.4,42
ciciot2023:rung0.4,rf,DDoS,68476,26156,0.5,0.9501,-0.0001,0.0,0.0,0.0018,3,0.4,42
ciciot2023:rung0.4,rf,DoS,25215,9702,0.5,0.9493,0.0007,0.0,0.0,0.0037,3,0.4,42
ciciot2023:rung0.4,rf,Mirai,18953,7089,0.5,0.9487,0.0013,0.0,0.0,0.0022,3,0.4,42
ciciot2023:rung0.4,rf,Recon,23055,8601,0.6298,0.9514,-0.0014,-0.0001,0.0,0.0081,3,0.4,42
ciciot2023:rung0.4,rf,Spoofing,12575,4728,0.8401,0.9577,-0.0077,-0.0008,-0.022,0.0121,3,0.4,42
ciciot2023:rung0.4,rf,Web,2135,811,0.9721,0.9541,-0.0041,-0.0279,0.0048,0.0595,3,0.4,42
ciciot2023:rung0.4,rf,Benign,6299,2383,0.9307,0.9461,0.0039,0.0012,0.0277,0.0233,3,0.4,512
ciciot2023:rung0.4,rf,BruteForce,1371,530,0.9874,0.9642,-0.0142,-0.006,-0.0062,0.0448,3,0.4,512
ciciot2023:rung0.4,rf,DDoS,68476,26156,0.5,0.9481,0.0019,0.0,0.0,0.0009,3,0.4,512
ciciot2023:rung0.4,rf,DoS,25215,9702,0.5,0.9487,0.0013,0.0,0.0,0.0051,3,0.4,512
ciciot2023:rung0.4,rf,Mirai,18953,7089,0.5,0.9515,-0.0015,0.0,0.0,0.002,3,0.4,512
ciciot2023:rung0.4,rf,Recon,23055,8601,0.639,0.952,-0.002,-0.0001,0.0,0.0065,3,0.4,512
ciciot2023:rung0.4,rf,Spoofing,12575,4728,0.8329,0.9538,-0.0038,-0.0001,-0.0279,0.0123,3,0.4,512
ciciot2023:rung0.4,rf,Web,2135,811,0.9615,0.9536,-0.0036,-0.0274,0.0005,0.0595,3,0.4,512
ciciot2023:rung0.4,rf,Benign,6299,2383,0.9255,0.9493,0.0007,0.0015,0.0414,0.032,3,0.4,6021
ciciot2023:rung0.4,rf,BruteForce,1371,530,0.9906,0.9596,-0.0096,-0.0041,-0.0024,0.0462,3,0.4,6021
ciciot2023:rung0.4,rf,DDoS,68476,26156,0.5,0.9498,0.0002,0.0,0.0,0.001,3,0.4,6021
ciciot2023:rung0.4,rf,DoS,25215,9702,0.5,0.9517,-0.0017,0.0,0.0,0.0059,3,0.4,6021
ciciot2023:rung0.4,rf,Mirai,18953,7089,0.5,0.9478,0.0022,0.0,0.0,0.0018,3,0.4,6021
ciciot2023:rung0.4,rf,Recon,23055,8601,0.652,0.9503,-0.0003,0.0,0.0,0.0051,3,0.4,6021
ciciot2023:rung0.4,rf,Spoofing,12575,4728,0.8333,0.9514,-0.0014,-0.0001,-0.0296,0.0139,3,0.4,6021
ciciot2023:rung0.4,rf,Web,2135,811,0.9662,0.954,-0.004,-0.0419,-0.0001,0.0711,3,0.4,6021
ciciot2023:rung0.4,rf,Benign,6299,2383,0.9311,0.9422,0.0078,0.0019,0.0404,0.0312,3,0.4,7
ciciot2023:rung0.4,rf,BruteForce,1371,530,0.9913,0.9589,-0.0089,-0.0073,-0.0006,0.0445,3,0.4,7
ciciot2023:rung0.4,rf,DDoS,68476,26156,0.5,0.9498,0.0002,0.0,0.0,0.0017,3,0.4,7
ciciot2023:rung0.4,rf,DoS,25215,9702,0.5,0.9477,0.0023,0.0,0.0,0.0062,3,0.4,7
ciciot2023:rung0.4,rf,Mirai,18953,7089,0.5,0.9515,-0.0015,0.0,0.0,0.0018,3,0.4,7
ciciot2023:rung0.4,rf,Recon,23055,8601,0.6374,0.9492,0.0008,-0.0,0.0,0.0092,3,0.4,7
ciciot2023:rung0.4,rf,Spoofing,12575,4728,0.8341,0.9569,-0.0069,-0.0003,-0.0281,0.0153,3,0.4,7
ciciot2023:rung0.4,rf,Web,2135,811,0.9628,0.9419,0.0081,-0.0288,0.0006,0.0569,3,0.4,7
ciciot2023:rung0.4,rf,Benign,6299,2383,0.9347,0.9473,0.0027,0.0021,0.0381,0.0395,3,0.4,88
ciciot2023:rung0.4,rf,BruteForce,1371,530,0.9906,0.9587,-0.0087,-0.003,-0.0054,0.0556,3,0.4,88
ciciot2023:rung0.4,rf,DDoS,68476,26156,0.5,0.9504,-0.0004,0.0,0.0,0.0015,3,0.4,88
ciciot2023:rung0.4,rf,DoS,25215,9702,0.5,0.9496,0.0004,0.0,0.0,0.0044,3,0.4,88
ciciot2023:rung0.4,rf,Mirai,18953,7089,0.5,0.9517,-0.0017,0.0,0.0,0.0021,3,0.4,88
ciciot2023:rung0.4,rf,Recon,23055,8601,0.6538,0.9479,0.0021,-0.0,0.0,0.0061,3,0.4,88
ciciot2023:rung0.4,rf,Spoofing,12575,4728,0.8329,0.9534,-0.0034,-0.0001,-0.0256,0.0173,3,0.4,88
ciciot2023:rung0.4,rf,Web,2135,811,0.9654,0.9461,0.0039,-0.0304,0.0026,0.0608,3,0.4,88
ciciot2023:rung0.4,rf,Benign,6299,2383,0.9323,0.9418,0.0082,0.0024,0.0394,0.0429,3,0.4,91
ciciot2023:rung0.4,rf,BruteForce,1371,530,0.9899,0.9723,-0.0223,-0.0153,-0.0071,0.0459,3,0.4,91
ciciot2023:rung0.4,rf,DDoS,68476,26156,0.5,0.9508,-0.0008,0.0,0.0,0.0016,3,0.4,91
ciciot2023:rung0.4,rf,DoS,25215,9702,0.5,0.9504,-0.0004,0.0,0.0,0.0066,3,0.4,91
ciciot2023:rung0.4,rf,Mirai,18953,7089,0.5,0.951,-0.001,0.0,0.0,0.0017,3,0.4,91
ciciot2023:rung0.4,rf,Recon,23055,8601,0.6518,0.9512,-0.0012,-0.0001,0.0,0.0062,3,0.4,91
ciciot2023:rung0.4,rf,Spoofing,12575,4728,0.8353,0.9543,-0.0043,0.0,-0.022,0.0112,3,0.4,91
ciciot2023:rung0.4,rf,Web,2135,811,0.9652,0.9445,0.0055,-0.0423,0.0086,0.0744,3,0.4,91
ciciot2023:rung0.4,xgb,Benign,6299,2383,0.8944,0.9484,0.0016,0.0,0.0271,0.022,3,0.4,12345
ciciot2023:rung0.4,xgb,BruteForce,1371,530,0.9867,0.9545,-0.0045,0.0,-0.0137,0.0375,3,0.4,12345
ciciot2023:rung0.4,xgb,DDoS,68476,26156,0.5,0.9493,0.0007,0.0,0.0,0.0003,3,0.4,12345
ciciot2023:rung0.4,xgb,DoS,25215,9702,0.5,0.9498,0.0002,0.0,0.0,0.0007,3,0.4,12345
ciciot2023:rung0.4,xgb,Mirai,18953,7089,0.5,0.9504,-0.0004,0.0,0.0,0.0002,3,0.4,12345
ciciot2023:rung0.4,xgb,Recon,23055,8601,0.599,0.9479,0.0021,0.0,0.0,0.0091,3,0.4,12345
ciciot2023:rung0.4,xgb,Spoofing,12575,4728,0.801,0.9539,-0.0039,0.0,-0.0259,0.008,3,0.4,12345
ciciot2023:rung0.4,xgb,Web,2135,811,0.9606,0.9496,0.0004,-0.0009,0.004,0.0563,3,0.4,12345
ciciot2023:rung0.4,xgb,Benign,6299,2383,0.8867,0.9522,-0.0022,0.0,0.0271,0.0301,3,0.4,1337
ciciot2023:rung0.4,xgb,BruteForce,1371,530,0.9858,0.9681,-0.0181,0.0,-0.0062,0.0456,3,0.4,1337
ciciot2023:rung0.4,xgb,DDoS,68476,26156,0.5,0.9508,-0.0008,0.0,0.0,0.0002,3,0.4,1337
ciciot2023:rung0.4,xgb,DoS,25215,9702,0.5,0.9477,0.0023,0.0,0.0,0.0006,3,0.4,1337
ciciot2023:rung0.4,xgb,Mirai,18953,7089,0.5,0.9505,-0.0005,0.0,0.0,0.0003,3,0.4,1337
ciciot2023:rung0.4,xgb,Recon,23055,8601,0.5625,0.9462,0.0038,0.0,0.0,0.0064,3,0.4,1337
ciciot2023:rung0.4,xgb,Spoofing,12575,4728,0.8086,0.9499,0.0001,0.0,-0.0135,0.0089,3,0.4,1337
ciciot2023:rung0.4,xgb,Web,2135,811,0.952,0.9444,0.0056,-0.0001,0.0003,0.0453,3,0.4,1337
ciciot2023:rung0.4,xgb,Benign,6299,2383,0.8935,0.9495,0.0005,0.0,0.0186,0.0177,3,0.4,2024
ciciot2023:rung0.4,xgb,BruteForce,1371,530,0.9868,0.9655,-0.0155,0.0,-0.0101,0.0327,3,0.4,2024
ciciot2023:rung0.4,xgb,DDoS,68476,26156,0.5,0.9509,-0.0009,0.0,0.0,0.0003,3,0.4,2024
ciciot2023:rung0.4,xgb,DoS,25215,9702,0.5,0.9488,0.0012,0.0,0.0,0.0004,3,0.4,2024
ciciot2023:rung0.4,xgb,Mirai,18953,7089,0.5,0.9543,-0.0043,0.0,0.0,0.0008,3,0.4,2024
ciciot2023:rung0.4,xgb,Recon,23055,8601,0.5315,0.9503,-0.0003,0.0,0.0,0.0061,3,0.4,2024
ciciot2023:rung0.4,xgb,Spoofing,12575,4728,0.8043,0.9506,-0.0006,0.0,-0.019,0.0115,3,0.4,2024
ciciot2023:rung0.4,xgb,Web,2135,811,0.9622,0.9481,0.0019,-0.0018,0.0019,0.055,3,0.4,2024
ciciot2023:rung0.4,xgb,Benign,6299,2383,0.8885,0.9484,0.0016,0.0,0.0209,0.0215,3,0.4,3407
ciciot2023:rung0.4,xgb,BruteForce,1371,530,0.9858,0.9494,0.0006,0.0,-0.0133,0.0335,3,0.4,3407
ciciot2023:rung0.4,xgb,DDoS,68476,26156,0.5,0.9504,-0.0004,0.0,0.0,0.0003,3,0.4,3407
ciciot2023:rung0.4,xgb,DoS,25215,9702,0.5,0.9508,-0.0008,0.0,0.0,0.0007,3,0.4,3407
ciciot2023:rung0.4,xgb,Mirai,18953,7089,0.5,0.9505,-0.0005,0.0,0.0,0.0009,3,0.4,3407
ciciot2023:rung0.4,xgb,Recon,23055,8601,0.537,0.9496,0.0004,0.0,0.0,0.0055,3,0.4,3407
ciciot2023:rung0.4,xgb,Spoofing,12575,4728,0.8015,0.9526,-0.0026,0.0,-0.0122,0.0082,3,0.4,3407
ciciot2023:rung0.4,xgb,Web,2135,811,0.9543,0.9506,-0.0006,-0.0023,0.0098,0.0582,3,0.4,3407
ciciot2023:rung0.4,xgb,Benign,6299,2383,0.8842,0.9525,-0.0025,0.0,0.0185,0.0204,3,0.4,42
ciciot2023:rung0.4,xgb,BruteForce,1371,530,0.986,0.9604,-0.0104,0.0,-0.0044,0.0508,3,0.4,42
ciciot2023:rung0.4,xgb,DDoS,68476,26156,0.5,0.9508,-0.0008,0.0,0.0,0.0003,3,0.4,42
ciciot2023:rung0.4,xgb,DoS,25215,9702,0.5,0.9498,0.0002,0.0,0.0,0.0005,3,0.4,42
ciciot2023:rung0.4,xgb,Mirai,18953,7089,0.5,0.9498,0.0002,0.0,0.0,0.0003,3,0.4,42
ciciot2023:rung0.4,xgb,Recon,23055,8601,0.5644,0.9478,0.0022,0.0,0.0,0.0076,3,0.4,42
ciciot2023:rung0.4,xgb,Spoofing,12575,4728,0.8067,0.9505,-0.0005,0.0,-0.0045,0.0061,3,0.4,42
ciciot2023:rung0.4,xgb,Web,2135,811,0.9559,0.9602,-0.0102,-0.0043,0.0143,0.0627,3,0.4,42
ciciot2023:rung0.4,xgb,Benign,6299,2383,0.896,0.9506,-0.0006,0.0,0.0088,0.0199,3,0.4,512
ciciot2023:rung0.4,xgb,BruteForce,1371,530,0.9861,0.967,-0.017,0.0,-0.0048,0.0315,3,0.4,512
ciciot2023:rung0.4,xgb,DDoS,68476,26156,0.5,0.9489,0.0011,0.0,0.0,0.0003,3,0.4,512
ciciot2023:rung0.4,xgb,DoS,25215,9702,0.5,0.9474,0.0026,0.0,0.0,0.0011,3,0.4,512
ciciot2023:rung0.4,xgb,Mirai,18953,7089,0.5,0.952,-0.002,0.0,0.0,0.0006,3,0.4,512
ciciot2023:rung0.4,xgb,Recon,23055,8601,0.5937,0.9496,0.0004,0.0,0.0,0.0065,3,0.4,512
ciciot2023:rung0.4,xgb,Spoofing,12575,4728,0.8102,0.9539,-0.0039,0.0,-0.016,0.0082,3,0.4,512
ciciot2023:rung0.4,xgb,Web,2135,811,0.9503,0.9459,0.0041,-0.0027,0.0139,0.0389,3,0.4,512
ciciot2023:rung0.4,xgb,Benign,6299,2383,0.8988,0.9472,0.0028,0.0,0.0114,0.0192,3,0.4,6021
ciciot2023:rung0.4,xgb,BruteForce,1371,530,0.9842,0.9515,-0.0015,0.0,-0.005,0.0383,3,0.4,6021
ciciot2023:rung0.4,xgb,DDoS,68476,26156,0.5,0.9509,-0.0009,0.0,0.0,0.0004,3,0.4,6021
ciciot2023:rung0.4,xgb,DoS,25215,9702,0.5,0.9464,0.0036,0.0,0.0,0.0011,3,0.4,6021
ciciot2023:rung0.4,xgb,Mirai,18953,7089,0.5,0.9511,-0.0011,0.0,0.0,0.0002,3,0.4,6021
ciciot2023:rung0.4,xgb,Recon,23055,8601,0.5533,0.9488,0.0012,0.0,0.0,0.0074,3,0.4,6021
ciciot2023:rung0.4,xgb,Spoofing,12575,4728,0.8044,0.953,-0.003,0.0,-0.0091,0.0104,3,0.4,6021
ciciot2023:rung0.4,xgb,Web,2135,811,0.9605,0.9555,-0.0055,-0.0021,0.0068,0.0648,3,0.4,6021
ciciot2023:rung0.4,xgb,Benign,6299,2383,0.8972,0.9502,-0.0002,0.0,0.0187,0.0244,3,0.4,7
ciciot2023:rung0.4,xgb,BruteForce,1371,530,0.9867,0.9568,-0.0068,0.0,0.0002,0.0392,3,0.4,7
ciciot2023:rung0.4,xgb,DDoS,68476,26156,0.5,0.9502,-0.0002,0.0,0.0,0.0002,3,0.4,7
ciciot2023:rung0.4,xgb,DoS,25215,9702,0.5,0.9513,-0.0013,0.0,0.0,0.0006,3,0.4,7
ciciot2023:rung0.4,xgb,Mirai,18953,7089,0.5,0.9503,-0.0003,0.0,0.0,0.0003,3,0.4,7
ciciot2023:rung0.4,xgb,Recon,23055,8601,0.5544,0.951,-0.001,0.0,0.0,0.0048,3,0.4,7
ciciot2023:rung0.4,xgb,Spoofing,12575,4728,0.7982,0.9526,-0.0026,0.0,-0.0025,0.0071,3,0.4,7
ciciot2023:rung0.4,xgb,Web,2135,811,0.9592,0.9375,0.0125,-0.0024,0.0027,0.0502,3,0.4,7
ciciot2023:rung0.4,xgb,Benign,6299,2383,0.9018,0.9517,-0.0017,0.0,0.0322,0.0224,3,0.4,88
ciciot2023:rung0.4,xgb,BruteForce,1371,530,0.9858,0.9691,-0.0191,0.0,-0.0125,0.034,3,0.4,88
ciciot2023:rung0.4,xgb,DDoS,68476,26156,0.5,0.9506,-0.0006,0.0,0.0,0.0005,3,0.4,88
ciciot2023:rung0.4,xgb,DoS,25215,9702,0.5,0.9512,-0.0012,0.0,0.0,0.0004,3,0.4,88
ciciot2023:rung0.4,xgb,Mirai,18953,7089,0.5,0.9504,-0.0004,0.0,0.0,0.0008,3,0.4,88
ciciot2023:rung0.4,xgb,Recon,23055,8601,0.5694,0.9498,0.0002,0.0,0.0,0.0058,3,0.4,88
ciciot2023:rung0.4,xgb,Spoofing,12575,4728,0.8015,0.95,0.0,0.0,-0.0099,0.01,3,0.4,88
ciciot2023:rung0.4,xgb,Web,2135,811,0.9508,0.9364,0.0136,-0.0029,0.0124,0.037,3,0.4,88
ciciot2023:rung0.4,xgb,Benign,6299,2383,0.8856,0.9487,0.0013,0.0,0.0081,0.0242,3,0.4,91
ciciot2023:rung0.4,xgb,BruteForce,1371,530,0.985,0.9696,-0.0196,0.0,-0.01,0.0398,3,0.4,91
ciciot2023:rung0.4,xgb,DDoS,68476,26156,0.5,0.9486,0.0014,0.0,0.0,0.0003,3,0.4,91
ciciot2023:rung0.4,xgb,DoS,25215,9702,0.5,0.9498,0.0002,0.0,0.0,0.0006,3,0.4,91
ciciot2023:rung0.4,xgb,Mirai,18953,7089,0.5,0.9505,-0.0005,0.0,0.0,0.0014,3,0.4,91
ciciot2023:rung0.4,xgb,Recon,23055,8601,0.6058,0.9512,-0.0012,0.0,0.0,0.0079,3,0.4,91
ciciot2023:rung0.4,xgb,Spoofing,12575,4728,0.812,0.9523,-0.0023,0.0,-0.0049,0.0063,3,0.4,91
ciciot2023:rung0.4,xgb,Web,2135,811,0.9548,0.9397,0.0103,-0.0038,0.0049,0.0617,3,0.4,91
ciciot2023:rung0.6,mlp,Benign,6299,2360,0.9462,0.9494,0.0006,-0.0063,0.007,0.0245,3,0.6,12345
ciciot2023:rung0.6,mlp,BruteForce,1371,583,0.9909,0.9593,-0.0093,-0.0102,-0.0001,0.0448,3,0.6,12345
ciciot2023:rung0.6,mlp,DDoS,68476,26148,0.5,0.9513,-0.0013,0.0,0.0,0.0054,3,0.6,12345
ciciot2023:rung0.6,mlp,DoS,25215,9467,0.5,0.9474,0.0026,-0.0,-0.0,0.0084,3,0.6,12345
ciciot2023:rung0.6,mlp,Mirai,18953,7190,0.5,0.9568,-0.0068,0.0,0.0,0.0025,3,0.6,12345
ciciot2023:rung0.6,mlp,Recon,23055,8725,0.698,0.946,0.004,0.0015,0.0,0.0092,3,0.6,12345
ciciot2023:rung0.6,mlp,Spoofing,12575,4716,0.8816,0.9522,-0.0022,0.0,-0.0098,0.0117,3,0.6,12345
ciciot2023:rung0.6,mlp,Web,2135,811,0.9695,0.9613,-0.0113,-0.0029,-0.0125,0.0595,3,0.6,12345
ciciot2023:rung0.6,mlp,Benign,6299,2360,0.935,0.9454,0.0046,-0.0023,0.0029,0.014,3,0.6,1337
ciciot2023:rung0.6,mlp,BruteForce,1371,583,0.9908,0.9554,-0.0054,-0.01,0.0001,0.0404,3,0.6,1337
ciciot2023:rung0.6,mlp,DDoS,68476,26148,0.5,0.9504,-0.0004,0.0,0.0,0.005,3,0.6,1337
ciciot2023:rung0.6,mlp,DoS,25215,9467,0.5,0.9485,0.0015,0.0,0.0,0.0054,3,0.6,1337
ciciot2023:rung0.6,mlp,Mirai,18953,7190,0.5,0.9518,-0.0018,0.0,0.0,0.0035,3,0.6,1337
ciciot2023:rung0.6,mlp,Recon,23055,8725,0.6972,0.9498,0.0002,0.0008,0.0,0.0124,3,0.6,1337
ciciot2023:rung0.6,mlp,Spoofing,12575,4716,0.8814,0.9497,0.0003,0.0,-0.0058,0.0167,3,0.6,1337
ciciot2023:rung0.6,mlp,Web,2135,811,0.9739,0.9533,-0.0033,-0.022,-0.0053,0.0595,3,0.6,1337
ciciot2023:rung0.6,mlp,Benign,6299,2360,0.9371,0.9481,0.0019,-0.0,0.0086,0.0178,3,0.6,2024
ciciot2023:rung0.6,mlp,BruteForce,1371,583,0.9919,0.9595,-0.0095,0.0006,-0.0028,0.0419,3,0.6,2024
ciciot2023:rung0.6,mlp,DDoS,68476,26148,0.5,0.9509,-0.0009,0.0,0.0,0.0063,3,0.6,2024
ciciot2023:rung0.6,mlp,DoS,25215,9467,0.5,0.9503,-0.0003,0.0,0.0,0.0057,3,0.6,2024
ciciot2023:rung0.6,mlp,Mirai,18953,7190,0.5,0.9512,-0.0012,0.0,0.0,0.0015,3,0.6,2024
ciciot2023:rung0.6,mlp,Recon,23055,8725,0.7058,0.9495,0.0005,0.0009,0.0,0.0113,3,0.6,2024
ciciot2023:rung0.6,mlp,Spoofing,12575,4716,0.8882,0.9524,-0.0024,-0.0,-0.0082,0.02,3,0.6,2024
ciciot2023:rung0.6,mlp,Web,2135,811,0.9714,0.9504,-0.0004,0.0025,0.0019,0.0732,3,0.6,2024
ciciot2023:rung0.6,mlp,Benign,6299,2360,0.9506,0.9466,0.0034,-0.0015,0.0059,0.0157,3,0.6,3407
ciciot2023:rung0.6,mlp,BruteForce,1371,583,0.9923,0.9715,-0.0215,-0.0028,-0.0027,0.0455,3,0.6,3407
ciciot2023:rung0.6,mlp,DDoS,68476,26148,0.5,0.9498,0.0002,0.0,0.0,0.0067,3,0.6,3407
ciciot2023:rung0.6,mlp,DoS,25215,9467,0.5,0.9486,0.0014,0.0,0.0,0.0056,3,0.6,3407
ciciot2023:rung0.6,mlp,Mirai,18953,7190,0.5,0.9515,-0.0015,0.0,0.0,0.0026,3,0.6,3407
ciciot2023:rung0.6,mlp,Recon,23055,8725,0.703,0.9532,-0.0032,0.0008,0.0,0.0113,3,0.6,3407
ciciot2023:rung0.6,mlp,Spoofing,12575,4716,0.8852,0.9511,-0.0011,-0.0,-0.0069,0.0165,3,0.6,3407
ciciot2023:rung0.6,mlp,Web,2135,811,0.9747,0.9567,-0.0067,-0.0199,-0.0148,0.0709,3,0.6,3407
ciciot2023:rung0.6,mlp,Benign,6299,2360,0.9472,0.9552,-0.0052,0.0015,0.0043,0.0165,3,0.6,42
ciciot2023:rung0.6,mlp,BruteForce,1371,583,0.989,0.966,-0.016,-0.0155,-0.0005,0.0354,3,0.6,42
ciciot2023:rung0.6,mlp,DDoS,68476,26148,0.5,0.9495,0.0005,0.0,0.0,0.0065,3,0.6,42
ciciot2023:rung0.6,mlp,DoS,25215,9467,0.4999,0.9506,-0.0006,-0.0,0.0,0.0073,3,0.6,42
ciciot2023:rung0.6,mlp,Mirai,18953,7190,0.4999,0.949,0.001,0.0,0.0,0.0042,3,0.6,42
ciciot2023:rung0.6,mlp,Recon,23055,8725,0.7071,0.9475,0.0025,0.0009,0.0,0.0113,3,0.6,42
ciciot2023:rung0.6,mlp,Spoofing,12575,4716,0.8862,0.9558,-0.0058,0.0,-0.0095,0.0127,3,0.6,42
ciciot2023:rung0.6,mlp,Web,2135,811,0.9702,0.949,0.001,-0.0014,-0.0004,0.0583,3,0.6,42
ciciot2023:rung0.6,mlp,Benign,6299,2360,0.9468,0.9526,-0.0026,-0.0038,0.0009,0.021,3,0.6,512
ciciot2023:rung0.6,mlp,BruteForce,1371,583,0.9914,0.9679,-0.0179,0.0117,-0.0004,0.0409,3,0.6,512
ciciot2023:rung0.6,mlp,DDoS,68476,26148,0.5,0.9497,0.0003,-0.0,0.0,0.0054,3,0.6,512
ciciot2023:rung0.6,mlp,DoS,25215,9467,0.4999,0.9506,-0.0006,0.0,-0.0,0.0052,3,0.6,512
ciciot2023:rung0.6,mlp,Mirai,18953,7190,0.4999,0.9521,-0.0021,0.0,0.0,0.0026,3,0.6,512
ciciot2023:rung0.6,mlp,Recon,23055,8725,0.7061,0.9517,-0.0017,0.0013,0.0,0.0107,3,0.6,512
ciciot2023:rung0.6,mlp,Spoofing,12575,4716,0.8845,0.951,-0.001,-0.0,-0.0087,0.0182,3,0.6,512
ciciot2023:rung0.6,mlp,Web,2135,811,0.9737,0.9478,0.0022,-0.0027,-0.0091,0.0505,3,0.6,512
ciciot2023:rung0.6,mlp,Benign,6299,2360,0.9376,0.9454,0.0046,-0.0,-0.0059,0.0183,3,0.6,6021
ciciot2023:rung0.6,mlp,BruteForce,1371,583,0.9907,0.9633,-0.0133,-0.0085,-0.0014,0.0377,3,0.6,6021
ciciot2023:rung0.6,mlp,DDoS,68476,26148,0.5,0.9498,0.0002,0.0,0.0,0.0019,3,0.6,6021
ciciot2023:rung0.6,mlp,DoS,25215,9467,0.5,0.9503,-0.0003,0.0,0.0,0.009,3,0.6,6021
ciciot2023:rung0.6,mlp,Mirai,18953,7190,0.5,0.9519,-0.0019,0.0,0.0,0.0017,3,0.6,6021
ciciot2023:rung0.6,mlp,Recon,23055,8725,0.6559,0.9482,0.0018,0.0007,0.0,0.0076,3,0.6,6021
ciciot2023:rung0.6,mlp,Spoofing,12575,4716,0.8805,0.9486,0.0014,0.0,-0.0091,0.0154,3,0.6,6021
ciciot2023:rung0.6,mlp,Web,2135,811,0.9706,0.9603,-0.0103,0.0022,-0.0112,0.0499,3,0.6,6021
ciciot2023:rung0.6,mlp,Benign,6299,2360,0.9438,0.9499,0.0001,-0.0003,0.0025,0.017,3,0.6,7
ciciot2023:rung0.6,mlp,BruteForce,1371,583,0.9927,0.9647,-0.0147,-0.0092,-0.0007,0.0433,3,0.6,7
ciciot2023:rung0.6,mlp,DDoS,68476,26148,0.5,0.9486,0.0014,0.0,0.0,0.0085,3,0.6,7
ciciot2023:rung0.6,mlp,DoS,25215,9467,0.5,0.9508,-0.0008,-0.0,0.0,0.009,3,0.6,7
ciciot2023:rung0.6,mlp,Mirai,18953,7190,0.5,0.953,-0.003,0.0,0.0,0.0061,3,0.6,7
ciciot2023:rung0.6,mlp,Recon,23055,8725,0.6773,0.9519,-0.0019,0.0006,0.0,0.0092,3,0.6,7
ciciot2023:rung0.6,mlp,Spoofing,12575,4716,0.8786,0.9534,-0.0034,0.0,-0.0057,0.0199,3,0.6,7
ciciot2023:rung0.6,mlp,Web,2135,811,0.9775,0.9597,-0.0097,-0.0049,-0.0143,0.0706,3,0.6,7
ciciot2023:rung0.6,mlp,Benign,6299,2360,0.9434,0.9477,0.0023,-0.0002,0.0057,0.0127,3,0.6,88
ciciot2023:rung0.6,mlp,BruteForce,1371,583,0.99,0.9547,-0.0047,-0.0143,-0.0002,0.038,3,0.6,88
ciciot2023:rung0.6,mlp,DDoS,68476,26148,0.5,0.9511,-0.0011,0.0,0.0,0.0049,3,0.6,88
ciciot2023:rung0.6,mlp,DoS,25215,9467,0.4999,0.9497,0.0003,0.0,0.0,0.0103,3,0.6,88
ciciot2023:rung0.6,mlp,Mirai,18953,7190,0.4999,0.9503,-0.0003,0.0,0.0,0.0016,3,0.6,88
ciciot2023:rung0.6,mlp,Recon,23055,8725,0.6871,0.949,0.001,0.001,0.0,0.0129,3,0.6,88
ciciot2023:rung0.6,mlp,Spoofing,12575,4716,0.8848,0.952,-0.002,0.0001,0.0043,0.0156,3,0.6,88
ciciot2023:rung0.6,mlp,Web,2135,811,0.9736,0.965,-0.015,0.0043,-0.0131,0.0846,3,0.6,88
ciciot2023:rung0.6,mlp,Benign,6299,2360,0.944,0.9467,0.0033,-0.0016,-0.0038,0.0179,3,0.6,91
ciciot2023:rung0.6,mlp,BruteForce,1371,583,0.9914,0.9504,-0.0004,-0.0067,-0.0012,0.0369,3,0.6,91
ciciot2023:rung0.6,mlp,DDoS,68476,26148,0.5,0.9491,0.0009,0.0,0.0,0.0056,3,0.6,91
ciciot2023:rung0.6,mlp,DoS,25215,9467,0.4999,0.9492,0.0008,0.0,0.0,0.0106,3,0.6,91
ciciot2023:rung0.6,mlp,Mirai,18953,7190,0.4999,0.9503,-0.0003,0.0,0.0,0.0014,3,0.6,91
ciciot2023:rung0.6,mlp,Recon,23055,8725,0.6895,0.951,-0.001,0.0013,0.0,0.0112,3,0.6,91
ciciot2023:rung0.6,mlp,Spoofing,12575,4716,0.8837,0.9539,-0.0039,0.0,-0.0081,0.0138,3,0.6,91
ciciot2023:rung0.6,mlp,Web,2135,811,0.9704,0.958,-0.008,0.0097,-0.0057,0.049,3,0.6,91
ciciot2023:rung0.6,rf,Benign,6299,2360,0.934,0.9539,-0.0039,-0.0002,-0.0417,0.0171,3,0.6,12345
ciciot2023:rung0.6,rf,BruteForce,1371,583,0.991,0.971,-0.021,-0.0099,-0.0074,0.0314,3,0.6,12345
ciciot2023:rung0.6,rf,DDoS,68476,26148,0.5,0.9495,0.0005,0.0,0.0,0.0018,3,0.6,12345
ciciot2023:rung0.6,rf,DoS,25215,9467,0.5,0.9507,-0.0007,0.0,0.0,0.0018,3,0.6,12345
ciciot2023:rung0.6,rf,Mirai,18953,7190,0.5,0.9477,0.0023,0.0,0.0,0.0023,3,0.6,12345
ciciot2023:rung0.6,rf,Recon,23055,8725,0.6647,0.948,0.002,0.0003,0.0,0.0091,3,0.6,12345
ciciot2023:rung0.6,rf,Spoofing,12575,4716,0.8412,0.953,-0.003,0.0,-0.0036,0.0081,3,0.6,12345
ciciot2023:rung0.6,rf,Web,2135,811,0.9673,0.9481,0.0019,-0.0304,0.0028,0.074,3,0.6,12345
ciciot2023:rung0.6,rf,Benign,6299,2360,0.9388,0.9552,-0.0052,-0.0008,-0.0455,0.0184,3,0.6,1337
ciciot2023:rung0.6,rf,BruteForce,1371,583,0.9892,0.9631,-0.0131,-0.0032,-0.0011,0.0361,3,0.6,1337
ciciot2023:rung0.6,rf,DDoS,68476,26148,0.5,0.9503,-0.0003,0.0,0.0,0.0017,3,0.6,1337
ciciot2023:rung0.6,rf,DoS,25215,9467,0.5,0.9475,0.0025,0.0,0.0,0.0016,3,0.6,1337
ciciot2023:rung0.6,rf,Mirai,18953,7190,0.5,0.9504,-0.0004,0.0,0.0,0.0016,3,0.6,1337
ciciot2023:rung0.6,rf,Recon,23055,8725,0.6425,0.9523,-0.0023,0.0002,0.0,0.0089,3,0.6,1337
ciciot2023:rung0.6,rf,Spoofing,12575,4716,0.8372,0.954,-0.004,-0.0003,0.0028,0.0136,3,0.6,1337
ciciot2023:rung0.6,rf,Web,2135,811,0.9627,0.9605,-0.0105,-0.0278,-0.0032,0.0561,3,0.6,1337
ciciot2023:rung0.6,rf,Benign,6299,2360,0.9317,0.9493,0.0007,0.0,-0.0321,0.0144,3,0.6,2024
ciciot2023:rung0.6,rf,BruteForce,1371,583,0.9881,0.9621,-0.0121,-0.0079,-0.0051,0.0343,3,0.6,2024
ciciot2023:rung0.6,rf,DDoS,68476,26148,0.5,0.9485,0.0015,0.0,0.0,0.0007,3,0.6,2024
ciciot2023:rung0.6,rf,DoS,25215,9467,0.5,0.9497,0.0003,0.0,0.0,0.0022,3,0.6,2024
ciciot2023:rung0.6,rf,Mirai,18953,7190,0.5,0.9513,-0.0013,0.0,0.0,0.0015,3,0.6,2024
ciciot2023:rung0.6,rf,Recon,23055,8725,0.6431,0.9488,0.0012,0.0001,0.0,0.0107,3,0.6,2024
ciciot2023:rung0.6,rf,Spoofing,12575,4716,0.8414,0.9493,0.0007,-0.0002,-0.0001,0.0093,3,0.6,2024
ciciot2023:rung0.6,rf,Web,2135,811,0.9684,0.9641,-0.0141,-0.0224,-0.0009,0.0477,3,0.6,2024
ciciot2023:rung0.6,rf,Benign,6299,2360,0.9328,0.9565,-0.0065,-0.0002,-0.0304,0.0149,3,0.6,3407
ciciot2023:rung0.6,rf,BruteForce,1371,583,0.9888,0.9492,0.0008,-0.0015,-0.0003,0.0308,3,0.6,3407
ciciot2023:rung0.6,rf,DDoS,68476,26148,0.5,0.9501,-0.0001,0.0,0.0,0.0016,3,0.6,3407
ciciot2023:rung0.6,rf,DoS,25215,9467,0.5,0.9528,-0.0028,0.0,0.0,0.0019,3,0.6,3407
ciciot2023:rung0.6,rf,Mirai,18953,7190,0.5,0.9483,0.0017,0.0,0.0,0.0017,3,0.6,3407
ciciot2023:rung0.6,rf,Recon,23055,8725,0.6369,0.9473,0.0027,0.0,0.0,0.0096,3,0.6,3407
ciciot2023:rung0.6,rf,Spoofing,12575,4716,0.8364,0.9504,-0.0004,-0.0002,0.0047,0.0136,3,0.6,3407
ciciot2023:rung0.6,rf,Web,2135,811,0.9672,0.9544,-0.0044,-0.0187,-0.0044,0.0473,3,0.6,3407
ciciot2023:rung0.6,rf,Benign,6299,2360,0.9297,0.9579,-0.0079,-0.0004,-0.0586,0.0218,3,0.6,42
ciciot2023:rung0.6,rf,BruteForce,1371,583,0.9895,0.9556,-0.0056,-0.0064,-0.0,0.0302,3,0.6,42
ciciot2023:rung0.6,rf,DDoS,68476,26148,0.5,0.951,-0.001,0.0,0.0,0.0014,3,0.6,42
ciciot2023:rung0.6,rf,DoS,25215,9467,0.5,0.9526,-0.0026,0.0,0.0,0.002,3,0.6,42
ciciot2023:rung0.6,rf,Mirai,18953,7190,0.5,0.947,0.003,0.0,0.0,0.0015,3,0.6,42
ciciot2023:rung0.6,rf,Recon,23055,8725,0.6298,0.9485,0.0015,0.0,0.0,0.0062,3,0.6,42
ciciot2023:rung0.6,rf,Spoofing,12575,4716,0.8401,0.9496,0.0004,-0.0001,0.0004,0.0109,3,0.6,42
ciciot2023:rung0.6,rf,Web,2135,811,0.9721,0.964,-0.014,-0.0257,-0.001,0.0444,3,0.6,42
ciciot2023:rung0.6,rf,Benign,6299,2360,0.9307,0.9534,-0.0034,-0.0006,-0.0382,0.0214,3,0.6,512
ciciot2023:rung0.6,rf,BruteForce,1371,583,0.9874,0.9559,-0.0059,-0.0056,-0.0027,0.0415,3,0.6,512
ciciot2023:rung0.6,rf,DDoS,68476,26148,0.5,0.951,-0.001,0.0,0.0,0.0014,3,0.6,512
ciciot2023:rung0.6,rf,DoS,25215,9467,0.5,0.9496,0.0004,0.0,0.0,0.0015,3,0.6,512
ciciot2023:rung0.6,rf,Mirai,18953,7190,0.5,0.9515,-0.0015,0.0,0.0,0.0013,3,0.6,512
ciciot2023:rung0.6,rf,Recon,23055,8725,0.639,0.9499,0.0001,0.0,0.0,0.0073,3,0.6,512
ciciot2023:rung0.6,rf,Spoofing,12575,4716,0.8329,0.9514,-0.0014,-0.0001,-0.0069,0.0106,3,0.6,512
ciciot2023:rung0.6,rf,Web,2135,811,0.9615,0.9508,-0.0008,-0.0275,0.0009,0.0532,3,0.6,512
ciciot2023:rung0.6,rf,Benign,6299,2360,0.9255,0.9519,-0.0019,-0.0001,-0.032,0.0149,3,0.6,6021
ciciot2023:rung0.6,rf,BruteForce,1371,583,0.9906,0.9636,-0.0136,-0.0067,-0.004,0.0365,3,0.6,6021
ciciot2023:rung0.6,rf,DDoS,68476,26148,0.5,0.9514,-0.0014,0.0,0.0,0.001,3,0.6,6021
ciciot2023:rung0.6,rf,DoS,25215,9467,0.5,0.9511,-0.0011,0.0,0.0,0.0018,3,0.6,6021
ciciot2023:rung0.6,rf,Mirai,18953,7190,0.5,0.9497,0.0003,0.0,0.0,0.0018,3,0.6,6021
ciciot2023:rung0.6,rf,Recon,23055,8725,0.652,0.9495,0.0005,0.0001,0.0,0.0094,3,0.6,6021
ciciot2023:rung0.6,rf,Spoofing,12575,4716,0.8333,0.953,-0.003,-0.0001,0.0023,0.0091,3,0.6,6021
ciciot2023:rung0.6,rf,Web,2135,811,0.9662,0.9519,-0.0019,-0.0213,-0.0042,0.0547,3,0.6,6021
ciciot2023:rung0.6,rf,Benign,6299,2360,0.9311,0.9565,-0.0065,-0.0009,-0.037,0.0155,3,0.6,7
ciciot2023:rung0.6,rf,BruteForce,1371,583,0.9913,0.9535,-0.0035,-0.003,-0.0009,0.0463,3,0.6,7
ciciot2023:rung0.6,rf,DDoS,68476,26148,0.5,0.95,0.0,0.0,0.0,0.0009,3,0.6,7
ciciot2023:rung0.6,rf,DoS,25215,9467,0.5,0.9515,-0.0015,0.0,0.0,0.0018,3,0.6,7
ciciot2023:rung0.6,rf,Mirai,18953,7190,0.5,0.9502,-0.0002,0.0,0.0,0.0016,3,0.6,7
ciciot2023:rung0.6,rf,Recon,23055,8725,0.6374,0.9488,0.0012,0.0001,0.0,0.008,3,0.6,7
ciciot2023:rung0.6,rf,Spoofing,12575,4716,0.8341,0.9544,-0.0044,-0.0001,-0.0052,0.0147,3,0.6,7
ciciot2023:rung0.6,rf,Web,2135,811,0.9628,0.9473,0.0027,-0.0222,0.0066,0.0442,3,0.6,7
ciciot2023:rung0.6,rf,Benign,6299,2360,0.9347,0.9488,0.0012,-0.0003,-0.0227,0.0139,3,0.6,88
ciciot2023:rung0.6,rf,BruteForce,1371,583,0.9906,0.958,-0.008,-0.0122,-0.0004,0.0282,3,0.6,88
ciciot2023:rung0.6,rf,DDoS,68476,26148,0.5,0.9481,0.0019,0.0,0.0,0.0015,3,0.6,88
ciciot2023:rung0.6,rf,DoS,25215,9467,0.5,0.9481,0.0019,0.0,0.0,0.0022,3,0.6,88
ciciot2023:rung0.6,rf,Mirai,18953,7190,0.5,0.9494,0.0006,0.0,0.0,0.0012,3,0.6,88
ciciot2023:rung0.6,rf,Recon,23055,8725,0.6538,0.9475,0.0025,0.0,0.0,0.0114,3,0.6,88
ciciot2023:rung0.6,rf,Spoofing,12575,4716,0.8329,0.955,-0.005,-0.0001,0.0076,0.0095,3,0.6,88
ciciot2023:rung0.6,rf,Web,2135,811,0.9654,0.9503,-0.0003,-0.0317,0.0035,0.0698,3,0.6,88
ciciot2023:rung0.6,rf,Benign,6299,2360,0.9323,0.9527,-0.0027,0.0001,-0.0245,0.0156,3,0.6,91
ciciot2023:rung0.6,rf,BruteForce,1371,583,0.9899,0.9561,-0.0061,-0.0056,-0.0055,0.0422,3,0.6,91
ciciot2023:rung0.6,rf,DDoS,68476,26148,0.5,0.9501,-0.0001,0.0,0.0,0.0005,3,0.6,91
ciciot2023:rung0.6,rf,DoS,25215,9467,0.5,0.95,0.0,0.0,0.0,0.0027,3,0.6,91
ciciot2023:rung0.6,rf,Mirai,18953,7190,0.5,0.9511,-0.0011,0.0,0.0,0.0011,3,0.6,91
ciciot2023:rung0.6,rf,Recon,23055,8725,0.6518,0.9506,-0.0006,0.0001,0.0,0.0078,3,0.6,91
ciciot2023:rung0.6,rf,Spoofing,12575,4716,0.8353,0.9494,0.0006,0.0,0.0015,0.0079,3,0.6,91
ciciot2023:rung0.6,rf,Web,2135,811,0.9652,0.9555,-0.0055,-0.0362,0.0041,0.0652,3,0.6,91
ciciot2023:rung0.6,xgb,Benign,6299,2360,0.8944,0.9491,0.0009,0.0,-0.0245,0.0131,3,0.6,12345
ciciot2023:rung0.6,xgb,BruteForce,1371,583,0.9867,0.9623,-0.0123,0.0,-0.0017,0.0488,3,0.6,12345
ciciot2023:rung0.6,xgb,DDoS,68476,26148,0.5,0.9498,0.0002,0.0,0.0,0.0003,3,0.6,12345
ciciot2023:rung0.6,xgb,DoS,25215,9467,0.5,0.9502,-0.0002,0.0,0.0,0.0006,3,0.6,12345
ciciot2023:rung0.6,xgb,Mirai,18953,7190,0.5,0.9523,-0.0023,0.0,0.0,0.0006,3,0.6,12345
ciciot2023:rung0.6,xgb,Recon,23055,8725,0.599,0.9506,-0.0006,0.0,0.0,0.0121,3,0.6,12345
ciciot2023:rung0.6,xgb,Spoofing,12575,4716,0.801,0.9531,-0.0031,0.0,0.0185,0.0083,3,0.6,12345
ciciot2023:rung0.6,xgb,Web,2135,811,0.9606,0.9453,0.0047,-0.0002,0.0144,0.0566,3,0.6,12345
ciciot2023:rung0.6,xgb,Benign,6299,2360,0.8867,0.9524,-0.0024,0.0,-0.0002,0.0185,3,0.6,1337
ciciot2023:rung0.6,xgb,BruteForce,1371,583,0.9858,0.9515,-0.0015,0.0,-0.0,0.03,3,0.6,1337
ciciot2023:rung0.6,xgb,DDoS,68476,26148,0.5,0.9497,0.0003,0.0,0.0,0.0003,3,0.6,1337
ciciot2023:rung0.6,xgb,DoS,25215,9467,0.5,0.9509,-0.0009,0.0,0.0,0.0006,3,0.6,1337
ciciot2023:rung0.6,xgb,Mirai,18953,7190,0.5,0.9513,-0.0013,0.0,0.0,0.0007,3,0.6,1337
ciciot2023:rung0.6,xgb,Recon,23055,8725,0.5625,0.9493,0.0007,0.0,0.0,0.0101,3,0.6,1337
ciciot2023:rung0.6,xgb,Spoofing,12575,4716,0.8086,0.9518,-0.0018,0.0,0.009,0.0114,3,0.6,1337
ciciot2023:rung0.6,xgb,Web,2135,811,0.952,0.9355,0.0145,-0.0001,0.015,0.0589,3,0.6,1337
ciciot2023:rung0.6,xgb,Benign,6299,2360,0.8935,0.9477,0.0023,0.0,-0.0098,0.0116,3,0.6,2024
ciciot2023:rung0.6,xgb,BruteForce,1371,583,0.9868,0.9705,-0.0205,0.0,0.0002,0.0257,3,0.6,2024
ciciot2023:rung0.6,xgb,DDoS,68476,26148,0.5,0.9496,0.0004,0.0,0.0,0.0004,3,0.6,2024
ciciot2023:rung0.6,xgb,DoS,25215,9467,0.5,0.9522,-0.0022,0.0,0.0,0.0007,3,0.6,2024
ciciot2023:rung0.6,xgb,Mirai,18953,7190,0.5,0.9505,-0.0005,0.0,0.0,0.0005,3,0.6,2024
ciciot2023:rung0.6,xgb,Recon,23055,8725,0.5315,0.9506,-0.0006,0.0,0.0,0.0085,3,0.6,2024
ciciot2023:rung0.6,xgb,Spoofing,12575,4716,0.8043,0.9546,-0.0046,0.0,0.0223,0.0122,3,0.6,2024
ciciot2023:rung0.6,xgb,Web,2135,811,0.9622,0.9402,0.0098,-0.0018,0.0067,0.0527,3,0.6,2024
ciciot2023:rung0.6,xgb,Benign,6299,2360,0.8885,0.9492,0.0008,0.0,-0.013,0.0136,3,0.6,3407
ciciot2023:rung0.6,xgb,BruteForce,1371,583,0.9858,0.964,-0.014,0.0,-0.006,0.0294,3,0.6,3407
ciciot2023:rung0.6,xgb,DDoS,68476,26148,0.5,0.9503,-0.0003,0.0,0.0,0.0003,3,0.6,3407
ciciot2023:rung0.6,xgb,DoS,25215,9467,0.5,0.9467,0.0033,0.0,0.0,0.0012,3,0.6,3407
ciciot2023:rung0.6,xgb,Mirai,18953,7190,0.5,0.9507,-0.0007,0.0,0.0,0.0004,3,0.6,3407
ciciot2023:rung0.6,xgb,Recon,23055,8725,0.537,0.9483,0.0017,0.0,0.0,0.0085,3,0.6,3407
ciciot2023:rung0.6,xgb,Spoofing,12575,4716,0.8015,0.9515,-0.0015,0.0,0.0194,0.0077,3,0.6,3407
ciciot2023:rung0.6,xgb,Web,2135,811,0.9543,0.9456,0.0044,-0.0023,0.0153,0.0595,3,0.6,3407
ciciot2023:rung0.6,xgb,Benign,6299,2360,0.8842,0.9512,-0.0012,0.0,-0.0083,0.0124,3,0.6,42
ciciot2023:rung0.6,xgb,BruteForce,1371,583,0.986,0.9607,-0.0107,0.0,-0.0021,0.0338,3,0.6,42
ciciot2023:rung0.6,xgb,DDoS,68476,26148,0.5,0.9519,-0.0019,0.0,0.0,0.0004,3,0.6,42
ciciot2023:rung0.6,xgb,DoS,25215,9467,0.5,0.9491,0.0009,0.0,0.0,0.0005,3,0.6,42
ciciot2023:rung0.6,xgb,Mirai,18953,7190,0.5,0.9492,0.0008,0.0,0.0,0.0009,3,0.6,42
ciciot2023:rung0.6,xgb,Recon,23055,8725,0.5644,0.9513,-0.0013,0.0,0.0,0.0146,3,0.6,42
ciciot2023:rung0.6,xgb,Spoofing,12575,4716,0.8067,0.9506,-0.0006,0.0,0.0214,0.0106,3,0.6,42
ciciot2023:rung0.6,xgb,Web,2135,811,0.9559,0.9528,-0.0028,-0.0043,0.0162,0.0525,3,0.6,42
ciciot2023:rung0.6,xgb,Benign,6299,2360,0.896,0.9468,0.0032,0.0,-0.0158,0.0148,3,0.6,512
ciciot2023:rung0.6,xgb,BruteForce,1371,583,0.9861,0.9559,-0.0059,0.0,-0.0005,0.0219,3,0.6,512
ciciot2023:rung0.6,xgb,DDoS,68476,26148,0.5,0.9487,0.0013,0.0,0.0,0.0002,3,0.6,512
ciciot2023:rung0.6,xgb,DoS,25215,9467,0.5,0.9521,-0.0021,0.0,0.0,0.0007,3,0.6,512
ciciot2023:rung0.6,xgb,Mirai,18953,7190,0.5,0.9481,0.0019,0.0,0.0,0.0002,3,0.6,512
ciciot2023:rung0.6,xgb,Recon,23055,8725,0.5937,0.9473,0.0027,0.0,0.0,0.0106,3,0.6,512
ciciot2023:rung0.6,xgb,Spoofing,12575,4716,0.8102,0.9532,-0.0032,0.0,0.0115,0.0093,3,0.6,512
ciciot2023:rung0.6,xgb,Web,2135,811,0.9503,0.934,0.016,-0.0027,0.0164,0.0565,3,0.6,512
ciciot2023:rung0.6,xgb,Benign,6299,2360,0.8988,0.9533,-0.0033,0.0,-0.0305,0.0156,3,0.6,6021
ciciot2023:rung0.6,xgb,BruteForce,1371,583,0.9842,0.9576,-0.0076,0.0,-0.0007,0.0219,3,0.6,6021
ciciot2023:rung0.6,xgb,DDoS,68476,26148,0.5,0.9497,0.0003,0.0,0.0,0.0003,3,0.6,6021
ciciot2023:rung0.6,xgb,DoS,25215,9467,0.5,0.9497,0.0003,0.0,0.0,0.0009,3,0.6,6021
ciciot2023:rung0.6,xgb,Mirai,18953,7190,0.5,0.9518,-0.0018,0.0,0.0,0.0006,3,0.6,6021
ciciot2023:rung0.6,xgb,Recon,23055,8725,0.5533,0.9497,0.0003,0.0,0.0,0.006,3,0.6,6021
ciciot2023:rung0.6,xgb,Spoofing,12575,4716,0.8044,0.9539,-0.0039,0.0,0.0026,0.0094,3,0.6,6021
ciciot2023:rung0.6,xgb,Web,2135,811,0.9605,0.939,0.011,0.0,0.0198,0.0694,3,0.6,6021
ciciot2023:rung0.6,xgb,Benign,6299,2360,0.8972,0.9501,-0.0001,0.0,-0.02,0.0124,3,0.6,7
ciciot2023:rung0.6,xgb,BruteForce,1371,583,0.9867,0.9578,-0.0078,0.0,-0.0041,0.0241,3,0.6,7
ciciot2023:rung0.6,xgb,DDoS,68476,26148,0.5,0.9511,-0.0011,0.0,0.0,0.0004,3,0.6,7
ciciot2023:rung0.6,xgb,DoS,25215,9467,0.5,0.9514,-0.0014,0.0,0.0,0.0018,3,0.6,7
ciciot2023:rung0.6,xgb,Mirai,18953,7190,0.5,0.9486,0.0014,0.0,0.0,0.0003,3,0.6,7
ciciot2023:rung0.6,xgb,Recon,23055,8725,0.5544,0.9472,0.0028,0.0,0.0,0.0078,3,0.6,7
ciciot2023:rung0.6,xgb,Spoofing,12575,4716,0.7982,0.9518,-0.0018,0.0,0.009,0.0125,3,0.6,7
ciciot2023:rung0.6,xgb,Web,2135,811,0.9592,0.9383,0.0117,-0.0022,0.013,0.0531,3,0.6,7
ciciot2023:rung0.6,xgb,Benign,6299,2360,0.9018,0.9471,0.0029,0.0,-0.0157,0.0097,3,0.6,88
ciciot2023:rung0.6,xgb,BruteForce,1371,583,0.9858,0.9666,-0.0166,0.0,-0.0011,0.0223,3,0.6,88
ciciot2023:rung0.6,xgb,DDoS,68476,26148,0.5,0.9509,-0.0009,0.0,0.0,0.0002,3,0.6,88
ciciot2023:rung0.6,xgb,DoS,25215,9467,0.5,0.9505,-0.0005,0.0,0.0,0.0006,3,0.6,88
ciciot2023:rung0.6,xgb,Mirai,18953,7190,0.5,0.9478,0.0022,0.0,0.0,0.0006,3,0.6,88
ciciot2023:rung0.6,xgb,Recon,23055,8725,0.5694,0.9473,0.0027,0.0,0.0,0.0102,3,0.6,88
ciciot2023:rung0.6,xgb,Spoofing,12575,4716,0.8015,0.9488,0.0012,0.0,-0.0037,0.0126,3,0.6,88
ciciot2023:rung0.6,xgb,Web,2135,811,0.9508,0.9335,0.0165,-0.0012,0.0185,0.0567,3,0.6,88
ciciot2023:rung0.6,xgb,Benign,6299,2360,0.8856,0.9504,-0.0004,0.0,-0.0181,0.0131,3,0.6,91
ciciot2023:rung0.6,xgb,BruteForce,1371,583,0.985,0.9585,-0.0085,0.0,-0.0053,0.0313,3,0.6,91
ciciot2023:rung0.6,xgb,DDoS,68476,26148,0.5,0.9504,-0.0004,0.0,0.0,0.0002,3,0.6,91
ciciot2023:rung0.6,xgb,DoS,25215,9467,0.5,0.9501,-0.0001,0.0,0.0,0.001,3,0.6,91
ciciot2023:rung0.6,xgb,Mirai,18953,7190,0.5,0.9524,-0.0024,0.0,0.0,0.0002,3,0.6,91
ciciot2023:rung0.6,xgb,Recon,23055,8725,0.6058,0.949,0.001,0.0,0.0,0.0124,3,0.6,91
ciciot2023:rung0.6,xgb,Spoofing,12575,4716,0.812,0.953,-0.003,0.0,0.0085,0.0111,3,0.6,91
ciciot2023:rung0.6,xgb,Web,2135,811,0.9548,0.9448,0.0052,0.0,0.0073,0.066,3,0.6,91
ciciot2023:rung0.8,mlp,Benign,6299,2339,0.9462,0.9491,0.0009,-0.0011,0.0109,0.0194,3,0.8,12345
ciciot2023:rung0.8,mlp,BruteForce,1371,550,0.9909,0.9602,-0.0102,-0.0154,-0.0002,0.0433,3,0.8,12345
ciciot2023:rung0.8,mlp,DDoS,68476,25922,0.5,0.9502,-0.0002,0.0,0.0,0.0041,3,0.8,12345
ciciot2023:rung0.8,mlp,DoS,25215,9464,0.5,0.9499,0.0001,0.0,0.0,0.007,3,0.8,12345
ciciot2023:rung0.8,mlp,Mirai,18953,7330,0.5,0.9508,-0.0008,0.0,0.0,0.0026,3,0.8,12345
ciciot2023:rung0.8,mlp,Recon,23055,8784,0.698,0.9521,-0.0021,0.002,0.0,0.0117,3,0.8,12345
ciciot2023:rung0.8,mlp,Spoofing,12575,4800,0.8816,0.9503,-0.0003,0.0,-0.0159,0.0142,3,0.8,12345
ciciot2023:rung0.8,mlp,Web,2135,811,0.9695,0.9517,-0.0017,-0.0252,-0.0072,0.1009,3,0.8,12345
ciciot2023:rung0.8,mlp,Benign,6299,2339,0.935,0.9479,0.0021,-0.0029,0.0061,0.0149,3,0.8,1337
ciciot2023:rung0.8,mlp,BruteForce,1371,550,0.9908,0.9664,-0.0164,-0.0158,-0.0018,0.0553,3,0.8,1337
ciciot2023:rung0.8,mlp,DDoS,68476,25922,0.5,0.9493,0.0007,0.0,0.0,0.0079,3,0.8,1337
ciciot2023:rung0.8,mlp,DoS,25215,9464,0.5,0.9504,-0.0004,0.0,0.0,0.0059,3,0.8,1337
ciciot2023:rung0.8,mlp,Mirai,18953,7330,0.5,0.9508,-0.0008,0.0,0.0,0.003,3,0.8,1337
ciciot2023:rung0.8,mlp,Recon,23055,8784,0.6972,0.9515,-0.0015,0.0004,-0.0,0.0107,3,0.8,1337
ciciot2023:rung0.8,mlp,Spoofing,12575,4800,0.8814,0.9542,-0.0042,-0.0,-0.0118,0.0213,3,0.8,1337
ciciot2023:rung0.8,mlp,Web,2135,811,0.9739,0.9529,-0.0029,-0.0215,-0.0048,0.0889,3,0.8,1337
ciciot2023:rung0.8,mlp,Benign,6299,2339,0.9371,0.9471,0.0029,-0.0024,0.0076,0.0208,3,0.8,2024
ciciot2023:rung0.8,mlp,BruteForce,1371,550,0.9919,0.9535,-0.0035,0.0133,-0.0035,0.0251,3,0.8,2024
ciciot2023:rung0.8,mlp,DDoS,68476,25922,0.5,0.9494,0.0006,0.0,0.0,0.0036,3,0.8,2024
ciciot2023:rung0.8,mlp,DoS,25215,9464,0.5,0.9478,0.0022,0.0,0.0,0.0155,3,0.8,2024
ciciot2023:rung0.8,mlp,Mirai,18953,7330,0.5,0.9508,-0.0008,0.0,0.0,0.0022,3,0.8,2024
ciciot2023:rung0.8,mlp,Recon,23055,8784,0.7058,0.9527,-0.0027,0.0002,-0.0,0.0106,3,0.8,2024
ciciot2023:rung0.8,mlp,Spoofing,12575,4800,0.8882,0.9555,-0.0055,0.0,-0.0105,0.0266,3,0.8,2024
ciciot2023:rung0.8,mlp,Web,2135,811,0.9714,0.9417,0.0083,0.0025,0.0051,0.0577,3,0.8,2024
ciciot2023:rung0.8,mlp,Benign,6299,2339,0.9506,0.9498,0.0002,0.0013,0.0024,0.0285,3,0.8,3407
ciciot2023:rung0.8,mlp,BruteForce,1371,550,0.9923,0.9498,0.0002,-0.0111,-0.0023,0.0393,3,0.8,3407
ciciot2023:rung0.8,mlp,DDoS,68476,25922,0.5,0.9498,0.0002,0.0,0.0,0.0051,3,0.8,3407
ciciot2023:rung0.8,mlp,DoS,25215,9464,0.5,0.9499,0.0001,0.0,0.0,0.0062,3,0.8,3407
ciciot2023:rung0.8,mlp,Mirai,18953,7330,0.5,0.9486,0.0014,0.0,0.0,0.0037,3,0.8,3407
ciciot2023:rung0.8,mlp,Recon,23055,8784,0.703,0.951,-0.001,0.0001,0.0,0.0104,3,0.8,3407
ciciot2023:rung0.8,mlp,Spoofing,12575,4800,0.8852,0.9572,-0.0072,-0.0001,-0.0159,0.0229,3,0.8,3407
ciciot2023:rung0.8,mlp,Web,2135,811,0.9747,0.9552,-0.0052,-0.068,-0.0162,0.1537,3,0.8,3407
ciciot2023:rung0.8,mlp,Benign,6299,2339,0.9472,0.9457,0.0043,-0.0007,0.0079,0.0202,3,0.8,42
ciciot2023:rung0.8,mlp,BruteForce,1371,550,0.989,0.958,-0.008,-0.0113,-0.0008,0.0407,3,0.8,42
ciciot2023:rung0.8,mlp,DDoS,68476,25922,0.5,0.9504,-0.0004,0.0,0.0,0.0039,3,0.8,42
ciciot2023:rung0.8,mlp,DoS,25215,9464,0.4999,0.9476,0.0024,0.0,0.0,0.0083,3,0.8,42
ciciot2023:rung0.8,mlp,Mirai,18953,7330,0.4999,0.9496,0.0004,0.0,0.0,0.0045,3,0.8,42
ciciot2023:rung0.8,mlp,Recon,23055,8784,0.7071,0.9509,-0.0009,0.0008,0.0,0.0116,3,0.8,42
ciciot2023:rung0.8,mlp,Spoofing,12575,4800,0.8862,0.9547,-0.0048,0.0,-0.0173,0.0171,3,0.8,42
ciciot2023:rung0.8,mlp,Web,2135,811,0.9702,0.944,0.006,-0.0012,-0.0012,0.0929,3,0.8,42
ciciot2023:rung0.8,mlp,Benign,6299,2339,0.9468,0.9534,-0.0034,-0.0013,-0.0022,0.019,3,0.8,512
ciciot2023:rung0.8,mlp,BruteForce,1371,550,0.9914,0.9596,-0.0096,-0.0202,-0.0014,0.0496,3,0.8,512
ciciot2023:rung0.8,mlp,DDoS,68476,25922,0.5,0.9509,-0.0009,0.0,0.0,0.0054,3,0.8,512
ciciot2023:rung0.8,mlp,DoS,25215,9464,0.4999,0.9481,0.0019,0.0,0.0,0.0142,3,0.8,512
ciciot2023:rung0.8,mlp,Mirai,18953,7330,0.4999,0.9499,0.0001,0.0,0.0,0.0032,3,0.8,512
ciciot2023:rung0.8,mlp,Recon,23055,8784,0.7061,0.951,-0.001,0.0009,0.0,0.0087,3,0.8,512
ciciot2023:rung0.8,mlp,Spoofing,12575,4800,0.8845,0.9576,-0.0076,-0.0001,-0.0165,0.0231,3,0.8,512
ciciot2023:rung0.8,mlp,Web,2135,811,0.9737,0.9534,-0.0034,-0.0069,-0.0106,0.0771,3,0.8,512
ciciot2023:rung0.8,mlp,Benign,6299,2339,0.9376,0.9467,0.0033,0.0001,0.0007,0.022,3,0.8,6021
ciciot2023:rung0.8,mlp,BruteForce,1371,550,0.9907,0.9702,-0.0202,-0.004,-0.0027,0.0227,3,0.8,6021
ciciot2023:rung0.8,mlp,DDoS,68476,25922,0.5,0.9503,-0.0003,0.0,0.0,0.0014,3,0.8,6021
ciciot2023:rung0.8,mlp,DoS,25215,9464,0.5,0.952,-0.002,0.0,0.0,0.0048,3,0.8,6021
ciciot2023:rung0.8,mlp,Mirai,18953,7330,0.5,0.9465,0.0035,0.0,0.0,0.0016,3,0.8,6021
ciciot2023:rung0.8,mlp,Recon,23055,8784,0.6559,0.9508,-0.0008,0.0016,0.0,0.0129,3,0.8,6021
ciciot2023:rung0.8,mlp,Spoofing,12575,4800,0.8805,0.9513,-0.0013,0.0,-0.0126,0.0227,3,0.8,6021
ciciot2023:rung0.8,mlp,Web,2135,811,0.9706,0.9594,-0.0094,-0.0041,-0.0188,0.0554,3,0.8,6021
ciciot2023:rung0.8,mlp,Benign,6299,2339,0.9438,0.9451,0.0049,-0.0006,-0.0006,0.0159,3,0.8,7
ciciot2023:rung0.8,mlp,BruteForce,1371,550,0.9927,0.956,-0.006,-0.0028,-0.0002,0.0292,3,0.8,7
ciciot2023:rung0.8,mlp,DDoS,68476,25922,0.5,0.9501,-0.0001,0.0,0.0,0.0037,3,0.8,7
ciciot2023:rung0.8,mlp,DoS,25215,9464,0.5,0.9511,-0.0011,0.0,0.0,0.0093,3,0.8,7
ciciot2023:rung0.8,mlp,Mirai,18953,7330,0.5,0.9526,-0.0026,0.0,0.0,0.0033,3,0.8,7
ciciot2023:rung0.8,mlp,Recon,23055,8784,0.6773,0.9505,-0.0005,0.0001,-0.0,0.0091,3,0.8,7
ciciot2023:rung0.8,mlp,Spoofing,12575,4800,0.8786,0.9535,-0.0035,-0.0,-0.0237,0.0178,3,0.8,7
ciciot2023:rung0.8,mlp,Web,2135,811,0.9775,0.9469,0.0031,-0.0223,-0.0099,0.1054,3,0.8,7
ciciot2023:rung0.8,mlp,Benign,6299,2339,0.9434,0.9477,0.0023,-0.0004,0.0024,0.0142,3,0.8,88
ciciot2023:rung0.8,mlp,BruteForce,1371,550,0.99,0.9529,-0.0029,-0.0092,-0.0015,0.0478,3,0.8,88
ciciot2023:rung0.8,mlp,DDoS,68476,25922,0.5,0.9482,0.0018,0.0,0.0,0.0049,3,0.8,88
ciciot2023:rung0.8,mlp,DoS,25215,9464,0.4999,0.9504,-0.0004,0.0,0.0,0.0152,3,0.8,88
ciciot2023:rung0.8,mlp,Mirai,18953,7330,0.4999,0.9512,-0.0012,0.0,0.0,0.0029,3,0.8,88
ciciot2023:rung0.8,mlp,Recon,23055,8784,0.6871,0.9494,0.0006,0.0007,0.0,0.0145,3,0.8,88
ciciot2023:rung0.8,mlp,Spoofing,12575,4800,0.8848,0.9554,-0.0054,0.0,-0.0074,0.0166,3,0.8,88
ciciot2023:rung0.8,mlp,Web,2135,811,0.9736,0.9504,-0.0004,0.0032,-0.0073,0.0908,3,0.8,88
ciciot2023:rung0.8,mlp,Benign,6299,2339,0.944,0.9461,0.0039,-0.0006,0.0026,0.022,3,0.8,91
ciciot2023:rung0.8,mlp,BruteForce,1371,550,0.9914,0.9593,-0.0093,-0.0099,-0.0016,0.0556,3,0.8,91
ciciot2023:rung0.8,mlp,DDoS,68476,25922,0.5,0.9514,-0.0014,0.0,0.0,0.0067,3,0.8,91
ciciot2023:rung0.8,mlp,DoS,25215,9464,0.4999,0.9516,-0.0016,0.0,0.0,0.0126,3,0.8,91
ciciot2023:rung0.8,mlp,Mirai,18953,7330,0.4999,0.9517,-0.0017,0.0,0.0,0.0022,3,0.8,91
ciciot2023:rung0.8,mlp,Recon,23055,8784,0.6895,0.9503,-0.0003,0.0008,0.0,0.0149,3,0.8,91
ciciot2023:rung0.8,mlp,Spoofing,12575,4800,0.8837,0.9537,-0.0037,-0.0,-0.0191,0.0204,3,0.8,91
ciciot2023:rung0.8,mlp,Web,2135,811,0.9704,0.9528,-0.0028,-0.0131,-0.0037,0.0614,3,0.8,91
ciciot2023:rung0.8,rf,Benign,6299,2339,0.934,0.9511,-0.0011,-0.0004,0.0036,0.0191,3,0.8,12345
ciciot2023:rung0.8,rf,BruteForce,1371,550,0.991,0.974,-0.024,0.0088,-0.0076,0.0402,3,0.8,12345
ciciot2023:rung0.8,rf,DDoS,68476,25922,0.5,0.9511,-0.0011,0.0,0.0,0.0009,3,0.8,12345
ciciot2023:rung0.8,rf,DoS,25215,9464,0.5,0.9495,0.0005,0.0,0.0,0.0038,3,0.8,12345
ciciot2023:rung0.8,rf,Mirai,18953,7330,0.5,0.9517,-0.0017,0.0,0.0,0.0021,3,0.8,12345
ciciot2023:rung0.8,rf,Recon,23055,8784,0.6647,0.9483,0.0017,0.0002,0.0,0.0081,3,0.8,12345
ciciot2023:rung0.8,rf,Spoofing,12575,4800,0.8412,0.9525,-0.0025,-0.0001,-0.0158,0.0126,3,0.8,12345
ciciot2023:rung0.8,rf,Web,2135,811,0.9673,0.9453,0.0047,-0.0368,0.0016,0.075,3,0.8,12345
ciciot2023:rung0.8,rf,Benign,6299,2339,0.9388,0.95,0.0,0.0003,0.0112,0.0148,3,0.8,1337
ciciot2023:rung0.8,rf,BruteForce,1371,550,0.9892,0.9565,-0.0065,0.0087,-0.0002,0.0348,3,0.8,1337
ciciot2023:rung0.8,rf,DDoS,68476,25922,0.5,0.9495,0.0005,0.0,0.0,0.0015,3,0.8,1337
ciciot2023:rung0.8,rf,DoS,25215,9464,0.5,0.9505,-0.0005,0.0,0.0,0.003,3,0.8,1337
ciciot2023:rung0.8,rf,Mirai,18953,7330,0.5,0.9509,-0.0009,0.0,0.0,0.0021,3,0.8,1337
ciciot2023:rung0.8,rf,Recon,23055,8784,0.6425,0.9498,0.0002,0.0003,0.0,0.0095,3,0.8,1337
ciciot2023:rung0.8,rf,Spoofing,12575,4800,0.8372,0.9547,-0.0047,-0.0003,-0.02,0.0127,3,0.8,1337
ciciot2023:rung0.8,rf,Web,2135,811,0.9627,0.9451,0.0049,-0.0285,0.0031,0.0622,3,0.8,1337
ciciot2023:rung0.8,rf,Benign,6299,2339,0.9317,0.9468,0.0032,0.0016,0.0095,0.0178,3,0.8,2024
ciciot2023:rung0.8,rf,BruteForce,1371,550,0.9881,0.9473,0.0027,0.0119,0.0028,0.0464,3,0.8,2024
ciciot2023:rung0.8,rf,DDoS,68476,25922,0.5,0.9494,0.0006,0.0,0.0,0.0014,3,0.8,2024
ciciot2023:rung0.8,rf,DoS,25215,9464,0.5,0.9496,0.0004,0.0,0.0,0.0044,3,0.8,2024
ciciot2023:rung0.8,rf,Mirai,18953,7330,0.5,0.9525,-0.0025,0.0,0.0,0.0024,3,0.8,2024
ciciot2023:rung0.8,rf,Recon,23055,8784,0.6431,0.9507,-0.0007,0.0001,0.0,0.0116,3,0.8,2024
ciciot2023:rung0.8,rf,Spoofing,12575,4800,0.8414,0.9568,-0.0068,-0.0002,-0.0279,0.0137,3,0.8,2024
ciciot2023:rung0.8,rf,Web,2135,811,0.9684,0.9531,-0.0031,-0.0241,-0.0056,0.0621,3,0.8,2024
ciciot2023:rung0.8,rf,Benign,6299,2339,0.9328,0.9465,0.0035,0.0007,0.0105,0.0201,3,0.8,3407
ciciot2023:rung0.8,rf,BruteForce,1371,550,0.9888,0.9569,-0.0069,0.0058,-0.0004,0.0411,3,0.8,3407
ciciot2023:rung0.8,rf,DDoS,68476,25922,0.5,0.9497,0.0003,0.0,0.0,0.0012,3,0.8,3407
ciciot2023:rung0.8,rf,DoS,25215,9464,0.5,0.9523,-0.0023,0.0,0.0,0.003,3,0.8,3407
ciciot2023:rung0.8,rf,Mirai,18953,7330,0.5,0.9514,-0.0014,0.0,0.0,0.0021,3,0.8,3407
ciciot2023:rung0.8,rf,Recon,23055,8784,0.6369,0.95,-0.0,0.0,0.0,0.01,3,0.8,3407
ciciot2023:rung0.8,rf,Spoofing,12575,4800,0.8364,0.9544,-0.0044,-0.0001,-0.0178,0.0096,3,0.8,3407
ciciot2023:rung0.8,rf,Web,2135,811,0.9672,0.9609,-0.0109,-0.018,-0.0036,0.057,3,0.8,3407
ciciot2023:rung0.8,rf,Benign,6299,2339,0.9297,0.9465,0.0035,0.0002,-0.0003,0.0127,3,0.8,42
ciciot2023:rung0.8,rf,BruteForce,1371,550,0.9895,0.9416,0.0084,0.009,0.0008,0.0385,3,0.8,42
ciciot2023:rung0.8,rf,DDoS,68476,25922,0.5,0.9505,-0.0005,0.0,0.0,0.001,3,0.8,42
ciciot2023:rung0.8,rf,DoS,25215,9464,0.5,0.9476,0.0024,0.0,0.0,0.0032,3,0.8,42
ciciot2023:rung0.8,rf,Mirai,18953,7330,0.5,0.9496,0.0004,0.0,0.0,0.0024,3,0.8,42
ciciot2023:rung0.8,rf,Recon,23055,8784,0.6298,0.9499,0.0001,0.0001,0.0,0.0104,3,0.8,42
ciciot2023:rung0.8,rf,Spoofing,12575,4800,0.8401,0.9551,-0.0051,-0.0004,-0.0098,0.0105,3,0.8,42
ciciot2023:rung0.8,rf,Web,2135,811,0.9721,0.9476,0.0024,-0.0235,-0.004,0.0693,3,0.8,42
ciciot2023:rung0.8,rf,Benign,6299,2339,0.9307,0.951,-0.001,0.0001,-0.0006,0.0197,3,0.8,512
ciciot2023:rung0.8,rf,BruteForce,1371,550,0.9874,0.9589,-0.0089,0.0129,-0.0063,0.045,3,0.8,512
ciciot2023:rung0.8,rf,DDoS,68476,25922,0.5,0.9499,0.0001,0.0,0.0,0.0015,3,0.8,512
ciciot2023:rung0.8,rf,DoS,25215,9464,0.5,0.9488,0.0012,0.0,0.0,0.0021,3,0.8,512
ciciot2023:rung0.8,rf,Mirai,18953,7330,0.5,0.948,0.002,0.0,0.0,0.0023,3,0.8,512
ciciot2023:rung0.8,rf,Recon,23055,8784,0.639,0.948,0.002,0.0,0.0,0.0097,3,0.8,512
ciciot2023:rung0.8,rf,Spoofing,12575,4800,0.8329,0.9509,-0.0009,-0.0003,-0.0224,0.0149,3,0.8,512
ciciot2023:rung0.8,rf,Web,2135,811,0.9615,0.9449,0.0051,-0.0267,-0.002,0.0674,3,0.8,512
ciciot2023:rung0.8,rf,Benign,6299,2339,0.9255,0.9466,0.0034,-0.0,0.004,0.0199,3,0.8,6021
ciciot2023:rung0.8,rf,BruteForce,1371,550,0.9906,0.9598,-0.0098,0.0098,-0.0008,0.0413,3,0.8,6021
ciciot2023:rung0.8,rf,DDoS,68476,25922,0.5,0.9499,0.0001,0.0,0.0,0.0014,3,0.8,6021
ciciot2023:rung0.8,rf,DoS,25215,9464,0.5,0.9499,0.0001,0.0,0.0,0.0022,3,0.8,6021
ciciot2023:rung0.8,rf,Mirai,18953,7330,0.5,0.9496,0.0004,0.0,0.0,0.0021,3,0.8,6021
ciciot2023:rung0.8,rf,Recon,23055,8784,0.652,0.9489,0.0011,0.0001,0.0,0.0095,3,0.8,6021
ciciot2023:rung0.8,rf,Spoofing,12575,4800,0.8333,0.9524,-0.0024,-0.0001,-0.0181,0.0142,3,0.8,6021
ciciot2023:rung0.8,rf,Web,2135,811,0.9662,0.9517,-0.0017,-0.0284,-0.006,0.0508,3,0.8,6021
ciciot2023:rung0.8,rf,Benign,6299,2339,0.9311,0.9444,0.0056,0.0002,0.0167,0.017,3,0.8,7
ciciot2023:rung0.8,rf,BruteForce,1371,550,0.9913,0.9553,-0.0053,0.0103,0.0011,0.0416,3,0.8,7
ciciot2023:rung0.8,rf,DDoS,68476,25922,0.5,0.9487,0.0013,0.0,0.0,0.001,3,0.8,7
ciciot2023:rung0.8,rf,DoS,25215,9464,0.5,0.9517,-0.0017,0.0,0.0,0.0066,3,0.8,7
ciciot2023:rung0.8,rf,Mirai,18953,7330,0.5,0.9491,0.0009,0.0,0.0,0.002,3,0.8,7
ciciot2023:rung0.8,rf,Recon,23055,8784,0.6374,0.9488,0.0012,0.0001,0.0,0.0081,3,0.8,7
ciciot2023:rung0.8,rf,Spoofing,12575,4800,0.8341,0.9556,-0.0056,-0.0,-0.0203,0.0117,3,0.8,7
ciciot2023:rung0.8,rf,Web,2135,811,0.9628,0.9488,0.0012,-0.0206,-0.0047,0.0603,3,0.8,7
ciciot2023:rung0.8,rf,Benign,6299,2339,0.9347,0.9536,-0.0036,0.0002,0.0128,0.0129,3,0.8,88
ciciot2023:rung0.8,rf,BruteForce,1371,550,0.9906,0.9498,0.0002,0.0071,-0.0,0.0346,3,0.8,88
ciciot2023:rung0.8,rf,DDoS,68476,25922,0.5,0.9515,-0.0015,0.0,0.0,0.0007,3,0.8,88
ciciot2023:rung0.8,rf,DoS,25215,9464,0.5,0.9502,-0.0002,0.0,0.0,0.0047,3,0.8,88
ciciot2023:rung0.8,rf,Mirai,18953,7330,0.5,0.9512,-0.0012,0.0,0.0,0.0021,3,0.8,88
ciciot2023:rung0.8,rf,Recon,23055,8784,0.6538,0.9482,0.0018,0.0,0.0,0.009,3,0.8,88
ciciot2023:rung0.8,rf,Spoofing,12575,4800,0.8329,0.9552,-0.0052,-0.0001,-0.0195,0.014,3,0.8,88
ciciot2023:rung0.8,rf,Web,2135,811,0.9654,0.943,0.007,-0.0292,0.0047,0.0574,3,0.8,88
ciciot2023:rung0.8,rf,Benign,6299,2339,0.9323,0.949,0.001,0.0008,0.0068,0.0171,3,0.8,91
ciciot2023:rung0.8,rf,BruteForce,1371,550,0.9899,0.9624,-0.0124,0.0062,-0.0053,0.038,3,0.8,91
ciciot2023:rung0.8,rf,DDoS,68476,25922,0.5,0.9496,0.0004,0.0,0.0,0.0006,3,0.8,91
ciciot2023:rung0.8,rf,DoS,25215,9464,0.5,0.9496,0.0004,0.0,0.0,0.0049,3,0.8,91
ciciot2023:rung0.8,rf,Mirai,18953,7330,0.5,0.9466,0.0034,0.0,0.0,0.002,3,0.8,91
ciciot2023:rung0.8,rf,Recon,23055,8784,0.6518,0.9499,0.0001,0.0001,0.0,0.008,3,0.8,91
ciciot2023:rung0.8,rf,Spoofing,12575,4800,0.8353,0.9543,-0.0043,0.0,-0.02,0.0098,3,0.8,91
ciciot2023:rung0.8,rf,Web,2135,811,0.9652,0.9485,0.0015,-0.0364,0.0031,0.0712,3,0.8,91
ciciot2023:rung0.8,xgb,Benign,6299,2339,0.8944,0.9505,-0.0005,0.0,-0.0135,0.0167,3,0.8,12345
ciciot2023:rung0.8,xgb,BruteForce,1371,550,0.9867,0.9513,-0.0013,0.0,0.0053,0.036,3,0.8,12345
ciciot2023:rung0.8,xgb,DDoS,68476,25922,0.5,0.9494,0.0006,0.0,0.0,0.0002,3,0.8,12345
ciciot2023:rung0.8,xgb,DoS,25215,9464,0.5,0.9484,0.0016,0.0,0.0,0.0013,3,0.8,12345
ciciot2023:rung0.8,xgb,Mirai,18953,7330,0.5,0.9465,0.0035,0.0,0.0,0.0002,3,0.8,12345
ciciot2023:rung0.8,xgb,Recon,23055,8784,0.599,0.9533,-0.0033,0.0,0.0,0.013,3,0.8,12345
ciciot2023:rung0.8,xgb,Spoofing,12575,4800,0.801,0.9537,-0.0037,0.0,-0.001,0.0124,3,0.8,12345
ciciot2023:rung0.8,xgb,Web,2135,811,0.9606,0.9364,0.0136,-0.0013,0.0172,0.0933,3,0.8,12345
ciciot2023:rung0.8,xgb,Benign,6299,2339,0.8867,0.9556,-0.0056,0.0,-0.0164,0.0186,3,0.8,1337
ciciot2023:rung0.8,xgb,BruteForce,1371,550,0.9858,0.9485,0.0015,0.0,-0.0005,0.0247,3,0.8,1337
ciciot2023:rung0.8,xgb,DDoS,68476,25922,0.5,0.9503,-0.0003,0.0,0.0,0.0002,3,0.8,1337
ciciot2023:rung0.8,xgb,DoS,25215,9464,0.5,0.9482,0.0018,0.0,0.0,0.0013,3,0.8,1337
ciciot2023:rung0.8,xgb,Mirai,18953,7330,0.5,0.9499,0.0001,0.0,0.0,0.0002,3,0.8,1337
ciciot2023:rung0.8,xgb,Recon,23055,8784,0.5625,0.9517,-0.0017,0.0,0.0,0.01,3,0.8,1337
ciciot2023:rung0.8,xgb,Spoofing,12575,4800,0.8086,0.952,-0.002,0.0,-0.0142,0.0163,3,0.8,1337
ciciot2023:rung0.8,xgb,Web,2135,811,0.952,0.9215,0.0285,-0.006,0.013,0.0921,3,0.8,1337
ciciot2023:rung0.8,xgb,Benign,6299,2339,0.8935,0.9506,-0.0006,0.0,-0.0077,0.0146,3,0.8,2024
ciciot2023:rung0.8,xgb,BruteForce,1371,550,0.9868,0.9587,-0.0087,0.0,0.0011,0.0192,3,0.8,2024
ciciot2023:rung0.8,xgb,DDoS,68476,25922,0.5,0.9504,-0.0004,0.0,0.0,0.0002,3,0.8,2024
ciciot2023:rung0.8,xgb,DoS,25215,9464,0.5,0.9523,-0.0023,0.0,0.0,0.0017,3,0.8,2024
ciciot2023:rung0.8,xgb,Mirai,18953,7330,0.5,0.9514,-0.0014,0.0,0.0,0.0003,3,0.8,2024
ciciot2023:rung0.8,xgb,Recon,23055,8784,0.5315,0.9461,0.0039,0.0,0.0,0.011,3,0.8,2024
ciciot2023:rung0.8,xgb,Spoofing,12575,4800,0.8043,0.9541,-0.0041,0.0,0.0124,0.0105,3,0.8,2024
ciciot2023:rung0.8,xgb,Web,2135,811,0.9622,0.9403,0.0097,-0.0018,0.0047,0.0708,3,0.8,2024
ciciot2023:rung0.8,xgb,Benign,6299,2339,0.8885,0.9507,-0.0007,0.0,-0.0162,0.0107,3,0.8,3407
ciciot2023:rung0.8,xgb,BruteForce,1371,550,0.9858,0.9542,-0.0042,0.0,0.002,0.0246,3,0.8,3407
ciciot2023:rung0.8,xgb,DDoS,68476,25922,0.5,0.9495,0.0005,0.0,0.0,0.0001,3,0.8,3407
ciciot2023:rung0.8,xgb,DoS,25215,9464,0.5,0.95,-0.0,0.0,0.0,0.0021,3,0.8,3407
ciciot2023:rung0.8,xgb,Mirai,18953,7330,0.5,0.9499,0.0001,0.0,0.0,0.0005,3,0.8,3407
ciciot2023:rung0.8,xgb,Recon,23055,8784,0.537,0.9471,0.0029,0.0,0.0,0.0086,3,0.8,3407
ciciot2023:rung0.8,xgb,Spoofing,12575,4800,0.8015,0.9521,-0.0021,0.0,0.0009,0.0139,3,0.8,3407
ciciot2023:rung0.8,xgb,Web,2135,811,0.9543,0.935,0.015,-0.0033,0.0205,0.0913,3,0.8,3407
ciciot2023:rung0.8,xgb,Benign,6299,2339,0.8842,0.9486,0.0014,0.0,0.0061,0.0161,3,0.8,42
ciciot2023:rung0.8,xgb,BruteForce,1371,550,0.986,0.9716,-0.0216,0.0,-0.0089,0.0265,3,0.8,42
ciciot2023:rung0.8,xgb,DDoS,68476,25922,0.5,0.9505,-0.0005,0.0,0.0,0.0002,3,0.8,42
ciciot2023:rung0.8,xgb,DoS,25215,9464,0.5,0.9501,-0.0001,0.0,0.0,0.0018,3,0.8,42
ciciot2023:rung0.8,xgb,Mirai,18953,7330,0.5,0.9503,-0.0003,0.0,0.0,0.0002,3,0.8,42
ciciot2023:rung0.8,xgb,Recon,23055,8784,0.5644,0.9488,0.0012,0.0,0.0,0.0107,3,0.8,42
ciciot2023:rung0.8,xgb,Spoofing,12575,4800,0.8067,0.9513,-0.0013,0.0,-0.0001,0.0125,3,0.8,42
ciciot2023:rung0.8,xgb,Web,2135,811,0.9559,0.9375,0.0125,-0.0044,0.018,0.0991,3,0.8,42
ciciot2023:rung0.8,xgb,Benign,6299,2339,0.896,0.9505,-0.0005,0.0,-0.0107,0.0084,3,0.8,512
ciciot2023:rung0.8,xgb,BruteForce,1371,550,0.9861,0.9633,-0.0133,0.0,-0.0047,0.0243,3,0.8,512
ciciot2023:rung0.8,xgb,DDoS,68476,25922,0.5,0.9495,0.0005,0.0,0.0,0.0002,3,0.8,512
ciciot2023:rung0.8,xgb,DoS,25215,9464,0.5,0.9495,0.0005,0.0,0.0,0.0016,3,0.8,512
ciciot2023:rung0.8,xgb,Mirai,18953,7330,0.5,0.9515,-0.0015,0.0,0.0,0.0003,3,0.8,512
ciciot2023:rung0.8,xgb,Recon,23055,8784,0.5937,0.9488,0.0012,0.0,0.0,0.01,3,0.8,512
ciciot2023:rung0.8,xgb,Spoofing,12575,4800,0.8102,0.9513,-0.0013,0.0,-0.0044,0.0148,3,0.8,512
ciciot2023:rung0.8,xgb,Web,2135,811,0.9503,0.9371,0.0129,-0.0029,0.0145,0.08,3,0.8,512
ciciot2023:rung0.8,xgb,Benign,6299,2339,0.8988,0.9493,0.0007,0.0,-0.0217,0.0139,3,0.8,6021
ciciot2023:rung0.8,xgb,BruteForce,1371,550,0.9842,0.956,-0.006,0.0,-0.0015,0.0402,3,0.8,6021
ciciot2023:rung0.8,xgb,DDoS,68476,25922,0.5,0.9491,0.0009,0.0,0.0,0.0001,3,0.8,6021
ciciot2023:rung0.8,xgb,DoS,25215,9464,0.5,0.9512,-0.0012,0.0,0.0,0.0015,3,0.8,6021
ciciot2023:rung0.8,xgb,Mirai,18953,7330,0.5,0.9495,0.0005,0.0,0.0,0.0002,3,0.8,6021
ciciot2023:rung0.8,xgb,Recon,23055,8784,0.5533,0.949,0.001,0.0,0.0,0.0094,3,0.8,6021
ciciot2023:rung0.8,xgb,Spoofing,12575,4800,0.8044,0.9505,-0.0005,0.0,-0.0132,0.0156,3,0.8,6021
ciciot2023:rung0.8,xgb,Web,2135,811,0.9605,0.9364,0.0136,-0.0036,0.0226,0.1039,3,0.8,6021
ciciot2023:rung0.8,xgb,Benign,6299,2339,0.8972,0.9434,0.0066,0.0,0.0132,0.0172,3,0.8,7
ciciot2023:rung0.8,xgb,BruteForce,1371,550,0.9867,0.9516,-0.0016,0.0,0.0065,0.0259,3,0.8,7
ciciot2023:rung0.8,xgb,DDoS,68476,25922,0.5,0.9501,-0.0001,0.0,0.0,0.0003,3,0.8,7
ciciot2023:rung0.8,xgb,DoS,25215,9464,0.5,0.9483,0.0017,0.0,0.0,0.0024,3,0.8,7
ciciot2023:rung0.8,xgb,Mirai,18953,7330,0.5,0.9443,0.0057,0.0,0.0,0.0004,3,0.8,7
ciciot2023:rung0.8,xgb,Recon,23055,8784,0.5544,0.9509,-0.0009,0.0,0.0,0.0132,3,0.8,7
ciciot2023:rung0.8,xgb,Spoofing,12575,4800,0.7982,0.9524,-0.0024,0.0,0.0101,0.0124,3,0.8,7
ciciot2023:rung0.8,xgb,Web,2135,811,0.9592,0.9348,0.0152,-0.0036,0.0078,0.0762,3,0.8,7
ciciot2023:rung0.8,xgb,Benign,6299,2339,0.9018,0.9508,-0.0008,0.0,-0.0149,0.015,3,0.8,88
ciciot2023:rung0.8,xgb,BruteForce,1371,550,0.9858,0.9527,-0.0027,0.0,-0.0,0.0273,3,0.8,88
ciciot2023:rung0.8,xgb,DDoS,68476,25922,0.5,0.9521,-0.0021,0.0,0.0,0.0002,3,0.8,88
ciciot2023:rung0.8,xgb,DoS,25215,9464,0.5,0.9512,-0.0012,0.0,0.0,0.0014,3,0.8,88
ciciot2023:rung0.8,xgb,Mirai,18953,7330,0.5,0.9489,0.0011,0.0,0.0,0.0004,3,0.8,88
ciciot2023:rung0.8,xgb,Recon,23055,8784,0.5694,0.9492,0.0008,0.0,0.0,0.0124,3,0.8,88
ciciot2023:rung0.8,xgb,Spoofing,12575,4800,0.8015,0.9542,-0.0042,0.0,-0.0228,0.0144,3,0.8,88
ciciot2023:rung0.8,xgb,Web,2135,811,0.9508,0.9239,0.0261,-0.003,0.0283,0.0814,3,0.8,88
ciciot2023:rung0.8,xgb,Benign,6299,2339,0.8856,0.955,-0.005,0.0,-0.0112,0.0111,3,0.8,91
ciciot2023:rung0.8,xgb,BruteForce,1371,550,0.985,0.9556,-0.0056,0.0,-0.0041,0.0298,3,0.8,91
ciciot2023:rung0.8,xgb,DDoS,68476,25922,0.5,0.9513,-0.0013,0.0,0.0,0.0001,3,0.8,91
ciciot2023:rung0.8,xgb,DoS,25215,9464,0.5,0.948,0.002,0.0,0.0,0.0018,3,0.8,91
ciciot2023:rung0.8,xgb,Mirai,18953,7330,0.5,0.951,-0.001,0.0,0.0,0.0007,3,0.8,91
ciciot2023:rung0.8,xgb,Recon,23055,8784,0.6058,0.9484,0.0016,0.0,0.0,0.01,3,0.8,91
ciciot2023:rung0.8,xgb,Spoofing,12575,4800,0.812,0.9535,-0.0035,0.0,-0.0008,0.0127,3,0.8,91
ciciot2023:rung0.8,xgb,Web,2135,811,0.9548,0.9392,0.0108,-0.0038,0.0146,0.0948,3,0.8,91
ciciot2023:rung0.0,mlp,Benign,6299,2289,0.9462,0.9422,0.0078,0.0011,0.0054,0.0268,4,0.0,12345
ciciot2023:rung0.0,mlp,BruteForce,1371,512,0.9909,0.9541,-0.0041,-0.0248,-0.0007,0.0637,4,0.0,12345
ciciot2023:rung0.0,mlp,DDoS,68476,26042,0.5,0.9503,-0.0003,-0.0,0.0,0.0061,4,0.0,12345
ciciot2023:rung0.0,mlp,DoS,25215,9570,0.5,0.9502,-0.0002,0.0,0.0,0.0075,4,0.0,12345
ciciot2023:rung0.0,mlp,Mirai,18953,7265,0.5,0.9513,-0.0013,0.0,0.0,0.004,4,0.0,12345
ciciot2023:rung0.0,mlp,Recon,23055,8592,0.698,0.9503,-0.0003,0.0009,0.0,0.0059,4,0.0,12345
ciciot2023:rung0.0,mlp,Spoofing,12575,4919,0.8816,0.9535,-0.0035,-0.0,-0.0051,0.0172,4,0.0,12345
ciciot2023:rung0.0,mlp,Web,2135,811,0.9695,0.9551,-0.0051,-0.0023,-0.009,0.0257,4,0.0,12345
ciciot2023:rung0.0,mlp,Benign,6299,2289,0.935,0.9436,0.0064,0.002,0.0048,0.027,4,0.0,1337
ciciot2023:rung0.0,mlp,BruteForce,1371,512,0.9908,0.9557,-0.0057,-0.0141,0.0001,0.063,4,0.0,1337
ciciot2023:rung0.0,mlp,DDoS,68476,26042,0.5,0.9495,0.0005,0.0,0.0,0.0053,4,0.0,1337
ciciot2023:rung0.0,mlp,DoS,25215,9570,0.5,0.9514,-0.0014,0.0,0.0,0.0099,4,0.0,1337
ciciot2023:rung0.0,mlp,Mirai,18953,7265,0.5,0.9507,-0.0007,0.0,0.0,0.006,4,0.0,1337
ciciot2023:rung0.0,mlp,Recon,23055,8592,0.6972,0.9508,-0.0008,-0.0,-0.0,0.0112,4,0.0,1337
ciciot2023:rung0.0,mlp,Spoofing,12575,4919,0.8814,0.9528,-0.0028,-0.0003,-0.0067,0.0186,4,0.0,1337
ciciot2023:rung0.0,mlp,Web,2135,811,0.9739,0.9596,-0.0096,-0.0261,-0.0142,0.0612,4,0.0,1337
ciciot2023:rung0.0,mlp,Benign,6299,2289,0.9371,0.9489,0.0011,-0.0025,0.0048,0.0191,4,0.0,2024
ciciot2023:rung0.0,mlp,BruteForce,1371,512,0.9919,0.9682,-0.0182,-0.0146,-0.0053,0.0539,4,0.0,2024
ciciot2023:rung0.0,mlp,DDoS,68476,26042,0.5,0.9495,0.0005,0.0,0.0,0.0048,4,0.0,2024
ciciot2023:rung0.0,mlp,DoS,25215,9570,0.5,0.9507,-0.0007,0.0,0.0,0.0088,4,0.0,2024
ciciot2023:rung0.0,mlp,Mirai,18953,7265,0.5,0.9515,-0.0015,0.0,0.0,0.0015,4,0.0,2024
ciciot2023:rung0.0,mlp,Recon,23055,8592,0.7058,0.9522,-0.0022,-0.0004,-0.0,0.0066,4,0.0,2024
ciciot2023:rung0.0,mlp,Spoofing,12575,4919,0.8882,0.9575,-0.0075,-0.0,-0.0108,0.0289,4,0.0,2024
ciciot2023:rung0.0,mlp,Web,2135,811,0.9714,0.9571,-0.0071,0.0001,-0.0042,0.0449,4,0.0,2024
ciciot2023:rung0.0,mlp,Benign,6299,2289,0.9506,0.9436,0.0064,0.0005,0.0064,0.0261,4,0.0,3407
ciciot2023:rung0.0,mlp,BruteForce,1371,512,0.9923,0.9561,-0.0061,-0.025,-0.0023,0.0507,4,0.0,3407
ciciot2023:rung0.0,mlp,DDoS,68476,26042,0.5,0.9488,0.0012,0.0,0.0,0.0059,4,0.0,3407
ciciot2023:rung0.0,mlp,DoS,25215,9570,0.5,0.9494,0.0006,0.0,0.0,0.0069,4,0.0,3407
ciciot2023:rung0.0,mlp,Mirai,18953,7265,0.5,0.9492,0.0008,0.0,0.0,0.0068,4,0.0,3407
ciciot2023:rung0.0,mlp,Recon,23055,8592,0.703,0.9516,-0.0016,0.0001,0.0,0.0068,4,0.0,3407
ciciot2023:rung0.0,mlp,Spoofing,12575,4919,0.8852,0.9547,-0.0047,-0.0001,-0.006,0.02,4,0.0,3407
ciciot2023:rung0.0,mlp,Web,2135,811,0.9747,0.9578,-0.0078,-0.0004,-0.0067,0.0271,4,0.0,3407
ciciot2023:rung0.0,mlp,Benign,6299,2289,0.9472,0.9472,0.0028,0.0033,-0.0001,0.0268,4,0.0,42
ciciot2023:rung0.0,mlp,BruteForce,1371,512,0.989,0.9543,-0.0043,-0.0288,-0.0033,0.0772,4,0.0,42
ciciot2023:rung0.0,mlp,DDoS,68476,26042,0.5,0.9496,0.0004,0.0,0.0,0.0085,4,0.0,42
ciciot2023:rung0.0,mlp,DoS,25215,9570,0.4999,0.9509,-0.0009,0.0,0.0,0.0128,4,0.0,42
ciciot2023:rung0.0,mlp,Mirai,18953,7265,0.4999,0.9511,-0.0011,0.0,0.0,0.0116,4,0.0,42
ciciot2023:rung0.0,mlp,Recon,23055,8592,0.7071,0.9512,-0.0012,-0.0002,0.0,0.0054,4,0.0,42
ciciot2023:rung0.0,mlp,Spoofing,12575,4919,0.8862,0.9536,-0.0036,0.0,-0.0133,0.0175,4,0.0,42
ciciot2023:rung0.0,mlp,Web,2135,811,0.9702,0.9381,0.0119,-0.0039,0.004,0.0385,4,0.0,42
ciciot2023:rung0.0,mlp,Benign,6299,2289,0.9468,0.9447,0.0053,0.0021,0.0048,0.028,4,0.0,512
ciciot2023:rung0.0,mlp,BruteForce,1371,512,0.9914,0.9598,-0.0098,-0.0242,-0.0004,0.0689,4,0.0,512
ciciot2023:rung0.0,mlp,DDoS,68476,26042,0.5,0.9513,-0.0013,-0.0,0.0,0.0059,4,0.0,512
ciciot2023:rung0.0,mlp,DoS,25215,9570,0.4999,0.9523,-0.0023,0.0,0.0,0.01,4,0.0,512
ciciot2023:rung0.0,mlp,Mirai,18953,7265,0.4999,0.954,-0.004,0.0,0.0,0.0105,4,0.0,512
ciciot2023:rung0.0,mlp,Recon,23055,8592,0.7061,0.9511,-0.0011,0.0002,0.0,0.0067,4,0.0,512
ciciot2023:rung0.0,mlp,Spoofing,12575,4919,0.8845,0.9556,-0.0056,-0.0001,-0.006,0.0199,4,0.0,512
ciciot2023:rung0.0,mlp,Web,2135,811,0.9737,0.9528,-0.0028,-0.0139,-0.0094,0.0509,4,0.0,512
ciciot2023:rung0.0,mlp,Benign,6299,2289,0.9376,0.9404,0.0096,0.0025,-0.0007,0.0274,4,0.0,6021
ciciot2023:rung0.0,mlp,BruteForce,1371,512,0.9907,0.9582,-0.0082,-0.0223,-0.0032,0.0524,4,0.0,6021
ciciot2023:rung0.0,mlp,DDoS,68476,26042,0.5,0.9502,-0.0002,0.0,0.0,0.0043,4,0.0,6021
ciciot2023:rung0.0,mlp,DoS,25215,9570,0.5,0.9497,0.0003,0.0,0.0,0.0054,4,0.0,6021
ciciot2023:rung0.0,mlp,Mirai,18953,7265,0.5,0.9525,-0.0025,0.0,0.0,0.001,4,0.0,6021
ciciot2023:rung0.0,mlp,Recon,23055,8592,0.6559,0.9513,-0.0013,-0.0,0.0,0.0081,4,0.0,6021
ciciot2023:rung0.0,mlp,Spoofing,12575,4919,0.8805,0.9528,-0.0028,0.0,-0.0059,0.0152,4,0.0,6021
ciciot2023:rung0.0,mlp,Web,2135,811,0.9706,0.9509,-0.0009,0.0088,0.0033,0.0324,4,0.0,6021
ciciot2023:rung0.0,mlp,Benign,6299,2289,0.9438,0.9425,0.0075,0.0005,0.0088,0.0208,4,0.0,7
ciciot2023:rung0.0,mlp,BruteForce,1371,512,0.9927,0.9674,-0.0174,-0.0146,-0.0043,0.0585,4,0.0,7
ciciot2023:rung0.0,mlp,DDoS,68476,26042,0.5,0.9517,-0.0017,0.0,0.0,0.0085,4,0.0,7
ciciot2023:rung0.0,mlp,DoS,25215,9570,0.5,0.9483,0.0017,-0.0,0.0,0.005,4,0.0,7
ciciot2023:rung0.0,mlp,Mirai,18953,7265,0.5,0.9522,-0.0022,0.0,0.0,0.0067,4,0.0,7
ciciot2023:rung0.0,mlp,Recon,23055,8592,0.6773,0.9517,-0.0017,-0.0005,-0.0,0.0079,4,0.0,7
ciciot2023:rung0.0,mlp,Spoofing,12575,4919,0.8786,0.9535,-0.0035,-0.0,-0.0015,0.0172,4,0.0,7
ciciot2023:rung0.0,mlp,Web,2135,811,0.9775,0.9591,-0.0091,-0.0071,-0.0053,0.0336,4,0.0,7
ciciot2023:rung0.0,mlp,Benign,6299,2289,0.9434,0.9494,0.0006,0.0011,0.0041,0.0286,4,0.0,88
ciciot2023:rung0.0,mlp,BruteForce,1371,512,0.99,0.9631,-0.0131,-0.0245,-0.0017,0.0659,4,0.0,88
ciciot2023:rung0.0,mlp,DDoS,68476,26042,0.5,0.9489,0.0011,0.0,0.0,0.0045,4,0.0,88
ciciot2023:rung0.0,mlp,DoS,25215,9570,0.4999,0.9486,0.0014,0.0,0.0,0.0106,4,0.0,88
ciciot2023:rung0.0,mlp,Mirai,18953,7265,0.4999,0.9516,-0.0016,0.0,0.0,0.0012,4,0.0,88
ciciot2023:rung0.0,mlp,Recon,23055,8592,0.6871,0.952,-0.002,0.0002,0.0,0.0088,4,0.0,88
ciciot2023:rung0.0,mlp,Spoofing,12575,4919,0.8848,0.9511,-0.0011,-0.0,0.0017,0.0236,4,0.0,88
ciciot2023:rung0.0,mlp,Web,2135,811,0.9736,0.9502,-0.0002,-0.0056,0.0036,0.0391,4,0.0,88
ciciot2023:rung0.0,mlp,Benign,6299,2289,0.944,0.9463,0.0037,0.0031,0.009,0.0231,4,0.0,91
ciciot2023:rung0.0,mlp,BruteForce,1371,512,0.9914,0.9469,0.0031,-0.0084,-0.0013,0.0518,4,0.0,91
ciciot2023:rung0.0,mlp,DDoS,68476,26042,0.5,0.9491,0.0009,0.0,0.0,0.0073,4,0.0,91
ciciot2023:rung0.0,mlp,DoS,25215,9570,0.4999,0.9507,-0.0007,0.0,0.0,0.0082,4,0.0,91
ciciot2023:rung0.0,mlp,Mirai,18953,7265,0.4999,0.952,-0.002,0.0,0.0,0.0013,4,0.0,91
ciciot2023:rung0.0,mlp,Recon,23055,8592,0.6895,0.9501,-0.0001,-0.0001,0.0,0.0059,4,0.0,91
ciciot2023:rung0.0,mlp,Spoofing,12575,4919,0.8837,0.956,-0.006,-0.0,-0.0141,0.0199,4,0.0,91
ciciot2023:rung0.0,mlp,Web,2135,811,0.9704,0.9565,-0.0065,0.0028,-0.0016,0.0427,4,0.0,91
ciciot2023:rung0.0,rf,Benign,6299,2289,0.934,0.9585,-0.0085,0.0025,0.0139,0.0363,4,0.0,12345
ciciot2023:rung0.0,rf,BruteForce,1371,512,0.991,0.949,0.001,0.0001,0.0014,0.0466,4,0.0,12345
ciciot2023:rung0.0,rf,DDoS,68476,26042,0.5,0.95,0.0,0.0,0.0,0.0011,4,0.0,12345
ciciot2023:rung0.0,rf,DoS,25215,9570,0.5,0.9497,0.0003,0.0,0.0,0.0013,4,0.0,12345
ciciot2023:rung0.0,rf,Mirai,18953,7265,0.5,0.9502,-0.0002,0.0,0.0,0.0018,4,0.0,12345
ciciot2023:rung0.0,rf,Recon,23055,8592,0.6647,0.9495,0.0005,0.0,0.0,0.0071,4,0.0,12345
ciciot2023:rung0.0,rf,Spoofing,12575,4919,0.8412,0.9532,-0.0032,-0.0001,-0.0046,0.014,4,0.0,12345
ciciot2023:rung0.0,rf,Web,2135,811,0.9673,0.958,-0.008,-0.0112,0.0028,0.0342,4,0.0,12345
ciciot2023:rung0.0,rf,Benign,6299,2289,0.9388,0.9548,-0.0048,0.0011,0.0094,0.0324,4,0.0,1337
ciciot2023:rung0.0,rf,BruteForce,1371,512,0.9892,0.949,0.001,0.0021,0.0014,0.0465,4,0.0,1337
ciciot2023:rung0.0,rf,DDoS,68476,26042,0.5,0.9507,-0.0007,0.0,0.0,0.0016,4,0.0,1337
ciciot2023:rung0.0,rf,DoS,25215,9570,0.5,0.9512,-0.0012,0.0,0.0,0.0047,4,0.0,1337
ciciot2023:rung0.0,rf,Mirai,18953,7265,0.5,0.9518,-0.0018,0.0,0.0,0.0016,4,0.0,1337
ciciot2023:rung0.0,rf,Recon,23055,8592,0.6425,0.9465,0.0035,-0.0,0.0,0.0089,4,0.0,1337
ciciot2023:rung0.0,rf,Spoofing,12575,4919,0.8372,0.9552,-0.0052,-0.0001,-0.0005,0.0112,4,0.0,1337
ciciot2023:rung0.0,rf,Web,2135,811,0.9627,0.9582,-0.0082,-0.0116,-0.0009,0.0361,4,0.0,1337
ciciot2023:rung0.0,rf,Benign,6299,2289,0.9317,0.9502,-0.0002,0.0022,0.0219,0.0378,4,0.0,2024
ciciot2023:rung0.0,rf,BruteForce,1371,512,0.9881,0.9535,-0.0035,0.0046,0.0019,0.0573,4,0.0,2024
ciciot2023:rung0.0,rf,DDoS,68476,26042,0.5,0.95,-0.0,0.0,0.0,0.0006,4,0.0,2024
ciciot2023:rung0.0,rf,DoS,25215,9570,0.5,0.9475,0.0025,0.0,0.0,0.003,4,0.0,2024
ciciot2023:rung0.0,rf,Mirai,18953,7265,0.5,0.95,0.0,0.0,0.0,0.0018,4,0.0,2024
ciciot2023:rung0.0,rf,Recon,23055,8592,0.6431,0.947,0.003,-0.0001,0.0,0.0089,4,0.0,2024
ciciot2023:rung0.0,rf,Spoofing,12575,4919,0.8414,0.95,-0.0,-0.0002,-0.0083,0.0173,4,0.0,2024
ciciot2023:rung0.0,rf,Web,2135,811,0.9684,0.9528,-0.0028,-0.0016,-0.0046,0.029,4,0.0,2024
ciciot2023:rung0.0,rf,Benign,6299,2289,0.9328,0.9495,0.0005,0.0017,0.0114,0.0303,4,0.0,3407
ciciot2023:rung0.0,rf,BruteForce,1371,512,0.9888,0.9541,-0.0041,0.0017,0.0006,0.052,4,0.0,3407
ciciot2023:rung0.0,rf,DDoS,68476,26042,0.5,0.9488,0.0012,0.0,0.0,0.0008,4,0.0,3407
ciciot2023:rung0.0,rf,DoS,25215,9570,0.5,0.9514,-0.0014,0.0,0.0,0.0008,4,0.0,3407
ciciot2023:rung0.0,rf,Mirai,18953,7265,0.5,0.9493,0.0007,0.0,0.0,0.0016,4,0.0,3407
ciciot2023:rung0.0,rf,Recon,23055,8592,0.6369,0.95,-0.0,0.0,0.0,0.01,4,0.0,3407
ciciot2023:rung0.0,rf,Spoofing,12575,4919,0.8364,0.953,-0.003,-0.0007,-0.0081,0.02,4,0.0,3407
ciciot2023:rung0.0,rf,Web,2135,811,0.9672,0.9567,-0.0067,-0.0038,-0.0025,0.0216,4,0.0,3407
ciciot2023:rung0.0,rf,Benign,6299,2289,0.9297,0.9476,0.0024,0.0028,0.0112,0.0366,4,0.0,42
ciciot2023:rung0.0,rf,BruteForce,1371,512,0.9895,0.9609,-0.0109,0.0036,-0.0005,0.0456,4,0.0,42
ciciot2023:rung0.0,rf,DDoS,68476,26042,0.5,0.9494,0.0006,0.0,0.0,0.0008,4,0.0,42
ciciot2023:rung0.0,rf,DoS,25215,9570,0.5,0.9524,-0.0024,0.0,0.0,0.0021,4,0.0,42
ciciot2023:rung0.0,rf,Mirai,18953,7265,0.5,0.9517,-0.0017,0.0,0.0,0.0014,4,0.0,42
ciciot2023:rung0.0,rf,Recon,23055,8592,0.6298,0.9473,0.0027,-0.0001,0.0,0.0087,4,0.0,42
ciciot2023:rung0.0,rf,Spoofing,12575,4919,0.8401,0.9523,-0.0023,-0.0009,0.0032,0.0144,4,0.0,42
ciciot2023:rung0.0,rf,Web,2135,811,0.9721,0.9581,-0.0081,-0.0043,-0.0018,0.0273,4,0.0,42
ciciot2023:rung0.0,rf,Benign,6299,2289,0.9307,0.9512,-0.0012,0.0016,0.0057,0.0277,4,0.0,512
ciciot2023:rung0.0,rf,BruteForce,1371,512,0.9874,0.9512,-0.0012,0.0017,0.0008,0.0449,4,0.0,512
ciciot2023:rung0.0,rf,DDoS,68476,26042,0.5,0.9507,-0.0007,0.0,0.0,0.0006,4,0.0,512
ciciot2023:rung0.0,rf,DoS,25215,9570,0.5,0.9488,0.0012,0.0,0.0,0.0011,4,0.0,512
ciciot2023:rung0.0,rf,Mirai,18953,7265,0.5,0.951,-0.001,0.0,0.0,0.0014,4,0.0,512
ciciot2023:rung0.0,rf,Recon,23055,8592,0.639,0.9498,0.0002,-0.0,0.0,0.0087,4,0.0,512
ciciot2023:rung0.0,rf,Spoofing,12575,4919,0.8329,0.951,-0.001,-0.0001,-0.0093,0.0122,4,0.0,512
ciciot2023:rung0.0,rf,Web,2135,811,0.9615,0.9443,0.0057,-0.0042,0.0027,0.0331,4,0.0,512
ciciot2023:rung0.0,rf,Benign,6299,2289,0.9255,0.9541,-0.0041,0.0018,0.0067,0.0306,4,0.0,6021
ciciot2023:rung0.0,rf,BruteForce,1371,512,0.9906,0.9496,0.0004,0.0057,-0.0015,0.0527,4,0.0,6021
ciciot2023:rung0.0,rf,DDoS,68476,26042,0.5,0.9495,0.0005,0.0,0.0,0.0009,4,0.0,6021
ciciot2023:rung0.0,rf,DoS,25215,9570,0.5,0.9511,-0.0011,0.0,0.0,0.0018,4,0.0,6021
ciciot2023:rung0.0,rf,Mirai,18953,7265,0.5,0.9502,-0.0002,0.0,0.0,0.0013,4,0.0,6021
ciciot2023:rung0.0,rf,Recon,23055,8592,0.652,0.95,0.0,0.0001,0.0,0.0094,4,0.0,6021
ciciot2023:rung0.0,rf,Spoofing,12575,4919,0.8333,0.9539,-0.0039,-0.0002,-0.0013,0.015,4,0.0,6021
ciciot2023:rung0.0,rf,Web,2135,811,0.9662,0.9477,0.0023,-0.0145,-0.0002,0.0272,4,0.0,6021
ciciot2023:rung0.0,rf,Benign,6299,2289,0.9311,0.9543,-0.0043,0.0012,0.02,0.0305,4,0.0,7
ciciot2023:rung0.0,rf,BruteForce,1371,512,0.9913,0.9566,-0.0066,-0.0007,-0.001,0.0394,4,0.0,7
ciciot2023:rung0.0,rf,DDoS,68476,26042,0.5,0.9488,0.0012,0.0,0.0,0.0014,4,0.0,7
ciciot2023:rung0.0,rf,DoS,25215,9570,0.5,0.9493,0.0007,0.0,0.0,0.0012,4,0.0,7
ciciot2023:rung0.0,rf,Mirai,18953,7265,0.5,0.9512,-0.0012,0.0,0.0,0.0019,4,0.0,7
ciciot2023:rung0.0,rf,Recon,23055,8592,0.6374,0.949,0.001,-0.0,0.0,0.009,4,0.0,7
ciciot2023:rung0.0,rf,Spoofing,12575,4919,0.8341,0.954,-0.004,-0.0,0.0008,0.013,4,0.0,7
ciciot2023:rung0.0,rf,Web,2135,811,0.9628,0.9478,0.0022,-0.0068,0.004,0.0326,4,0.0,7
ciciot2023:rung0.0,rf,Benign,6299,2289,0.9347,0.9537,-0.0037,0.002,0.0165,0.0395,4,0.0,88
ciciot2023:rung0.0,rf,BruteForce,1371,512,0.9906,0.9373,0.0127,0.0022,0.0007,0.0452,4,0.0,88
ciciot2023:rung0.0,rf,DDoS,68476,26042,0.5,0.9482,0.0018,0.0,0.0,0.0008,4,0.0,88
ciciot2023:rung0.0,rf,DoS,25215,9570,0.5,0.9518,-0.0018,0.0,0.0,0.0016,4,0.0,88
ciciot2023:rung0.0,rf,Mirai,18953,7265,0.5,0.9479,0.0021,0.0,0.0,0.0019,4,0.0,88
ciciot2023:rung0.0,rf,Recon,23055,8592,0.6538,0.9494,0.0006,-0.0,0.0,0.0089,4,0.0,88
ciciot2023:rung0.0,rf,Spoofing,12575,4919,0.8329,0.953,-0.003,-0.0001,-0.0025,0.0183,4,0.0,88
ciciot2023:rung0.0,rf,Web,2135,811,0.9654,0.9582,-0.0082,-0.0055,0.0036,0.0286,4,0.0,88
ciciot2023:rung0.0,rf,Benign,6299,2289,0.9323,0.9529,-0.0029,0.002,0.0266,0.0349,4,0.0,91
ciciot2023:rung0.0,rf,BruteForce,1371,512,0.9899,0.9596,-0.0096,-0.0021,-0.0041,0.0389,4,0.0,91
ciciot2023:rung0.0,rf,DDoS,68476,26042,0.5,0.9512,-0.0012,0.0,0.0,0.0006,4,0.0,91
ciciot2023:rung0.0,rf,DoS,25215,9570,0.5,0.9517,-0.0017,0.0,0.0,0.0019,4,0.0,91
ciciot2023:rung0.0,rf,Mirai,18953,7265,0.5,0.9518,-0.0018,0.0,0.0,0.0015,4,0.0,91
ciciot2023:rung0.0,rf,Recon,23055,8592,0.6518,0.9499,0.0001,-0.0001,0.0,0.0103,4,0.0,91
ciciot2023:rung0.0,rf,Spoofing,12575,4919,0.8353,0.95,0.0,0.0,-0.004,0.0112,4,0.0,91
ciciot2023:rung0.0,rf,Web,2135,811,0.9652,0.9666,-0.0166,-0.0105,0.0017,0.0304,4,0.0,91
ciciot2023:rung0.0,xgb,Benign,6299,2289,0.8944,0.953,-0.003,0.0,0.0003,0.0168,4,0.0,12345
ciciot2023:rung0.0,xgb,BruteForce,1371,512,0.9867,0.9563,-0.0063,0.0,-0.0112,0.0272,4,0.0,12345
ciciot2023:rung0.0,xgb,DDoS,68476,26042,0.5,0.9503,-0.0003,0.0,0.0,0.0002,4,0.0,12345
ciciot2023:rung0.0,xgb,DoS,25215,9570,0.5,0.9512,-0.0012,0.0,0.0,0.0003,4,0.0,12345
ciciot2023:rung0.0,xgb,Mirai,18953,7265,0.5,0.9502,-0.0002,0.0,0.0,0.0008,4,0.0,12345
ciciot2023:rung0.0,xgb,Recon,23055,8592,0.599,0.9491,0.0009,0.0,0.0,0.0101,4,0.0,12345
ciciot2023:rung0.0,xgb,Spoofing,12575,4919,0.801,0.9559,-0.0059,0.0,-0.0162,0.0112,4,0.0,12345
ciciot2023:rung0.0,xgb,Web,2135,811,0.9606,0.9561,-0.0061,-0.0,0.006,0.0273,4,0.0,12345
ciciot2023:rung0.0,xgb,Benign,6299,2289,0.8867,0.958,-0.008,0.0,-0.0046,0.0177,4,0.0,1337
ciciot2023:rung0.0,xgb,BruteForce,1371,512,0.9858,0.9617,-0.0117,0.0,-0.0065,0.0374,4,0.0,1337
ciciot2023:rung0.0,xgb,DDoS,68476,26042,0.5,0.9489,0.0011,0.0,0.0,0.0002,4,0.0,1337
ciciot2023:rung0.0,xgb,DoS,25215,9570,0.5,0.9521,-0.0021,0.0,0.0,0.0004,4,0.0,1337
ciciot2023:rung0.0,xgb,Mirai,18953,7265,0.5,0.954,-0.004,0.0,0.0,0.0005,4,0.0,1337
ciciot2023:rung0.0,xgb,Recon,23055,8592,0.5625,0.9466,0.0034,0.0,0.0,0.0089,4,0.0,1337
ciciot2023:rung0.0,xgb,Spoofing,12575,4919,0.8086,0.9557,-0.0057,0.0,0.0077,0.0098,4,0.0,1337
ciciot2023:rung0.0,xgb,Web,2135,811,0.952,0.9514,-0.0014,0.0,-0.0028,0.0366,4,0.0,1337
ciciot2023:rung0.0,xgb,Benign,6299,2289,0.8935,0.951,-0.001,0.0,0.0088,0.0179,4,0.0,2024
ciciot2023:rung0.0,xgb,BruteForce,1371,512,0.9868,0.9518,-0.0018,0.0,0.0009,0.0339,4,0.0,2024
ciciot2023:rung0.0,xgb,DDoS,68476,26042,0.5,0.9504,-0.0004,0.0,0.0,0.0003,4,0.0,2024
ciciot2023:rung0.0,xgb,DoS,25215,9570,0.5,0.9503,-0.0003,0.0,0.0,0.0006,4,0.0,2024
ciciot2023:rung0.0,xgb,Mirai,18953,7265,0.5,0.9523,-0.0023,0.0,0.0,0.0004,4,0.0,2024
ciciot2023:rung0.0,xgb,Recon,23055,8592,0.5315,0.9529,-0.0029,0.0,0.0,0.0086,4,0.0,2024
ciciot2023:rung0.0,xgb,Spoofing,12575,4919,0.8043,0.9532,-0.0032,0.0,0.0076,0.0074,4,0.0,2024
ciciot2023:rung0.0,xgb,Web,2135,811,0.9622,0.9587,-0.0087,-0.0,-0.0051,0.0261,4,0.0,2024
ciciot2023:rung0.0,xgb,Benign,6299,2289,0.8885,0.9529,-0.0029,0.0,-0.0062,0.0208,4,0.0,3407
ciciot2023:rung0.0,xgb,BruteForce,1371,512,0.9858,0.9686,-0.0186,0.0,-0.0082,0.0317,4,0.0,3407
ciciot2023:rung0.0,xgb,DDoS,68476,26042,0.5,0.9498,0.0002,0.0,0.0,0.0002,4,0.0,3407
ciciot2023:rung0.0,xgb,DoS,25215,9570,0.5,0.9498,0.0002,0.0,0.0,0.0006,4,0.0,3407
ciciot2023:rung0.0,xgb,Mirai,18953,7265,0.5,0.9499,0.0001,0.0,0.0,0.0002,4,0.0,3407
ciciot2023:rung0.0,xgb,Recon,23055,8592,0.537,0.9509,-0.0009,0.0,0.0,0.0058,4,0.0,3407
ciciot2023:rung0.0,xgb,Spoofing,12575,4919,0.8015,0.9505,-0.0005,0.0,0.001,0.0065,4,0.0,3407
ciciot2023:rung0.0,xgb,Web,2135,811,0.9543,0.9596,-0.0096,0.0,-0.0061,0.0311,4,0.0,3407
ciciot2023:rung0.0,xgb,Benign,6299,2289,0.8842,0.9562,-0.0062,0.0,-0.0008,0.0113,4,0.0,42
ciciot2023:rung0.0,xgb,BruteForce,1371,512,0.986,0.965,-0.015,0.0,-0.0007,0.0321,4,0.0,42
ciciot2023:rung0.0,xgb,DDoS,68476,26042,0.5,0.9525,-0.0025,0.0,0.0,0.0002,4,0.0,42
ciciot2023:rung0.0,xgb,DoS,25215,9570,0.5,0.9495,0.0005,0.0,0.0,0.0003,4,0.0,42
ciciot2023:rung0.0,xgb,Mirai,18953,7265,0.5,0.9507,-0.0007,0.0,0.0,0.0005,4,0.0,42
ciciot2023:rung0.0,xgb,Recon,23055,8592,0.5644,0.9467,0.0033,0.0,0.0,0.0075,4,0.0,42
ciciot2023:rung0.0,xgb,Spoofing,12575,4919,0.8067,0.9509,-0.0009,0.0,0.0199,0.0088,4,0.0,42
ciciot2023:rung0.0,xgb,Web,2135,811,0.9559,0.9578,-0.0078,-0.0001,0.0045,0.02,4,0.0,42
ciciot2023:rung0.0,xgb,Benign,6299,2289,0.896,0.9514,-0.0014,0.0,0.0125,0.0181,4,0.0,512
ciciot2023:rung0.0,xgb,BruteForce,1371,512,0.9861,0.9545,-0.0045,0.0,-0.0068,0.0235,4,0.0,512
ciciot2023:rung0.0,xgb,DDoS,68476,26042,0.5,0.9482,0.0018,0.0,0.0,0.0002,4,0.0,512
ciciot2023:rung0.0,xgb,DoS,25215,9570,0.5,0.9489,0.0011,0.0,0.0,0.0004,4,0.0,512
ciciot2023:rung0.0,xgb,Mirai,18953,7265,0.5,0.9506,-0.0006,0.0,0.0,0.0003,4,0.0,512
ciciot2023:rung0.0,xgb,Recon,23055,8592,0.5937,0.9497,0.0003,0.0,0.0,0.0082,4,0.0,512
ciciot2023:rung0.0,xgb,Spoofing,12575,4919,0.8102,0.9538,-0.0038,0.0,0.0192,0.0099,4,0.0,512
ciciot2023:rung0.0,xgb,Web,2135,811,0.9503,0.9444,0.0056,-0.0018,0.0066,0.026,4,0.0,512
ciciot2023:rung0.0,xgb,Benign,6299,2289,0.8988,0.9514,-0.0014,0.0,-0.0164,0.0113,4,0.0,6021
ciciot2023:rung0.0,xgb,BruteForce,1371,512,0.9842,0.9482,0.0018,0.0,-0.0061,0.034,4,0.0,6021
ciciot2023:rung0.0,xgb,DDoS,68476,26042,0.5,0.9493,0.0007,0.0,0.0,0.0002,4,0.0,6021
ciciot2023:rung0.0,xgb,DoS,25215,9570,0.5,0.9514,-0.0014,0.0,0.0,0.0005,4,0.0,6021
ciciot2023:rung0.0,xgb,Mirai,18953,7265,0.5,0.9516,-0.0016,0.0,0.0,0.0007,4,0.0,6021
ciciot2023:rung0.0,xgb,Recon,23055,8592,0.5533,0.9488,0.0012,0.0,0.0,0.0077,4,0.0,6021
ciciot2023:rung0.0,xgb,Spoofing,12575,4919,0.8044,0.9521,-0.0021,0.0,-0.005,0.0099,4,0.0,6021
ciciot2023:rung0.0,xgb,Web,2135,811,0.9605,0.9478,0.0022,0.0,0.0008,0.0273,4,0.0,6021
ciciot2023:rung0.0,xgb,Benign,6299,2289,0.8972,0.9556,-0.0056,0.0,0.0143,0.0114,4,0.0,7
ciciot2023:rung0.0,xgb,BruteForce,1371,512,0.9867,0.9434,0.0066,0.0,-0.0006,0.0389,4,0.0,7
ciciot2023:rung0.0,xgb,DDoS,68476,26042,0.5,0.9499,0.0001,0.0,0.0,0.0002,4,0.0,7
ciciot2023:rung0.0,xgb,DoS,25215,9570,0.5,0.9493,0.0007,0.0,0.0,0.0009,4,0.0,7
ciciot2023:rung0.0,xgb,Mirai,18953,7265,0.5,0.9495,0.0005,0.0,0.0,0.001,4,0.0,7
ciciot2023:rung0.0,xgb,Recon,23055,8592,0.5544,0.9481,0.0019,0.0,0.0,0.0082,4,0.0,7
ciciot2023:rung0.0,xgb,Spoofing,12575,4919,0.7982,0.9485,0.0015,0.0,0.0084,0.0099,4,0.0,7
ciciot2023:rung0.0,xgb,Web,2135,811,0.9592,0.9501,-0.0001,0.0003,-0.0077,0.0463,4,0.0,7
ciciot2023:rung0.0,xgb,Benign,6299,2289,0.9018,0.955,-0.005,0.0,0.0042,0.0175,4,0.0,88
ciciot2023:rung0.0,xgb,BruteForce,1371,512,0.9858,0.9535,-0.0035,0.0,-0.0009,0.0256,4,0.0,88
ciciot2023:rung0.0,xgb,DDoS,68476,26042,0.5,0.9503,-0.0003,0.0,0.0,0.0002,4,0.0,88
ciciot2023:rung0.0,xgb,DoS,25215,9570,0.5,0.9508,-0.0008,0.0,0.0,0.0004,4,0.0,88
ciciot2023:rung0.0,xgb,Mirai,18953,7265,0.5,0.9508,-0.0008,0.0,0.0,0.0002,4,0.0,88
ciciot2023:rung0.0,xgb,Recon,23055,8592,0.5694,0.9492,0.0008,0.0,0.0,0.0099,4,0.0,88
ciciot2023:rung0.0,xgb,Spoofing,12575,4919,0.8015,0.9511,-0.0011,0.0,0.0009,0.0104,4,0.0,88
ciciot2023:rung0.0,xgb,Web,2135,811,0.9508,0.942,0.008,0.0,0.0054,0.0488,4,0.0,88
ciciot2023:rung0.0,xgb,Benign,6299,2289,0.8856,0.957,-0.007,0.0,-0.0075,0.0092,4,0.0,91
ciciot2023:rung0.0,xgb,BruteForce,1371,512,0.985,0.9691,-0.0191,0.0,-0.0076,0.0265,4,0.0,91
ciciot2023:rung0.0,xgb,DDoS,68476,26042,0.5,0.9502,-0.0002,0.0,0.0,0.0002,4,0.0,91
ciciot2023:rung0.0,xgb,DoS,25215,9570,0.5,0.951,-0.001,0.0,0.0,0.0008,4,0.0,91
ciciot2023:rung0.0,xgb,Mirai,18953,7265,0.5,0.9513,-0.0013,0.0,0.0,0.0003,4,0.0,91
ciciot2023:rung0.0,xgb,Recon,23055,8592,0.6058,0.9497,0.0003,0.0,0.0,0.0078,4,0.0,91
ciciot2023:rung0.0,xgb,Spoofing,12575,4919,0.812,0.9553,-0.0053,0.0,-0.0106,0.0087,4,0.0,91
ciciot2023:rung0.0,xgb,Web,2135,811,0.9548,0.9541,-0.0041,0.0,-0.0005,0.0444,4,0.0,91
ciciot2023:rung0.2,mlp,Benign,6299,2318,0.9462,0.9554,-0.0054,0.0014,0.007,0.0163,4,0.2,12345
ciciot2023:rung0.2,mlp,BruteForce,1371,529,0.9909,0.9565,-0.0065,-0.0023,-0.0008,0.0296,4,0.2,12345
ciciot2023:rung0.2,mlp,DDoS,68476,26099,0.5,0.95,-0.0,0.0,0.0,0.0074,4,0.2,12345
ciciot2023:rung0.2,mlp,DoS,25215,9542,0.5,0.9497,0.0003,0.0,0.0,0.0118,4,0.2,12345
ciciot2023:rung0.2,mlp,Mirai,18953,7134,0.5,0.9516,-0.0016,0.0,0.0,0.0026,4,0.2,12345
ciciot2023:rung0.2,mlp,Recon,23055,8726,0.698,0.9488,0.0012,0.0005,0.0,0.0064,4,0.2,12345
ciciot2023:rung0.2,mlp,Spoofing,12575,4841,0.8816,0.9517,-0.0017,-0.0,-0.0154,0.0115,4,0.2,12345
ciciot2023:rung0.2,mlp,Web,2135,811,0.9695,0.9621,-0.0121,-0.0191,-0.0059,0.0595,4,0.2,12345
ciciot2023:rung0.2,mlp,Benign,6299,2318,0.935,0.9514,-0.0014,0.003,-0.0013,0.0178,4,0.2,1337
ciciot2023:rung0.2,mlp,BruteForce,1371,529,0.9908,0.9524,-0.0024,0.003,0.0005,0.0305,4,0.2,1337
ciciot2023:rung0.2,mlp,DDoS,68476,26099,0.5,0.9483,0.0017,0.0,0.0,0.0074,4,0.2,1337
ciciot2023:rung0.2,mlp,DoS,25215,9542,0.5,0.9459,0.0041,0.0,0.0,0.0113,4,0.2,1337
ciciot2023:rung0.2,mlp,Mirai,18953,7134,0.5,0.9506,-0.0006,0.0,0.0,0.0066,4,0.2,1337
ciciot2023:rung0.2,mlp,Recon,23055,8726,0.6972,0.949,0.001,0.0002,0.0,0.0065,4,0.2,1337
ciciot2023:rung0.2,mlp,Spoofing,12575,4841,0.8814,0.9526,-0.0026,-0.0001,-0.0137,0.0173,4,0.2,1337
ciciot2023:rung0.2,mlp,Web,2135,811,0.9739,0.9418,0.0082,-0.0111,0.0065,0.0404,4,0.2,1337
ciciot2023:rung0.2,mlp,Benign,6299,2318,0.9371,0.9499,0.0001,0.0,0.006,0.023,4,0.2,2024
ciciot2023:rung0.2,mlp,BruteForce,1371,529,0.9919,0.9461,0.0039,0.0131,-0.0013,0.0318,4,0.2,2024
ciciot2023:rung0.2,mlp,DDoS,68476,26099,0.5,0.9521,-0.0021,0.0,0.0,0.005,4,0.2,2024
ciciot2023:rung0.2,mlp,DoS,25215,9542,0.5,0.9498,0.0002,0.0,0.0,0.0073,4,0.2,2024
ciciot2023:rung0.2,mlp,Mirai,18953,7134,0.5,0.9484,0.0016,0.0,0.0,0.0017,4,0.2,2024
ciciot2023:rung0.2,mlp,Recon,23055,8726,0.7058,0.9473,0.0027,0.0007,0.0,0.0125,4,0.2,2024
ciciot2023:rung0.2,mlp,Spoofing,12575,4841,0.8882,0.9532,-0.0032,0.0,-0.0143,0.0156,4,0.2,2024
ciciot2023:rung0.2,mlp,Web,2135,811,0.9714,0.9481,0.0019,0.0104,0.005,0.0309,4,0.2,2024
ciciot2023:rung0.2,mlp,Benign,6299,2318,0.9506,0.9506,-0.0006,0.0029,0.0052,0.0226,4,0.2,3407
ciciot2023:rung0.2,mlp,BruteForce,1371,529,0.9923,0.9435,0.0065,-0.014,-0.0012,0.027,4,0.2,3407
ciciot2023:rung0.2,mlp,DDoS,68476,26099,0.5,0.9498,0.0002,0.0,0.0,0.0045,4,0.2,3407
ciciot2023:rung0.2,mlp,DoS,25215,9542,0.5,0.9513,-0.0013,0.0,0.0,0.0048,4,0.2,3407
ciciot2023:rung0.2,mlp,Mirai,18953,7134,0.5,0.952,-0.002,0.0,0.0,0.0042,4,0.2,3407
ciciot2023:rung0.2,mlp,Recon,23055,8726,0.703,0.9518,-0.0018,-0.0001,0.0,0.0066,4,0.2,3407
ciciot2023:rung0.2,mlp,Spoofing,12575,4841,0.8852,0.954,-0.004,-0.0001,-0.0071,0.0106,4,0.2,3407
ciciot2023:rung0.2,mlp,Web,2135,811,0.9747,0.9496,0.0004,-0.0186,-0.0015,0.0545,4,0.2,3407
ciciot2023:rung0.2,mlp,Benign,6299,2318,0.9472,0.9501,-0.0001,0.0038,0.0044,0.0283,4,0.2,42
ciciot2023:rung0.2,mlp,BruteForce,1371,529,0.989,0.9507,-0.0007,0.0001,0.0,0.0335,4,0.2,42
ciciot2023:rung0.2,mlp,DDoS,68476,26099,0.5,0.9489,0.0011,0.0,0.0,0.0047,4,0.2,42
ciciot2023:rung0.2,mlp,DoS,25215,9542,0.4999,0.9506,-0.0006,0.0,0.0,0.0082,4,0.2,42
ciciot2023:rung0.2,mlp,Mirai,18953,7134,0.4999,0.9495,0.0005,0.0,0.0,0.0056,4,0.2,42
ciciot2023:rung0.2,mlp,Recon,23055,8726,0.7071,0.9463,0.0037,0.0003,0.0,0.0072,4,0.2,42
ciciot2023:rung0.2,mlp,Spoofing,12575,4841,0.8862,0.956,-0.006,0.0,-0.0214,0.0168,4,0.2,42
ciciot2023:rung0.2,mlp,Web,2135,811,0.9702,0.9528,-0.0028,-0.0043,0.0042,0.0451,4,0.2,42
ciciot2023:rung0.2,mlp,Benign,6299,2318,0.9468,0.9511,-0.0011,0.0041,0.0014,0.0179,4,0.2,512
ciciot2023:rung0.2,mlp,BruteForce,1371,529,0.9914,0.9628,-0.0128,-0.001,-0.0001,0.0295,4,0.2,512
ciciot2023:rung0.2,mlp,DDoS,68476,26099,0.5,0.9487,0.0013,0.0,0.0,0.0072,4,0.2,512
ciciot2023:rung0.2,mlp,DoS,25215,9542,0.4999,0.9512,-0.0012,0.0,0.0,0.0084,4,0.2,512
ciciot2023:rung0.2,mlp,Mirai,18953,7134,0.4999,0.9512,-0.0012,0.0,0.0,0.0062,4,0.2,512
ciciot2023:rung0.2,mlp,Recon,23055,8726,0.7061,0.95,0.0,0.0011,0.0,0.009,4,0.2,512
ciciot2023:rung0.2,mlp,Spoofing,12575,4841,0.8845,0.954,-0.004,-0.0001,-0.0124,0.0159,4,0.2,512
ciciot2023:rung0.2,mlp,Web,2135,811,0.9737,0.9529,-0.0029,-0.0132,-0.0,0.0417,4,0.2,512
ciciot2023:rung0.2,mlp,Benign,6299,2318,0.9376,0.9558,-0.0058,0.0004,-0.0003,0.0167,4,0.2,6021
ciciot2023:rung0.2,mlp,BruteForce,1371,529,0.9907,0.9569,-0.0069,-0.0069,-0.0064,0.0405,4,0.2,6021
ciciot2023:rung0.2,mlp,DDoS,68476,26099,0.5,0.9513,-0.0013,0.0,0.0,0.0022,4,0.2,6021
ciciot2023:rung0.2,mlp,DoS,25215,9542,0.5,0.9488,0.0012,0.0,0.0,0.0072,4,0.2,6021
ciciot2023:rung0.2,mlp,Mirai,18953,7134,0.5,0.9505,-0.0005,0.0,0.0,0.0018,4,0.2,6021
ciciot2023:rung0.2,mlp,Recon,23055,8726,0.6559,0.9487,0.0013,0.001,0.0,0.0076,4,0.2,6021
ciciot2023:rung0.2,mlp,Spoofing,12575,4841,0.8805,0.9523,-0.0023,0.0,-0.0156,0.0127,4,0.2,6021
ciciot2023:rung0.2,mlp,Web,2135,811,0.9706,0.9391,0.0109,-0.0005,-0.0012,0.0354,4,0.2,6021
ciciot2023:rung0.2,mlp,Benign,6299,2318,0.9438,0.9479,0.0021,0.0004,0.0059,0.0208,4,0.2,7
ciciot2023:rung0.2,mlp,BruteForce,1371,529,0.9927,0.9605,-0.0105,-0.0084,-0.0011,0.0469,4,0.2,7
ciciot2023:rung0.2,mlp,DDoS,68476,26099,0.5,0.9497,0.0003,0.0,0.0,0.0055,4,0.2,7
ciciot2023:rung0.2,mlp,DoS,25215,9542,0.5,0.9507,-0.0007,-0.0,0.0,0.0074,4,0.2,7
ciciot2023:rung0.2,mlp,Mirai,18953,7134,0.5,0.9504,-0.0004,0.0,0.0,0.0033,4,0.2,7
ciciot2023:rung0.2,mlp,Recon,23055,8726,0.6773,0.9519,-0.0019,0.0006,0.0,0.0101,4,0.2,7
ciciot2023:rung0.2,mlp,Spoofing,12575,4841,0.8786,0.9501,-0.0001,-0.0,-0.0195,0.0155,4,0.2,7
ciciot2023:rung0.2,mlp,Web,2135,811,0.9775,0.955,-0.005,-0.0079,-0.0017,0.0363,4,0.2,7
ciciot2023:rung0.2,mlp,Benign,6299,2318,0.9434,0.9498,0.0002,0.0011,0.0017,0.0258,4,0.2,88
ciciot2023:rung0.2,mlp,BruteForce,1371,529,0.99,0.9645,-0.0145,-0.0011,-0.0,0.0334,4,0.2,88
ciciot2023:rung0.2,mlp,DDoS,68476,26099,0.5,0.9472,0.0028,0.0,0.0,0.005,4,0.2,88
ciciot2023:rung0.2,mlp,DoS,25215,9542,0.4999,0.9478,0.0022,0.0,0.0,0.0058,4,0.2,88
ciciot2023:rung0.2,mlp,Mirai,18953,7134,0.4999,0.9501,-0.0001,0.0,0.0,0.0024,4,0.2,88
ciciot2023:rung0.2,mlp,Recon,23055,8726,0.6871,0.9493,0.0007,0.0016,0.0,0.0093,4,0.2,88
ciciot2023:rung0.2,mlp,Spoofing,12575,4841,0.8848,0.9483,0.0017,0.0,-0.0001,0.0096,4,0.2,88
ciciot2023:rung0.2,mlp,Web,2135,811,0.9736,0.9451,0.0049,0.0017,0.0017,0.0266,4,0.2,88
ciciot2023:rung0.2,mlp,Benign,6299,2318,0.944,0.9474,0.0026,0.0066,0.0038,0.0261,4,0.2,91
ciciot2023:rung0.2,mlp,BruteForce,1371,529,0.9914,0.9641,-0.0141,-0.0057,-0.0015,0.0365,4,0.2,91
ciciot2023:rung0.2,mlp,DDoS,68476,26099,0.5,0.9502,-0.0002,0.0,0.0,0.0063,4,0.2,91
ciciot2023:rung0.2,mlp,DoS,25215,9542,0.4999,0.9516,-0.0016,0.0,0.0,0.0073,4,0.2,91
ciciot2023:rung0.2,mlp,Mirai,18953,7134,0.4999,0.9502,-0.0002,0.0,0.0,0.0016,4,0.2,91
ciciot2023:rung0.2,mlp,Recon,23055,8726,0.6895,0.9498,0.0002,-0.0,0.0,0.0065,4,0.2,91
ciciot2023:rung0.2,mlp,Spoofing,12575,4841,0.8837,0.9545,-0.0045,-0.0,-0.0079,0.0111,4,0.2,91
ciciot2023:rung0.2,mlp,Web,2135,811,0.9704,0.9476,0.0024,0.0044,0.002,0.0282,4,0.2,91
ciciot2023:rung0.2,rf,Benign,6299,2318,0.934,0.9487,0.0013,0.0004,-0.0142,0.0239,4,0.2,12345
ciciot2023:rung0.2,rf,BruteForce,1371,529,0.991,0.9654,-0.0154,0.0014,-0.0036,0.0278,4,0.2,12345
ciciot2023:rung0.2,rf,DDoS,68476,26099,0.5,0.9505,-0.0005,0.0,0.0,0.0012,4,0.2,12345
ciciot2023:rung0.2,rf,DoS,25215,9542,0.5,0.9503,-0.0003,0.0,0.0,0.0036,4,0.2,12345
ciciot2023:rung0.2,rf,Mirai,18953,7134,0.5,0.9526,-0.0026,0.0,0.0,0.0025,4,0.2,12345
ciciot2023:rung0.2,rf,Recon,23055,8726,0.6647,0.949,0.001,0.0001,0.0,0.005,4,0.2,12345
ciciot2023:rung0.2,rf,Spoofing,12575,4841,0.8412,0.9503,-0.0003,0.0,0.0016,0.0091,4,0.2,12345
ciciot2023:rung0.2,rf,Web,2135,811,0.9673,0.9424,0.0076,-0.0067,0.0028,0.0308,4,0.2,12345
ciciot2023:rung0.2,rf,Benign,6299,2318,0.9388,0.9474,0.0026,0.0002,-0.0229,0.0215,4,0.2,1337
ciciot2023:rung0.2,rf,BruteForce,1371,529,0.9892,0.9529,-0.0029,-0.0025,0.0013,0.0217,4,0.2,1337
ciciot2023:rung0.2,rf,DDoS,68476,26099,0.5,0.9505,-0.0005,0.0,0.0,0.0013,4,0.2,1337
ciciot2023:rung0.2,rf,DoS,25215,9542,0.5,0.9521,-0.0021,0.0,0.0,0.0063,4,0.2,1337
ciciot2023:rung0.2,rf,Mirai,18953,7134,0.5,0.9491,0.0009,0.0,0.0,0.0018,4,0.2,1337
ciciot2023:rung0.2,rf,Recon,23055,8726,0.6425,0.9507,-0.0007,0.0,0.0,0.006,4,0.2,1337
ciciot2023:rung0.2,rf,Spoofing,12575,4841,0.8372,0.9532,-0.0032,0.0,-0.0082,0.0083,4,0.2,1337
ciciot2023:rung0.2,rf,Web,2135,811,0.9627,0.949,0.001,-0.0048,0.0026,0.0338,4,0.2,1337
ciciot2023:rung0.2,rf,Benign,6299,2318,0.9317,0.9537,-0.0037,0.0014,-0.0011,0.0253,4,0.2,2024
ciciot2023:rung0.2,rf,BruteForce,1371,529,0.9881,0.9664,-0.0164,-0.0041,-0.0033,0.0263,4,0.2,2024
ciciot2023:rung0.2,rf,DDoS,68476,26099,0.5,0.9503,-0.0003,0.0,0.0,0.0017,4,0.2,2024
ciciot2023:rung0.2,rf,DoS,25215,9542,0.5,0.9516,-0.0016,0.0,0.0,0.0048,4,0.2,2024
ciciot2023:rung0.2,rf,Mirai,18953,7134,0.5,0.9511,-0.0011,0.0,0.0,0.002,4,0.2,2024
ciciot2023:rung0.2,rf,Recon,23055,8726,0.6431,0.949,0.001,-0.0001,0.0,0.006,4,0.2,2024
ciciot2023:rung0.2,rf,Spoofing,12575,4841,0.8414,0.9522,-0.0022,0.0,-0.0075,0.0113,4,0.2,2024
ciciot2023:rung0.2,rf,Web,2135,811,0.9684,0.9515,-0.0015,-0.0001,-0.0025,0.0476,4,0.2,2024
ciciot2023:rung0.2,rf,Benign,6299,2318,0.9328,0.9511,-0.0011,0.0013,-0.0217,0.0237,4,0.2,3407
ciciot2023:rung0.2,rf,BruteForce,1371,529,0.9888,0.9529,-0.0029,-0.0016,-0.0006,0.0218,4,0.2,3407
ciciot2023:rung0.2,rf,DDoS,68476,26099,0.5,0.9507,-0.0007,0.0,0.0,0.002,4,0.2,3407
ciciot2023:rung0.2,rf,DoS,25215,9542,0.5,0.9514,-0.0014,0.0,0.0,0.0061,4,0.2,3407
ciciot2023:rung0.2,rf,Mirai,18953,7134,0.5,0.9482,0.0018,0.0,0.0,0.0025,4,0.2,3407
ciciot2023:rung0.2,rf,Recon,23055,8726,0.6369,0.9486,0.0014,0.0,0.0,0.0058,4,0.2,3407
ciciot2023:rung0.2,rf,Spoofing,12575,4841,0.8364,0.9533,-0.0033,-0.0,-0.0057,0.0099,4,0.2,3407
ciciot2023:rung0.2,rf,Web,2135,811,0.9672,0.9448,0.0052,0.0014,0.002,0.0459,4,0.2,3407
ciciot2023:rung0.2,rf,Benign,6299,2318,0.9297,0.9517,-0.0017,0.0007,-0.0215,0.017,4,0.2,42
ciciot2023:rung0.2,rf,BruteForce,1371,529,0.9895,0.9474,0.0026,-0.0038,-0.0012,0.0328,4,0.2,42
ciciot2023:rung0.2,rf,DDoS,68476,26099,0.5,0.95,0.0,0.0,0.0,0.0016,4,0.2,42
ciciot2023:rung0.2,rf,DoS,25215,9542,0.5,0.9514,-0.0014,0.0,0.0,0.0056,4,0.2,42
ciciot2023:rung0.2,rf,Mirai,18953,7134,0.5,0.9506,-0.0006,0.0,0.0,0.0024,4,0.2,42
ciciot2023:rung0.2,rf,Recon,23055,8726,0.6298,0.9487,0.0013,-0.0001,0.0,0.0074,4,0.2,42
ciciot2023:rung0.2,rf,Spoofing,12575,4841,0.8401,0.9507,-0.0007,-0.0002,-0.0007,0.0081,4,0.2,42
ciciot2023:rung0.2,rf,Web,2135,811,0.9721,0.9535,-0.0035,-0.0053,0.002,0.039,4,0.2,42
ciciot2023:rung0.2,rf,Benign,6299,2318,0.9307,0.9543,-0.0043,0.0003,-0.0148,0.0223,4,0.2,512
ciciot2023:rung0.2,rf,BruteForce,1371,529,0.9874,0.9535,-0.0035,-0.0061,-0.0027,0.0205,4,0.2,512
ciciot2023:rung0.2,rf,DDoS,68476,26099,0.5,0.9511,-0.0011,0.0,0.0,0.0018,4,0.2,512
ciciot2023:rung0.2,rf,DoS,25215,9542,0.5,0.9505,-0.0005,0.0,0.0,0.0037,4,0.2,512
ciciot2023:rung0.2,rf,Mirai,18953,7134,0.5,0.9483,0.0017,0.0,0.0,0.0025,4,0.2,512
ciciot2023:rung0.2,rf,Recon,23055,8726,0.639,0.948,0.002,-0.0001,0.0,0.0072,4,0.2,512
ciciot2023:rung0.2,rf,Spoofing,12575,4841,0.8329,0.9496,0.0004,0.0,0.0005,0.0068,4,0.2,512
ciciot2023:rung0.2,rf,Web,2135,811,0.9615,0.942,0.008,0.0018,0.0074,0.0547,4,0.2,512
ciciot2023:rung0.2,rf,Benign,6299,2318,0.9255,0.9539,-0.0039,0.0006,-0.0152,0.0201,4,0.2,6021
ciciot2023:rung0.2,rf,BruteForce,1371,529,0.9906,0.9677,-0.0177,0.0004,-0.0018,0.0318,4,0.2,6021
ciciot2023:rung0.2,rf,DDoS,68476,26099,0.5,0.9509,-0.0009,0.0,0.0,0.0015,4,0.2,6021
ciciot2023:rung0.2,rf,DoS,25215,9542,0.5,0.9504,-0.0004,0.0,0.0,0.0034,4,0.2,6021
ciciot2023:rung0.2,rf,Mirai,18953,7134,0.5,0.9496,0.0004,0.0,0.0,0.0026,4,0.2,6021
ciciot2023:rung0.2,rf,Recon,23055,8726,0.652,0.95,0.0,0.0,0.0,0.0064,4,0.2,6021
ciciot2023:rung0.2,rf,Spoofing,12575,4841,0.8333,0.9518,-0.0018,-0.0001,-0.0112,0.0126,4,0.2,6021
ciciot2023:rung0.2,rf,Web,2135,811,0.9662,0.9441,0.0059,-0.014,0.0023,0.0329,4,0.2,6021
ciciot2023:rung0.2,rf,Benign,6299,2318,0.9311,0.9519,-0.0019,0.0003,-0.0132,0.0207,4,0.2,7
ciciot2023:rung0.2,rf,BruteForce,1371,529,0.9913,0.9605,-0.0105,-0.0063,0.0006,0.0291,4,0.2,7
ciciot2023:rung0.2,rf,DDoS,68476,26099,0.5,0.9502,-0.0002,0.0,0.0,0.0015,4,0.2,7
ciciot2023:rung0.2,rf,DoS,25215,9542,0.5,0.9525,-0.0025,0.0,0.0,0.0051,4,0.2,7
ciciot2023:rung0.2,rf,Mirai,18953,7134,0.5,0.9519,-0.0019,0.0,0.0,0.0017,4,0.2,7
ciciot2023:rung0.2,rf,Recon,23055,8726,0.6374,0.9482,0.0018,0.0,0.0,0.0053,4,0.2,7
ciciot2023:rung0.2,rf,Spoofing,12575,4841,0.8341,0.953,-0.003,0.0004,-0.01,0.0082,4,0.2,7
ciciot2023:rung0.2,rf,Web,2135,811,0.9628,0.958,-0.008,-0.0053,0.0002,0.0339,4,0.2,7
ciciot2023:rung0.2,rf,Benign,6299,2318,0.9347,0.9525,-0.0025,0.0016,-0.0086,0.0323,4,0.2,88
ciciot2023:rung0.2,rf,BruteForce,1371,529,0.9906,0.9501,-0.0001,-0.0016,0.0009,0.0353,4,0.2,88
ciciot2023:rung0.2,rf,DDoS,68476,26099,0.5,0.9499,0.0001,0.0,0.0,0.0021,4,0.2,88
ciciot2023:rung0.2,rf,DoS,25215,9542,0.5,0.9486,0.0014,0.0,0.0,0.004,4,0.2,88
ciciot2023:rung0.2,rf,Mirai,18953,7134,0.5,0.9511,-0.0011,0.0,0.0,0.0022,4,0.2,88
ciciot2023:rung0.2,rf,Recon,23055,8726,0.6538,0.9475,0.0025,0.0,0.0,0.0064,4,0.2,88
ciciot2023:rung0.2,rf,Spoofing,12575,4841,0.8329,0.9523,-0.0023,-0.0001,-0.0051,0.0103,4,0.2,88
ciciot2023:rung0.2,rf,Web,2135,811,0.9654,0.9482,0.0018,-0.0012,0.0052,0.0315,4,0.2,88
ciciot2023:rung0.2,rf,Benign,6299,2318,0.9323,0.9556,-0.0056,0.0015,-0.0016,0.0269,4,0.2,91
ciciot2023:rung0.2,rf,BruteForce,1371,529,0.9899,0.9554,-0.0054,-0.0003,-0.0025,0.0369,4,0.2,91
ciciot2023:rung0.2,rf,DDoS,68476,26099,0.5,0.9487,0.0013,0.0,0.0,0.0011,4,0.2,91
ciciot2023:rung0.2,rf,DoS,25215,9542,0.5,0.9518,-0.0018,0.0,0.0,0.0058,4,0.2,91
ciciot2023:rung0.2,rf,Mirai,18953,7134,0.5,0.9501,-0.0001,0.0,0.0,0.0025,4,0.2,91
ciciot2023:rung0.2,rf,Recon,23055,8726,0.6518,0.9489,0.0011,-0.0001,0.0,0.0058,4,0.2,91
ciciot2023:rung0.2,rf,Spoofing,12575,4841,0.8353,0.9482,0.0018,0.0,-0.0039,0.009,4,0.2,91
ciciot2023:rung0.2,rf,Web,2135,811,0.9652,0.9404,0.0096,-0.0105,0.013,0.0455,4,0.2,91
ciciot2023:rung0.2,xgb,Benign,6299,2318,0.8944,0.9554,-0.0054,0.0,-0.0048,0.0245,4,0.2,12345
ciciot2023:rung0.2,xgb,BruteForce,1371,529,0.9867,0.9448,0.0052,0.0,-0.009,0.0464,4,0.2,12345
ciciot2023:rung0.2,xgb,DDoS,68476,26099,0.5,0.9499,0.0001,0.0,0.0,0.0003,4,0.2,12345
ciciot2023:rung0.2,xgb,DoS,25215,9542,0.5,0.9514,-0.0014,0.0,0.0,0.001,4,0.2,12345
ciciot2023:rung0.2,xgb,Mirai,18953,7134,0.5,0.9497,0.0003,0.0,0.0,0.0006,4,0.2,12345
ciciot2023:rung0.2,xgb,Recon,23055,8726,0.599,0.9487,0.0013,0.0,0.0,0.0125,4,0.2,12345
ciciot2023:rung0.2,xgb,Spoofing,12575,4841,0.801,0.9525,-0.0025,0.0,-0.011,0.0114,4,0.2,12345
ciciot2023:rung0.2,xgb,Web,2135,811,0.9606,0.9499,0.0001,-0.0,0.0099,0.03,4,0.2,12345
ciciot2023:rung0.2,xgb,Benign,6299,2318,0.8867,0.9536,-0.0036,0.0,0.0022,0.0289,4,0.2,1337
ciciot2023:rung0.2,xgb,BruteForce,1371,529,0.9858,0.9588,-0.0088,0.0,0.0014,0.0553,4,0.2,1337
ciciot2023:rung0.2,xgb,DDoS,68476,26099,0.5,0.9481,0.0019,0.0,0.0,0.0002,4,0.2,1337
ciciot2023:rung0.2,xgb,DoS,25215,9542,0.5,0.9507,-0.0007,0.0,0.0,0.0011,4,0.2,1337
ciciot2023:rung0.2,xgb,Mirai,18953,7134,0.5,0.9516,-0.0016,0.0,0.0,0.0002,4,0.2,1337
ciciot2023:rung0.2,xgb,Recon,23055,8726,0.5625,0.9496,0.0004,0.0,0.0,0.0084,4,0.2,1337
ciciot2023:rung0.2,xgb,Spoofing,12575,4841,0.8086,0.9539,-0.0039,0.0,-0.0117,0.013,4,0.2,1337
ciciot2023:rung0.2,xgb,Web,2135,811,0.952,0.9471,0.0029,-0.0001,0.0094,0.037,4,0.2,1337
ciciot2023:rung0.2,xgb,Benign,6299,2318,0.8935,0.9526,-0.0026,0.0,-0.0081,0.018,4,0.2,2024
ciciot2023:rung0.2,xgb,BruteForce,1371,529,0.9868,0.9692,-0.0192,0.0,-0.0012,0.0366,4,0.2,2024
ciciot2023:rung0.2,xgb,DDoS,68476,26099,0.5,0.9521,-0.0021,0.0,0.0,0.0002,4,0.2,2024
ciciot2023:rung0.2,xgb,DoS,25215,9542,0.5,0.9477,0.0023,0.0,0.0,0.0008,4,0.2,2024
ciciot2023:rung0.2,xgb,Mirai,18953,7134,0.5,0.9495,0.0005,0.0,0.0,0.0003,4,0.2,2024
ciciot2023:rung0.2,xgb,Recon,23055,8726,0.5315,0.9494,0.0006,0.0,0.0,0.0077,4,0.2,2024
ciciot2023:rung0.2,xgb,Spoofing,12575,4841,0.8043,0.9522,-0.0022,0.0,0.0053,0.0094,4,0.2,2024
ciciot2023:rung0.2,xgb,Web,2135,811,0.9622,0.9518,-0.0018,-0.0017,0.003,0.0268,4,0.2,2024
ciciot2023:rung0.2,xgb,Benign,6299,2318,0.8885,0.9596,-0.0096,0.0,-0.0355,0.0224,4,0.2,3407
ciciot2023:rung0.2,xgb,BruteForce,1371,529,0.9858,0.9516,-0.0016,0.0,-0.0067,0.0394,4,0.2,3407
ciciot2023:rung0.2,xgb,DDoS,68476,26099,0.5,0.95,-0.0,0.0,0.0,0.0002,4,0.2,3407
ciciot2023:rung0.2,xgb,DoS,25215,9542,0.5,0.9514,-0.0014,0.0,0.0,0.0009,4,0.2,3407
ciciot2023:rung0.2,xgb,Mirai,18953,7134,0.5,0.95,0.0,0.0,0.0,0.0003,4,0.2,3407
ciciot2023:rung0.2,xgb,Recon,23055,8726,0.537,0.9504,-0.0004,0.0,0.0,0.0103,4,0.2,3407
ciciot2023:rung0.2,xgb,Spoofing,12575,4841,0.8015,0.9501,-0.0001,0.0,-0.001,0.0092,4,0.2,3407
ciciot2023:rung0.2,xgb,Web,2135,811,0.9543,0.9566,-0.0066,-0.0023,0.0058,0.046,4,0.2,3407
ciciot2023:rung0.2,xgb,Benign,6299,2318,0.8842,0.9482,0.0018,0.0,-0.0199,0.0185,4,0.2,42
ciciot2023:rung0.2,xgb,BruteForce,1371,529,0.986,0.9478,0.0022,0.0,-0.0006,0.0573,4,0.2,42
ciciot2023:rung0.2,xgb,DDoS,68476,26099,0.5,0.9496,0.0004,0.0,0.0,0.0002,4,0.2,42
ciciot2023:rung0.2,xgb,DoS,25215,9542,0.5,0.9496,0.0004,0.0,0.0,0.0009,4,0.2,42
ciciot2023:rung0.2,xgb,Mirai,18953,7134,0.5,0.9521,-0.0021,0.0,0.0,0.0007,4,0.2,42
ciciot2023:rung0.2,xgb,Recon,23055,8726,0.5644,0.9469,0.0031,0.0,0.0,0.0093,4,0.2,42
ciciot2023:rung0.2,xgb,Spoofing,12575,4841,0.8067,0.951,-0.001,0.0,0.0022,0.012,4,0.2,42
ciciot2023:rung0.2,xgb,Web,2135,811,0.9559,0.9446,0.0054,-0.0008,0.0178,0.0269,4,0.2,42
ciciot2023:rung0.2,xgb,Benign,6299,2318,0.896,0.9569,-0.0069,0.0,-0.0081,0.0324,4,0.2,512
ciciot2023:rung0.2,xgb,BruteForce,1371,529,0.9861,0.9544,-0.0044,0.0,0.0002,0.0273,4,0.2,512
ciciot2023:rung0.2,xgb,DDoS,68476,26099,0.5,0.9508,-0.0008,0.0,0.0,0.0002,4,0.2,512
ciciot2023:rung0.2,xgb,DoS,25215,9542,0.5,0.9511,-0.0011,0.0,0.0,0.0008,4,0.2,512
ciciot2023:rung0.2,xgb,Mirai,18953,7134,0.5,0.9495,0.0005,0.0,0.0,0.0001,4,0.2,512
ciciot2023:rung0.2,xgb,Recon,23055,8726,0.5937,0.9476,0.0024,0.0,0.0,0.0093,4,0.2,512
ciciot2023:rung0.2,xgb,Spoofing,12575,4841,0.8102,0.9507,-0.0007,0.0,-0.0053,0.0091,4,0.2,512
ciciot2023:rung0.2,xgb,Web,2135,811,0.9503,0.9408,0.0092,0.0002,0.0103,0.0268,4,0.2,512
ciciot2023:rung0.2,xgb,Benign,6299,2318,0.8988,0.9571,-0.0071,0.0,-0.0224,0.0287,4,0.2,6021
ciciot2023:rung0.2,xgb,BruteForce,1371,529,0.9842,0.9677,-0.0177,0.0,-0.0052,0.0221,4,0.2,6021
ciciot2023:rung0.2,xgb,DDoS,68476,26099,0.5,0.9488,0.0012,0.0,0.0,0.0002,4,0.2,6021
ciciot2023:rung0.2,xgb,DoS,25215,9542,0.5,0.9523,-0.0023,0.0,0.0,0.0009,4,0.2,6021
ciciot2023:rung0.2,xgb,Mirai,18953,7134,0.5,0.9528,-0.0028,0.0,0.0,0.0003,4,0.2,6021
ciciot2023:rung0.2,xgb,Recon,23055,8726,0.5533,0.9457,0.0043,0.0,0.0,0.0076,4,0.2,6021
ciciot2023:rung0.2,xgb,Spoofing,12575,4841,0.8044,0.9523,-0.0023,0.0,-0.0134,0.0165,4,0.2,6021
ciciot2023:rung0.2,xgb,Web,2135,811,0.9605,0.9546,-0.0046,0.0,0.0064,0.0254,4,0.2,6021
ciciot2023:rung0.2,xgb,Benign,6299,2318,0.8972,0.9573,-0.0073,0.0,-0.0112,0.033,4,0.2,7
ciciot2023:rung0.2,xgb,BruteForce,1371,529,0.9867,0.9535,-0.0035,0.0,0.0035,0.0419,4,0.2,7
ciciot2023:rung0.2,xgb,DDoS,68476,26099,0.5,0.9501,-0.0001,0.0,0.0,0.0002,4,0.2,7
ciciot2023:rung0.2,xgb,DoS,25215,9542,0.5,0.9484,0.0016,0.0,0.0,0.0009,4,0.2,7
ciciot2023:rung0.2,xgb,Mirai,18953,7134,0.5,0.9491,0.0009,0.0,0.0,0.0002,4,0.2,7
ciciot2023:rung0.2,xgb,Recon,23055,8726,0.5544,0.9494,0.0006,0.0,0.0,0.007,4,0.2,7
ciciot2023:rung0.2,xgb,Spoofing,12575,4841,0.7982,0.9501,-0.0001,0.0,-0.0016,0.0088,4,0.2,7
ciciot2023:rung0.2,xgb,Web,2135,811,0.9592,0.9513,-0.0013,0.0,0.0004,0.0316,4,0.2,7
ciciot2023:rung0.2,xgb,Benign,6299,2318,0.9018,0.9577,-0.0077,0.0,-0.02,0.0268,4,0.2,88
ciciot2023:rung0.2,xgb,BruteForce,1371,529,0.9858,0.9552,-0.0052,0.0,-0.0007,0.0265,4,0.2,88
ciciot2023:rung0.2,xgb,DDoS,68476,26099,0.5,0.9496,0.0004,0.0,0.0,0.0002,4,0.2,88
ciciot2023:rung0.2,xgb,DoS,25215,9542,0.5,0.9499,0.0001,0.0,0.0,0.0007,4,0.2,88
ciciot2023:rung0.2,xgb,Mirai,18953,7134,0.5,0.9507,-0.0007,0.0,0.0,0.0002,4,0.2,88
ciciot2023:rung0.2,xgb,Recon,23055,8726,0.5694,0.949,0.001,0.0,0.0,0.0075,4,0.2,88
ciciot2023:rung0.2,xgb,Spoofing,12575,4841,0.8015,0.9529,-0.0029,0.0,-0.0099,0.0141,4,0.2,88
ciciot2023:rung0.2,xgb,Web,2135,811,0.9508,0.9382,0.0118,0.0,0.0036,0.0377,4,0.2,88
ciciot2023:rung0.2,xgb,Benign,6299,2318,0.8856,0.9554,-0.0054,0.0,-0.0209,0.0185,4,0.2,91
ciciot2023:rung0.2,xgb,BruteForce,1371,529,0.985,0.9652,-0.0152,0.0,-0.0081,0.0535,4,0.2,91
ciciot2023:rung0.2,xgb,DDoS,68476,26099,0.5,0.9504,-0.0004,0.0,0.0,0.0002,4,0.2,91
ciciot2023:rung0.2,xgb,DoS,25215,9542,0.5,0.952,-0.002,0.0,0.0,0.0006,4,0.2,91
ciciot2023:rung0.2,xgb,Mirai,18953,7134,0.5,0.9521,-0.0021,0.0,0.0,0.0003,4,0.2,91
ciciot2023:rung0.2,xgb,Recon,23055,8726,0.6058,0.9511,-0.0011,0.0,0.0,0.0114,4,0.2,91
ciciot2023:rung0.2,xgb,Spoofing,12575,4841,0.812,0.9504,-0.0004,0.0,-0.0192,0.0118,4,0.2,91
ciciot2023:rung0.2,xgb,Web,2135,811,0.9548,0.952,-0.002,0.0,0.007,0.0317,4,0.2,91
ciciot2023:rung0.4,mlp,Benign,6299,2477,0.9462,0.9429,0.0071,-0.0003,0.0075,0.018,4,0.4,12345
ciciot2023:rung0.4,mlp,BruteForce,1371,548,0.9909,0.9681,-0.0181,-0.0185,-0.0023,0.0506,4,0.4,12345
ciciot2023:rung0.4,mlp,DDoS,68476,25963,0.5,0.9495,0.0005,0.0,0.0,0.0034,4,0.4,12345
ciciot2023:rung0.4,mlp,DoS,25215,9619,0.5,0.9524,-0.0024,0.0,0.0,0.0102,4,0.4,12345
ciciot2023:rung0.4,mlp,Mirai,18953,7177,0.5,0.9493,0.0007,0.0,0.0,0.0029,4,0.4,12345
ciciot2023:rung0.4,mlp,Recon,23055,8625,0.698,0.9517,-0.0017,0.0014,0.0,0.0096,4,0.4,12345
ciciot2023:rung0.4,mlp,Spoofing,12575,4780,0.8816,0.9495,0.0005,0.0,0.0014,0.0096,4,0.4,12345
ciciot2023:rung0.4,mlp,Web,2135,811,0.9695,0.9678,-0.0178,-0.0145,-0.0131,0.0531,4,0.4,12345
ciciot2023:rung0.4,mlp,Benign,6299,2477,0.935,0.949,0.001,-0.0011,-0.0021,0.0146,4,0.4,1337
ciciot2023:rung0.4,mlp,BruteForce,1371,548,0.9908,0.9504,-0.0004,-0.0153,-0.0009,0.0534,4,0.4,1337
ciciot2023:rung0.4,mlp,DDoS,68476,25963,0.5,0.9498,0.0002,0.0,0.0,0.0056,4,0.4,1337
ciciot2023:rung0.4,mlp,DoS,25215,9619,0.5,0.9506,-0.0006,0.0,0.0,0.0077,4,0.4,1337
ciciot2023:rung0.4,mlp,Mirai,18953,7177,0.5,0.9504,-0.0004,0.0,0.0,0.0074,4,0.4,1337
ciciot2023:rung0.4,mlp,Recon,23055,8625,0.6972,0.9507,-0.0007,-0.0001,0.0,0.0071,4,0.4,1337
ciciot2023:rung0.4,mlp,Spoofing,12575,4780,0.8814,0.9541,-0.0041,0.0,-0.0033,0.0077,4,0.4,1337
ciciot2023:rung0.4,mlp,Web,2135,811,0.9739,0.9589,-0.0089,-0.0261,-0.0038,0.0634,4,0.4,1337
ciciot2023:rung0.4,mlp,Benign,6299,2477,0.9371,0.9429,0.0071,-0.0019,0.0085,0.0146,4,0.4,2024
ciciot2023:rung0.4,mlp,BruteForce,1371,548,0.9919,0.9653,-0.0153,-0.0051,-0.0081,0.0634,4,0.4,2024
ciciot2023:rung0.4,mlp,DDoS,68476,25963,0.5,0.9499,0.0001,0.0,0.0,0.0021,4,0.4,2024
ciciot2023:rung0.4,mlp,DoS,25215,9619,0.5,0.9506,-0.0006,0.0,0.0,0.0075,4,0.4,2024
ciciot2023:rung0.4,mlp,Mirai,18953,7177,0.5,0.9536,-0.0036,0.0,0.0,0.0018,4,0.4,2024
ciciot2023:rung0.4,mlp,Recon,23055,8625,0.7058,0.953,-0.003,-0.0001,0.0,0.0101,4,0.4,2024
ciciot2023:rung0.4,mlp,Spoofing,12575,4780,0.8882,0.9534,-0.0034,0.0,-0.0037,0.0114,4,0.4,2024
ciciot2023:rung0.4,mlp,Web,2135,811,0.9714,0.9605,-0.0105,-0.0077,-0.0066,0.0448,4,0.4,2024
ciciot2023:rung0.4,mlp,Benign,6299,2477,0.9506,0.9498,0.0002,-0.0015,-0.0021,0.0109,4,0.4,3407
ciciot2023:rung0.4,mlp,BruteForce,1371,548,0.9923,0.9613,-0.0113,-0.0163,-0.0028,0.0481,4,0.4,3407
ciciot2023:rung0.4,mlp,DDoS,68476,25963,0.5,0.9503,-0.0003,0.0,0.0,0.0062,4,0.4,3407
ciciot2023:rung0.4,mlp,DoS,25215,9619,0.5,0.9505,-0.0005,0.0,0.0,0.0076,4,0.4,3407
ciciot2023:rung0.4,mlp,Mirai,18953,7177,0.5,0.9465,0.0035,0.0,0.0,0.0061,4,0.4,3407
ciciot2023:rung0.4,mlp,Recon,23055,8625,0.703,0.9497,0.0003,-0.0009,0.0,0.0065,4,0.4,3407
ciciot2023:rung0.4,mlp,Spoofing,12575,4780,0.8852,0.9556,-0.0056,-0.0001,-0.0058,0.0101,4,0.4,3407
ciciot2023:rung0.4,mlp,Web,2135,811,0.9747,0.9674,-0.0174,-0.0503,-0.0159,0.0901,4,0.4,3407
ciciot2023:rung0.4,mlp,Benign,6299,2477,0.9472,0.9484,0.0016,0.0031,0.004,0.0217,4,0.4,42
ciciot2023:rung0.4,mlp,BruteForce,1371,548,0.989,0.9555,-0.0055,-0.0157,-0.0047,0.0496,4,0.4,42
ciciot2023:rung0.4,mlp,DDoS,68476,25963,0.5,0.9496,0.0004,0.0,0.0,0.0054,4,0.4,42
ciciot2023:rung0.4,mlp,DoS,25215,9619,0.4999,0.9489,0.0011,0.0,0.0,0.0143,4,0.4,42
ciciot2023:rung0.4,mlp,Mirai,18953,7177,0.4999,0.9511,-0.0011,0.0,0.0,0.0091,4,0.4,42
ciciot2023:rung0.4,mlp,Recon,23055,8625,0.7071,0.9534,-0.0034,-0.0003,0.0,0.0066,4,0.4,42
ciciot2023:rung0.4,mlp,Spoofing,12575,4780,0.8862,0.9491,0.0009,0.0,-0.0026,0.0094,4,0.4,42
ciciot2023:rung0.4,mlp,Web,2135,811,0.9702,0.9633,-0.0133,-0.0116,-0.0061,0.0695,4,0.4,42
ciciot2023:rung0.4,mlp,Benign,6299,2477,0.9468,0.946,0.004,-0.0009,-0.003,0.0135,4,0.4,512
ciciot2023:rung0.4,mlp,BruteForce,1371,548,0.9914,0.9571,-0.0071,-0.0104,-0.0024,0.0679,4,0.4,512
ciciot2023:rung0.4,mlp,DDoS,68476,25963,0.5,0.9492,0.0008,0.0,0.0,0.0035,4,0.4,512
ciciot2023:rung0.4,mlp,DoS,25215,9619,0.4999,0.949,0.001,0.0,0.0,0.0112,4,0.4,512
ciciot2023:rung0.4,mlp,Mirai,18953,7177,0.4999,0.952,-0.002,0.0,0.0,0.009,4,0.4,512
ciciot2023:rung0.4,mlp,Recon,23055,8625,0.7061,0.9489,0.0011,-0.0005,0.0,0.0056,4,0.4,512
ciciot2023:rung0.4,mlp,Spoofing,12575,4780,0.8845,0.955,-0.005,-0.0,-0.0065,0.0122,4,0.4,512
ciciot2023:rung0.4,mlp,Web,2135,811,0.9737,0.9655,-0.0155,0.0027,-0.0083,0.0327,4,0.4,512
ciciot2023:rung0.4,mlp,Benign,6299,2477,0.9376,0.9455,0.0045,0.0031,0.0074,0.0218,4,0.4,6021
ciciot2023:rung0.4,mlp,BruteForce,1371,548,0.9907,0.9673,-0.0173,-0.0036,-0.0066,0.0495,4,0.4,6021
ciciot2023:rung0.4,mlp,DDoS,68476,25963,0.5,0.9498,0.0002,0.0,0.0,0.0021,4,0.4,6021
ciciot2023:rung0.4,mlp,DoS,25215,9619,0.5,0.9506,-0.0006,0.0,0.0,0.007,4,0.4,6021
ciciot2023:rung0.4,mlp,Mirai,18953,7177,0.5,0.9518,-0.0018,0.0,0.0,0.0016,4,0.4,6021
ciciot2023:rung0.4,mlp,Recon,23055,8625,0.6559,0.9481,0.0019,-0.0,0.0,0.0066,4,0.4,6021
ciciot2023:rung0.4,mlp,Spoofing,12575,4780,0.8805,0.9508,-0.0008,0.0,-0.0038,0.0116,4,0.4,6021
ciciot2023:rung0.4,mlp,Web,2135,811,0.9706,0.9631,-0.0131,-0.003,-0.0111,0.0626,4,0.4,6021
ciciot2023:rung0.4,mlp,Benign,6299,2477,0.9438,0.9509,-0.0009,-0.0009,-0.0001,0.0163,4,0.4,7
ciciot2023:rung0.4,mlp,BruteForce,1371,548,0.9927,0.9611,-0.0111,-0.0134,-0.0014,0.0498,4,0.4,7
ciciot2023:rung0.4,mlp,DDoS,68476,25963,0.5,0.95,0.0,0.0,0.0,0.0036,4,0.4,7
ciciot2023:rung0.4,mlp,DoS,25215,9619,0.5,0.9477,0.0023,-0.0,0.0,0.0071,4,0.4,7
ciciot2023:rung0.4,mlp,Mirai,18953,7177,0.5,0.9479,0.0021,0.0,0.0,0.006,4,0.4,7
ciciot2023:rung0.4,mlp,Recon,23055,8625,0.6773,0.9508,-0.0008,-0.0007,-0.0,0.0082,4,0.4,7
ciciot2023:rung0.4,mlp,Spoofing,12575,4780,0.8786,0.9516,-0.0016,0.0,-0.005,0.0108,4,0.4,7
ciciot2023:rung0.4,mlp,Web,2135,811,0.9775,0.9707,-0.0207,-0.0208,-0.0179,0.0614,4,0.4,7
ciciot2023:rung0.4,mlp,Benign,6299,2477,0.9434,0.9503,-0.0003,0.0006,-0.0019,0.0248,4,0.4,88
ciciot2023:rung0.4,mlp,BruteForce,1371,548,0.99,0.9714,-0.0214,-0.0123,-0.0071,0.0472,4,0.4,88
ciciot2023:rung0.4,mlp,DDoS,68476,25963,0.5,0.9487,0.0013,0.0,0.0,0.0032,4,0.4,88
ciciot2023:rung0.4,mlp,DoS,25215,9619,0.4999,0.9514,-0.0014,0.0,0.0,0.0093,4,0.4,88
ciciot2023:rung0.4,mlp,Mirai,18953,7177,0.4999,0.9505,-0.0005,0.0,0.0,0.0027,4,0.4,88
ciciot2023:rung0.4,mlp,Recon,23055,8625,0.6871,0.9512,-0.0012,-0.0003,0.0,0.01,4,0.4,88
ciciot2023:rung0.4,mlp,Spoofing,12575,4780,0.8848,0.9525,-0.0025,0.0001,0.0074,0.0125,4,0.4,88
ciciot2023:rung0.4,mlp,Web,2135,811,0.9736,0.9674,-0.0174,0.0076,-0.008,0.0447,4,0.4,88
ciciot2023:rung0.4,mlp,Benign,6299,2477,0.944,0.9472,0.0028,-0.0015,0.0022,0.0151,4,0.4,91
ciciot2023:rung0.4,mlp,BruteForce,1371,548,0.9914,0.9613,-0.0113,-0.007,-0.0018,0.0447,4,0.4,91
ciciot2023:rung0.4,mlp,DDoS,68476,25963,0.5,0.9504,-0.0004,0.0,0.0,0.0047,4,0.4,91
ciciot2023:rung0.4,mlp,DoS,25215,9619,0.4999,0.9492,0.0008,0.0,0.0,0.0099,4,0.4,91
ciciot2023:rung0.4,mlp,Mirai,18953,7177,0.4999,0.952,-0.002,0.0,0.0,0.0021,4,0.4,91
ciciot2023:rung0.4,mlp,Recon,23055,8625,0.6895,0.9468,0.0032,-0.0012,0.0,0.0076,4,0.4,91
ciciot2023:rung0.4,mlp,Spoofing,12575,4780,0.8837,0.9499,0.0001,-0.0,-0.0081,0.0145,4,0.4,91
ciciot2023:rung0.4,mlp,Web,2135,811,0.9704,0.9535,-0.0035,-0.0051,-0.0057,0.0423,4,0.4,91
ciciot2023:rung0.4,rf,Benign,6299,2477,0.934,0.9572,-0.0072,0.0003,-0.0087,0.0179,4,0.4,12345
ciciot2023:rung0.4,rf,BruteForce,1371,548,0.991,0.9578,-0.0078,-0.0204,-0.01,0.0635,4,0.4,12345
ciciot2023:rung0.4,rf,DDoS,68476,25963,0.5,0.9498,0.0002,0.0,0.0,0.0017,4,0.4,12345
ciciot2023:rung0.4,rf,DoS,25215,9619,0.5,0.9505,-0.0005,0.0,0.0,0.0026,4,0.4,12345
ciciot2023:rung0.4,rf,Mirai,18953,7177,0.5,0.9523,-0.0023,0.0,0.0,0.0031,4,0.4,12345
ciciot2023:rung0.4,rf,Recon,23055,8625,0.6647,0.9478,0.0022,0.0,0.0,0.0086,4,0.4,12345
ciciot2023:rung0.4,rf,Spoofing,12575,4780,0.8412,0.9515,-0.0015,0.0,-0.0099,0.008,4,0.4,12345
ciciot2023:rung0.4,rf,Web,2135,811,0.9673,0.9571,-0.0071,-0.038,0.0004,0.0855,4,0.4,12345
ciciot2023:rung0.4,rf,Benign,6299,2477,0.9388,0.9543,-0.0043,0.0005,-0.0098,0.0141,4,0.4,1337
ciciot2023:rung0.4,rf,BruteForce,1371,548,0.9892,0.9586,-0.0086,-0.0147,-0.0052,0.0613,4,0.4,1337
ciciot2023:rung0.4,rf,DDoS,68476,25963,0.5,0.9505,-0.0005,0.0,0.0,0.0015,4,0.4,1337
ciciot2023:rung0.4,rf,DoS,25215,9619,0.5,0.9508,-0.0008,0.0,0.0,0.0027,4,0.4,1337
ciciot2023:rung0.4,rf,Mirai,18953,7177,0.5,0.9476,0.0024,0.0,0.0,0.0031,4,0.4,1337
ciciot2023:rung0.4,rf,Recon,23055,8625,0.6425,0.9518,-0.0018,-0.0,0.0,0.0072,4,0.4,1337
ciciot2023:rung0.4,rf,Spoofing,12575,4780,0.8372,0.9516,-0.0016,-0.0,0.0007,0.0078,4,0.4,1337
ciciot2023:rung0.4,rf,Web,2135,811,0.9627,0.9536,-0.0036,-0.0365,-0.006,0.0757,4,0.4,1337
ciciot2023:rung0.4,rf,Benign,6299,2477,0.9317,0.9508,-0.0008,0.0018,-0.0062,0.0252,4,0.4,2024
ciciot2023:rung0.4,rf,BruteForce,1371,548,0.9881,0.9653,-0.0153,-0.022,-0.0029,0.0545,4,0.4,2024
ciciot2023:rung0.4,rf,DDoS,68476,25963,0.5,0.95,-0.0,0.0,0.0,0.0017,4,0.4,2024
ciciot2023:rung0.4,rf,DoS,25215,9619,0.5,0.9489,0.0011,0.0,0.0,0.0019,4,0.4,2024
ciciot2023:rung0.4,rf,Mirai,18953,7177,0.5,0.9471,0.0029,0.0,0.0,0.003,4,0.4,2024
ciciot2023:rung0.4,rf,Recon,23055,8625,0.6431,0.9501,-0.0001,-0.0001,0.0,0.0075,4,0.4,2024
ciciot2023:rung0.4,rf,Spoofing,12575,4780,0.8414,0.9526,-0.0026,-0.0,-0.0088,0.012,4,0.4,2024
ciciot2023:rung0.4,rf,Web,2135,811,0.9684,0.9575,-0.0075,-0.0385,-0.0032,0.0725,4,0.4,2024
ciciot2023:rung0.4,rf,Benign,6299,2477,0.9328,0.9475,0.0025,0.0,-0.0068,0.026,4,0.4,3407
ciciot2023:rung0.4,rf,BruteForce,1371,548,0.9888,0.9602,-0.0102,-0.0192,-0.0016,0.0628,4,0.4,3407
ciciot2023:rung0.4,rf,DDoS,68476,25963,0.5,0.9501,-0.0001,0.0,0.0,0.0015,4,0.4,3407
ciciot2023:rung0.4,rf,DoS,25215,9619,0.5,0.9515,-0.0015,0.0,0.0,0.0017,4,0.4,3407
ciciot2023:rung0.4,rf,Mirai,18953,7177,0.5,0.9522,-0.0022,0.0,0.0,0.0028,4,0.4,3407
ciciot2023:rung0.4,rf,Recon,23055,8625,0.6369,0.9518,-0.0018,-0.0,0.0,0.0052,4,0.4,3407
ciciot2023:rung0.4,rf,Spoofing,12575,4780,0.8364,0.954,-0.004,-0.0001,-0.0099,0.0093,4,0.4,3407
ciciot2023:rung0.4,rf,Web,2135,811,0.9672,0.9522,-0.0022,-0.0192,-0.0032,0.054,4,0.4,3407
ciciot2023:rung0.4,rf,Benign,6299,2477,0.9297,0.9547,-0.0047,0.0001,-0.0214,0.0252,4,0.4,42
ciciot2023:rung0.4,rf,BruteForce,1371,548,0.9895,0.9686,-0.0186,-0.0143,-0.0033,0.0504,4,0.4,42
ciciot2023:rung0.4,rf,DDoS,68476,25963,0.5,0.9505,-0.0005,0.0,0.0,0.0013,4,0.4,42
ciciot2023:rung0.4,rf,DoS,25215,9619,0.5,0.9516,-0.0016,0.0,0.0,0.0016,4,0.4,42
ciciot2023:rung0.4,rf,Mirai,18953,7177,0.5,0.9501,-0.0001,0.0,0.0,0.0024,4,0.4,42
ciciot2023:rung0.4,rf,Recon,23055,8625,0.6298,0.9501,-0.0001,-0.0001,0.0,0.0067,4,0.4,42
ciciot2023:rung0.4,rf,Spoofing,12575,4780,0.8401,0.955,-0.005,-0.0008,-0.0005,0.0126,4,0.4,42
ciciot2023:rung0.4,rf,Web,2135,811,0.9721,0.9539,-0.0039,-0.0328,-0.0052,0.0683,4,0.4,42
ciciot2023:rung0.4,rf,Benign,6299,2477,0.9307,0.9555,-0.0055,-0.0001,-0.011,0.0182,4,0.4,512
ciciot2023:rung0.4,rf,BruteForce,1371,548,0.9874,0.9741,-0.0241,-0.01,-0.0039,0.0449,4,0.4,512
ciciot2023:rung0.4,rf,DDoS,68476,25963,0.5,0.9517,-0.0017,0.0,0.0,0.001,4,0.4,512
ciciot2023:rung0.4,rf,DoS,25215,9619,0.5,0.9511,-0.0011,0.0,0.0,0.0014,4,0.4,512
ciciot2023:rung0.4,rf,Mirai,18953,7177,0.5,0.9495,0.0005,0.0,0.0,0.0026,4,0.4,512
ciciot2023:rung0.4,rf,Recon,23055,8625,0.639,0.9514,-0.0014,-0.0002,0.0,0.0071,4,0.4,512
ciciot2023:rung0.4,rf,Spoofing,12575,4780,0.8329,0.9504,-0.0004,0.0,-0.0141,0.0115,4,0.4,512
ciciot2023:rung0.4,rf,Web,2135,811,0.9615,0.9587,-0.0087,-0.0302,0.0004,0.0663,4,0.4,512
ciciot2023:rung0.4,rf,Benign,6299,2477,0.9255,0.9531,-0.0031,0.0001,-0.0133,0.024,4,0.4,6021
ciciot2023:rung0.4,rf,BruteForce,1371,548,0.9906,0.9655,-0.0155,-0.0164,-0.0102,0.0548,4,0.4,6021
ciciot2023:rung0.4,rf,DDoS,68476,25963,0.5,0.9506,-0.0006,0.0,0.0,0.0021,4,0.4,6021
ciciot2023:rung0.4,rf,DoS,25215,9619,0.5,0.9503,-0.0003,0.0,0.0,0.0016,4,0.4,6021
ciciot2023:rung0.4,rf,Mirai,18953,7177,0.5,0.9478,0.0022,0.0,0.0,0.003,4,0.4,6021
ciciot2023:rung0.4,rf,Recon,23055,8625,0.652,0.951,-0.001,0.0,0.0,0.0057,4,0.4,6021
ciciot2023:rung0.4,rf,Spoofing,12575,4780,0.8333,0.9516,-0.0016,-0.0001,-0.0129,0.015,4,0.4,6021
ciciot2023:rung0.4,rf,Web,2135,811,0.9662,0.9541,-0.0041,-0.0408,-0.0089,0.0717,4,0.4,6021
ciciot2023:rung0.4,rf,Benign,6299,2477,0.9311,0.9525,-0.0025,0.0001,0.0004,0.016,4,0.4,7
ciciot2023:rung0.4,rf,BruteForce,1371,548,0.9913,0.9704,-0.0204,-0.0161,-0.0048,0.0531,4,0.4,7
ciciot2023:rung0.4,rf,DDoS,68476,25963,0.5,0.951,-0.001,0.0,0.0,0.0014,4,0.4,7
ciciot2023:rung0.4,rf,DoS,25215,9619,0.5,0.9485,0.0015,0.0,0.0,0.0023,4,0.4,7
ciciot2023:rung0.4,rf,Mirai,18953,7177,0.5,0.9483,0.0017,0.0,0.0,0.0024,4,0.4,7
ciciot2023:rung0.4,rf,Recon,23055,8625,0.6374,0.9502,-0.0002,-0.0,0.0,0.0111,4,0.4,7
ciciot2023:rung0.4,rf,Spoofing,12575,4780,0.8341,0.9503,-0.0003,-0.0,-0.0049,0.008,4,0.4,7
ciciot2023:rung0.4,rf,Web,2135,811,0.9628,0.9441,0.0059,-0.0315,-0.0025,0.0658,4,0.4,7
ciciot2023:rung0.4,rf,Benign,6299,2477,0.9347,0.9516,-0.0016,0.0002,0.0066,0.0159,4,0.4,88
ciciot2023:rung0.4,rf,BruteForce,1371,548,0.9906,0.9628,-0.0128,-0.0176,-0.0056,0.0679,4,0.4,88
ciciot2023:rung0.4,rf,DDoS,68476,25963,0.5,0.9502,-0.0002,0.0,0.0,0.001,4,0.4,88
ciciot2023:rung0.4,rf,DoS,25215,9619,0.5,0.9511,-0.0011,0.0,0.0,0.0018,4,0.4,88
ciciot2023:rung0.4,rf,Mirai,18953,7177,0.5,0.9537,-0.0037,0.0,0.0,0.0038,4,0.4,88
ciciot2023:rung0.4,rf,Recon,23055,8625,0.6538,0.9512,-0.0012,-0.0,0.0,0.0086,4,0.4,88
ciciot2023:rung0.4,rf,Spoofing,12575,4780,0.8329,0.9522,-0.0022,-0.0001,0.0043,0.0106,4,0.4,88
ciciot2023:rung0.4,rf,Web,2135,811,0.9654,0.9512,-0.0012,-0.0369,-0.0041,0.0864,4,0.4,88
ciciot2023:rung0.4,rf,Benign,6299,2477,0.9323,0.9514,-0.0014,0.0009,-0.0023,0.0191,4,0.4,91
ciciot2023:rung0.4,rf,BruteForce,1371,548,0.9899,0.9673,-0.0173,-0.0192,-0.0069,0.0639,4,0.4,91
ciciot2023:rung0.4,rf,DDoS,68476,25963,0.5,0.9513,-0.0013,0.0,0.0,0.0011,4,0.4,91
ciciot2023:rung0.4,rf,DoS,25215,9619,0.5,0.9512,-0.0012,0.0,0.0,0.0023,4,0.4,91
ciciot2023:rung0.4,rf,Mirai,18953,7177,0.5,0.9527,-0.0027,0.0,0.0,0.0026,4,0.4,91
ciciot2023:rung0.4,rf,Recon,23055,8625,0.6518,0.9522,-0.0022,-0.0001,0.0,0.0127,4,0.4,91
ciciot2023:rung0.4,rf,Spoofing,12575,4780,0.8353,0.9489,0.0011,0.0,-0.0016,0.0093,4,0.4,91
ciciot2023:rung0.4,rf,Web,2135,811,0.9652,0.9594,-0.0094,-0.0449,-0.0001,0.085,4,0.4,91
ciciot2023:rung0.4,xgb,Benign,6299,2477,0.8944,0.9534,-0.0034,0.0,-0.0243,0.0115,4,0.4,12345
ciciot2023:rung0.4,xgb,BruteForce,1371,548,0.9867,0.9602,-0.0102,0.0,-0.0145,0.0878,4,0.4,12345
ciciot2023:rung0.4,xgb,DDoS,68476,25963,0.5,0.9504,-0.0004,0.0,0.0,0.0002,4,0.4,12345
ciciot2023:rung0.4,xgb,DoS,25215,9619,0.5,0.9519,-0.0019,0.0,0.0,0.0005,4,0.4,12345
ciciot2023:rung0.4,xgb,Mirai,18953,7177,0.5,0.9526,-0.0026,0.0,0.0,0.0005,4,0.4,12345
ciciot2023:rung0.4,xgb,Recon,23055,8625,0.599,0.9516,-0.0016,0.0,0.0,0.0064,4,0.4,12345
ciciot2023:rung0.4,xgb,Spoofing,12575,4780,0.801,0.95,0.0,0.0,0.0095,0.0111,4,0.4,12345
ciciot2023:rung0.4,xgb,Web,2135,811,0.9606,0.9354,0.0146,-0.0009,0.0029,0.0461,4,0.4,12345
ciciot2023:rung0.4,xgb,Benign,6299,2477,0.8867,0.9564,-0.0064,0.0,-0.009,0.0094,4,0.4,1337
ciciot2023:rung0.4,xgb,BruteForce,1371,548,0.9858,0.9555,-0.0055,0.0,-0.0085,0.0594,4,0.4,1337
ciciot2023:rung0.4,xgb,DDoS,68476,25963,0.5,0.9492,0.0008,0.0,0.0,0.0002,4,0.4,1337
ciciot2023:rung0.4,xgb,DoS,25215,9619,0.5,0.9524,-0.0024,0.0,0.0,0.0003,4,0.4,1337
ciciot2023:rung0.4,xgb,Mirai,18953,7177,0.5,0.952,-0.002,0.0,0.0,0.0004,4,0.4,1337
ciciot2023:rung0.4,xgb,Recon,23055,8625,0.5625,0.9504,-0.0004,0.0,0.0,0.0091,4,0.4,1337
ciciot2023:rung0.4,xgb,Spoofing,12575,4780,0.8086,0.9505,-0.0005,0.0,0.0037,0.0074,4,0.4,1337
ciciot2023:rung0.4,xgb,Web,2135,811,0.952,0.9329,0.0171,-0.0001,0.0074,0.0472,4,0.4,1337
ciciot2023:rung0.4,xgb,Benign,6299,2477,0.8935,0.953,-0.003,0.0,0.0035,0.0117,4,0.4,2024
ciciot2023:rung0.4,xgb,BruteForce,1371,548,0.9868,0.9695,-0.0195,0.0,-0.0096,0.0546,4,0.4,2024
ciciot2023:rung0.4,xgb,DDoS,68476,25963,0.5,0.9505,-0.0005,0.0,0.0,0.0002,4,0.4,2024
ciciot2023:rung0.4,xgb,DoS,25215,9619,0.5,0.9501,-0.0001,0.0,0.0,0.0004,4,0.4,2024
ciciot2023:rung0.4,xgb,Mirai,18953,7177,0.5,0.9501,-0.0001,0.0,0.0,0.0007,4,0.4,2024
ciciot2023:rung0.4,xgb,Recon,23055,8625,0.5315,0.9504,-0.0004,0.0,0.0,0.0058,4,0.4,2024
ciciot2023:rung0.4,xgb,Spoofing,12575,4780,0.8043,0.9505,-0.0005,0.0,0.0054,0.012,4,0.4,2024
ciciot2023:rung0.4,xgb,Web,2135,811,0.9622,0.9409,0.0091,-0.0018,0.003,0.0489,4,0.4,2024
ciciot2023:rung0.4,xgb,Benign,6299,2477,0.8885,0.9506,-0.0006,0.0,-0.0143,0.0127,4,0.4,3407
ciciot2023:rung0.4,xgb,BruteForce,1371,548,0.9858,0.9739,-0.0239,0.0,-0.01,0.0513,4,0.4,3407
ciciot2023:rung0.4,xgb,DDoS,68476,25963,0.5,0.9507,-0.0007,0.0,0.0,0.0002,4,0.4,3407
ciciot2023:rung0.4,xgb,DoS,25215,9619,0.5,0.949,0.001,0.0,0.0,0.0005,4,0.4,3407
ciciot2023:rung0.4,xgb,Mirai,18953,7177,0.5,0.9501,-0.0001,0.0,0.0,0.001,4,0.4,3407
ciciot2023:rung0.4,xgb,Recon,23055,8625,0.537,0.9502,-0.0002,0.0,0.0,0.0048,4,0.4,3407
ciciot2023:rung0.4,xgb,Spoofing,12575,4780,0.8015,0.9535,-0.0035,0.0,0.0016,0.0064,4,0.4,3407
ciciot2023:rung0.4,xgb,Web,2135,811,0.9543,0.9472,0.0028,-0.0023,0.0021,0.0467,4,0.4,3407
ciciot2023:rung0.4,xgb,Benign,6299,2477,0.8842,0.9566,-0.0066,0.0,-0.0182,0.0171,4,0.4,42
ciciot2023:rung0.4,xgb,BruteForce,1371,548,0.986,0.969,-0.019,0.0,-0.0136,0.0541,4,0.4,42
ciciot2023:rung0.4,xgb,DDoS,68476,25963,0.5,0.9508,-0.0008,0.0,0.0,0.0002,4,0.4,42
ciciot2023:rung0.4,xgb,DoS,25215,9619,0.5,0.9495,0.0005,0.0,0.0,0.0004,4,0.4,42
ciciot2023:rung0.4,xgb,Mirai,18953,7177,0.5,0.9524,-0.0024,0.0,0.0,0.0005,4,0.4,42
ciciot2023:rung0.4,xgb,Recon,23055,8625,0.5644,0.9505,-0.0005,0.0,0.0,0.0043,4,0.4,42
ciciot2023:rung0.4,xgb,Spoofing,12575,4780,0.8067,0.9509,-0.0009,0.0,0.0089,0.0087,4,0.4,42
ciciot2023:rung0.4,xgb,Web,2135,811,0.9559,0.9533,-0.0033,-0.0044,0.0066,0.0586,4,0.4,42
ciciot2023:rung0.4,xgb,Benign,6299,2477,0.896,0.9529,-0.0029,0.0,-0.0166,0.0093,4,0.4,512
ciciot2023:rung0.4,xgb,BruteForce,1371,548,0.9861,0.9604,-0.0104,0.0,-0.0129,0.0553,4,0.4,512
ciciot2023:rung0.4,xgb,DDoS,68476,25963,0.5,0.9518,-0.0018,0.0,0.0,0.0001,4,0.4,512
ciciot2023:rung0.4,xgb,DoS,25215,9619,0.5,0.9486,0.0014,0.0,0.0,0.0004,4,0.4,512
ciciot2023:rung0.4,xgb,Mirai,18953,7177,0.5,0.9505,-0.0005,0.0,0.0,0.0008,4,0.4,512
ciciot2023:rung0.4,xgb,Recon,23055,8625,0.5937,0.9461,0.0039,0.0,0.0,0.0033,4,0.4,512
ciciot2023:rung0.4,xgb,Spoofing,12575,4780,0.8102,0.9513,-0.0013,0.0,-0.0023,0.0055,4,0.4,512
ciciot2023:rung0.4,xgb,Web,2135,811,0.9503,0.9348,0.0152,-0.0046,0.005,0.0689,4,0.4,512
ciciot2023:rung0.4,xgb,Benign,6299,2477,0.8988,0.9544,-0.0044,0.0,-0.0194,0.0114,4,0.4,6021
ciciot2023:rung0.4,xgb,BruteForce,1371,548,0.9842,0.9635,-0.0135,0.0,-0.0113,0.0538,4,0.4,6021
ciciot2023:rung0.4,xgb,DDoS,68476,25963,0.5,0.9504,-0.0004,0.0,0.0,0.0003,4,0.4,6021
ciciot2023:rung0.4,xgb,DoS,25215,9619,0.5,0.9497,0.0003,0.0,0.0,0.0003,4,0.4,6021
ciciot2023:rung0.4,xgb,Mirai,18953,7177,0.5,0.9504,-0.0004,0.0,0.0,0.0004,4,0.4,6021
ciciot2023:rung0.4,xgb,Recon,23055,8625,0.5533,0.9478,0.0022,0.0,0.0,0.004,4,0.4,6021
ciciot2023:rung0.4,xgb,Spoofing,12575,4780,0.8044,0.9506,-0.0006,0.0,0.0076,0.0138,4,0.4,6021
ciciot2023:rung0.4,xgb,Web,2135,811,0.9605,0.9523,-0.0023,-0.0036,0.0062,0.063,4,0.4,6021
ciciot2023:rung0.4,xgb,Benign,6299,2477,0.8972,0.9568,-0.0068,0.0,-0.0136,0.0115,4,0.4,7
ciciot2023:rung0.4,xgb,BruteForce,1371,548,0.9867,0.9641,-0.0141,0.0,-0.0188,0.0545,4,0.4,7
ciciot2023:rung0.4,xgb,DDoS,68476,25963,0.5,0.9501,-0.0001,0.0,0.0,0.0001,4,0.4,7
ciciot2023:rung0.4,xgb,DoS,25215,9619,0.5,0.9524,-0.0024,0.0,0.0,0.0004,4,0.4,7
ciciot2023:rung0.4,xgb,Mirai,18953,7177,0.5,0.9477,0.0023,0.0,0.0,0.0004,4,0.4,7
ciciot2023:rung0.4,xgb,Recon,23055,8625,0.5544,0.9511,-0.0011,0.0,0.0,0.0045,4,0.4,7
ciciot2023:rung0.4,xgb,Spoofing,12575,4780,0.7982,0.9487,0.0013,0.0,0.012,0.0094,4,0.4,7
ciciot2023:rung0.4,xgb,Web,2135,811,0.9592,0.9444,0.0056,-0.0024,-0.0008,0.0504,4,0.4,7
ciciot2023:rung0.4,xgb,Benign,6299,2477,0.9018,0.9578,-0.0078,0.0,-0.0107,0.0174,4,0.4,88
ciciot2023:rung0.4,xgb,BruteForce,1371,548,0.9858,0.956,-0.006,0.0,-0.0013,0.0531,4,0.4,88
ciciot2023:rung0.4,xgb,DDoS,68476,25963,0.5,0.9488,0.0012,0.0,0.0,0.0002,4,0.4,88
ciciot2023:rung0.4,xgb,DoS,25215,9619,0.5,0.9517,-0.0017,0.0,0.0,0.0003,4,0.4,88
ciciot2023:rung0.4,xgb,Mirai,18953,7177,0.5,0.9513,-0.0013,0.0,0.0,0.0009,4,0.4,88
ciciot2023:rung0.4,xgb,Recon,23055,8625,0.5694,0.9521,-0.0021,0.0,0.0,0.0081,4,0.4,88
ciciot2023:rung0.4,xgb,Spoofing,12575,4780,0.8015,0.9548,-0.0048,0.0,-0.0073,0.0098,4,0.4,88
ciciot2023:rung0.4,xgb,Web,2135,811,0.9508,0.9393,0.0107,-0.003,0.0123,0.0691,4,0.4,88
ciciot2023:rung0.4,xgb,Benign,6299,2477,0.8856,0.9545,-0.0045,0.0,-0.0242,0.0153,4,0.4,91
ciciot2023:rung0.4,xgb,BruteForce,1371,548,0.985,0.9724,-0.0224,0.0,-0.0101,0.0692,4,0.4,91
ciciot2023:rung0.4,xgb,DDoS,68476,25963,0.5,0.9497,0.0003,0.0,0.0,0.0002,4,0.4,91
ciciot2023:rung0.4,xgb,DoS,25215,9619,0.5,0.95,-0.0,0.0,0.0,0.0004,4,0.4,91
ciciot2023:rung0.4,xgb,Mirai,18953,7177,0.5,0.9513,-0.0013,0.0,0.0,0.0013,4,0.4,91
ciciot2023:rung0.4,xgb,Recon,23055,8625,0.6058,0.9514,-0.0014,0.0,0.0,0.0039,4,0.4,91
ciciot2023:rung0.4,xgb,Spoofing,12575,4780,0.812,0.9542,-0.0042,0.0,0.0033,0.0113,4,0.4,91
ciciot2023:rung0.4,xgb,Web,2135,811,0.9548,0.9427,0.0073,-0.0037,0.0001,0.0517,4,0.4,91
ciciot2023:rung0.6,mlp,Benign,6299,2413,0.9462,0.9512,-0.0012,0.0009,0.0059,0.0296,4,0.6,12345
ciciot2023:rung0.6,mlp,BruteForce,1371,504,0.9909,0.9593,-0.0093,-0.0044,-0.0001,0.028,4,0.6,12345
ciciot2023:rung0.6,mlp,DDoS,68476,26150,0.5,0.9503,-0.0003,0.0,0.0,0.0063,4,0.6,12345
ciciot2023:rung0.6,mlp,DoS,25215,9425,0.5,0.9481,0.0019,0.0,0.0,0.0095,4,0.6,12345
ciciot2023:rung0.6,mlp,Mirai,18953,7245,0.5,0.9516,-0.0016,0.0,0.0,0.0033,4,0.6,12345
ciciot2023:rung0.6,mlp,Recon,23055,8718,0.698,0.9495,0.0005,0.0016,0.0,0.0136,4,0.6,12345
ciciot2023:rung0.6,mlp,Spoofing,12575,4734,0.8816,0.9506,-0.0006,-0.0,-0.012,0.0128,4,0.6,12345
ciciot2023:rung0.6,mlp,Web,2135,811,0.9695,0.9603,-0.0103,-0.0357,-0.0141,0.0801,4,0.6,12345
ciciot2023:rung0.6,mlp,Benign,6299,2413,0.935,0.9502,-0.0002,-0.0005,0.0056,0.0193,4,0.6,1337
ciciot2023:rung0.6,mlp,BruteForce,1371,504,0.9908,0.9544,-0.0044,-0.003,-0.0006,0.0334,4,0.6,1337
ciciot2023:rung0.6,mlp,DDoS,68476,26150,0.5,0.9484,0.0016,0.0,0.0,0.0047,4,0.6,1337
ciciot2023:rung0.6,mlp,DoS,25215,9425,0.5,0.9484,0.0016,0.0,0.0,0.0064,4,0.6,1337
ciciot2023:rung0.6,mlp,Mirai,18953,7245,0.5,0.9511,-0.0011,0.0,0.0,0.0023,4,0.6,1337
ciciot2023:rung0.6,mlp,Recon,23055,8718,0.6972,0.9504,-0.0004,0.0001,0.0,0.0071,4,0.6,1337
ciciot2023:rung0.6,mlp,Spoofing,12575,4734,0.8814,0.9531,-0.0031,-0.0001,-0.0108,0.0178,4,0.6,1337
ciciot2023:rung0.6,mlp,Web,2135,811,0.9739,0.9491,0.0009,-0.026,-0.0043,0.0751,4,0.6,1337
ciciot2023:rung0.6,mlp,Benign,6299,2413,0.9371,0.9475,0.0025,0.0024,0.003,0.0146,4,0.6,2024
ciciot2023:rung0.6,mlp,BruteForce,1371,504,0.9919,0.971,-0.021,0.0195,-0.0064,0.0441,4,0.6,2024
ciciot2023:rung0.6,mlp,DDoS,68476,26150,0.5,0.9506,-0.0006,0.0,0.0,0.002,4,0.6,2024
ciciot2023:rung0.6,mlp,DoS,25215,9425,0.5,0.9499,0.0001,0.0,0.0,0.0043,4,0.6,2024
ciciot2023:rung0.6,mlp,Mirai,18953,7245,0.5,0.9519,-0.0019,0.0,0.0,0.0014,4,0.6,2024
ciciot2023:rung0.6,mlp,Recon,23055,8718,0.7058,0.9495,0.0005,0.0002,-0.0,0.0066,4,0.6,2024
ciciot2023:rung0.6,mlp,Spoofing,12575,4734,0.8882,0.9543,-0.0043,0.0,-0.0087,0.0185,4,0.6,2024
ciciot2023:rung0.6,mlp,Web,2135,811,0.9714,0.9562,-0.0062,-0.0109,0.0013,0.061,4,0.6,2024
ciciot2023:rung0.6,mlp,Benign,6299,2413,0.9506,0.9501,-0.0001,-0.0035,-0.0028,0.0169,4,0.6,3407
ciciot2023:rung0.6,mlp,BruteForce,1371,504,0.9923,0.9647,-0.0147,-0.0146,-0.0019,0.0421,4,0.6,3407
ciciot2023:rung0.6,mlp,DDoS,68476,26150,0.5,0.9514,-0.0014,0.0,0.0,0.0044,4,0.6,3407
ciciot2023:rung0.6,mlp,DoS,25215,9425,0.5,0.9494,0.0006,0.0,0.0,0.0046,4,0.6,3407
ciciot2023:rung0.6,mlp,Mirai,18953,7245,0.5,0.9493,0.0007,0.0,0.0,0.005,4,0.6,3407
ciciot2023:rung0.6,mlp,Recon,23055,8718,0.703,0.9524,-0.0024,0.0001,0.0,0.0069,4,0.6,3407
ciciot2023:rung0.6,mlp,Spoofing,12575,4734,0.8852,0.9524,-0.0024,-0.0001,-0.0115,0.0124,4,0.6,3407
ciciot2023:rung0.6,mlp,Web,2135,811,0.9747,0.9525,-0.0025,-0.0528,-0.01,0.1276,4,0.6,3407
ciciot2023:rung0.6,mlp,Benign,6299,2413,0.9472,0.9506,-0.0006,0.0026,0.0095,0.0124,4,0.6,42
ciciot2023:rung0.6,mlp,BruteForce,1371,504,0.989,0.9641,-0.0141,0.006,-0.0021,0.0451,4,0.6,42
ciciot2023:rung0.6,mlp,DDoS,68476,26150,0.5,0.9501,-0.0001,0.0,0.0,0.0035,4,0.6,42
ciciot2023:rung0.6,mlp,DoS,25215,9425,0.4999,0.9504,-0.0004,0.0,0.0,0.0063,4,0.6,42
ciciot2023:rung0.6,mlp,Mirai,18953,7245,0.4999,0.9515,-0.0015,0.0,0.0,0.0074,4,0.6,42
ciciot2023:rung0.6,mlp,Recon,23055,8718,0.7071,0.952,-0.002,0.0006,0.0,0.0097,4,0.6,42
ciciot2023:rung0.6,mlp,Spoofing,12575,4734,0.8862,0.953,-0.003,0.0,-0.0023,0.0162,4,0.6,42
ciciot2023:rung0.6,mlp,Web,2135,811,0.9702,0.9396,0.0104,-0.0039,0.0033,0.0633,4,0.6,42
ciciot2023:rung0.6,mlp,Benign,6299,2413,0.9468,0.9518,-0.0018,0.0009,0.0004,0.0163,4,0.6,512
ciciot2023:rung0.6,mlp,BruteForce,1371,504,0.9914,0.9647,-0.0147,-0.0058,-0.002,0.0481,4,0.6,512
ciciot2023:rung0.6,mlp,DDoS,68476,26150,0.5,0.9512,-0.0012,0.0,0.0,0.0037,4,0.6,512
ciciot2023:rung0.6,mlp,DoS,25215,9425,0.4999,0.9526,-0.0026,0.0,0.0,0.0059,4,0.6,512
ciciot2023:rung0.6,mlp,Mirai,18953,7245,0.4999,0.9467,0.0033,0.0,0.0,0.005,4,0.6,512
ciciot2023:rung0.6,mlp,Recon,23055,8718,0.7061,0.9519,-0.0019,0.0009,0.0,0.0118,4,0.6,512
ciciot2023:rung0.6,mlp,Spoofing,12575,4734,0.8845,0.9497,0.0003,-0.0001,-0.008,0.0149,4,0.6,512
ciciot2023:rung0.6,mlp,Web,2135,811,0.9737,0.9583,-0.0083,-0.0053,-0.0067,0.0663,4,0.6,512
ciciot2023:rung0.6,mlp,Benign,6299,2413,0.9376,0.9488,0.0012,0.0016,0.0008,0.0209,4,0.6,6021
ciciot2023:rung0.6,mlp,BruteForce,1371,504,0.9907,0.9702,-0.0202,-0.0002,-0.0035,0.0433,4,0.6,6021
ciciot2023:rung0.6,mlp,DDoS,68476,26150,0.5,0.9503,-0.0003,0.0,0.0,0.0018,4,0.6,6021
ciciot2023:rung0.6,mlp,DoS,25215,9425,0.5,0.9535,-0.0035,0.0,0.0,0.0041,4,0.6,6021
ciciot2023:rung0.6,mlp,Mirai,18953,7245,0.5,0.9518,-0.0018,0.0,0.0,0.0014,4,0.6,6021
ciciot2023:rung0.6,mlp,Recon,23055,8718,0.6559,0.9509,-0.0009,0.0011,0.0,0.0082,4,0.6,6021
ciciot2023:rung0.6,mlp,Spoofing,12575,4734,0.8805,0.9534,-0.0034,0.0,-0.0139,0.0178,4,0.6,6021
ciciot2023:rung0.6,mlp,Web,2135,811,0.9706,0.9492,0.0008,-0.0112,-0.0113,0.0702,4,0.6,6021
ciciot2023:rung0.6,mlp,Benign,6299,2413,0.9438,0.9455,0.0045,0.0003,0.0059,0.0154,4,0.6,7
ciciot2023:rung0.6,mlp,BruteForce,1371,504,0.9927,0.9696,-0.0196,0.0047,-0.0014,0.0392,4,0.6,7
ciciot2023:rung0.6,mlp,DDoS,68476,26150,0.5,0.9505,-0.0005,0.0,0.0,0.0051,4,0.6,7
ciciot2023:rung0.6,mlp,DoS,25215,9425,0.5,0.9497,0.0003,0.0,0.0,0.0074,4,0.6,7
ciciot2023:rung0.6,mlp,Mirai,18953,7245,0.5,0.9474,0.0026,0.0,0.0,0.0069,4,0.6,7
ciciot2023:rung0.6,mlp,Recon,23055,8718,0.6773,0.9484,0.0016,0.0006,0.0,0.0116,4,0.6,7
ciciot2023:rung0.6,mlp,Spoofing,12575,4734,0.8786,0.9533,-0.0033,-0.0001,-0.0141,0.017,4,0.6,7
ciciot2023:rung0.6,mlp,Web,2135,811,0.9775,0.9561,-0.0061,-0.0223,-0.0148,0.0982,4,0.6,7
ciciot2023:rung0.6,mlp,Benign,6299,2413,0.9434,0.9471,0.0029,0.0007,0.0048,0.0211,4,0.6,88
ciciot2023:rung0.6,mlp,BruteForce,1371,504,0.99,0.9698,-0.0198,-0.0072,-0.0019,0.056,4,0.6,88
ciciot2023:rung0.6,mlp,DDoS,68476,26150,0.5,0.9498,0.0002,0.0,0.0,0.0068,4,0.6,88
ciciot2023:rung0.6,mlp,DoS,25215,9425,0.4999,0.9498,0.0002,0.0,0.0,0.0105,4,0.6,88
ciciot2023:rung0.6,mlp,Mirai,18953,7245,0.4999,0.9494,0.0006,0.0,0.0,0.0029,4,0.6,88
ciciot2023:rung0.6,mlp,Recon,23055,8718,0.6871,0.9497,0.0003,0.0009,0.0,0.0085,4,0.6,88
ciciot2023:rung0.6,mlp,Spoofing,12575,4734,0.8848,0.9532,-0.0032,-0.0,-0.0002,0.0116,4,0.6,88
ciciot2023:rung0.6,mlp,Web,2135,811,0.9736,0.9535,-0.0035,-0.0055,-0.0074,0.0473,4,0.6,88
ciciot2023:rung0.6,mlp,Benign,6299,2413,0.944,0.9517,-0.0017,0.0055,0.0037,0.0145,4,0.6,91
ciciot2023:rung0.6,mlp,BruteForce,1371,504,0.9914,0.9639,-0.0139,0.0008,-0.001,0.022,4,0.6,91
ciciot2023:rung0.6,mlp,DDoS,68476,26150,0.5,0.9491,0.0009,0.0,0.0,0.0026,4,0.6,91
ciciot2023:rung0.6,mlp,DoS,25215,9425,0.4999,0.9497,0.0003,0.0,0.0,0.0102,4,0.6,91
ciciot2023:rung0.6,mlp,Mirai,18953,7245,0.4999,0.9477,0.0023,0.0,0.0,0.0017,4,0.6,91
ciciot2023:rung0.6,mlp,Recon,23055,8718,0.6895,0.9532,-0.0032,0.0012,0.0,0.0105,4,0.6,91
ciciot2023:rung0.6,mlp,Spoofing,12575,4734,0.8837,0.9559,-0.0059,-0.0,-0.0153,0.016,4,0.6,91
ciciot2023:rung0.6,mlp,Web,2135,811,0.9704,0.947,0.003,-0.0131,-0.0013,0.059,4,0.6,91
ciciot2023:rung0.6,rf,Benign,6299,2413,0.934,0.9477,0.0023,0.0014,-0.0229,0.0284,4,0.6,12345
ciciot2023:rung0.6,rf,BruteForce,1371,504,0.991,0.953,-0.003,0.0025,0.0,0.0496,4,0.6,12345
ciciot2023:rung0.6,rf,DDoS,68476,26150,0.5,0.9516,-0.0016,0.0,0.0,0.0009,4,0.6,12345
ciciot2023:rung0.6,rf,DoS,25215,9425,0.5,0.9513,-0.0013,0.0,0.0,0.0042,4,0.6,12345
ciciot2023:rung0.6,rf,Mirai,18953,7245,0.5,0.9522,-0.0022,0.0,0.0,0.0015,4,0.6,12345
ciciot2023:rung0.6,rf,Recon,23055,8718,0.6647,0.9496,0.0004,0.0002,0.0,0.0079,4,0.6,12345
ciciot2023:rung0.6,rf,Spoofing,12575,4734,0.8412,0.9496,0.0004,0.0,-0.0091,0.0129,4,0.6,12345
ciciot2023:rung0.6,rf,Web,2135,811,0.9673,0.9589,-0.0089,-0.0377,-0.0062,0.0846,4,0.6,12345
ciciot2023:rung0.6,rf,Benign,6299,2413,0.9388,0.9475,0.0025,0.0009,-0.0289,0.0242,4,0.6,1337
ciciot2023:rung0.6,rf,BruteForce,1371,504,0.9892,0.9565,-0.0065,-0.0009,-0.0002,0.0271,4,0.6,1337
ciciot2023:rung0.6,rf,DDoS,68476,26150,0.5,0.9508,-0.0008,0.0,0.0,0.0011,4,0.6,1337
ciciot2023:rung0.6,rf,DoS,25215,9425,0.5,0.9492,0.0008,0.0,0.0,0.0045,4,0.6,1337
ciciot2023:rung0.6,rf,Mirai,18953,7245,0.5,0.949,0.001,0.0,0.0,0.0012,4,0.6,1337
ciciot2023:rung0.6,rf,Recon,23055,8718,0.6425,0.9496,0.0004,0.0002,0.0,0.0097,4,0.6,1337
ciciot2023:rung0.6,rf,Spoofing,12575,4734,0.8372,0.9512,-0.0012,0.0001,-0.0062,0.0095,4,0.6,1337
ciciot2023:rung0.6,rf,Web,2135,811,0.9627,0.9604,-0.0104,-0.0368,-0.0089,0.0827,4,0.6,1337
ciciot2023:rung0.6,rf,Benign,6299,2413,0.9317,0.9521,-0.0021,0.0018,-0.0261,0.0297,4,0.6,2024
ciciot2023:rung0.6,rf,BruteForce,1371,504,0.9881,0.9571,-0.0071,0.0043,0.0035,0.0264,4,0.6,2024
ciciot2023:rung0.6,rf,DDoS,68476,26150,0.5,0.9489,0.0011,0.0,0.0,0.0012,4,0.6,2024
ciciot2023:rung0.6,rf,DoS,25215,9425,0.5,0.9506,-0.0006,0.0,0.0,0.0028,4,0.6,2024
ciciot2023:rung0.6,rf,Mirai,18953,7245,0.5,0.9496,0.0004,0.0,0.0,0.0015,4,0.6,2024
ciciot2023:rung0.6,rf,Recon,23055,8718,0.6431,0.9522,-0.0022,0.0001,0.0,0.0074,4,0.6,2024
ciciot2023:rung0.6,rf,Spoofing,12575,4734,0.8414,0.9511,-0.0011,0.0001,-0.0119,0.0137,4,0.6,2024
ciciot2023:rung0.6,rf,Web,2135,811,0.9684,0.951,-0.001,-0.0375,-0.0065,0.073,4,0.6,2024
ciciot2023:rung0.6,rf,Benign,6299,2413,0.9328,0.9474,0.0026,0.0015,-0.0198,0.0255,4,0.6,3407
ciciot2023:rung0.6,rf,BruteForce,1371,504,0.9888,0.9617,-0.0117,-0.0006,0.0026,0.0276,4,0.6,3407
ciciot2023:rung0.6,rf,DDoS,68476,26150,0.5,0.9501,-0.0001,0.0,0.0,0.0015,4,0.6,3407
ciciot2023:rung0.6,rf,DoS,25215,9425,0.5,0.9484,0.0016,0.0,0.0,0.0051,4,0.6,3407
ciciot2023:rung0.6,rf,Mirai,18953,7245,0.5,0.9511,-0.0011,0.0,0.0,0.001,4,0.6,3407
ciciot2023:rung0.6,rf,Recon,23055,8718,0.6369,0.9511,-0.0011,0.0,0.0,0.006,4,0.6,3407
ciciot2023:rung0.6,rf,Spoofing,12575,4734,0.8364,0.9522,-0.0022,0.0002,-0.0125,0.0144,4,0.6,3407
ciciot2023:rung0.6,rf,Web,2135,811,0.9672,0.9545,-0.0045,-0.0174,-0.0103,0.0427,4,0.6,3407
ciciot2023:rung0.6,rf,Benign,6299,2413,0.9297,0.9535,-0.0035,0.0022,-0.0427,0.0275,4,0.6,42
ciciot2023:rung0.6,rf,BruteForce,1371,504,0.9895,0.9498,0.0002,0.0004,0.0002,0.0297,4,0.6,42
ciciot2023:rung0.6,rf,DDoS,68476,26150,0.5,0.9496,0.0004,0.0,0.0,0.0014,4,0.6,42
ciciot2023:rung0.6,rf,DoS,25215,9425,0.5,0.9513,-0.0013,0.0,0.0,0.0028,4,0.6,42
ciciot2023:rung0.6,rf,Mirai,18953,7245,0.5,0.9493,0.0007,0.0,0.0,0.0012,4,0.6,42
ciciot2023:rung0.6,rf,Recon,23055,8718,0.6298,0.9511,-0.0011,0.0,0.0,0.0081,4,0.6,42
ciciot2023:rung0.6,rf,Spoofing,12575,4734,0.8401,0.95,0.0,0.0001,-0.0035,0.01,4,0.6,42
ciciot2023:rung0.6,rf,Web,2135,811,0.9721,0.963,-0.013,-0.0322,-0.0062,0.0689,4,0.6,42
ciciot2023:rung0.6,rf,Benign,6299,2413,0.9307,0.9537,-0.0037,0.0012,-0.0417,0.0218,4,0.6,512
ciciot2023:rung0.6,rf,BruteForce,1371,504,0.9874,0.9419,0.0081,0.0038,0.0017,0.0392,4,0.6,512
ciciot2023:rung0.6,rf,DDoS,68476,26150,0.5,0.9502,-0.0002,0.0,0.0,0.0011,4,0.6,512
ciciot2023:rung0.6,rf,DoS,25215,9425,0.5,0.9492,0.0008,0.0,0.0,0.0042,4,0.6,512
ciciot2023:rung0.6,rf,Mirai,18953,7245,0.5,0.9498,0.0002,0.0,0.0,0.0014,4,0.6,512
ciciot2023:rung0.6,rf,Recon,23055,8718,0.639,0.9516,-0.0016,0.0,0.0,0.0072,4,0.6,512
ciciot2023:rung0.6,rf,Spoofing,12575,4734,0.8329,0.9478,0.0022,0.0,-0.0136,0.0115,4,0.6,512
ciciot2023:rung0.6,rf,Web,2135,811,0.9615,0.951,-0.001,-0.028,-0.0024,0.0646,4,0.6,512
ciciot2023:rung0.6,rf,Benign,6299,2413,0.9255,0.9499,0.0001,0.0013,-0.0341,0.0274,4,0.6,6021
ciciot2023:rung0.6,rf,BruteForce,1371,504,0.9906,0.9534,-0.0034,0.0016,-0.0012,0.0289,4,0.6,6021
ciciot2023:rung0.6,rf,DDoS,68476,26150,0.5,0.9493,0.0007,0.0,0.0,0.0013,4,0.6,6021
ciciot2023:rung0.6,rf,DoS,25215,9425,0.5,0.9504,-0.0004,0.0,0.0,0.0032,4,0.6,6021
ciciot2023:rung0.6,rf,Mirai,18953,7245,0.5,0.951,-0.001,0.0,0.0,0.001,4,0.6,6021
ciciot2023:rung0.6,rf,Recon,23055,8718,0.652,0.9499,0.0001,0.0001,0.0,0.0092,4,0.6,6021
ciciot2023:rung0.6,rf,Spoofing,12575,4734,0.8333,0.9493,0.0007,0.0001,-0.0072,0.0136,4,0.6,6021
ciciot2023:rung0.6,rf,Web,2135,811,0.9662,0.9625,-0.0125,-0.0419,-0.0129,0.0672,4,0.6,6021
ciciot2023:rung0.6,rf,Benign,6299,2413,0.9311,0.9491,0.0009,0.0011,-0.0076,0.0278,4,0.6,7
ciciot2023:rung0.6,rf,BruteForce,1371,504,0.9913,0.9565,-0.0065,0.0023,0.0044,0.0288,4,0.6,7
ciciot2023:rung0.6,rf,DDoS,68476,26150,0.5,0.9508,-0.0008,0.0,0.0,0.0015,4,0.6,7
ciciot2023:rung0.6,rf,DoS,25215,9425,0.5,0.9485,0.0015,0.0,0.0,0.0052,4,0.6,7
ciciot2023:rung0.6,rf,Mirai,18953,7245,0.5,0.9501,-0.0001,0.0,0.0,0.0009,4,0.6,7
ciciot2023:rung0.6,rf,Recon,23055,8718,0.6374,0.9492,0.0008,0.0,0.0,0.0079,4,0.6,7
ciciot2023:rung0.6,rf,Spoofing,12575,4734,0.8341,0.9499,0.0001,0.0006,-0.0023,0.0116,4,0.6,7
ciciot2023:rung0.6,rf,Web,2135,811,0.9628,0.9509,-0.0009,-0.03,-0.0089,0.0642,4,0.6,7
ciciot2023:rung0.6,rf,Benign,6299,2413,0.9347,0.9459,0.0041,0.0014,-0.0247,0.0239,4,0.6,88
ciciot2023:rung0.6,rf,BruteForce,1371,504,0.9906,0.9454,0.0046,0.0005,0.0035,0.0328,4,0.6,88
ciciot2023:rung0.6,rf,DDoS,68476,26150,0.5,0.9508,-0.0008,0.0,0.0,0.0013,4,0.6,88
ciciot2023:rung0.6,rf,DoS,25215,9425,0.5,0.95,-0.0,0.0,0.0,0.0029,4,0.6,88
ciciot2023:rung0.6,rf,Mirai,18953,7245,0.5,0.9495,0.0005,0.0,0.0,0.0011,4,0.6,88
ciciot2023:rung0.6,rf,Recon,23055,8718,0.6538,0.9483,0.0017,0.0,0.0,0.0078,4,0.6,88
ciciot2023:rung0.6,rf,Spoofing,12575,4734,0.8329,0.951,-0.001,0.0003,-0.004,0.0145,4,0.6,88
ciciot2023:rung0.6,rf,Web,2135,811,0.9654,0.9576,-0.0076,-0.0305,-0.0069,0.0596,4,0.6,88
ciciot2023:rung0.6,rf,Benign,6299,2413,0.9323,0.9519,-0.0019,0.0017,-0.0231,0.0282,4,0.6,91
ciciot2023:rung0.6,rf,BruteForce,1371,504,0.9899,0.9623,-0.0123,-0.0001,-0.001,0.029,4,0.6,91
ciciot2023:rung0.6,rf,DDoS,68476,26150,0.5,0.9509,-0.0009,0.0,0.0,0.0015,4,0.6,91
ciciot2023:rung0.6,rf,DoS,25215,9425,0.5,0.9486,0.0014,0.0,0.0,0.003,4,0.6,91
ciciot2023:rung0.6,rf,Mirai,18953,7245,0.5,0.9477,0.0023,0.0,0.0,0.0009,4,0.6,91
ciciot2023:rung0.6,rf,Recon,23055,8718,0.6518,0.9512,-0.0012,0.0,0.0,0.0075,4,0.6,91
ciciot2023:rung0.6,rf,Spoofing,12575,4734,0.8353,0.9521,-0.0021,0.0001,-0.0037,0.0118,4,0.6,91
ciciot2023:rung0.6,rf,Web,2135,811,0.9652,0.9572,-0.0072,-0.0444,0.0008,0.0824,4,0.6,91
ciciot2023:rung0.6,xgb,Benign,6299,2413,0.8944,0.9562,-0.0062,0.0,-0.0423,0.0226,4,0.6,12345
ciciot2023:rung0.6,xgb,BruteForce,1371,504,0.9867,0.9496,0.0004,0.0,-0.0074,0.0446,4,0.6,12345
ciciot2023:rung0.6,xgb,DDoS,68476,26150,0.5,0.9504,-0.0004,0.0,0.0,0.0004,4,0.6,12345
ciciot2023:rung0.6,xgb,DoS,25215,9425,0.5,0.9511,-0.0011,0.0,0.0,0.0011,4,0.6,12345
ciciot2023:rung0.6,xgb,Mirai,18953,7245,0.5,0.9501,-0.0001,0.0,0.0,0.0005,4,0.6,12345
ciciot2023:rung0.6,xgb,Recon,23055,8718,0.599,0.9496,0.0004,0.0,0.0,0.01,4,0.6,12345
ciciot2023:rung0.6,xgb,Spoofing,12575,4734,0.801,0.9516,-0.0016,0.0,-0.0008,0.0178,4,0.6,12345
ciciot2023:rung0.6,xgb,Web,2135,811,0.9606,0.9531,-0.0031,-0.0009,-0.0032,0.0662,4,0.6,12345
ciciot2023:rung0.6,xgb,Benign,6299,2413,0.8867,0.9552,-0.0052,0.0,-0.022,0.0286,4,0.6,1337
ciciot2023:rung0.6,xgb,BruteForce,1371,504,0.9858,0.9569,-0.0069,0.0,0.0006,0.0315,4,0.6,1337
ciciot2023:rung0.6,xgb,DDoS,68476,26150,0.5,0.9487,0.0013,0.0,0.0,0.0002,4,0.6,1337
ciciot2023:rung0.6,xgb,DoS,25215,9425,0.5,0.9495,0.0005,0.0,0.0,0.0008,4,0.6,1337
ciciot2023:rung0.6,xgb,Mirai,18953,7245,0.5,0.9508,-0.0008,0.0,0.0,0.0002,4,0.6,1337
ciciot2023:rung0.6,xgb,Recon,23055,8718,0.5625,0.9513,-0.0013,0.0,0.0,0.0124,4,0.6,1337
ciciot2023:rung0.6,xgb,Spoofing,12575,4734,0.8086,0.9493,0.0007,0.0,0.0061,0.0141,4,0.6,1337
ciciot2023:rung0.6,xgb,Web,2135,811,0.952,0.9469,0.0031,-0.0022,-0.0047,0.0601,4,0.6,1337
ciciot2023:rung0.6,xgb,Benign,6299,2413,0.8935,0.9542,-0.0042,0.0,-0.0157,0.0318,4,0.6,2024
ciciot2023:rung0.6,xgb,BruteForce,1371,504,0.9868,0.9669,-0.0169,0.0,0.0001,0.0292,4,0.6,2024
ciciot2023:rung0.6,xgb,DDoS,68476,26150,0.5,0.9492,0.0008,0.0,0.0,0.0004,4,0.6,2024
ciciot2023:rung0.6,xgb,DoS,25215,9425,0.5,0.9488,0.0012,0.0,0.0,0.0005,4,0.6,2024
ciciot2023:rung0.6,xgb,Mirai,18953,7245,0.5,0.9481,0.0019,0.0,0.0,0.0003,4,0.6,2024
ciciot2023:rung0.6,xgb,Recon,23055,8718,0.5315,0.9501,-0.0001,0.0,0.0,0.0102,4,0.6,2024
ciciot2023:rung0.6,xgb,Spoofing,12575,4734,0.8043,0.9521,-0.0021,0.0,0.0124,0.0177,4,0.6,2024
ciciot2023:rung0.6,xgb,Web,2135,811,0.9622,0.9586,-0.0086,-0.0018,-0.0095,0.0691,4,0.6,2024
ciciot2023:rung0.6,xgb,Benign,6299,2413,0.8885,0.9568,-0.0068,0.0,-0.0452,0.0222,4,0.6,3407
ciciot2023:rung0.6,xgb,BruteForce,1371,504,0.9858,0.9645,-0.0145,0.0,-0.0001,0.0334,4,0.6,3407
ciciot2023:rung0.6,xgb,DDoS,68476,26150,0.5,0.9489,0.0011,0.0,0.0,0.0004,4,0.6,3407
ciciot2023:rung0.6,xgb,DoS,25215,9425,0.5,0.9498,0.0002,0.0,0.0,0.0009,4,0.6,3407
ciciot2023:rung0.6,xgb,Mirai,18953,7245,0.5,0.9515,-0.0015,0.0,0.0,0.0004,4,0.6,3407
ciciot2023:rung0.6,xgb,Recon,23055,8718,0.537,0.9497,0.0003,0.0,0.0,0.0131,4,0.6,3407
ciciot2023:rung0.6,xgb,Spoofing,12575,4734,0.8015,0.9502,-0.0002,0.0,0.0022,0.0127,4,0.6,3407
ciciot2023:rung0.6,xgb,Web,2135,811,0.9543,0.9473,0.0027,-0.0023,0.0017,0.0706,4,0.6,3407
ciciot2023:rung0.6,xgb,Benign,6299,2413,0.8842,0.958,-0.008,0.0,-0.0434,0.0211,4,0.6,42
ciciot2023:rung0.6,xgb,BruteForce,1371,504,0.986,0.9538,-0.0038,0.0,-0.0114,0.0405,4,0.6,42
ciciot2023:rung0.6,xgb,DDoS,68476,26150,0.5,0.9489,0.0011,0.0,0.0,0.0004,4,0.6,42
ciciot2023:rung0.6,xgb,DoS,25215,9425,0.5,0.948,0.002,0.0,0.0,0.0008,4,0.6,42
ciciot2023:rung0.6,xgb,Mirai,18953,7245,0.5,0.9521,-0.0021,0.0,0.0,0.0003,4,0.6,42
ciciot2023:rung0.6,xgb,Recon,23055,8718,0.5644,0.9506,-0.0006,0.0,0.0,0.0158,4,0.6,42
ciciot2023:rung0.6,xgb,Spoofing,12575,4734,0.8067,0.9474,0.0026,0.0,-0.0107,0.0101,4,0.6,42
ciciot2023:rung0.6,xgb,Web,2135,811,0.9559,0.9607,-0.0107,-0.0044,-0.0071,0.0824,4,0.6,42
ciciot2023:rung0.6,xgb,Benign,6299,2413,0.896,0.9554,-0.0054,0.0,-0.0392,0.0208,4,0.6,512
ciciot2023:rung0.6,xgb,BruteForce,1371,504,0.9861,0.9619,-0.0119,0.0,-0.0074,0.0282,4,0.6,512
ciciot2023:rung0.6,xgb,DDoS,68476,26150,0.5,0.9501,-0.0001,0.0,0.0,0.0003,4,0.6,512
ciciot2023:rung0.6,xgb,DoS,25215,9425,0.5,0.952,-0.002,0.0,0.0,0.0015,4,0.6,512
ciciot2023:rung0.6,xgb,Mirai,18953,7245,0.5,0.9528,-0.0028,0.0,0.0,0.0005,4,0.6,512
ciciot2023:rung0.6,xgb,Recon,23055,8718,0.5937,0.9511,-0.0011,0.0,0.0,0.0126,4,0.6,512
ciciot2023:rung0.6,xgb,Spoofing,12575,4734,0.8102,0.951,-0.001,0.0,-0.0043,0.0114,4,0.6,512
ciciot2023:rung0.6,xgb,Web,2135,811,0.9503,0.9538,-0.0038,-0.0057,0.001,0.0761,4,0.6,512
ciciot2023:rung0.6,xgb,Benign,6299,2413,0.8988,0.957,-0.007,0.0,-0.0404,0.0208,4,0.6,6021
ciciot2023:rung0.6,xgb,BruteForce,1371,504,0.9842,0.9593,-0.0093,0.0,-0.0039,0.0322,4,0.6,6021
ciciot2023:rung0.6,xgb,DDoS,68476,26150,0.5,0.9508,-0.0008,0.0,0.0,0.0003,4,0.6,6021
ciciot2023:rung0.6,xgb,DoS,25215,9425,0.5,0.9485,0.0015,0.0,0.0,0.001,4,0.6,6021
ciciot2023:rung0.6,xgb,Mirai,18953,7245,0.5,0.9509,-0.0009,0.0,0.0,0.0004,4,0.6,6021
ciciot2023:rung0.6,xgb,Recon,23055,8718,0.5533,0.9518,-0.0018,0.0,0.0,0.0124,4,0.6,6021
ciciot2023:rung0.6,xgb,Spoofing,12575,4734,0.8044,0.9505,-0.0005,0.0,0.0033,0.0175,4,0.6,6021
ciciot2023:rung0.6,xgb,Web,2135,811,0.9605,0.9541,-0.0041,-0.0036,-0.0041,0.0866,4,0.6,6021
ciciot2023:rung0.6,xgb,Benign,6299,2413,0.8972,0.9529,-0.0029,0.0,-0.0277,0.0287,4,0.6,7
ciciot2023:rung0.6,xgb,BruteForce,1371,504,0.9867,0.9583,-0.0083,0.0,-0.001,0.0298,4,0.6,7
ciciot2023:rung0.6,xgb,DDoS,68476,26150,0.5,0.9509,-0.0009,0.0,0.0,0.0004,4,0.6,7
ciciot2023:rung0.6,xgb,DoS,25215,9425,0.5,0.9499,0.0001,0.0,0.0,0.0009,4,0.6,7
ciciot2023:rung0.6,xgb,Mirai,18953,7245,0.5,0.9504,-0.0004,0.0,0.0,0.0004,4,0.6,7
ciciot2023:rung0.6,xgb,Recon,23055,8718,0.5544,0.951,-0.001,0.0,0.0,0.01,4,0.6,7
ciciot2023:rung0.6,xgb,Spoofing,12575,4734,0.7982,0.9494,0.0006,0.0,0.0117,0.0123,4,0.6,7
ciciot2023:rung0.6,xgb,Web,2135,811,0.9592,0.9576,-0.0076,-0.0036,-0.0003,0.0712,4,0.6,7
ciciot2023:rung0.6,xgb,Benign,6299,2413,0.9018,0.955,-0.005,0.0,-0.0288,0.0245,4,0.6,88
ciciot2023:rung0.6,xgb,BruteForce,1371,504,0.9858,0.9601,-0.0101,0.0,0.0003,0.0371,4,0.6,88
ciciot2023:rung0.6,xgb,DDoS,68476,26150,0.5,0.9507,-0.0007,0.0,0.0,0.0004,4,0.6,88
ciciot2023:rung0.6,xgb,DoS,25215,9425,0.5,0.9509,-0.0009,0.0,0.0,0.0008,4,0.6,88
ciciot2023:rung0.6,xgb,Mirai,18953,7245,0.5,0.9511,-0.0011,0.0,0.0,0.0004,4,0.6,88
ciciot2023:rung0.6,xgb,Recon,23055,8718,0.5694,0.9505,-0.0005,0.0,0.0,0.0094,4,0.6,88
ciciot2023:rung0.6,xgb,Spoofing,12575,4734,0.8015,0.9484,0.0016,0.0,0.0054,0.0203,4,0.6,88
ciciot2023:rung0.6,xgb,Web,2135,811,0.9508,0.9443,0.0057,-0.0029,0.0064,0.0617,4,0.6,88
ciciot2023:rung0.6,xgb,Benign,6299,2413,0.8856,0.955,-0.005,0.0,-0.0609,0.0184,4,0.6,91
ciciot2023:rung0.6,xgb,BruteForce,1371,504,0.985,0.971,-0.021,0.0,-0.0043,0.0292,4,0.6,91
ciciot2023:rung0.6,xgb,DDoS,68476,26150,0.5,0.9507,-0.0007,0.0,0.0,0.0004,4,0.6,91
ciciot2023:rung0.6,xgb,DoS,25215,9425,0.5,0.9496,0.0004,0.0,0.0,0.0009,4,0.6,91
ciciot2023:rung0.6,xgb,Mirai,18953,7245,0.5,0.9503,-0.0003,0.0,0.0,0.0011,4,0.6,91
ciciot2023:rung0.6,xgb,Recon,23055,8718,0.6058,0.948,0.002,0.0,0.0,0.0127,4,0.6,91
ciciot2023:rung0.6,xgb,Spoofing,12575,4734,0.812,0.9519,-0.0019,0.0,0.003,0.0207,4,0.6,91
ciciot2023:rung0.6,xgb,Web,2135,811,0.9548,0.9555,-0.0055,-0.0038,-0.0029,0.0776,4,0.6,91
ciciot2023:rung0.8,mlp,Benign,6299,2450,0.9462,0.9513,-0.0013,0.0013,-0.0055,0.0199,4,0.8,12345
ciciot2023:rung0.8,mlp,BruteForce,1371,527,0.9909,0.9465,0.0035,-0.0083,0.0001,0.0394,4,0.8,12345
ciciot2023:rung0.8,mlp,DDoS,68476,25864,0.5,0.951,-0.001,0.0,0.0,0.0034,4,0.8,12345
ciciot2023:rung0.8,mlp,DoS,25215,9650,0.5,0.9495,0.0005,0.0,0.0,0.0126,4,0.8,12345
ciciot2023:rung0.8,mlp,Mirai,18953,7163,0.5,0.9504,-0.0004,0.0,0.0,0.0054,4,0.8,12345
ciciot2023:rung0.8,mlp,Recon,23055,8808,0.698,0.9525,-0.0025,0.0022,0.0,0.0142,4,0.8,12345
ciciot2023:rung0.8,mlp,Spoofing,12575,4727,0.8816,0.9499,0.0001,0.0003,-0.0057,0.015,4,0.8,12345
ciciot2023:rung0.8,mlp,Web,2135,811,0.9695,0.9619,-0.0119,-0.027,-0.0156,0.1014,4,0.8,12345
ciciot2023:rung0.8,mlp,Benign,6299,2450,0.935,0.9521,-0.0021,-0.0019,-0.0082,0.0141,4,0.8,1337
ciciot2023:rung0.8,mlp,BruteForce,1371,527,0.9908,0.94,0.01,-0.0093,0.0009,0.0326,4,0.8,1337
ciciot2023:rung0.8,mlp,DDoS,68476,25864,0.5,0.9498,0.0002,0.0,0.0,0.0036,4,0.8,1337
ciciot2023:rung0.8,mlp,DoS,25215,9650,0.5,0.9487,0.0013,0.0,0.0,0.0113,4,0.8,1337
ciciot2023:rung0.8,mlp,Mirai,18953,7163,0.5,0.9501,-0.0001,0.0,0.0,0.0068,4,0.8,1337
ciciot2023:rung0.8,mlp,Recon,23055,8808,0.6972,0.947,0.003,0.0008,0.0,0.0092,4,0.8,1337
ciciot2023:rung0.8,mlp,Spoofing,12575,4727,0.8814,0.9538,-0.0038,0.0,0.0007,0.0174,4,0.8,1337
ciciot2023:rung0.8,mlp,Web,2135,811,0.9739,0.9522,-0.0022,-0.0218,-0.0001,0.0811,4,0.8,1337
ciciot2023:rung0.8,mlp,Benign,6299,2450,0.9371,0.9542,-0.0042,0.0031,0.0018,0.0129,4,0.8,2024
ciciot2023:rung0.8,mlp,BruteForce,1371,527,0.9919,0.9499,0.0001,0.0124,0.0001,0.0301,4,0.8,2024
ciciot2023:rung0.8,mlp,DDoS,68476,25864,0.5,0.95,-0.0,0.0,0.0,0.0052,4,0.8,2024
ciciot2023:rung0.8,mlp,DoS,25215,9650,0.5,0.9506,-0.0006,0.0,0.0,0.0075,4,0.8,2024
ciciot2023:rung0.8,mlp,Mirai,18953,7163,0.5,0.9514,-0.0014,0.0,0.0,0.0026,4,0.8,2024
ciciot2023:rung0.8,mlp,Recon,23055,8808,0.7058,0.9501,-0.0001,0.0006,0.0,0.0119,4,0.8,2024
ciciot2023:rung0.8,mlp,Spoofing,12575,4727,0.8882,0.9532,-0.0032,0.0,-0.0039,0.0161,4,0.8,2024
ciciot2023:rung0.8,mlp,Web,2135,811,0.9714,0.9602,-0.0102,-0.0003,-0.0001,0.0637,4,0.8,2024
ciciot2023:rung0.8,mlp,Benign,6299,2450,0.9506,0.9491,0.0009,0.0027,-0.0034,0.0175,4,0.8,3407
ciciot2023:rung0.8,mlp,BruteForce,1371,527,0.9923,0.9533,-0.0033,0.0056,-0.0013,0.0306,4,0.8,3407
ciciot2023:rung0.8,mlp,DDoS,68476,25864,0.5,0.95,0.0,0.0,0.0,0.0065,4,0.8,3407
ciciot2023:rung0.8,mlp,DoS,25215,9650,0.5,0.9464,0.0036,0.0,0.0,0.0067,4,0.8,3407
ciciot2023:rung0.8,mlp,Mirai,18953,7163,0.5,0.951,-0.001,0.0,0.0,0.0046,4,0.8,3407
ciciot2023:rung0.8,mlp,Recon,23055,8808,0.703,0.9509,-0.0009,0.0004,0.0,0.0109,4,0.8,3407
ciciot2023:rung0.8,mlp,Spoofing,12575,4727,0.8852,0.9531,-0.0031,0.0,0.0048,0.0198,4,0.8,3407
ciciot2023:rung0.8,mlp,Web,2135,811,0.9747,0.9623,-0.0123,-0.0582,-0.02,0.1422,4,0.8,3407
ciciot2023:rung0.8,mlp,Benign,6299,2450,0.9472,0.9562,-0.0062,0.0033,-0.0006,0.0174,4,0.8,42
ciciot2023:rung0.8,mlp,BruteForce,1371,527,0.989,0.9581,-0.0081,-0.0071,0.0,0.0352,4,0.8,42
ciciot2023:rung0.8,mlp,DDoS,68476,25864,0.5,0.9514,-0.0014,0.0,0.0,0.003,4,0.8,42
ciciot2023:rung0.8,mlp,DoS,25215,9650,0.4999,0.9514,-0.0014,-0.0,-0.0,0.0075,4,0.8,42
ciciot2023:rung0.8,mlp,Mirai,18953,7163,0.4999,0.9515,-0.0015,0.0,0.0,0.0087,4,0.8,42
ciciot2023:rung0.8,mlp,Recon,23055,8808,0.7071,0.9501,-0.0001,0.0009,0.0,0.0145,4,0.8,42
ciciot2023:rung0.8,mlp,Spoofing,12575,4727,0.8862,0.9484,0.0016,0.0,-0.0052,0.0119,4,0.8,42
ciciot2023:rung0.8,mlp,Web,2135,811,0.9702,0.9666,-0.0166,-0.003,-0.0045,0.0871,4,0.8,42
ciciot2023:rung0.8,mlp,Benign,6299,2450,0.9468,0.9525,-0.0025,0.0015,-0.0063,0.0147,4,0.8,512
ciciot2023:rung0.8,mlp,BruteForce,1371,527,0.9914,0.9651,-0.0151,-0.0012,-0.0001,0.0337,4,0.8,512
ciciot2023:rung0.8,mlp,DDoS,68476,25864,0.5,0.9493,0.0007,-0.0,0.0,0.0038,4,0.8,512
ciciot2023:rung0.8,mlp,DoS,25215,9650,0.4999,0.949,0.001,0.0,0.0,0.0114,4,0.8,512
ciciot2023:rung0.8,mlp,Mirai,18953,7163,0.4999,0.9503,-0.0003,0.0,0.0,0.0065,4,0.8,512
ciciot2023:rung0.8,mlp,Recon,23055,8808,0.7061,0.9519,-0.0019,0.0012,0.0,0.0123,4,0.8,512
ciciot2023:rung0.8,mlp,Spoofing,12575,4727,0.8845,0.9544,-0.0044,0.0,-0.0037,0.015,4,0.8,512
ciciot2023:rung0.8,mlp,Web,2135,811,0.9737,0.9591,-0.0091,-0.0038,-0.0049,0.0651,4,0.8,512
ciciot2023:rung0.8,mlp,Benign,6299,2450,0.9376,0.9547,-0.0047,0.0025,0.0003,0.0193,4,0.8,6021
ciciot2023:rung0.8,mlp,BruteForce,1371,527,0.9907,0.9617,-0.0117,-0.0017,-0.0051,0.0348,4,0.8,6021
ciciot2023:rung0.8,mlp,DDoS,68476,25864,0.5,0.9513,-0.0013,0.0,0.0,0.0038,4,0.8,6021
ciciot2023:rung0.8,mlp,DoS,25215,9650,0.5,0.9469,0.0031,0.0,0.0,0.0063,4,0.8,6021
ciciot2023:rung0.8,mlp,Mirai,18953,7163,0.5,0.9478,0.0022,0.0,0.0,0.0015,4,0.8,6021
ciciot2023:rung0.8,mlp,Recon,23055,8808,0.6559,0.9499,0.0001,0.0018,0.0,0.0137,4,0.8,6021
ciciot2023:rung0.8,mlp,Spoofing,12575,4727,0.8805,0.9525,-0.0025,0.0,-0.0027,0.0157,4,0.8,6021
ciciot2023:rung0.8,mlp,Web,2135,811,0.9706,0.9636,-0.0136,-0.0012,-0.0071,0.0784,4,0.8,6021
ciciot2023:rung0.8,mlp,Benign,6299,2450,0.9438,0.9475,0.0025,0.0013,0.0014,0.0141,4,0.8,7
ciciot2023:rung0.8,mlp,BruteForce,1371,527,0.9927,0.9495,0.0005,-0.0072,-0.0004,0.0443,4,0.8,7
ciciot2023:rung0.8,mlp,DDoS,68476,25864,0.5,0.9496,0.0004,0.0,0.0,0.009,4,0.8,7
ciciot2023:rung0.8,mlp,DoS,25215,9650,0.5,0.9474,0.0026,-0.0,0.0,0.0087,4,0.8,7
ciciot2023:rung0.8,mlp,Mirai,18953,7163,0.5,0.9494,0.0006,0.0,0.0,0.0046,4,0.8,7
ciciot2023:rung0.8,mlp,Recon,23055,8808,0.6773,0.9506,-0.0006,0.0009,0.0,0.0147,4,0.8,7
ciciot2023:rung0.8,mlp,Spoofing,12575,4727,0.8786,0.9513,-0.0013,0.0,-0.0007,0.0171,4,0.8,7
ciciot2023:rung0.8,mlp,Web,2135,811,0.9775,0.9682,-0.0182,-0.0173,-0.012,0.1188,4,0.8,7
ciciot2023:rung0.8,mlp,Benign,6299,2450,0.9434,0.9533,-0.0033,0.0007,0.0042,0.0164,4,0.8,88
ciciot2023:rung0.8,mlp,BruteForce,1371,527,0.99,0.959,-0.009,-0.0014,-0.0015,0.0286,4,0.8,88
ciciot2023:rung0.8,mlp,DDoS,68476,25864,0.5,0.9494,0.0006,0.0,0.0,0.0085,4,0.8,88
ciciot2023:rung0.8,mlp,DoS,25215,9650,0.4999,0.9514,-0.0014,0.0,0.0,0.0055,4,0.8,88
ciciot2023:rung0.8,mlp,Mirai,18953,7163,0.4999,0.9487,0.0013,0.0,0.0,0.0023,4,0.8,88
ciciot2023:rung0.8,mlp,Recon,23055,8808,0.6871,0.9519,-0.0019,0.0013,0.0,0.0105,4,0.8,88
ciciot2023:rung0.8,mlp,Spoofing,12575,4727,0.8848,0.955,-0.005,0.0001,0.0006,0.0192,4,0.8,88
ciciot2023:rung0.8,mlp,Web,2135,811,0.9736,0.9639,-0.0139,0.0027,-0.0142,0.0891,4,0.8,88
ciciot2023:rung0.8,mlp,Benign,6299,2450,0.944,0.9516,-0.0016,0.0006,-0.0037,0.0132,4,0.8,91
ciciot2023:rung0.8,mlp,BruteForce,1371,527,0.9914,0.9628,-0.0128,-0.0007,-0.0013,0.0456,4,0.8,91
ciciot2023:rung0.8,mlp,DDoS,68476,25864,0.5,0.9508,-0.0008,-0.0,0.0,0.0076,4,0.8,91
ciciot2023:rung0.8,mlp,DoS,25215,9650,0.4999,0.9509,-0.0009,0.0,0.0,0.0051,4,0.8,91
ciciot2023:rung0.8,mlp,Mirai,18953,7163,0.4999,0.9513,-0.0013,0.0,0.0,0.002,4,0.8,91
ciciot2023:rung0.8,mlp,Recon,23055,8808,0.6895,0.9479,0.0021,0.0013,0.0,0.0135,4,0.8,91
ciciot2023:rung0.8,mlp,Spoofing,12575,4727,0.8837,0.9505,-0.0005,0.0,-0.0012,0.0172,4,0.8,91
ciciot2023:rung0.8,mlp,Web,2135,811,0.9704,0.9594,-0.0094,-0.0134,-0.014,0.0729,4,0.8,91
ciciot2023:rung0.8,rf,Benign,6299,2450,0.934,0.9565,-0.0065,-0.0004,-0.0059,0.0163,4,0.8,12345
ciciot2023:rung0.8,rf,BruteForce,1371,527,0.991,0.9662,-0.0162,-0.0015,-0.0056,0.0414,4,0.8,12345
ciciot2023:rung0.8,rf,DDoS,68476,25864,0.5,0.95,-0.0,0.0,0.0,0.002,4,0.8,12345
ciciot2023:rung0.8,rf,DoS,25215,9650,0.5,0.9503,-0.0003,0.0,0.0,0.0023,4,0.8,12345
ciciot2023:rung0.8,rf,Mirai,18953,7163,0.5,0.9483,0.0017,0.0,0.0,0.0017,4,0.8,12345
ciciot2023:rung0.8,rf,Recon,23055,8808,0.6647,0.9462,0.0038,0.0003,0.0,0.0122,4,0.8,12345
ciciot2023:rung0.8,rf,Spoofing,12575,4727,0.8412,0.952,-0.002,0.0006,0.0192,0.026,4,0.8,12345
ciciot2023:rung0.8,rf,Web,2135,811,0.9673,0.963,-0.013,-0.042,-0.0079,0.0951,4,0.8,12345
ciciot2023:rung0.8,rf,Benign,6299,2450,0.9388,0.9544,-0.0044,-0.0004,-0.0149,0.0143,4,0.8,1337
ciciot2023:rung0.8,rf,BruteForce,1371,527,0.9892,0.9507,-0.0007,-0.0026,-0.0022,0.0343,4,0.8,1337
ciciot2023:rung0.8,rf,DDoS,68476,25864,0.5,0.9499,0.0001,0.0,0.0,0.0026,4,0.8,1337
ciciot2023:rung0.8,rf,DoS,25215,9650,0.5,0.9509,-0.0009,0.0,0.0,0.0025,4,0.8,1337
ciciot2023:rung0.8,rf,Mirai,18953,7163,0.5,0.9516,-0.0016,0.0,0.0,0.0013,4,0.8,1337
ciciot2023:rung0.8,rf,Recon,23055,8808,0.6425,0.9467,0.0033,0.0003,0.0,0.0126,4,0.8,1337
ciciot2023:rung0.8,rf,Spoofing,12575,4727,0.8372,0.9521,-0.0021,0.0003,0.015,0.0277,4,0.8,1337
ciciot2023:rung0.8,rf,Web,2135,811,0.9627,0.9641,-0.0141,-0.0373,-0.0134,0.0989,4,0.8,1337
ciciot2023:rung0.8,rf,Benign,6299,2450,0.9317,0.9535,-0.0035,0.0009,0.0108,0.0139,4,0.8,2024
ciciot2023:rung0.8,rf,BruteForce,1371,527,0.9881,0.963,-0.013,-0.0074,-0.0055,0.0399,4,0.8,2024
ciciot2023:rung0.8,rf,DDoS,68476,25864,0.5,0.9506,-0.0006,0.0,0.0,0.0027,4,0.8,2024
ciciot2023:rung0.8,rf,DoS,25215,9650,0.5,0.9487,0.0013,0.0,0.0,0.0019,4,0.8,2024
ciciot2023:rung0.8,rf,Mirai,18953,7163,0.5,0.9478,0.0022,0.0,0.0,0.0013,4,0.8,2024
ciciot2023:rung0.8,rf,Recon,23055,8808,0.6431,0.95,0.0,0.0001,0.0,0.0137,4,0.8,2024
ciciot2023:rung0.8,rf,Spoofing,12575,4727,0.8414,0.9502,-0.0002,0.0002,0.004,0.0296,4,0.8,2024
ciciot2023:rung0.8,rf,Web,2135,811,0.9684,0.9681,-0.0181,-0.0439,-0.0157,0.0886,4,0.8,2024
ciciot2023:rung0.8,rf,Benign,6299,2450,0.9328,0.9487,0.0013,-0.0003,0.003,0.0221,4,0.8,3407
ciciot2023:rung0.8,rf,BruteForce,1371,527,0.9888,0.9562,-0.0062,-0.0106,-0.0004,0.029,4,0.8,3407
ciciot2023:rung0.8,rf,DDoS,68476,25864,0.5,0.9488,0.0012,0.0,0.0,0.0027,4,0.8,3407
ciciot2023:rung0.8,rf,DoS,25215,9650,0.5,0.9506,-0.0006,0.0,0.0,0.0017,4,0.8,3407
ciciot2023:rung0.8,rf,Mirai,18953,7163,0.5,0.9534,-0.0034,0.0,0.0,0.0018,4,0.8,3407
ciciot2023:rung0.8,rf,Recon,23055,8808,0.6369,0.9459,0.0041,0.0,0.0,0.0129,4,0.8,3407
ciciot2023:rung0.8,rf,Spoofing,12575,4727,0.8364,0.9503,-0.0003,0.0003,0.0079,0.0264,4,0.8,3407
ciciot2023:rung0.8,rf,Web,2135,811,0.9672,0.9755,-0.0255,-0.0339,-0.012,0.0772,4,0.8,3407
ciciot2023:rung0.8,rf,Benign,6299,2450,0.9297,0.9582,-0.0082,0.0002,-0.0136,0.0183,4,0.8,42
ciciot2023:rung0.8,rf,BruteForce,1371,527,0.9895,0.9638,-0.0138,-0.0033,-0.0009,0.0479,4,0.8,42
ciciot2023:rung0.8,rf,DDoS,68476,25864,0.5,0.9499,0.0001,0.0,0.0,0.0029,4,0.8,42
ciciot2023:rung0.8,rf,DoS,25215,9650,0.5,0.9507,-0.0007,0.0,0.0,0.0028,4,0.8,42
ciciot2023:rung0.8,rf,Mirai,18953,7163,0.5,0.9505,-0.0005,0.0,0.0,0.0011,4,0.8,42
ciciot2023:rung0.8,rf,Recon,23055,8808,0.6298,0.9505,-0.0005,0.0,0.0,0.01,4,0.8,42
ciciot2023:rung0.8,rf,Spoofing,12575,4727,0.8401,0.9495,0.0005,0.0002,0.0123,0.0271,4,0.8,42
ciciot2023:rung0.8,rf,Web,2135,811,0.9721,0.9644,-0.0144,-0.0316,-0.0077,0.071,4,0.8,42
ciciot2023:rung0.8,rf,Benign,6299,2450,0.9307,0.9591,-0.0091,-0.0003,-0.0059,0.0213,4,0.8,512
ciciot2023:rung0.8,rf,BruteForce,1371,527,0.9874,0.9649,-0.0149,-0.0023,-0.0078,0.0344,4,0.8,512
ciciot2023:rung0.8,rf,DDoS,68476,25864,0.5,0.9509,-0.0009,0.0,0.0,0.002,4,0.8,512
ciciot2023:rung0.8,rf,DoS,25215,9650,0.5,0.9487,0.0013,0.0,0.0,0.0022,4,0.8,512
ciciot2023:rung0.8,rf,Mirai,18953,7163,0.5,0.9482,0.0018,0.0,0.0,0.0014,4,0.8,512
ciciot2023:rung0.8,rf,Recon,23055,8808,0.639,0.9497,0.0003,0.0,0.0,0.0117,4,0.8,512
ciciot2023:rung0.8,rf,Spoofing,12575,4727,0.8329,0.9515,-0.0015,0.0003,0.0095,0.0262,4,0.8,512
ciciot2023:rung0.8,rf,Web,2135,811,0.9615,0.9497,0.0003,-0.0305,-0.0009,0.0843,4,0.8,512
ciciot2023:rung0.8,rf,Benign,6299,2450,0.9255,0.9572,-0.0072,-0.0002,0.0078,0.0169,4,0.8,6021
ciciot2023:rung0.8,rf,BruteForce,1371,527,0.9906,0.9645,-0.0145,-0.0014,-0.0029,0.035,4,0.8,6021
ciciot2023:rung0.8,rf,DDoS,68476,25864,0.5,0.9495,0.0005,0.0,0.0,0.0018,4,0.8,6021
ciciot2023:rung0.8,rf,DoS,25215,9650,0.5,0.9494,0.0006,0.0,0.0,0.0018,4,0.8,6021
ciciot2023:rung0.8,rf,Mirai,18953,7163,0.5,0.9524,-0.0024,0.0,0.0,0.0011,4,0.8,6021
ciciot2023:rung0.8,rf,Recon,23055,8808,0.652,0.9491,0.0009,0.0001,0.0,0.0118,4,0.8,6021
ciciot2023:rung0.8,rf,Spoofing,12575,4727,0.8333,0.9525,-0.0025,0.0002,0.0096,0.0234,4,0.8,6021
ciciot2023:rung0.8,rf,Web,2135,811,0.9662,0.9612,-0.0112,-0.0456,-0.0131,0.0903,4,0.8,6021
ciciot2023:rung0.8,rf,Benign,6299,2450,0.9311,0.9551,-0.0051,-0.0001,0.0047,0.0119,4,0.8,7
ciciot2023:rung0.8,rf,BruteForce,1371,527,0.9913,0.9398,0.0102,-0.0032,0.0019,0.0376,4,0.8,7
ciciot2023:rung0.8,rf,DDoS,68476,25864,0.5,0.9486,0.0014,0.0,0.0,0.002,4,0.8,7
ciciot2023:rung0.8,rf,DoS,25215,9650,0.5,0.9521,-0.0021,0.0,0.0,0.002,4,0.8,7
ciciot2023:rung0.8,rf,Mirai,18953,7163,0.5,0.9522,-0.0022,0.0,0.0,0.0013,4,0.8,7
ciciot2023:rung0.8,rf,Recon,23055,8808,0.6374,0.9479,0.0021,0.0001,0.0,0.0106,4,0.8,7
ciciot2023:rung0.8,rf,Spoofing,12575,4727,0.8341,0.9495,0.0005,0.0009,0.0072,0.0286,4,0.8,7
ciciot2023:rung0.8,rf,Web,2135,811,0.9628,0.9565,-0.0065,-0.0284,-0.0085,0.0695,4,0.8,7
ciciot2023:rung0.8,rf,Benign,6299,2450,0.9347,0.9538,-0.0038,0.0002,0.0114,0.0095,4,0.8,88
ciciot2023:rung0.8,rf,BruteForce,1371,527,0.9906,0.955,-0.005,-0.0043,-0.0024,0.0351,4,0.8,88
ciciot2023:rung0.8,rf,DDoS,68476,25864,0.5,0.9502,-0.0002,0.0,0.0,0.003,4,0.8,88
ciciot2023:rung0.8,rf,DoS,25215,9650,0.5,0.9521,-0.0021,0.0,0.0,0.002,4,0.8,88
ciciot2023:rung0.8,rf,Mirai,18953,7163,0.5,0.9497,0.0003,0.0,0.0,0.0019,4,0.8,88
ciciot2023:rung0.8,rf,Recon,23055,8808,0.6538,0.9478,0.0022,0.0,0.0,0.0106,4,0.8,88
ciciot2023:rung0.8,rf,Spoofing,12575,4727,0.8329,0.9515,-0.0015,0.0007,0.0249,0.0305,4,0.8,88
ciciot2023:rung0.8,rf,Web,2135,811,0.9654,0.9655,-0.0155,-0.035,-0.0049,0.0941,4,0.8,88
ciciot2023:rung0.8,rf,Benign,6299,2450,0.9323,0.9567,-0.0067,0.0001,0.0055,0.0208,4,0.8,91
ciciot2023:rung0.8,rf,BruteForce,1371,527,0.9899,0.9647,-0.0147,-0.0054,-0.0086,0.0409,4,0.8,91
ciciot2023:rung0.8,rf,DDoS,68476,25864,0.5,0.9503,-0.0003,0.0,0.0,0.0021,4,0.8,91
ciciot2023:rung0.8,rf,DoS,25215,9650,0.5,0.9479,0.0021,0.0,0.0,0.0018,4,0.8,91
ciciot2023:rung0.8,rf,Mirai,18953,7163,0.5,0.9492,0.0008,0.0,0.0,0.0009,4,0.8,91
ciciot2023:rung0.8,rf,Recon,23055,8808,0.6518,0.9464,0.0036,0.0001,0.0,0.0112,4,0.8,91
ciciot2023:rung0.8,rf,Spoofing,12575,4727,0.8353,0.9536,-0.0036,0.0002,0.0167,0.0271,4,0.8,91
ciciot2023:rung0.8,rf,Web,2135,811,0.9652,0.9607,-0.0107,-0.0507,-0.0075,0.1157,4,0.8,91
ciciot2023:rung0.8,xgb,Benign,6299,2450,0.8944,0.9581,-0.0081,0.0,-0.0149,0.0122,4,0.8,12345
ciciot2023:rung0.8,xgb,BruteForce,1371,527,0.9867,0.962,-0.012,0.0,-0.0058,0.0393,4,0.8,12345
ciciot2023:rung0.8,xgb,DDoS,68476,25864,0.5,0.9509,-0.0009,0.0,0.0,0.0002,4,0.8,12345
ciciot2023:rung0.8,xgb,DoS,25215,9650,0.5,0.9509,-0.0009,0.0,0.0,0.0005,4,0.8,12345
ciciot2023:rung0.8,xgb,Mirai,18953,7163,0.5,0.9487,0.0013,0.0,0.0,0.0004,4,0.8,12345
ciciot2023:rung0.8,xgb,Recon,23055,8808,0.599,0.9486,0.0014,0.0,0.0,0.0093,4,0.8,12345
ciciot2023:rung0.8,xgb,Spoofing,12575,4727,0.801,0.9501,-0.0001,0.0,0.0264,0.0229,4,0.8,12345
ciciot2023:rung0.8,xgb,Web,2135,811,0.9606,0.9392,0.0108,-0.0031,0.0078,0.0933,4,0.8,12345
ciciot2023:rung0.8,xgb,Benign,6299,2450,0.8867,0.9469,0.0031,0.0,0.0004,0.0196,4,0.8,1337
ciciot2023:rung0.8,xgb,BruteForce,1371,527,0.9858,0.9584,-0.0084,0.0,-0.0121,0.0476,4,0.8,1337
ciciot2023:rung0.8,xgb,DDoS,68476,25864,0.5,0.9491,0.0009,0.0,0.0,0.0001,4,0.8,1337
ciciot2023:rung0.8,xgb,DoS,25215,9650,0.5,0.9478,0.0022,0.0,0.0,0.0005,4,0.8,1337
ciciot2023:rung0.8,xgb,Mirai,18953,7163,0.5,0.9495,0.0005,0.0,0.0,0.0003,4,0.8,1337
ciciot2023:rung0.8,xgb,Recon,23055,8808,0.5625,0.9506,-0.0006,0.0,0.0,0.0061,4,0.8,1337
ciciot2023:rung0.8,xgb,Spoofing,12575,4727,0.8086,0.951,-0.001,0.0,0.0328,0.0207,4,0.8,1337
ciciot2023:rung0.8,xgb,Web,2135,811,0.952,0.9449,0.0051,-0.0022,0.0107,0.0751,4,0.8,1337
ciciot2023:rung0.8,xgb,Benign,6299,2450,0.8935,0.954,-0.004,0.0,-0.0026,0.0109,4,0.8,2024
ciciot2023:rung0.8,xgb,BruteForce,1371,527,0.9868,0.9636,-0.0136,0.0,-0.0065,0.0314,4,0.8,2024
ciciot2023:rung0.8,xgb,DDoS,68476,25864,0.5,0.9507,-0.0007,0.0,0.0,0.0001,4,0.8,2024
ciciot2023:rung0.8,xgb,DoS,25215,9650,0.5,0.9508,-0.0008,0.0,0.0,0.0005,4,0.8,2024
ciciot2023:rung0.8,xgb,Mirai,18953,7163,0.5,0.9471,0.0029,0.0,0.0,0.0004,4,0.8,2024
ciciot2023:rung0.8,xgb,Recon,23055,8808,0.5315,0.9473,0.0027,0.0,0.0,0.0127,4,0.8,2024
ciciot2023:rung0.8,xgb,Spoofing,12575,4727,0.8043,0.9494,0.0006,0.0,0.0417,0.0288,4,0.8,2024
ciciot2023:rung0.8,xgb,Web,2135,811,0.9622,0.9464,0.0036,-0.0018,-0.0001,0.0646,4,0.8,2024
ciciot2023:rung0.8,xgb,Benign,6299,2450,0.8885,0.9512,-0.0012,0.0,-0.0169,0.0087,4,0.8,3407
ciciot2023:rung0.8,xgb,BruteForce,1371,527,0.9858,0.9611,-0.0111,0.0,-0.0069,0.0382,4,0.8,3407
ciciot2023:rung0.8,xgb,DDoS,68476,25864,0.5,0.9506,-0.0006,0.0,0.0,0.0002,4,0.8,3407
ciciot2023:rung0.8,xgb,DoS,25215,9650,0.5,0.9518,-0.0018,0.0,0.0,0.0007,4,0.8,3407
ciciot2023:rung0.8,xgb,Mirai,18953,7163,0.5,0.9501,-0.0001,0.0,0.0,0.0002,4,0.8,3407
ciciot2023:rung0.8,xgb,Recon,23055,8808,0.537,0.9469,0.0031,0.0,0.0,0.0078,4,0.8,3407
ciciot2023:rung0.8,xgb,Spoofing,12575,4727,0.8015,0.9501,-0.0001,0.0,0.0269,0.0185,4,0.8,3407
ciciot2023:rung0.8,xgb,Web,2135,811,0.9543,0.9413,0.0087,-0.0058,0.014,0.0963,4,0.8,3407
ciciot2023:rung0.8,xgb,Benign,6299,2450,0.8842,0.9553,-0.0053,0.0,0.0012,0.009,4,0.8,42
ciciot2023:rung0.8,xgb,BruteForce,1371,527,0.986,0.9577,-0.0077,0.0,-0.0125,0.0509,4,0.8,42
ciciot2023:rung0.8,xgb,DDoS,68476,25864,0.5,0.9489,0.0011,0.0,0.0,0.0002,4,0.8,42
ciciot2023:rung0.8,xgb,DoS,25215,9650,0.5,0.9492,0.0008,0.0,0.0,0.0005,4,0.8,42
ciciot2023:rung0.8,xgb,Mirai,18953,7163,0.5,0.9503,-0.0003,0.0,0.0,0.0005,4,0.8,42
ciciot2023:rung0.8,xgb,Recon,23055,8808,0.5644,0.9481,0.0019,0.0,0.0,0.0075,4,0.8,42
ciciot2023:rung0.8,xgb,Spoofing,12575,4727,0.8067,0.9509,-0.0009,0.0,0.0234,0.0156,4,0.8,42
ciciot2023:rung0.8,xgb,Web,2135,811,0.9559,0.9476,0.0024,-0.0044,0.0107,0.088,4,0.8,42
ciciot2023:rung0.8,xgb,Benign,6299,2450,0.896,0.9549,-0.0049,0.0,-0.0097,0.0085,4,0.8,512
ciciot2023:rung0.8,xgb,BruteForce,1371,527,0.9861,0.9607,-0.0107,0.0,-0.0047,0.0293,4,0.8,512
ciciot2023:rung0.8,xgb,DDoS,68476,25864,0.5,0.9493,0.0007,0.0,0.0,0.0002,4,0.8,512
ciciot2023:rung0.8,xgb,DoS,25215,9650,0.5,0.9496,0.0004,0.0,0.0,0.0005,4,0.8,512
ciciot2023:rung0.8,xgb,Mirai,18953,7163,0.5,0.9509,-0.0009,0.0,0.0,0.0002,4,0.8,512
ciciot2023:rung0.8,xgb,Recon,23055,8808,0.5937,0.9503,-0.0003,0.0,0.0,0.0128,4,0.8,512
ciciot2023:rung0.8,xgb,Spoofing,12575,4727,0.8102,0.9521,-0.0021,0.0,0.0309,0.0133,4,0.8,512
ciciot2023:rung0.8,xgb,Web,2135,811,0.9503,0.94,0.01,-0.0076,0.0063,0.0934,4,0.8,512
ciciot2023:rung0.8,xgb,Benign,6299,2450,0.8988,0.9491,0.0009,0.0,-0.0294,0.0133,4,0.8,6021
ciciot2023:rung0.8,xgb,BruteForce,1371,527,0.9842,0.9647,-0.0147,0.0,-0.0094,0.0345,4,0.8,6021
ciciot2023:rung0.8,xgb,DDoS,68476,25864,0.5,0.9499,0.0001,0.0,0.0,0.0002,4,0.8,6021
ciciot2023:rung0.8,xgb,DoS,25215,9650,0.5,0.9493,0.0007,0.0,0.0,0.0007,4,0.8,6021
ciciot2023:rung0.8,xgb,Mirai,18953,7163,0.5,0.9518,-0.0018,0.0,0.0,0.0005,4,0.8,6021
ciciot2023:rung0.8,xgb,Recon,23055,8808,0.5533,0.9482,0.0018,0.0,0.0,0.0124,4,0.8,6021
ciciot2023:rung0.8,xgb,Spoofing,12575,4727,0.8044,0.9519,-0.0019,0.0,0.0387,0.0238,4,0.8,6021
ciciot2023:rung0.8,xgb,Web,2135,811,0.9605,0.9462,0.0038,-0.0036,0.0038,0.0934,4,0.8,6021
ciciot2023:rung0.8,xgb,Benign,6299,2450,0.8972,0.9491,0.0009,0.0,-0.0019,0.014,4,0.8,7
ciciot2023:rung0.8,xgb,BruteForce,1371,527,0.9867,0.9596,-0.0096,0.0,-0.013,0.0305,4,0.8,7
ciciot2023:rung0.8,xgb,DDoS,68476,25864,0.5,0.9511,-0.0011,0.0,0.0,0.0001,4,0.8,7
ciciot2023:rung0.8,xgb,DoS,25215,9650,0.5,0.9505,-0.0005,0.0,0.0,0.0009,4,0.8,7
ciciot2023:rung0.8,xgb,Mirai,18953,7163,0.5,0.9498,0.0002,0.0,0.0,0.0003,4,0.8,7
ciciot2023:rung0.8,xgb,Recon,23055,8808,0.5544,0.9494,0.0006,0.0,0.0,0.0112,4,0.8,7
ciciot2023:rung0.8,xgb,Spoofing,12575,4727,0.7982,0.9568,-0.0068,0.0,0.0366,0.0267,4,0.8,7
ciciot2023:rung0.8,xgb,Web,2135,811,0.9592,0.9487,0.0013,-0.0036,-0.0071,0.0736,4,0.8,7
ciciot2023:rung0.8,xgb,Benign,6299,2450,0.9018,0.9512,-0.0012,0.0,-0.0171,0.0098,4,0.8,88
ciciot2023:rung0.8,xgb,BruteForce,1371,527,0.9858,0.9596,-0.0096,0.0,-0.0065,0.0329,4,0.8,88
ciciot2023:rung0.8,xgb,DDoS,68476,25864,0.5,0.9484,0.0016,0.0,0.0,0.0003,4,0.8,88
ciciot2023:rung0.8,xgb,DoS,25215,9650,0.5,0.9524,-0.0024,0.0,0.0,0.0007,4,0.8,88
ciciot2023:rung0.8,xgb,Mirai,18953,7163,0.5,0.9527,-0.0027,0.0,0.0,0.0003,4,0.8,88
ciciot2023:rung0.8,xgb,Recon,23055,8808,0.5694,0.9476,0.0024,0.0,0.0,0.0096,4,0.8,88
ciciot2023:rung0.8,xgb,Spoofing,12575,4727,0.8015,0.9511,-0.0011,0.0,0.026,0.0234,4,0.8,88
ciciot2023:rung0.8,xgb,Web,2135,811,0.9508,0.9416,0.0084,-0.0029,0.0135,0.074,4,0.8,88
ciciot2023:rung0.8,xgb,Benign,6299,2450,0.8856,0.9549,-0.0049,0.0,-0.0246,0.0134,4,0.8,91
ciciot2023:rung0.8,xgb,BruteForce,1371,527,0.985,0.9664,-0.0164,0.0,-0.0089,0.0378,4,0.8,91
ciciot2023:rung0.8,xgb,DDoS,68476,25864,0.5,0.95,0.0,0.0,0.0,0.0001,4,0.8,91
ciciot2023:rung0.8,xgb,DoS,25215,9650,0.5,0.9495,0.0005,0.0,0.0,0.0005,4,0.8,91
ciciot2023:rung0.8,xgb,Mirai,18953,7163,0.5,0.9508,-0.0008,0.0,0.0,0.0006,4,0.8,91
ciciot2023:rung0.8,xgb,Recon,23055,8808,0.6058,0.9489,0.0011,0.0,0.0,0.0122,4,0.8,91
ciciot2023:rung0.8,xgb,Spoofing,12575,4727,0.812,0.9538,-0.0038,0.0,0.0461,0.0268,4,0.8,91
ciciot2023:rung0.8,xgb,Web,2135,811,0.9548,0.9433,0.0067,-0.0038,0.0093,0.0862,4,0.8,91
