dataset,rung,class,arch,seed,realization,q_src,F_src_at_q,F_tgt_at_q,signed_displacement_at_q,calibration_slack,undercoverage,KS_two_sided,KS_location,one_sided_up,one_sided_down,tail_mass_above_q_target,quantile_displacement,frac_of_KS_realised_at_q,n_src,n_tgt
nslkdd,0.8,Normal,mlp,12345,0,0.4999731779098511,0.9973269973269974,0.9771825396825397,0.020144457644457714,-0.04732699732699741,-0.027182539682539697,0.04992286242286241,0.4999731481075287,0.04992286242286241,0.004471504471504471,0.022817460317460347,0.0,0.40351167114232744,10101,1008
nslkdd,0.8,DoS,mlp,12345,0,0.4999731779098511,0.9991290463057048,0.42875647668393785,0.570372569621767,-0.049129046305704804,0.5212435233160622,0.570372569621767,0.4999731779098511,0.570372569621767,0.19320674921422376,0.5712435233160622,0.5000268492554378,1.0,6889,772
nslkdd,0.8,Probe,mlp,12345,0,0.4999731779098511,0.9897025171624714,0.6024096385542169,0.38729287860825445,-0.03970251716247142,0.34759036144578304,0.38729287860825445,0.4999731779098511,0.38729287860825445,0.09590536057272567,0.3975903614457831,0.500026825980648,1.0,1748,249
nslkdd,0.8,R2L,mlp,12345,0,0.9905286473222077,0.959731543624161,0.057432432432432436,0.9022991111917286,-0.009731543624161065,0.8925675675675675,0.9123435516052966,0.9939015209674835,0.9123435516052966,0.0034690730999455844,0.9425675675675675,0.00944456552315387,0.9889905064864059,149,296
nslkdd,0.8,Normal,mlp,12345,1,0.4999731779098511,0.9973269973269974,0.9791666666666666,0.018160330660330737,-0.04732699732699741,-0.029166666666666674,0.04694667194667193,0.4999731481075287,0.04694667194667193,0.002784377784377784,0.02083333333333337,0.0,0.38682892540198754,10101,1008
nslkdd,0.8,DoS,mlp,12345,1,0.4999731779098511,0.9991290463057048,0.3735408560311284,0.6255881902745764,-0.049129046305704804,0.5764591439688715,0.6255881902745764,0.4999731779098511,0.6255881902745764,0.14807493063529725,0.6264591439688716,0.500026858081174,1.0,6889,771
nslkdd,0.8,Probe,mlp,12345,1,0.4999731779098511,0.9897025171624714,0.6370967741935484,0.352605742968923,-0.03970251716247142,0.3129032258064516,0.352605742968923,0.4999731779098511,0.352605742968923,0.09813980955193032,0.3629032258064516,0.5000268492564404,1.0,1748,248
nslkdd,0.8,R2L,mlp,12345,1,0.9905286473222077,0.959731543624161,0.050505050505050504,0.9092264931191105,-0.009731543624161065,0.8994949494949495,0.9192823085440536,0.9939015209674835,0.9192823085440536,0.01012360743904368,0.9494949494949495,0.009444569408515235,0.989061232516408,149,297
nslkdd,0.8,Normal,mlp,12345,2,0.4999731779098511,0.9973269973269974,0.9682539682539683,0.02907302907302911,-0.04732699732699741,-0.0182539682539683,0.06877206877206876,0.4999731481075287,0.06877206877206876,0.0006950631950631951,0.031746031746031744,0.0,0.42274472168906013,10101,1008
nslkdd,0.8,DoS,mlp,12345,2,0.4999731779098511,0.9991290463057048,0.42153047989623865,0.577598566409466,-0.049129046305704804,0.5284695201037612,0.577598566409466,0.4999731779098511,0.577598566409466,0.1888442617688418,0.5784695201037613,0.5000268492554378,1.0,6889,771
nslkdd,0.8,Probe,mlp,12345,2,0.4999731779098511,0.9897025171624714,0.588,0.4017025171624714,-0.03970251716247142,0.362,0.4017025171624714,0.4999731779098511,0.4017025171624714,0.1982151029748284,0.41200000000000003,0.500026825980648,1.0,1748,250
nslkdd,0.8,R2L,mlp,12345,2,0.9905286473222077,0.959731543624161,0.04713804713804714,0.9125934964861139,-0.009731543624161065,0.9028619528619528,0.9260163152780603,0.9939015209674835,0.9260163152780603,0.013513208144080626,0.9528619528619529,0.009444563133729433,0.9855047707362307,149,297
nslkdd,0.8,Normal,mlp,12345,3,0.4999731779098511,0.9973269973269974,0.9821428571428571,0.015184140184140271,-0.04732699732699741,-0.03214285714285714,0.07174825924825923,0.4999731481075287,0.07174825924825923,-0.0,0.017857142857142905,0.0,0.21163078161382254,10101,1008
nslkdd,0.8,DoS,mlp,12345,3,0.4999731779098511,0.9991290463057048,0.37176165803108807,0.6273673882746167,-0.049129046305704804,0.5782383419689119,0.6275125472236659,0.8481878936290741,0.6275125472236659,0.14503334519174144,0.6282383419689119,0.500026858081174,0.9997686756229952,6889,772
nslkdd,0.8,Probe,mlp,12345,3,0.4999731779098511,0.9897025171624714,0.6345381526104418,0.3551643645520296,-0.03970251716247142,0.3154618473895582,0.3551643645520296,0.4999731779098511,0.3551643645520296,0.11255318757869004,0.3654618473895582,0.500026825980648,1.0,1748,249
nslkdd,0.8,R2L,mlp,12345,3,0.9905286473222077,0.959731543624161,0.05723905723905724,0.9024924863851038,-0.009731543624161065,0.8927609427609428,0.9125483018100469,0.9939015209674835,0.9125483018100469,0.01014620477707726,0.9427609427609428,0.009444532532143057,0.9889805116014163,149,297
nslkdd,0.8,Normal,mlp,12345,4,0.4999731779098511,0.9973269973269974,0.9771825396825397,0.020144457644457714,-0.04732699732699741,-0.027182539682539697,0.0628196878196878,0.4999731481075287,0.0628196878196878,-0.0,0.022817460317460347,0.0,0.32067108805568445,10101,1008
nslkdd,0.8,DoS,mlp,12345,4,0.4999731779098511,0.9991290463057048,0.37094682230869,0.6281822239970147,-0.049129046305704804,0.5790531776913099,0.6281822239970147,0.4999731779098511,0.6281822239970147,0.14474568848738914,0.62905317769131,0.500026858081174,1.0,6889,771
nslkdd,0.8,Probe,mlp,12345,4,0.4999731779098511,0.9897025171624714,0.488,0.5017025171624714,-0.03970251716247142,0.46199999999999997,0.5017025171624714,0.4999731779098511,0.5017025171624714,0.09539130434782608,0.512,0.500026825980648,1.0,1748,250
nslkdd,0.8,R2L,mlp,12345,4,0.9905286473222077,0.959731543624161,0.037037037037037035,0.9226945065871239,-0.009731543624161065,0.912962962962963,0.932750322012067,0.9939015209674835,0.932750322012067,0.0033896007050369477,0.962962962962963,0.009444562860153383,0.9892191777503209,149,297
nslkdd,0.8,Normal,mlp,12345,5,0.4999731779098511,0.9973269973269974,0.9781746031746031,0.019152394152394225,-0.04732699732699741,-0.028174603174603186,0.060835560835560826,0.4999731481075287,0.060835560835560826,0.0004021879021879021,0.02182539682539686,0.0,0.3148223487930579,10101,1008
nslkdd,0.8,DoS,mlp,12345,5,0.4999731779098511,0.9991290463057048,0.3787289234760052,0.6204001228296996,-0.049129046305704804,0.5712710765239948,0.6204001228296996,0.4999731779098511,0.6204001228296996,0.16679497512811547,0.6212710765239948,0.500026858081174,1.0,6889,771
nslkdd,0.8,Probe,mlp,12345,5,0.4999731779098511,0.9897025171624714,0.5421686746987951,0.4475338424636762,-0.03970251716247142,0.4078313253012048,0.44810592484353895,0.8335332572460175,0.44810592484353895,0.14705044434029022,0.45783132530120485,0.500026825980648,0.9987233322566256,1748,249
nslkdd,0.8,R2L,mlp,12345,5,0.9905286473222077,0.959731543624161,0.04391891891891892,0.915812624705242,-0.009731543624161065,0.906081081081081,0.9258570651188102,0.9939015209674835,0.9258570651188102,0.0034690730999455844,0.956081081081081,0.009444569408515235,0.9891511975314686,149,296
nslkdd,0.8,Normal,mlp,12345,6,0.4999731779098511,0.9973269973269974,0.9742063492063492,0.02312064812064818,-0.04732699732699741,-0.02420634920634923,0.06758200508200508,0.4999731183052063,0.06758200508200508,0.0006950631950631951,0.025793650793650813,0.0,0.3421124912259294,10101,1008
nslkdd,0.8,DoS,mlp,12345,6,0.4999731779098511,0.9991290463057048,0.3860103626943005,0.6131186836114042,-0.049129046305704804,0.5639896373056994,0.6132638425604535,0.8481878936290741,0.6132638425604535,0.1730398089016281,0.6139896373056994,0.500026858081174,0.9997633009824234,6889,772
nslkdd,0.8,Probe,mlp,12345,6,0.4999731779098511,0.9897025171624714,0.6224899598393574,0.367212557323114,-0.03970251716247142,0.32751004016064256,0.367212557323114,0.4999731779098511,0.367212557323114,0.09648893055057761,0.3775100401606426,0.500026825980648,1.0,1748,249
nslkdd,0.8,R2L,mlp,12345,6,0.9905286473222077,0.959731543624161,0.050505050505050504,0.9092264931191105,-0.009731543624161065,0.8994949494949495,0.9192823085440536,0.9939015209674835,0.9192823085440536,0.006756604072040313,0.9494949494949495,0.009444569408515235,0.989061232516408,149,297
nslkdd,0.8,Normal,mlp,12345,7,0.4999731779098511,0.9973269973269974,0.9682539682539683,0.02907302907302911,-0.04732699732699741,-0.0182539682539683,0.05488317988317987,0.4999731481075287,0.05488317988317987,0.0013942513942513941,0.031746031746031744,0.0,0.529725667042466,10101,1008
nslkdd,0.8,DoS,mlp,12345,7,0.4999731779098511,0.9991290463057048,0.405440414507772,0.5936886317979327,-0.049129046305704804,0.5445595854922279,0.5936886317979327,0.4999731779098511,0.5936886317979327,0.16963365040159387,0.594559585492228,0.5000268492554378,1.0,6889,772
nslkdd,0.8,Probe,mlp,12345,7,0.4999731779098511,0.9897025171624714,0.624,0.3657025171624714,-0.03970251716247142,0.32599999999999996,0.3657025171624714,0.4999731779098511,0.3657025171624714,0.07421510297482839,0.376,0.500026825980648,1.0,1748,250
nslkdd,0.8,R2L,mlp,12345,7,0.9905286473222077,0.959731543624161,0.03367003367003367,0.9260615099541274,-0.009731543624161065,0.9163299663299663,0.932750322012067,0.9939015209674835,0.932750322012067,-0.0,0.9663299663299664,0.009444569408515235,0.9928289362114494,149,297
nslkdd,0.8,Normal,mlp,12345,8,0.4999731779098511,0.9973269973269974,0.9841269841269841,0.013200013200013294,-0.04732699732699741,-0.03412698412698412,0.04297841797841796,0.4999731481075287,0.04297841797841796,0.002487377487377487,0.015873015873015928,0.0,0.30713120261061755,10101,1008
nslkdd,0.8,DoS,mlp,12345,8,0.4999731779098511,0.9991290463057048,0.4320827943078913,0.5670462519978134,-0.049129046305704804,0.5179172056921086,0.5670462519978134,0.4999731779098511,0.5670462519978134,0.18961777376498934,0.5679172056921087,0.5000268492554378,1.0,6889,773
nslkdd,0.8,Probe,mlp,12345,8,0.4999731779098511,0.9897025171624714,0.642570281124498,0.3471322360379734,-0.03970251716247142,0.30742971887550197,0.3471322360379734,0.4999731779098511,0.3471322360379734,0.11893799454109344,0.357429718875502,0.500026825980648,1.0,1748,249
nslkdd,0.8,R2L,mlp,12345,8,0.9905286473222077,0.959731543624161,0.03367003367003367,0.9260615099541274,-0.009731543624161065,0.9163299663299663,0.932750322012067,0.9939015209674835,0.932750322012067,0.01014620477707726,0.9663299663299664,0.009444569408515235,0.9928289362114494,149,297
nslkdd,0.8,Normal,mlp,12345,9,0.4999731779098511,0.9973269973269974,0.9761904761904762,0.021136521136521202,-0.04732699732699741,-0.02619047619047621,0.057859370359370346,0.4999731481075287,0.057859370359370346,0.0015922515922515922,0.023809523809523836,0.0,0.3653085231526052,10101,1008
nslkdd,0.8,DoS,mlp,12345,9,0.4999731779098511,0.9991290463057048,0.3626943005181347,0.6364347457875701,-0.049129046305704804,0.5873056994818653,0.6364347457875701,0.4999731779098511,0.6364347457875701,0.14842840993789752,0.6373056994818653,0.500026858081174,1.0,6889,772
nslkdd,0.8,Probe,mlp,12345,9,0.4999731779098511,0.9897025171624714,0.54,0.44970251716247134,-0.03970251716247142,0.4099999999999999,0.44970251716247134,0.4999731779098511,0.44970251716247134,0.1342151029748284,0.45999999999999996,0.500026825980648,1.0,1748,250
nslkdd,0.8,R2L,mlp,12345,9,0.9905286473222077,0.959731543624161,0.037037037037037035,0.9226945065871239,-0.009731543624161065,0.912962962962963,0.932750322012067,0.9939015209674835,0.932750322012067,0.006779201410073895,0.962962962962963,0.009444532532143057,0.9892191777503209,149,297
nslkdd,0.8,Normal,mlp,12345,10,0.4999731779098511,0.9973269973269974,0.9722222222222222,0.025104775104775157,-0.04732699732699741,-0.022222222222222254,0.04992286242286241,0.4999731481075287,0.04992286242286241,0.002487377487377487,0.02777777777777779,0.0,0.5028713075810795,10101,1008
nslkdd,0.8,DoS,mlp,12345,10,0.4999731779098511,0.9991290463057048,0.383916990920882,0.6152120553848228,-0.049129046305704804,0.566083009079118,0.6152120553848228,0.4999731779098511,0.6152120553848228,0.16290392454445787,0.6160830090791181,0.500026858081174,1.0,6889,771
nslkdd,0.8,Probe,mlp,12345,10,0.4999731779098511,0.9897025171624714,0.6055776892430279,0.38412482791944347,-0.03970251716247142,0.34442231075697205,0.38412482791944347,0.4999731779098511,0.38412482791944347,0.09886540793348345,0.3944223107569721,0.500026825980648,1.0,1748,251
nslkdd,0.8,R2L,mlp,12345,10,0.9905286473222077,0.959731543624161,0.020202020202020204,0.9395295234221408,-0.009731543624161065,0.9297979797979797,0.9495853388470838,0.9939015209674835,0.9495853388470838,-0.0,0.9797979797979798,0.009444565264129734,0.9894103088858216,149,297
nslkdd,0.8,Normal,mlp,12345,11,0.4999731779098511,0.9973269973269974,0.9771825396825397,0.020144457644457714,-0.04732699732699741,-0.027182539682539697,0.0536931161931162,0.4999731183052063,0.0536931161931162,0.001687126687126687,0.022817460317460347,0.0,0.375177659124958,10101,1008
nslkdd,0.8,DoS,mlp,12345,11,0.4999731779098511,0.9991290463057048,0.4269081500646831,0.5722208962410217,-0.049129046305704804,0.5230918499353169,0.5722208962410217,0.4999731779098511,0.5722208962410217,0.19091143482579143,0.5730918499353169,0.5000268492554378,1.0,6889,773
nslkdd,0.8,Probe,mlp,12345,11,0.4999731779098511,0.9897025171624714,0.548,0.44170251716247133,-0.03970251716247142,0.4019999999999999,0.44170251716247133,0.4999731779098511,0.44170251716247133,0.15421510297482838,0.45199999999999996,0.500026825980648,1.0,1748,250
nslkdd,0.8,R2L,mlp,12345,11,0.9905286473222077,0.959731543624161,0.04040404040404041,0.9193275032201206,-0.009731543624161065,0.9095959595959595,0.9226493119110569,0.9939015209674835,0.9226493119110569,0.013513208144080626,0.9595959595959596,0.009444564169825753,0.9963997060984568,149,297
nslkdd,0.8,Normal,mlp,12345,12,0.4999731779098511,0.9973269973269974,0.9702380952380952,0.027088902088902134,-0.04732699732699741,-0.020238095238095277,0.055875243375243355,0.4999731481075287,0.055875243375243355,0.0006001881001881002,0.029761904761904767,0.0,0.48481045365619674,10101,1008
nslkdd,0.8,DoS,mlp,12345,12,0.4999731779098511,0.9991290463057048,0.41374837872892345,0.5853806675767813,-0.049129046305704804,0.5362516212710765,0.5853806675767813,0.4999731779098511,0.5853806675767813,0.18365619432396502,0.5862516212710766,0.5000268492554378,1.0,6889,771
nslkdd,0.8,Probe,mlp,12345,12,0.4999731779098511,0.9897025171624714,0.488,0.5017025171624714,-0.03970251716247142,0.46199999999999997,0.5017025171624714,0.4999731779098511,0.5017025171624714,0.14621510297482837,0.512,0.5000268289639764,1.0,1748,250
nslkdd,0.8,R2L,mlp,12345,12,0.9905286473222077,0.959731543624161,0.037037037037037035,0.9226945065871239,-0.009731543624161065,0.912962962962963,0.932750322012067,0.9939015209674835,0.932750322012067,0.006734006734006734,0.962962962962963,0.009444562860153383,0.9892191777503209,149,297
nslkdd,0.8,Normal,mlp,12345,13,0.4999731779098511,0.9973269973269974,0.9761904761904762,0.021136521136521202,-0.04732699732699741,-0.02619047619047621,0.0628196878196878,0.4999731481075287,0.0628196878196878,0.0006950631950631951,0.023809523809523836,0.0,0.3364633265480345,10101,1008
nslkdd,0.8,DoS,mlp,12345,13,0.4999731779098511,0.9991290463057048,0.3626943005181347,0.6364347457875701,-0.049129046305704804,0.5873056994818653,0.6364347457875701,0.4999731779098511,0.6364347457875701,0.14324706278763846,0.6373056994818653,0.500026858081174,1.0,6889,772
nslkdd,0.8,Probe,mlp,12345,13,0.4999731779098511,0.9897025171624714,0.5421686746987951,0.4475338424636762,-0.03970251716247142,0.4078313253012048,0.4475338424636762,0.4999731779098511,0.4475338424636762,0.15106650859731835,0.45783132530120485,0.500026825980648,1.0,1748,249
nslkdd,0.8,R2L,mlp,12345,13,0.9905286473222077,0.959731543624161,0.0472972972972973,0.9124342463268638,-0.009731543624161065,0.9027027027027027,0.9224786867404318,0.9939015209674835,0.9224786867404318,0.010225829856702342,0.9527027027027027,0.009444532532143057,0.9891114661423128,149,296
nslkdd,0.8,Normal,mlp,12345,14,0.4999731779098511,0.9973269973269974,0.9811507936507936,0.01617620367620376,-0.04732699732699741,-0.03115079365079365,0.057859370359370346,0.4999731481075287,0.057859370359370346,0.005185130185130183,0.018849206349206393,0.0,0.2795779417531117,10101,1008
nslkdd,0.8,DoS,mlp,12345,14,0.4999731779098511,0.9991290463057048,0.4178525226390686,0.5812765236666362,-0.049129046305704804,0.5321474773609314,0.5814216826156854,0.8481878936290741,0.5814216826156854,0.19737974012980175,0.5821474773609314,0.5000268492554378,0.9997503379158545,6889,773
nslkdd,0.8,Probe,mlp,12345,14,0.4999731779098511,0.9897025171624714,0.604,0.3857025171624714,-0.03970251716247142,0.346,0.3857025171624714,0.4999731779098511,0.3857025171624714,0.12221510297482838,0.396,0.500026825980648,1.0,1748,250
nslkdd,0.8,R2L,mlp,12345,14,0.9905286473222077,0.959731543624161,0.057432432432432436,0.9022991111917286,-0.009731543624161065,0.8925675675675675,0.9089651732269183,0.9939015209674835,0.9089651732269183,0.01360420823508072,0.9425675675675675,0.009444562860153383,0.9926663174436876,149,296
nslkdd,0.8,Normal,mlp,12345,15,0.4999731779098511,0.9973269973269974,0.9771825396825397,0.020144457644457714,-0.04732699732699741,-0.027182539682539697,0.05190698940698939,0.4999731481075287,0.05190698940698939,-0.0,0.022817460317460347,0.0,0.38808757499900814,10101,1008
nslkdd,0.8,DoS,mlp,12345,15,0.4999731779098511,0.9991290463057048,0.37142857142857144,0.6277004748771333,-0.049129046305704804,0.5785714285714285,0.6278456338261825,0.8481878936290741,0.6278456338261825,0.15533911581233398,0.6285714285714286,0.500026858081174,0.9997687983459174,6889,770
nslkdd,0.8,Probe,mlp,12345,15,0.4999731779098511,0.9897025171624714,0.516,0.47370251716247136,-0.03970251716247142,0.43399999999999994,0.47370251716247136,0.4999731779098511,0.47370251716247136,0.1382151029748284,0.484,0.500026825980648,1.0,1748,250
nslkdd,0.8,R2L,mlp,12345,15,0.9905286473222077,0.959731543624161,0.050505050505050504,0.9092264931191105,-0.009731543624161065,0.8994949494949495,0.9192823085440536,0.9939015209674835,0.9192823085440536,0.010101010101010102,0.9494949494949495,0.009444532532143057,0.989061232516408,149,297
nslkdd,0.8,Normal,mlp,12345,16,0.4999731779098511,0.9973269973269974,0.9722222222222222,0.025104775104775157,-0.04732699732699741,-0.022222222222222254,0.061827624327624314,0.4999731481075287,0.061827624327624314,-0.0,0.02777777777777779,0.0,0.40604463421956927,10101,1008
nslkdd,0.8,DoS,mlp,12345,16,0.4999731779098511,0.9991290463057048,0.3997412677878396,0.5993877785178652,-0.049129046305704804,0.5502587322121604,0.5995329374669144,0.8481878936290741,0.5995329374669144,0.1616565546776955,0.6002587322121604,0.500026858081174,0.999757879942906,6889,773
nslkdd,0.8,Probe,mlp,12345,16,0.4999731779098511,0.9897025171624714,0.688,0.30170251716247143,-0.03970251716247142,0.262,0.30170251716247143,0.4999731779098511,0.30170251716247143,0.1091075514874142,0.31200000000000006,0.500026825980648,1.0,1748,250
nslkdd,0.8,R2L,mlp,12345,16,0.9905286473222077,0.959731543624161,0.05067567567567568,0.9090558679484854,-0.009731543624161065,0.8993243243243243,0.915721929983675,0.9939015209674835,0.915721929983675,0.010225829856702342,0.9493243243243243,0.009444540114145639,0.9927204298412855,149,296
nslkdd,0.8,Normal,mlp,12345,17,0.4999731779098511,0.9973269973269974,0.9692460317460317,0.028080965580965622,-0.04732699732699741,-0.01924603174603179,0.05686730686730686,0.4999731481075287,0.05686730686730686,0.004877817377817378,0.030753968253968256,0.0,0.4937980559988402,10101,1008
nslkdd,0.8,DoS,mlp,12345,17,0.4999731779098511,0.9991290463057048,0.4067357512953368,0.592393295010368,-0.049129046305704804,0.5432642487046632,0.5925384539594172,0.8481878936290741,0.5925384539594172,0.1841393917012704,0.5932642487046632,0.5000268492554378,0.9997550218925384,6889,772
nslkdd,0.8,Probe,mlp,12345,17,0.4999731779098511,0.9897025171624714,0.556,0.4337025171624713,-0.03970251716247142,0.3939999999999999,0.4337025171624713,0.4999731779098511,0.4337025171624713,0.19421510297482839,0.44399999999999995,0.500026825980648,1.0,1748,250
nslkdd,0.8,R2L,mlp,12345,17,0.9905286473222077,0.959731543624161,0.06375838926174497,0.8959731543624161,-0.009731543624161065,0.886241610738255,0.9060402684563759,0.9939015209674835,0.9060402684563759,0.03355704697986577,0.9362416107382551,0.00944456500510571,0.9888888888888888,149,298
nslkdd,0.8,Normal,mlp,12345,18,0.4999731779098511,0.9973269973269974,0.9712301587301587,0.026096838596838645,-0.04732699732699741,-0.021230158730158766,0.055875243375243355,0.4999731481075287,0.055875243375243355,0.00258019008019008,0.02876984126984128,0.0,0.46705547967959943,10101,1008
nslkdd,0.8,DoS,mlp,12345,18,0.4999731779098511,0.9991290463057048,0.3787289234760052,0.6204001228296996,-0.049129046305704804,0.5712710765239948,0.6204001228296996,0.4999731779098511,0.6204001228296996,0.15037864645963725,0.6212710765239948,0.500026858081174,1.0,6889,771
nslkdd,0.8,Probe,mlp,12345,18,0.4999731779098511,0.9897025171624714,0.6385542168674698,0.35114830029500155,-0.03970251716247142,0.31144578313253013,0.35114830029500155,0.4999731779098511,0.35114830029500155,0.07352522217014511,0.3614457831325302,0.500026825980648,1.0,1748,249
nslkdd,0.8,R2L,mlp,12345,18,0.9905286473222077,0.959731543624161,0.016778523489932886,0.9429530201342281,-0.009731543624161065,0.933221476510067,0.953020134228188,0.9939015209674835,0.953020134228188,-0.0,0.9832214765100671,0.009444569408515235,0.9894366197183097,149,298
nslkdd,0.8,Normal,mlp,12345,19,0.4999731779098511,0.9973269973269974,0.9751984126984127,0.02212858462858469,-0.04732699732699741,-0.02519841269841272,0.06381175131175129,0.4999731481075287,0.06381175131175129,-0.0,0.024801587301587324,0.0,0.3467791460616062,10101,1008
nslkdd,0.8,DoS,mlp,12345,19,0.4999731779098511,0.9991290463057048,0.37305699481865284,0.6260720514870519,-0.049129046305704804,0.5769430051813471,0.6260720514870519,0.4999731779098511,0.6260720514870519,0.15046063522458644,0.6269430051813472,0.500026858081174,1.0,6889,772
nslkdd,0.8,Probe,mlp,12345,19,0.4999731779098511,0.9897025171624714,0.668,0.32170251716247134,-0.03970251716247142,0.2819999999999999,0.32170251716247134,0.4999731779098511,0.32170251716247134,0.11421510297482837,0.33199999999999996,0.500026825980648,1.0,1748,250
nslkdd,0.8,R2L,mlp,12345,19,0.9905286473222077,0.959731543624161,0.037037037037037035,0.9226945065871239,-0.009731543624161065,0.912962962962963,0.9293833186450636,0.9939015209674835,0.9293833186450636,0.006779201410073895,0.962962962962963,0.009444569408515235,0.9928029566232249,149,297
nslkdd,0.8,Normal,mlp,1337,0,0.5,0.9978219978219979,0.9781746031746031,0.019647394647394734,-0.04782199782199792,-0.028174603174603186,0.08119451869451871,0.49975675344467163,0.08119451869451871,0.002382189882189882,0.02182539682539686,0.0,0.24197932278304263,10101,1008
nslkdd,0.8,DoS,mlp,1337,0,0.5,0.9991290463057048,0.33031088082901555,0.6688181654766892,-0.049129046305704804,0.6196891191709843,0.6689633244257385,0.7208197563886642,0.6689633244257385,0.08189747566331247,0.6696891191709844,0.5000000000005003,0.9997830091071526,6889,772
nslkdd,0.8,Probe,mlp,1337,0,0.5,0.988558352402746,0.5301204819277109,0.45843787047503515,-0.03855835240274608,0.41987951807228907,0.45843787047503515,0.5,0.45843787047503515,0.12581447069743504,0.4698795180722891,0.5000000000015097,1.0,1748,249
nslkdd,0.8,R2L,mlp,1337,0,0.9638427458703518,0.959731543624161,0.04391891891891892,0.915812624705242,-0.009731543624161065,0.906081081081081,0.9225240341012153,0.9946554475463927,0.9225240341012153,-0.0,0.956081081081081,0.03615728308321353,0.9927249490009092,149,296
nslkdd,0.8,Normal,mlp,1337,1,0.5,0.9978219978219979,0.9781746031746031,0.019647394647394734,-0.04782199782199792,-0.028174603174603186,0.07821832821832822,0.49975675344467163,0.07821832821832822,0.0008951258951258949,0.02182539682539686,0.0,0.2511865836937043,10101,1008
nslkdd,0.8,DoS,mlp,1337,1,0.5,0.9991290463057048,0.2853437094682231,0.7137853368374817,-0.049129046305704804,0.6646562905317769,0.7139304957865309,0.7208197563886642,0.7139304957865309,0.04923015864498734,0.7146562905317769,0.500000053857137,0.9997966763572842,6889,771
nslkdd,0.8,Probe,mlp,1337,1,0.5,0.988558352402746,0.6008064516129032,0.3877519007898428,-0.03855835240274608,0.3491935483870967,0.3877519007898428,0.5,0.3877519007898428,0.14423857680667307,0.39919354838709675,0.5000000000015001,1.0,1748,248
nslkdd,0.8,R2L,mlp,1337,1,0.9638427458703518,0.959731543624161,0.04713804713804714,0.9125934964861139,-0.009731543624161065,0.9028619528619528,0.9226267145730234,0.9991848395147827,0.9226267145730234,-0.0,0.9528619528619529,0.03615727817191239,0.9891253765705746,149,297
nslkdd,0.8,Normal,mlp,1337,2,0.5,0.9978219978219979,0.9692460317460317,0.02857596607596613,-0.04782199782199792,-0.01924603174603179,0.09825141075141076,0.499961256980896,0.09825141075141076,-0.0,0.030753968253968256,0.0,0.29084535130255945,10101,1008
nslkdd,0.8,DoS,mlp,1337,2,0.5,0.9991290463057048,0.31906614785992216,0.6800628984457826,-0.049129046305704804,0.6309338521400778,0.6802080573948318,0.7208197563886642,0.6802080573948318,0.07568523590400231,0.6809338521400778,0.5000000000005,0.9997865962517334,6889,771
nslkdd,0.8,Probe,mlp,1337,2,0.5,0.988558352402746,0.484,0.504558352402746,-0.03855835240274608,0.46599999999999997,0.504558352402746,0.5,0.504558352402746,0.24450343249427917,0.516,0.5000000000015026,1.0,1748,250
nslkdd,0.8,R2L,mlp,1337,2,0.9638427458703518,0.959731543624161,0.037037037037037035,0.9226945065871239,-0.009731543624161065,0.912962962962963,0.9294059159830972,0.9946554475463927,0.9294059159830972,-0.0,0.962962962962963,0.03615728888108993,0.9927788178657394,149,297
nslkdd,0.8,Normal,mlp,1337,3,0.5,0.9978219978219979,0.9831349206349206,0.014687077187077291,-0.04782199782199792,-0.03313492063492063,0.09776053526053526,0.4997915029525757,0.09776053526053526,-0.0,0.016865079365079416,0.0,0.15023523703031816,10101,1008
nslkdd,0.8,DoS,mlp,1337,3,0.5,0.9991290463057048,0.29922279792746115,0.6999062483782437,-0.049129046305704804,0.6507772020725389,0.7000514073272928,0.7208197563886642,0.7000514073272928,0.06390791958645493,0.7007772020725389,0.5000000682227812,0.9997926453007169,6889,772
nslkdd,0.8,Probe,mlp,1337,3,0.5,0.988558352402746,0.5823293172690763,0.4062290351336697,-0.03855835240274608,0.3676706827309236,0.4062290351336697,0.5,0.4062290351336697,0.12983053495446314,0.41767068273092367,0.5000000090692529,1.0,1748,249
nslkdd,0.8,R2L,mlp,1337,3,0.9638427458703518,0.959731543624161,0.04713804713804714,0.9125934964861139,-0.009731543624161065,0.9028619528619528,0.9193049058820871,0.9946554475463927,0.9193049058820871,2.2597338033579495e-05,0.9528619528619529,0.03615728888108993,0.9926994739688313,149,297
nslkdd,0.8,Normal,mlp,1337,4,0.5,0.9978219978219979,0.9771825396825397,0.020639458139458222,-0.04782199782199792,-0.027182539682539697,0.09190096690096689,0.4999921917915344,0.09190096690096689,-0.0,0.022817460317460347,0.0,0.2245836886754352,10101,1008
nslkdd,0.8,DoS,mlp,1337,4,0.5,0.9991290463057048,0.29442282749675747,0.7047062188089472,-0.049129046305704804,0.6555771725032424,0.7048513777579966,0.7208197563886642,0.7048513777579966,0.05427306714081491,0.7055771725032425,0.5000000272998939,0.9997940573663755,6889,771
nslkdd,0.8,Probe,mlp,1337,4,0.5,0.988558352402746,0.464,0.524558352402746,-0.03855835240274608,0.48599999999999993,0.524558352402746,0.5,0.524558352402746,0.1758855835240275,0.536,0.500000025262626,1.0,1748,250
nslkdd,0.8,R2L,mlp,1337,4,0.9638427458703518,0.959731543624161,0.030303030303030304,0.9294285133211307,-0.009731543624161065,0.9196969696969697,0.9461957381420469,0.9991848395147827,0.9461957381420469,-0.0,0.9696969696969697,0.0361572895515101,0.982279327474207,149,297
nslkdd,0.8,Normal,mlp,1337,5,0.5,0.9978219978219979,0.9801587301587301,0.017663267663267757,-0.04782199782199792,-0.030158730158730163,0.08645183645183643,0.4997704327106476,0.08645183645183643,-0.0,0.019841269841269882,0.0,0.20431338868212728,10101,1008
nslkdd,0.8,DoS,mlp,1337,5,0.5,0.9991290463057048,0.28664072632944226,0.7124883199762625,-0.049129046305704804,0.6633592736705577,0.7126334789253117,0.7208197563886642,0.7126334789253117,0.05752699984693356,0.7133592736705577,0.5000000409350294,0.999796306301427,6889,771
nslkdd,0.8,Probe,mlp,1337,5,0.5,0.988558352402746,0.4819277108433735,0.5066306415593725,-0.03855835240274608,0.46807228915662646,0.5066306415593725,0.5,0.5066306415593725,0.21416788435205353,0.5180722891566265,0.5000000000015008,1.0,1748,249
nslkdd,0.8,R2L,mlp,1337,5,0.9638427458703518,0.959731543624161,0.037162162162162164,0.9225693814619988,-0.009731543624161065,0.9128378378378378,0.9359468528931616,0.9991848395147827,0.9359468528931616,0.0033783783783783786,0.9628378378378378,0.036157276723974174,0.9857070180963686,149,296
nslkdd,0.8,Normal,mlp,1337,6,0.5,0.9978219978219979,0.9751984126984127,0.0226235851235852,-0.04782199782199792,-0.02519841269841272,0.07811932811932812,0.49974262714385986,0.07811932811932812,-0.0,0.024801587301587324,0.0,0.2896029147745284,10101,1008
nslkdd,0.8,DoS,mlp,1337,6,0.5,0.9991290463057048,0.2914507772020725,0.7076782691036323,-0.049129046305704804,0.6585492227979275,0.7078234280526814,0.7208197563886642,0.7078234280526814,0.054840562073501575,0.7085492227979275,0.5000000603123773,0.9997949220903178,6889,772
nslkdd,0.8,Probe,mlp,1337,6,0.5,0.988558352402746,0.5662650602409639,0.42229329216178213,-0.03855835240274608,0.38373493975903605,0.42229329216178213,0.5,0.42229329216178213,0.12179840644040693,0.4337349397590361,0.5000000000015083,1.0,1748,249
nslkdd,0.8,R2L,mlp,1337,6,0.9638427458703518,0.959731543624161,0.030303030303030304,0.9294285133211307,-0.009731543624161065,0.9196969696969697,0.9327729193501006,0.9946554475463927,0.9327729193501006,-0.0,0.9696969696969697,0.03615728888108993,0.9964145549687483,149,297
nslkdd,0.8,Normal,mlp,1337,7,0.5,0.9978219978219979,0.9682539682539683,0.02956802956802962,-0.04782199782199792,-0.0182539682539683,0.08407170907170908,0.49974262714385986,0.08407170907170908,0.001887189387189387,0.031746031746031744,0.0,0.3517001128502042,10101,1008
nslkdd,0.8,DoS,mlp,1337,7,0.5,0.9991290463057048,0.31476683937823835,0.6843622069274664,-0.049129046305704804,0.6352331606217616,0.6845073658765156,0.7208197563886642,0.6845073658765156,0.0652032563740197,0.6852331606217616,0.5000000000005,0.9997879366150234,6889,772
nslkdd,0.8,Probe,mlp,1337,7,0.5,0.988558352402746,0.592,0.39655835240274606,-0.03855835240274608,0.358,0.39655835240274606,0.5,0.39655835240274606,0.14050343249427918,0.40800000000000003,0.5000000000015008,1.0,1748,250
nslkdd,0.8,R2L,mlp,1337,7,0.9638427458703518,0.959731543624161,0.026936026936026935,0.9327955166881341,-0.009731543624161065,0.923063973063973,0.9360947280410368,0.9991848395147827,0.9360947280410368,-0.0,0.9730639730639731,0.03615727829978299,0.9964755582377791,149,297
nslkdd,0.8,Normal,mlp,1337,8,0.5,0.9978219978219979,0.9841269841269841,0.013695013695013802,-0.04782199782199792,-0.03412698412698412,0.07315901065901068,0.49974262714385986,0.07315901065901068,0.0014953139953139951,0.015873015873015928,0.0,0.18719517352203352,10101,1008
nslkdd,0.8,DoS,mlp,1337,8,0.5,0.9991290463057048,0.32341526520051744,0.6757137811051873,-0.049129046305704804,0.6265847347994825,0.6758589400542365,0.7208197563886642,0.6758589400542365,0.0650976855879698,0.6765847347994826,0.5000000000005,0.9997852230096452,6889,773
nslkdd,0.8,Probe,mlp,1337,8,0.5,0.988558352402746,0.5903614457831325,0.3981969066196135,-0.03855835240274608,0.3596385542168674,0.3981969066196135,0.5,0.3981969066196135,0.1349333259812706,0.40963855421686746,0.5000000000015006,1.0,1748,249
nslkdd,0.8,R2L,mlp,1337,8,0.9638427458703518,0.959731543624161,0.030303030303030304,0.9294285133211307,-0.009731543624161065,0.9196969696969697,0.936139922717104,0.9946554475463927,0.936139922717104,-0.0,0.9696969696969697,0.0361572764838598,0.9928307625461654,149,297
nslkdd,0.8,Normal,mlp,1337,9,0.5,0.9978219978219979,0.9781746031746031,0.019647394647394734,-0.04782199782199792,-0.028174603174603186,0.09200821700821701,0.49974262714385986,0.09200821700821701,0.0008951258951258949,0.02182539682539686,0.0,0.2135395651199292,10101,1008
nslkdd,0.8,DoS,mlp,1337,9,0.5,0.9991290463057048,0.2759067357512953,0.7232223105544094,-0.049129046305704804,0.6740932642487046,0.7233674695034586,0.7208197563886642,0.7233674695034586,0.05224988849837203,0.7240932642487047,0.5000000272158793,0.9997993288955214,6889,772
nslkdd,0.8,Probe,mlp,1337,9,0.5,0.988558352402746,0.492,0.49655835240274604,-0.03855835240274608,0.45799999999999996,0.49655835240274604,0.5,0.49655835240274604,0.20044393592677345,0.508,0.5000000231147634,1.0,1748,250
nslkdd,0.8,R2L,mlp,1337,9,0.9638427458703518,0.959731543624161,0.037037037037037035,0.9226945065871239,-0.009731543624161065,0.912962962962963,0.9226945065871239,0.9638427458703518,0.9226945065871239,-0.0,0.962962962962963,0.03615727817191239,1.0,149,297
nslkdd,0.8,Normal,mlp,1337,10,0.5,0.9978219978219979,0.9722222222222222,0.025599775599775665,-0.04782199782199792,-0.022222222222222254,0.08417070917070918,0.49975675344467163,0.08417070917070918,0.0005032505032505031,0.02777777777777779,0.0,0.30414114187699165,10101,1008
nslkdd,0.8,DoS,mlp,1337,10,0.5,0.9991290463057048,0.3022049286640726,0.6969241176416321,-0.049129046305704804,0.6477950713359273,0.6970692765906814,0.7208197563886642,0.6970692765906814,0.06790313473668713,0.6977950713359273,0.5000000395962634,0.9997917582169749,6889,771
nslkdd,0.8,Probe,mlp,1337,10,0.5,0.988558352402746,0.5737051792828686,0.41485317311987746,-0.03855835240274608,0.3762948207171314,0.41485317311987746,0.5,0.41485317311987746,0.1596269384703748,0.42629482071713143,0.5000000000015008,1.0,1748,251
nslkdd,0.8,R2L,mlp,1337,10,0.9638427458703518,0.959731543624161,0.016835016835016835,0.9428965267891442,-0.009731543624161065,0.9331649831649831,0.9462409328181141,0.9946554475463927,0.9462409328181141,-0.0,0.9831649831649831,0.03615728888108993,0.996465587237904,149,297
nslkdd,0.8,Normal,mlp,1337,11,0.5,0.9978219978219979,0.9791666666666666,0.018655331155331245,-0.04782199782199792,-0.029166666666666674,0.07772126522126521,0.4997864365577698,0.07772126522126521,-0.0,0.02083333333333337,0.0,0.2400286601385252,10101,1008
nslkdd,0.8,DoS,mlp,1337,11,0.5,0.9991290463057048,0.3053040103492885,0.6938250359564162,-0.049129046305704804,0.6446959896507114,0.6939701949054655,0.7208197563886642,0.6939701949054655,0.05474839710155324,0.6946959896507114,0.5000000000005,0.9997908282659472,6889,773
nslkdd,0.8,Probe,mlp,1337,11,0.5,0.988558352402746,0.468,0.520558352402746,-0.03855835240274608,0.48199999999999993,0.520558352402746,0.5,0.520558352402746,0.18393592677345538,0.532,0.5000000150297319,1.0,1748,250
nslkdd,0.8,R2L,mlp,1337,11,0.9638427458703518,0.959731543624161,0.037037037037037035,0.9226945065871239,-0.009731543624161065,0.912962962962963,0.9226945065871239,0.9638427458703518,0.9226945065871239,-0.0,0.962962962962963,0.03615728639062765,1.0,149,297
nslkdd,0.8,Normal,mlp,1337,12,0.5,0.9978219978219979,0.9712301587301587,0.026591839091839153,-0.04782199782199792,-0.021230158730158766,0.08615483615483616,0.49975675344467163,0.08615483615483616,0.0013901263901263902,0.02876984126984128,0.0,0.30865172843052835,10101,1008
nslkdd,0.8,DoS,mlp,1337,12,0.5,0.9991290463057048,0.30739299610894943,0.6917360501967553,-0.049129046305704804,0.6426070038910505,0.6918812091458045,0.7208197563886642,0.6918812091458045,0.06401208415302954,0.6926070038910506,0.5000000000005,0.9997901967171092,6889,771
nslkdd,0.8,Probe,mlp,1337,12,0.5,0.988558352402746,0.444,0.544558352402746,-0.03855835240274608,0.506,0.544558352402746,0.5,0.544558352402746,0.19534096109839819,0.556,0.5000000000015039,1.0,1748,250
nslkdd,0.8,R2L,mlp,1337,12,0.9638427458703518,0.959731543624161,0.026936026936026935,0.9327955166881341,-0.009731543624161065,0.923063973063973,0.9327955166881341,0.9638427458703518,0.9327955166881341,-0.0,0.9730639730639731,0.0361572764838598,1.0,149,297
nslkdd,0.8,Normal,mlp,1337,13,0.5,0.9978219978219979,0.9751984126984127,0.0226235851235852,-0.04782199782199792,-0.02519841269841272,0.08813896313896313,0.49975675344467163,0.08813896313896313,0.000794063294063294,0.024801587301587324,0.0,0.25668086301305837,10101,1008
nslkdd,0.8,DoS,mlp,1337,13,0.5,0.9991290463057048,0.28367875647668395,0.7154502898290208,-0.049129046305704804,0.666321243523316,0.71559544877807,0.7208197563886642,0.71559544877807,0.04656556182906293,0.716321243523316,0.5000000345117392,0.999797149423886,6889,772
nslkdd,0.8,Probe,mlp,1337,13,0.5,0.988558352402746,0.4899598393574297,0.4985985130453163,-0.03855835240274608,0.46004016064257025,0.4985985130453163,0.5,0.4985985130453163,0.23769218751435947,0.5100401606425703,0.5000000126664736,1.0,1748,249
nslkdd,0.8,R2L,mlp,1337,13,0.9638427458703518,0.959731543624161,0.04054054054054054,0.9191910030836205,-0.009731543624161065,0.9094594594594594,0.9291900961364049,0.9991848395147827,0.9291900961364049,0.0033783783783783786,0.9594594594594594,0.036157286546281586,0.9892389155950317,149,296
nslkdd,0.8,Normal,mlp,1337,14,0.5,0.9978219978219979,0.9831349206349206,0.014687077187077291,-0.04782199782199792,-0.03313492063492063,0.07524213774213775,0.49975675344467163,0.07524213774213775,0.002392502392502392,0.016865079365079416,0.0,0.19519750006853018,10101,1008
nslkdd,0.8,DoS,mlp,1337,14,0.5,0.9991290463057048,0.3040103492884864,0.6951186970172183,-0.049129046305704804,0.6459896507115135,0.6952638559662676,0.7208197563886642,0.6952638559662676,0.068978668770376,0.6959896507115135,0.5000000000005,0.9997912174668601,6889,773
nslkdd,0.8,Probe,mlp,1337,14,0.5,0.988558352402746,0.572,0.4165583524027461,-0.03855835240274608,0.378,0.4165583524027461,0.5,0.4165583524027461,0.15481922196796338,0.42800000000000005,0.5000000204895982,1.0,1748,250
nslkdd,0.8,R2L,mlp,1337,14,0.9638427458703518,0.959731543624161,0.0472972972972973,0.9124342463268638,-0.009731543624161065,0.9027027027027027,0.9156765826228914,0.9991848395147827,0.9156765826228914,-0.0,0.9527027027027027,0.036157280849206774,0.9964590813420824,149,296
nslkdd,0.8,Normal,mlp,1337,15,0.5,0.9978219978219979,0.9771825396825397,0.020639458139458222,-0.04782199782199792,-0.027182539682539697,0.07028182028182028,0.49975675344467163,0.07028182028182028,-0.0,0.022817460317460347,0.0,0.2936670970771229,10101,1008
nslkdd,0.8,DoS,mlp,1337,15,0.5,0.9991290463057048,0.2883116883116883,0.7108173579940165,-0.049129046305704804,0.6616883116883117,0.7109625169430657,0.7208197563886642,0.7109625169430657,0.05632431148471212,0.7116883116883117,0.500000064922423,0.9997958275639153,6889,770
nslkdd,0.8,Probe,mlp,1337,15,0.5,0.988558352402746,0.448,0.540558352402746,-0.03855835240274608,0.502,0.540558352402746,0.5,0.540558352402746,0.189629290617849,0.552,0.5000000186036739,1.0,1748,250
nslkdd,0.8,R2L,mlp,1337,15,0.9638427458703518,0.959731543624161,0.030303030303030304,0.9294285133211307,-0.009731543624161065,0.9196969696969697,0.9428287347750435,0.9991848395147827,0.9428287347750435,-0.0,0.9696969696969697,0.03615727421379211,0.9857872156843946,149,297
nslkdd,0.8,Normal,mlp,1337,16,0.5,0.9978219978219979,0.9742063492063492,0.023615648615648688,-0.04782199782199792,-0.02420634920634923,0.1049050424050424,0.49974262714385986,0.1049050424050424,2.062502062501973e-06,0.025793650793650813,0.0,0.22511452332737028,10101,1008
nslkdd,0.8,DoS,mlp,1337,16,0.5,0.9991290463057048,0.3091849935316947,0.68994405277401,-0.049129046305704804,0.6408150064683052,0.6900892117230593,0.7208197563886642,0.6900892117230593,0.05992304134476152,0.6908150064683053,0.5000000399193245,0.9997896519079225,6889,773
nslkdd,0.8,Probe,mlp,1337,16,0.5,0.988558352402746,0.636,0.352558352402746,-0.03855835240274608,0.31399999999999995,0.352558352402746,0.5,0.352558352402746,0.17361556064073227,0.364,0.5000000204895982,1.0,1748,250
nslkdd,0.8,R2L,mlp,1337,16,0.9638427458703518,0.959731543624161,0.037162162162162164,0.9225693814619988,-0.009731543624161065,0.9128378378378378,0.9292807908579721,0.9946554475463927,0.9292807908579721,-0.0,0.9628378378378378,0.03615728308321353,0.9927778455532511,149,296
nslkdd,0.8,Normal,mlp,1337,17,0.5,0.9978219978219979,0.9702380952380952,0.027583902583902642,-0.04782199782199792,-0.020238095238095277,0.07514313764313765,0.49974262714385986,0.07514313764313765,0.002382189882189882,0.029761904761904767,0.0,0.3670847857711423,10101,1008
nslkdd,0.8,DoS,mlp,1337,17,0.5,0.9991290463057048,0.30958549222797926,0.6895435540777255,-0.049129046305704804,0.6404145077720207,0.6896887130267747,0.7208197563886642,0.6896887130267747,0.0729752770994083,0.6904145077720207,0.5000000000005,0.9997895297598649,6889,772
nslkdd,0.8,Probe,mlp,1337,17,0.5,0.988558352402746,0.504,0.48455835240274603,-0.03855835240274608,0.44599999999999995,0.48455835240274603,0.5,0.48455835240274603,0.241629290617849,0.496,0.5000000000015008,1.0,1748,250
nslkdd,0.8,R2L,mlp,1337,17,0.9638427458703518,0.959731543624161,0.053691275167785234,0.9060402684563758,-0.009731543624161065,0.8963087248322147,0.912751677852349,0.9991848395147827,0.912751677852349,0.003355704697986577,0.9463087248322147,0.03615727889077691,0.9926470588235293,149,298
nslkdd,0.8,Normal,mlp,1337,18,0.5,0.9978219978219979,0.9732142857142857,0.024607712107712176,-0.04782199782199792,-0.023214285714285743,0.0930992805992806,0.49975675344467163,0.0930992805992806,-0.0,0.0267857142857143,0.0,0.26431688783535373,10101,1008
nslkdd,0.8,DoS,mlp,1337,18,0.5,0.9991290463057048,0.3009079118028534,0.6982211345028513,-0.049129046305704804,0.6490920881971465,0.6983662934519006,0.7208197563886642,0.6983662934519006,0.05233893240205678,0.6990920881971465,0.5000000685109136,0.9997921449668886,6889,771
nslkdd,0.8,Probe,mlp,1337,18,0.5,0.988558352402746,0.6305220883534136,0.3580362640493324,-0.03855835240274608,0.31947791164658634,0.3580362640493324,0.5,0.3580362640493324,0.17760056243279754,0.3694779116465864,0.5000000088367216,1.0,1748,249
nslkdd,0.8,R2L,mlp,1337,18,0.9638427458703518,0.959731543624161,0.013422818791946308,0.9463087248322147,-0.009731543624161065,0.9365771812080537,0.9463087248322148,0.9946554475463927,0.9463087248322148,-0.0,0.9865771812080537,0.036157278811265625,0.9999999999999999,149,298
nslkdd,0.8,Normal,mlp,1337,19,0.5,0.9978219978219979,0.9761904761904762,0.02163152163152171,-0.04782199782199792,-0.02619047619047621,0.11115442365442367,0.49976491928100586,0.11115442365442367,-0.0,0.023809523809523836,0.0,0.1946078340415274,10101,1008
nslkdd,0.8,DoS,mlp,1337,19,0.5,0.9991290463057048,0.2862694300518135,0.7128596162538913,-0.049129046305704804,0.6637305699481865,0.7130047752029405,0.7208197563886642,0.7130047752029405,0.0496592149232425,0.7137305699481865,0.5000000387391443,0.9997964123746466,6889,772
nslkdd,0.8,Probe,mlp,1337,19,0.5,0.988558352402746,0.628,0.36055835240274603,-0.03855835240274608,0.32199999999999995,0.36055835240274603,0.5,0.36055835240274603,0.1919359267734554,0.372,0.5000000000015008,1.0,1748,250
nslkdd,0.8,R2L,mlp,1337,19,0.9638427458703518,0.959731543624161,0.026936026936026935,0.9327955166881341,-0.009731543624161065,0.923063973063973,0.9360947280410368,0.9991848395147827,0.9360947280410368,-0.0,0.9730639730639731,0.03615728888108993,0.9964755582377791,149,297
nslkdd,0.8,Normal,mlp,2024,0,0.5,0.9984159984159984,0.9771825396825397,0.02123345873345872,-0.04841599841599842,-0.027182539682539697,0.10844429594429594,0.49999988079071045,0.10844429594429594,0.00039806289806289805,0.022817460317460347,0.0,0.19580060480419928,10101,1008
nslkdd,0.8,DoS,mlp,2024,0,0.4999998211860657,0.9532588184061548,0.3743523316062176,0.5789064867999372,-0.0032588184061548287,0.5756476683937823,0.6164240581779017,0.7244746834039688,0.6164240581779017,0.15537667243040457,0.6256476683937824,0.5000002038437281,0.9391367502935182,6889,772
nslkdd,0.8,Probe,mlp,2024,0,0.5,0.9908466819221968,0.4779116465863454,0.5129350353358515,-0.04084668192219687,0.47208835341365457,0.5129350353358515,0.5,0.5129350353358515,0.07462343653791367,0.5220883534136547,0.49975621612393295,1.0,1748,249
nslkdd,0.8,R2L,mlp,2024,0,0.9705162234604359,0.959731543624161,0.04054054054054054,0.9191910030836205,-0.009731543624161065,0.9094594594594594,0.9258570651188102,0.9908780381083488,0.9258570651188102,-0.0,0.9594594594594594,0.029483825447777612,0.992800117549101,149,296
nslkdd,0.8,Normal,mlp,2024,1,0.5,0.9984159984159984,0.9791666666666666,0.019249331749331744,-0.04841599841599842,-0.029166666666666674,0.11439667689667687,0.49999988079071045,0.11439667689667687,0.0032752532752532704,0.02083333333333337,0.0,0.16826827729198593,10101,1008
nslkdd,0.8,DoS,mlp,2024,1,0.4999998211860657,0.9532588184061548,0.3125810635538262,0.6406777548523286,-0.0032588184061548287,0.6374189364461738,0.6794822626495858,0.7244746834039688,0.6794822626495858,0.09124793204979686,0.6874189364461738,0.5000002090824092,0.9428910658448357,6889,771
nslkdd,0.8,Probe,mlp,2024,1,0.5,0.9908466819221968,0.5120967741935484,0.47874990772864845,-0.04084668192219687,0.4379032258064516,0.47874990772864845,0.5,0.47874990772864845,0.07402930538126522,0.4879032258064516,0.49963152248674303,1.0,1748,248
nslkdd,0.8,R2L,mlp,2024,1,0.9705162234604359,0.959731543624161,0.050505050505050504,0.9092264931191105,-0.009731543624161065,0.8994949494949495,0.9226493119110569,0.9908780381083488,0.9226493119110569,0.003367003367003367,0.9494949494949495,0.02948382505523961,0.9854518736223364,149,297
nslkdd,0.8,Normal,mlp,2024,2,0.5,0.9984159984159984,0.9692460317460317,0.02916996666996663,-0.04841599841599842,-0.01924603174603179,0.14217445467445466,0.49999988079071045,0.14217445467445466,0.0013901263901263902,0.030753968253968256,0.0,0.2051702377671069,10101,1008
nslkdd,0.8,DoS,mlp,2024,2,0.4999998211860657,0.9532588184061548,0.35667963683527887,0.5965791815708759,-0.0032588184061548287,0.593320363164721,0.6366807062293522,0.7244746834039688,0.6366807062293522,0.1323075810814398,0.6433203631647211,0.5000002038437281,0.9370147009857237,6889,771
nslkdd,0.8,Probe,mlp,2024,2,0.5,0.9908466819221968,0.388,0.6028466819221968,-0.04084668192219687,0.5619999999999999,0.6034187643020595,0.7629444152116776,0.6034187643020595,0.12562013729977117,0.612,0.499857282974699,0.999051931405341,1748,250
nslkdd,0.8,R2L,mlp,2024,2,0.9705162234604359,0.959731543624161,0.037037037037037035,0.9226945065871239,-0.009731543624161065,0.912962962962963,0.9259937179400267,0.9995677747647278,0.9259937179400267,-0.0,0.962962962962963,0.029483827422199127,0.9964371125970031,149,297
nslkdd,0.8,Normal,mlp,2024,3,0.5,0.9984159984159984,0.9831349206349206,0.01528107778107779,-0.04841599841599842,-0.03313492063492063,0.1294385044385044,0.4999999403953552,0.1294385044385044,-0.0,0.016865079365079416,0.0,0.11805666209885601,10101,1008
nslkdd,0.8,DoS,mlp,2024,3,0.4999998211860657,0.9532588184061548,0.3536269430051813,0.5996318754009735,-0.0032588184061548287,0.5963730569948187,0.6410354571416323,0.7244746834039688,0.6410354571416323,0.13206061025423876,0.6463730569948187,0.5000002090824092,0.935411401538884,6889,772
nslkdd,0.8,Probe,mlp,2024,3,0.5,0.9908466819221968,0.5060240963855421,0.4848225855366547,-0.04084668192219687,0.4439759036144578,0.4876829974359682,0.8782513439655304,0.4876829974359682,0.06621451480981132,0.49397590361445787,0.4996124804136344,0.9941346901279061,1748,249
nslkdd,0.8,R2L,mlp,2024,3,0.9705162234604359,0.959731543624161,0.04377104377104377,0.9159604998531172,-0.009731543624161065,0.9062289562289562,0.9293607213070301,0.9995677747647278,0.9293607213070301,0.003367003367003367,0.9562289562289562,0.02948382460158383,0.9855812483283487,149,297
nslkdd,0.8,Normal,mlp,2024,4,0.5,0.9984159984159984,0.9771825396825397,0.02123345873345872,-0.04841599841599842,-0.027182539682539697,0.13126175626175626,0.49999988079071045,0.13126175626175626,-0.0,0.022817460317460347,0.0,0.16176424373841164,10101,1008
nslkdd,0.8,DoS,mlp,2024,4,0.4999998211860657,0.9532588184061548,0.3216601815823606,0.6315986368237942,-0.0032588184061548287,0.6283398184176394,0.6665120940373939,0.7244746834039688,0.6665120940373939,0.09988215955095991,0.6783398184176395,0.5000002090824092,0.9476176688676247,6889,771
nslkdd,0.8,Probe,mlp,2024,4,0.5,0.9908466819221968,0.376,0.6148466819221968,-0.04084668192219687,0.574,0.6148466819221968,0.5,0.6148466819221968,0.11309382151029748,0.624,0.49982833454778297,1.0,1748,250
nslkdd,0.8,R2L,mlp,2024,4,0.9705162234604359,0.959731543624161,0.02356902356902357,0.9361625200551374,-0.009731543624161065,0.9264309764309764,0.9462183354800805,0.9908780381083488,0.9462183354800805,-0.0,0.9764309764309764,0.029483823375766827,0.9893726267523224,149,297
nslkdd,0.8,Normal,mlp,2024,5,0.5,0.9984159984159984,0.9791666666666666,0.019249331749331744,-0.04841599841599842,-0.029166666666666674,0.12348612348612348,0.4999999403953552,0.12348612348612348,0.0013901263901263902,0.02083333333333337,0.0,0.15588254943880275,10101,1008
nslkdd,0.8,DoS,mlp,2024,5,0.4999998211860657,0.9532588184061548,0.30739299610894943,0.6458658222972053,-0.0032588184061548287,0.6426070038910505,0.6885613806781201,0.7244746834039688,0.6885613806781201,0.08172392349389118,0.6926070038910506,0.5000002041930813,0.9379930975233223,6889,771
nslkdd,0.8,Probe,mlp,2024,5,0.5,0.9908466819221968,0.3654618473895582,0.6253848345326386,-0.04084668192219687,0.5845381526104417,0.6253848345326386,0.5,0.6253848345326386,0.08227877183792377,0.6345381526104418,0.49979771696089303,1.0,1748,249
nslkdd,0.8,R2L,mlp,2024,5,0.9705162234604359,0.959731543624161,0.04054054054054054,0.9191910030836205,-0.009731543624161065,0.9094594594594594,0.9258570651188102,0.9908780381083488,0.9258570651188102,0.0033783783783783786,0.9594594594594594,0.029483827752891267,0.992800117549101,149,296
nslkdd,0.8,Normal,mlp,2024,6,0.5,0.9984159984159984,0.9751984126984127,0.023217585717585698,-0.04841599841599842,-0.02519841269841272,0.10149985149985147,0.49999988079071045,0.10149985149985147,-0.0,0.024801587301587324,0.0,0.2287450215394618,10101,1008
nslkdd,0.8,DoS,mlp,2024,6,0.4999998211860657,0.9532588184061548,0.34196891191709844,0.6112899064890563,-0.0032588184061548287,0.6080310880829015,0.6501028146545856,0.7244746834039688,0.6501028146545856,0.12603049691744067,0.6580310880829016,0.5000002105754395,0.9402972771527662,6889,772
nslkdd,0.8,Probe,mlp,2024,6,0.5,0.9908466819221968,0.4979919678714859,0.4928547140507109,-0.04084668192219687,0.45200803212851404,0.4951430435701617,0.8597707226872444,0.4951430435701617,0.05855917950980122,0.5020080321285141,0.4995810410648118,0.9953784476038458,1748,249
nslkdd,0.8,R2L,mlp,2024,6,0.9705162234604359,0.959731543624161,0.030303030303030304,0.9294285133211307,-0.009731543624161065,0.9196969696969697,0.932750322012067,0.9908780381083488,0.932750322012067,-0.0,0.9696969696969697,0.029483827548437036,0.996438694672578,149,297
nslkdd,0.8,Normal,mlp,2024,7,0.5,0.9984159984159984,0.9702380952380952,0.02817790317790314,-0.04841599841599842,-0.020238095238095277,0.1076131076131076,0.4999999403953552,0.1076131076131076,0.002272877272877269,0.029761904761904767,0.0,0.26184452621895093,10101,1008
nslkdd,0.8,DoS,mlp,2024,7,0.4999998211860657,0.9532588184061548,0.37305699481865284,0.5802018235875019,-0.0032588184061548287,0.5769430051813471,0.6216054053281608,0.7244746834039688,0.6216054053281608,0.151937232668736,0.6269430051813472,0.5000002038437281,0.9333925004741539,6889,772
nslkdd,0.8,Probe,mlp,2024,7,0.5,0.9908466819221968,0.536,0.4548466819221968,-0.04084668192219687,0.4139999999999999,0.4548466819221968,0.5,0.4548466819221968,0.09362013729977116,0.46399999999999997,0.4996585868764669,1.0,1748,250
nslkdd,0.8,R2L,mlp,2024,7,0.9705162234604359,0.959731543624161,0.026936026936026935,0.9327955166881341,-0.009731543624161065,0.923063973063973,0.9428513321130771,0.9908780381083488,0.9428513321130771,-0.0,0.9730639730639731,0.02948382317185816,0.9893346754865304,149,297
nslkdd,0.8,Normal,mlp,2024,8,0.5,0.9984159984159984,0.9861111111111112,0.012304887304887213,-0.04841599841599842,-0.036111111111111205,0.09554747054747054,0.49999988079071045,0.09554747054747054,0.0018376893376893348,0.01388888888888884,0.0,0.12878297284462195,10101,1008
nslkdd,0.8,DoS,mlp,2024,8,0.4999998211860657,0.9532588184061548,0.36869340232858994,0.5845654160775648,-0.0032588184061548287,0.58130659767141,0.6207993807553036,0.7244746834039688,0.6207993807553036,0.14345722796734092,0.6313065976714101,0.5000002038437281,0.9416333749662342,6889,773
nslkdd,0.8,Probe,mlp,2024,8,0.5,0.9908466819221968,0.5301204819277109,0.46072619999448594,-0.04084668192219687,0.41987951807228907,0.46072619999448594,0.5,0.46072619999448594,0.0896239419922252,0.4698795180722891,0.49972089781658724,1.0,1748,249
nslkdd,0.8,R2L,mlp,2024,8,0.9705162234604359,0.959731543624161,0.03367003367003367,0.9260615099541274,-0.009731543624161065,0.9163299663299663,0.9361173253790704,0.9908780381083488,0.9361173253790704,0.003367003367003367,0.9663299663299664,0.02948382450344922,0.9892579539419687,149,297
nslkdd,0.8,Normal,mlp,2024,9,0.5,0.9984159984159984,0.9781746031746031,0.020241395241395232,-0.04841599841599842,-0.028174603174603186,0.13523001023001022,0.49999988079071045,0.13523001023001022,0.0013901263901263902,0.02182539682539686,0.0,0.1496812372266113,10101,1008
nslkdd,0.8,DoS,mlp,2024,9,0.4999998211860657,0.9532588184061548,0.3082901554404145,0.6449686629657403,-0.0032588184061548287,0.6417098445595855,0.6824862343437048,0.7244746834039688,0.6824862343437048,0.09623775080345101,0.6917098445595855,0.5000002181206458,0.9450280906924924,6889,772
nslkdd,0.8,Probe,mlp,2024,9,0.5,0.9908466819221968,0.388,0.6028466819221968,-0.04084668192219687,0.5619999999999999,0.6028466819221968,0.5,0.6028466819221968,0.10162013729977117,0.612,0.4997621708207589,1.0,1748,250
nslkdd,0.8,R2L,mlp,2024,9,0.9705162234604359,0.959731543624161,0.037037037037037035,0.9226945065871239,-0.009731543624161065,0.912962962962963,0.932750322012067,0.9908780381083488,0.932750322012067,0.003367003367003367,0.962962962962963,0.029483823103555018,0.9892191777503209,149,297
nslkdd,0.8,Normal,mlp,2024,10,0.5,0.9984159984159984,0.9742063492063492,0.024209649209649187,-0.04841599841599842,-0.02420634920634923,0.11340461340461339,0.49999988079071045,0.11340461340461339,0.00020006270006269996,0.025793650793650813,0.0,0.2134802851738686,10101,1008
nslkdd,0.8,DoS,mlp,2024,10,0.4999998211860657,0.9532588184061548,0.3151750972762646,0.6380837211298902,-0.0032588184061548287,0.6348249027237354,0.6768882289271474,0.7244746834039688,0.6768882289271474,0.09903003321711204,0.6848249027237354,0.5000002090824092,0.9426722077014672,6889,771
nslkdd,0.8,Probe,mlp,2024,10,0.5,0.9908466819221968,0.5099601593625498,0.48088652255964703,-0.04084668192219687,0.44003984063745016,0.48088652255964703,0.5,0.48088652255964703,0.09255198884097476,0.4900398406374502,0.4997665919509018,1.0,1748,251
nslkdd,0.8,R2L,mlp,2024,10,0.9705162234604359,0.959731543624161,0.016835016835016835,0.9428965267891442,-0.009731543624161065,0.9331649831649831,0.9563193455810906,0.9908780381083488,0.9563193455810906,-0.0,0.9831649831649831,0.029483824267344305,0.9859640831758033,149,297
nslkdd,0.8,Normal,mlp,2024,11,0.5,0.9984159984159984,0.9781746031746031,0.020241395241395232,-0.04841599841599842,-0.028174603174603186,0.11538874038874036,0.49999988079071045,0.11538874038874036,0.001588126588126588,0.02182539682539686,0.0,0.17541915418439205,10101,1008
nslkdd,0.8,DoS,mlp,2024,11,0.4999998211860657,0.9532588184061548,0.36351875808538164,0.5897400603207732,-0.0032588184061548287,0.5864812419146184,0.6311486692417201,0.7244746834039688,0.6311486692417201,0.13413682160490964,0.6364812419146184,0.5000002042628215,0.9343916719800798,6889,773
nslkdd,0.8,Probe,mlp,2024,11,0.5,0.9908466819221968,0.388,0.6028466819221968,-0.04084668192219687,0.5619999999999999,0.6051350114416476,0.8597707226872444,0.6051350114416476,0.13027002288329517,0.612,0.49987927443835356,0.996218481039464,1748,250
nslkdd,0.8,R2L,mlp,2024,11,0.9705162234604359,0.959731543624161,0.037037037037037035,0.9226945065871239,-0.009731543624161065,0.912962962962963,0.932750322012067,0.9908780381083488,0.932750322012067,-0.0,0.962962962962963,0.02948382752424461,0.9892191777503209,149,297
nslkdd,0.8,Normal,mlp,2024,12,0.5,0.9984159984159984,0.9702380952380952,0.02817790317790314,-0.04841599841599842,-0.020238095238095277,0.10943635943635943,0.49999988079071045,0.10943635943635943,-0.0,0.029761904761904767,0.0,0.2574820957406706,10101,1008
nslkdd,0.8,DoS,mlp,2024,12,0.4999998211860657,0.9532588184061548,0.36186770428015563,0.5913911141259991,-0.0032588184061548287,0.5881322957198443,0.6340866725069139,0.7244746834039688,0.6340866725069139,0.13333310740500795,0.6381322957198443,0.5000002069869356,0.9326660530300781,6889,771
nslkdd,0.8,Probe,mlp,2024,12,0.5,0.9908466819221968,0.336,0.6548466819221967,-0.04084668192219687,0.6139999999999999,0.6548466819221967,0.5,0.6548466819221967,0.10509382151029747,0.6639999999999999,0.49980047064746036,1.0,1748,250
nslkdd,0.8,R2L,mlp,2024,12,0.9705162234604359,0.959731543624161,0.03367003367003367,0.9260615099541274,-0.009731543624161065,0.9163299663299663,0.9394843287460738,0.9908780381083488,0.9394843287460738,-0.0,0.9663299663299664,0.029483823103555018,0.9857125676488273,149,297
nslkdd,0.8,Normal,mlp,2024,13,0.5,0.9984159984159984,0.9771825396825397,0.02123345873345872,-0.04841599841599842,-0.027182539682539697,0.10844429594429594,0.49999988079071045,0.10844429594429594,0.00020006270006269996,0.022817460317460347,0.0,0.19580060480419928,10101,1008
nslkdd,0.8,DoS,mlp,2024,13,0.4999998211860657,0.9532588184061548,0.3225388601036269,0.6307199583025278,-0.0032588184061548287,0.627461139896373,0.6708282032556219,0.7244746834039688,0.6708282032556219,0.09623775080345101,0.677461139896373,0.5000002043109038,0.9402108546443885,6889,772
nslkdd,0.8,Probe,mlp,2024,13,0.5,0.9908466819221968,0.39357429718875503,0.5972723847334418,-0.04084668192219687,0.5564257028112449,0.5972723847334418,0.5,0.5972723847334418,0.1585839927214579,0.606425702811245,0.4996674979920499,1.0,1748,249
nslkdd,0.8,R2L,mlp,2024,13,0.9705162234604359,0.959731543624161,0.04391891891891892,0.915812624705242,-0.009731543624161065,0.906081081081081,0.9258570651188102,0.9908780381083488,0.9258570651188102,-0.0,0.956081081081081,0.0294838284370591,0.9891511975314686,149,296
nslkdd,0.8,Normal,mlp,2024,14,0.5,0.9984159984159984,0.9821428571428571,0.01627314127314128,-0.04841599841599842,-0.03214285714285714,0.11836493086493088,0.49999988079071045,0.11836493086493088,0.000596063096063096,0.017857142857142905,0.0,0.13748279286971374,10101,1008
nslkdd,0.8,DoS,mlp,2024,14,0.4999998211860657,0.9532588184061548,0.35705045278137126,0.5962083656247835,-0.0032588184061548287,0.5929495472186287,0.6402042966673346,0.7244746834039688,0.6402042966673346,0.13484984686951487,0.6429495472186287,0.5000002038437281,0.9312782946450414,6889,773
nslkdd,0.8,Probe,mlp,2024,14,0.5,0.9908466819221968,0.5,0.4908466819221968,-0.04084668192219687,0.44999999999999996,0.4925629290617849,0.8332674205303192,0.4925629290617849,0.10226086956521739,0.5,0.49947611847892404,0.9965156794425087,1748,250
nslkdd,0.8,R2L,mlp,2024,14,0.9705162234604359,0.959731543624161,0.0472972972972973,0.9124342463268638,-0.009731543624161065,0.9027027027027027,0.9224786867404318,0.9908780381083488,0.9224786867404318,-0.0,0.9527027027027027,0.029483825391161567,0.9891114661423128,149,296
nslkdd,0.8,Normal,mlp,2024,15,0.5,0.9984159984159984,0.9771825396825397,0.02123345873345872,-0.04841599841599842,-0.027182539682539697,0.11439667689667687,0.49999988079071045,0.11439667689667687,-0.0,0.022817460317460347,0.0,0.18561254845397993,10101,1008
nslkdd,0.8,DoS,mlp,2024,15,0.4999998211860657,0.9532588184061548,0.3155844155844156,0.6376744028217392,-0.0032588184061548287,0.6344155844155843,0.6751717871328846,0.7244746834039688,0.6751717871328846,0.09619155702767257,0.6844155844155844,0.5000002115358706,0.9444624538143426,6889,770
nslkdd,0.8,Probe,mlp,2024,15,0.5,0.9908466819221968,0.376,0.6148466819221968,-0.04084668192219687,0.574,0.6177070938215103,0.8782513439655304,0.6177070938215103,0.10562013729977117,0.624,0.49970657875237523,0.9953693070260579,1748,250
nslkdd,0.8,R2L,mlp,2024,15,0.9705162234604359,0.959731543624161,0.026936026936026935,0.9327955166881341,-0.009731543624161065,0.923063973063973,0.9327955166881341,0.9705162234604359,0.9327955166881341,-0.0,0.9730639730639731,0.029483823197505865,1.0,149,297
nslkdd,0.8,Normal,mlp,2024,16,0.5,0.9984159984159984,0.9732142857142857,0.025201712701712675,-0.04841599841599842,-0.023214285714285743,0.13523001023001022,0.49999988079071045,0.13523001023001022,-0.0,0.0267857142857143,0.0,0.18636183387731428,10101,1008
nslkdd,0.8,DoS,mlp,2024,16,0.4999998211860657,0.9532588184061548,0.34023285899094435,0.6130259594152104,-0.0032588184061548287,0.6097671410090556,0.6518472462145533,0.7244746834039688,0.6518472462145533,0.1149966846296954,0.6597671410090556,0.50000020462953,0.9404441960523909,6889,773
nslkdd,0.8,Probe,mlp,2024,16,0.5,0.9908466819221968,0.564,0.4268466819221969,-0.04084668192219687,0.386,0.42856292906178495,0.8332674205303192,0.42856292906178495,0.08962013729977115,0.43600000000000005,0.4995706140805851,0.9959953439198642,1748,250
nslkdd,0.8,R2L,mlp,2024,16,0.9705162234604359,0.959731543624161,0.037162162162162164,0.9225693814619988,-0.009731543624161065,0.9128378378378378,0.9291900961364049,0.9995677747647278,0.9291900961364049,0.006756756756756757,0.9628378378378378,0.02948382310605613,0.9928747468338985,149,296
nslkdd,0.8,Normal,mlp,2024,17,0.5,0.9984159984159984,0.9712301587301587,0.027185839685839652,-0.04841599841599842,-0.021230158730158766,0.098523661023661,0.49999988079071045,0.098523661023661,0.001588126588126588,0.02876984126984128,0.0,0.27593208984906503,10101,1008
nslkdd,0.8,DoS,mlp,2024,17,0.4999998211860657,0.9532588184061548,0.35233160621761656,0.6009272121885383,-0.0032588184061548287,0.5976683937823835,0.6410354571416323,0.7244746834039688,0.6410354571416323,0.14085983737684993,0.6476683937823835,0.5000002038437281,0.9374320959843062,6889,772
nslkdd,0.8,Probe,mlp,2024,17,0.5,0.9908466819221968,0.408,0.5828466819221969,-0.04084668192219687,0.542,0.5851350114416476,0.8597707226872444,0.5851350114416476,0.1456201372997712,0.5920000000000001,0.49986215190583605,0.9960892281700718,1748,250
nslkdd,0.8,R2L,mlp,2024,17,0.9705162234604359,0.959731543624161,0.06040268456375839,0.8993288590604026,-0.009731543624161065,0.8895973154362415,0.9093959731543625,0.9908780381083488,0.9093959731543625,-0.0,0.9395973154362416,0.02948382965232521,0.9889298892988928,149,298
nslkdd,0.8,Normal,mlp,2024,18,0.5,0.9984159984159984,0.9751984126984127,0.023217585717585698,-0.04841599841599842,-0.02519841269841272,0.13225381975381975,0.49999988079071045,0.13225381975381975,0.00258019008019008,0.024801587301587324,0.0,0.1755532336291189,10101,1008
nslkdd,0.8,DoS,mlp,2024,18,0.4999998211860657,0.9532588184061548,0.3346303501945525,0.6186284682116023,-0.0032588184061548287,0.6153696498054475,0.6574329760088594,0.7244746834039688,0.6574329760088594,0.11258083762550083,0.6653696498054475,0.5000002048914618,0.9409757203953606,6889,771
nslkdd,0.8,Probe,mlp,2024,18,0.5,0.9908466819221968,0.5461847389558233,0.4446619429663735,-0.04084668192219687,0.40381526104417664,0.44523402534623624,0.7629444152116776,0.44523402534623624,0.08629483609495188,0.4538152610441767,0.4997446407040116,0.9987150973481467,1748,249
nslkdd,0.8,R2L,mlp,2024,18,0.9705162234604359,0.959731543624161,0.016778523489932886,0.9429530201342281,-0.009731543624161065,0.933221476510067,0.953020134228188,0.9908780381083488,0.953020134228188,0.003355704697986577,0.9832214765100671,0.029483828621276853,0.9894366197183097,149,298
nslkdd,0.8,Normal,mlp,2024,19,0.5,0.9984159984159984,0.9761904761904762,0.02222552222552221,-0.04841599841599842,-0.02619047619047621,0.15705540705540705,0.49999988079071045,0.15705540705540705,-0.0,0.023809523809523836,0.0,0.1415138939959026,10101,1008
nslkdd,0.8,DoS,mlp,2024,19,0.4999998211860657,0.9532588184061548,0.3329015544041451,0.6203572640020096,-0.0032588184061548287,0.6170984455958548,0.6617608457426686,0.7244746834039688,0.6617608457426686,0.10977175447529552,0.6670984455958548,0.5000002097110556,0.9374342226394593,6889,772
nslkdd,0.8,Probe,mlp,2024,19,0.5,0.9908466819221968,0.52,0.4708466819221968,-0.04084668192219687,0.42999999999999994,0.47141876430205953,0.7629444152116776,0.47141876430205953,0.08162013729977118,0.48,0.499604111420922,0.9987864666763748,1748,250
nslkdd,0.8,R2L,mlp,2024,19,0.9705162234604359,0.959731543624161,0.030303030303030304,0.9294285133211307,-0.009731543624161065,0.9196969696969697,0.9361173253790704,0.9908780381083488,0.9361173253790704,-0.0,0.9696969696969697,0.02948382679246553,0.9928547289142083,149,297
nslkdd,0.8,Normal,mlp,3407,0,0.5,0.9974259974259975,0.9771825396825397,0.020243457743457816,-0.04742599742599751,-0.027182539682539697,0.06174306174306174,0.4996662437915802,0.06174306174306174,0.001786126786126786,0.022817460317460347,0.0,0.32786611437733953,10101,1008
nslkdd,0.8,DoS,mlp,3407,0,0.5,0.9981129336623603,0.42487046632124353,0.5732424673411167,-0.04811293366236036,0.5251295336787565,0.5732424673411167,0.5,0.5732424673411167,0.23106183395170043,0.5751295336787565,0.50000000401683,1.0,6889,772
nslkdd,0.8,Probe,mlp,3407,0,0.5,0.988558352402746,0.42570281124497994,0.562855541157766,-0.03855835240274608,0.5242971887550201,0.5634276235376288,0.7120049297809601,0.5634276235376288,0.05284984330916343,0.5742971887550201,0.5000000000015001,0.9989846390983268,1748,249
nslkdd,0.8,R2L,mlp,3407,0,0.9821760784834623,0.959731543624161,0.037162162162162164,0.9225693814619988,-0.009731543624161065,0.9128378378378378,0.9359922002539453,0.9856805577874184,0.9359922002539453,-0.0,0.9628378378378378,0.017823951320190323,0.9856592621302778,149,296
nslkdd,0.8,Normal,mlp,3407,1,0.5,0.9974259974259975,0.9791666666666666,0.01825933075933084,-0.04742599742599751,-0.029166666666666674,0.03892560142560142,0.4996662437915802,0.03892560142560142,0.0016933141933141932,0.02083333333333337,0.0,0.4690828167223038,10101,1008
nslkdd,0.8,DoS,mlp,3407,1,0.5,0.9981129336623603,0.3761348897535668,0.6219780439087935,-0.04811293366236036,0.5738651102464332,0.6219780439087935,0.5,0.6219780439087935,0.1846817206475332,0.6238651102464332,0.500000014901661,1.0,6889,771
nslkdd,0.8,Probe,mlp,3407,1,0.5,0.988558352402746,0.46774193548387094,0.5208164169188751,-0.03855835240274608,0.482258064516129,0.5213884992987377,0.7120049297809601,0.5213884992987377,0.05890603085553997,0.532258064516129,0.5000000000015001,0.9989027713871097,1748,248
nslkdd,0.8,R2L,mlp,3407,1,0.9821760784834623,0.959731543624161,0.04713804713804714,0.9125934964861139,-0.009731543624161065,0.9028619528619528,0.9260163152780603,0.9856805577874184,0.9260163152780603,2.2597338033579495e-05,0.9528619528619529,0.017823951320190323,0.9855047707362307,149,297
nslkdd,0.8,Normal,mlp,3407,2,0.5,0.9974259974259975,0.9682539682539683,0.029172029172029212,-0.04742599742599751,-0.0182539682539683,0.05866580866580866,0.4999825358390808,0.05866580866580866,0.000893063393063393,0.031746031746031744,0.0,0.49725776965265156,10101,1008
nslkdd,0.8,DoS,mlp,3407,2,0.5,0.9981129336623603,0.4059662775616083,0.592146656100752,-0.04811293366236036,0.5440337224383917,0.592146656100752,0.5,0.592146656100752,0.2080280241494787,0.5940337224383917,0.50000000401683,1.0,6889,771
nslkdd,0.8,Probe,mlp,3407,2,0.5,0.988558352402746,0.336,0.6525583524027461,-0.03855835240274608,0.6139999999999999,0.6525583524027461,0.5,0.6525583524027461,0.1096521739130435,0.6639999999999999,0.5000000000015001,1.0,1748,250
nslkdd,0.8,R2L,mlp,3407,2,0.9821760784834623,0.959731543624161,0.037037037037037035,0.9226945065871239,-0.009731543624161065,0.912962962962963,0.9361173253790704,0.9856805577874184,0.9361173253790704,-0.0,0.962962962962963,0.017823951320389053,0.9856611789697289,149,297
nslkdd,0.8,Normal,mlp,3407,3,0.5,0.9974259974259975,0.9831349206349206,0.014291076791076884,-0.04742599742599751,-0.03313492063492063,0.06372718872718872,0.4996662437915802,0.06372718872718872,0.000497062997062997,0.016865079365079416,0.0,0.22425399702246251,10101,1008
nslkdd,0.8,DoS,mlp,3407,3,0.5,0.9981129336623603,0.3756476683937824,0.6224652652685779,-0.04811293366236036,0.5743523316062176,0.6224652652685779,0.5,0.6224652652685779,0.18702038317449837,0.6243523316062176,0.500000014901661,1.0,6889,772
nslkdd,0.8,Probe,mlp,3407,3,0.5,0.988558352402746,0.4819277108433735,0.5066306415593725,-0.03855835240274608,0.46807228915662646,0.5066306415593725,0.5,0.5066306415593725,0.0786624759909202,0.5180722891566265,0.5000000000015001,1.0,1748,249
nslkdd,0.8,R2L,mlp,3407,3,0.9821760784834623,0.959731543624161,0.04713804713804714,0.9125934964861139,-0.009731543624161065,0.9028619528619528,0.9260163152780603,0.9856805577874184,0.9260163152780603,0.0033896007050369477,0.9528619528619529,0.017823951320190323,0.9855047707362307,149,297
nslkdd,0.8,Normal,mlp,3407,4,0.5,0.9974259974259975,0.9771825396825397,0.020243457743457816,-0.04742599742599751,-0.027182539682539697,0.05777480777480777,0.4996662437915802,0.05777480777480777,0.000994125994125994,0.022817460317460347,0.0,0.35038554905040825,10101,1008
nslkdd,0.8,DoS,mlp,3407,4,0.5,0.9981129336623603,0.3670557717250324,0.631057161937328,-0.04811293366236036,0.5829442282749675,0.631057161937328,0.5,0.631057161937328,0.1730085688965604,0.6329442282749675,0.500000014901661,1.0,6889,771
nslkdd,0.8,Probe,mlp,3407,4,0.5,0.988558352402746,0.308,0.6805583524027461,-0.03855835240274608,0.6419999999999999,0.6811304347826086,0.7120049297809601,0.6811304347826086,0.08054462242562929,0.692,0.5000000000015001,0.9991600986380162,1748,250
nslkdd,0.8,R2L,mlp,3407,4,0.9821760784834623,0.959731543624161,0.026936026936026935,0.9327955166881341,-0.009731543624161065,0.923063973063973,0.9462183354800805,0.9856805577874184,0.9462183354800805,-0.0,0.9730639730639731,0.017823951320190323,0.9858142478446731,149,297
nslkdd,0.8,Normal,mlp,3407,5,0.5,0.9974259974259975,0.9801587301587301,0.01726726726726735,-0.04742599742599751,-0.030158730158730163,0.06957850707850707,0.4999825358390808,0.06957850707850707,0.002289377289377289,0.019841269841269882,0.0,0.24816955684007827,10101,1008
nslkdd,0.8,DoS,mlp,3407,5,0.5,0.9981129336623603,0.3722438391699092,0.6258690944924511,-0.04811293366236036,0.5777561608300907,0.6258690944924511,0.5,0.6258690944924511,0.183384703786314,0.6277561608300908,0.500000014901661,1.0,6889,771
nslkdd,0.8,Probe,mlp,3407,5,0.5,0.988558352402746,0.3253012048192771,0.663257147583469,-0.03855835240274608,0.6246987951807228,0.6638292299633315,0.7120049297809601,0.6638292299633315,0.10852563572367271,0.6746987951807228,0.5000000000015001,0.9991382085120083,1748,249
nslkdd,0.8,R2L,mlp,3407,5,0.9821760784834623,0.959731543624161,0.033783783783783786,0.9259477598403772,-0.009731543624161065,0.9162162162162162,0.9393705786323236,0.9856805577874184,0.9393705786323236,4.5347360783602915e-05,0.9662162162162162,0.017823951320190323,0.9857108375573255,149,296
nslkdd,0.8,Normal,mlp,3407,6,0.5,0.9974259974259975,0.9751984126984127,0.022227584727584793,-0.04742599742599751,-0.02519841269841272,0.06372718872718872,0.4996662437915802,0.06372718872718872,-0.0,0.024801587301587324,0.0,0.34879280212311586,10101,1008
nslkdd,0.8,DoS,mlp,3407,6,0.5,0.9981129336623603,0.37305699481865284,0.6250559388437075,-0.04811293366236036,0.5769430051813471,0.6250559388437075,0.5,0.6250559388437075,0.1857250463869336,0.6269430051813472,0.500000014901661,1.0,6889,772
nslkdd,0.8,Probe,mlp,3407,6,0.5,0.988558352402746,0.4457831325301205,0.5427752198726256,-0.03855835240274608,0.5042168674698795,0.5433473022524882,0.7120049297809601,0.5433473022524882,0.057437989946054244,0.5542168674698795,0.5000000000015001,0.9989471147137549,1748,249
nslkdd,0.8,R2L,mlp,3407,6,0.9821760784834623,0.959731543624161,0.03367003367003367,0.9260615099541274,-0.009731543624161065,0.9163299663299663,0.9394843287460738,0.9856805577874184,0.9394843287460738,0.003367003367003367,0.9663299663299664,0.017823951320190323,0.9857125676488273,149,297
nslkdd,0.8,Normal,mlp,3407,7,0.5,0.9974259974259975,0.9672619047619048,0.0301640926640927,-0.04742599742599751,-0.01726190476190481,0.04477691977691976,0.4999825358390808,0.04477691977691976,0.002493564993564991,0.03273809523809523,0.0,0.6736526946107795,10101,1008
nslkdd,0.8,DoS,mlp,3407,7,0.5,0.9981129336623603,0.40414507772020725,0.5939678559421531,-0.04811293366236036,0.5458549222797927,0.5939678559421531,0.5,0.5939678559421531,0.20645043498796986,0.5958549222797928,0.50000000401683,1.0,6889,772
nslkdd,0.8,Probe,mlp,3407,7,0.5,0.988558352402746,0.5,0.48855835240274603,-0.03855835240274608,0.44999999999999996,0.48913043478260865,0.7120049297809601,0.48913043478260865,0.10048054919908467,0.5,0.5000000000015001,0.9988304093567253,1748,250
nslkdd,0.8,R2L,mlp,3407,7,0.9821760784834623,0.959731543624161,0.02356902356902357,0.9361625200551374,-0.009731543624161065,0.9264309764309764,0.9495853388470838,0.9856805577874184,0.9495853388470838,0.003367003367003367,0.9764309764309764,0.017823951320190323,0.9858645471419731,149,297
nslkdd,0.8,Normal,mlp,3407,8,0.5,0.9974259974259975,0.9821428571428571,0.015283140283140373,-0.04742599742599751,-0.03214285714285714,0.0538065538065538,0.4996662437915802,0.0538065538065538,0.001489126489126489,0.017857142857142905,0.0,0.28403863845446353,10101,1008
nslkdd,0.8,DoS,mlp,3407,8,0.5,0.9981129336623603,0.4191461836998706,0.5789667499624898,-0.04811293366236036,0.5308538163001293,0.5789667499624898,0.5,0.5789667499624898,0.2139325549834119,0.5808538163001293,0.50000000401683,1.0,6889,773
nslkdd,0.8,Probe,mlp,3407,8,0.5,0.988558352402746,0.46987951807228917,0.5186788343304569,-0.03855835240274608,0.4801204819277108,0.5192509167103194,0.7120049297809601,0.5192509167103194,0.06489803608024777,0.5301204819277108,0.5000000000015001,0.9988982544633972,1748,249
nslkdd,0.8,R2L,mlp,3407,8,0.9821760784834623,0.959731543624161,0.030303030303030304,0.9294285133211307,-0.009731543624161065,0.9196969696969697,0.9529071475380201,0.9995566922007129,0.9529071475380201,-0.0,0.9696969696969697,0.01782392151903789,0.9753610472147786,149,297
nslkdd,0.8,Normal,mlp,3407,9,0.5,0.9974259974259975,0.9771825396825397,0.020243457743457816,-0.04742599742599751,-0.027182539682539697,0.0667033792033792,0.4996662437915802,0.0667033792033792,0.001786126786126786,0.022817460317460347,0.0,0.3034847407315802,10101,1008
nslkdd,0.8,DoS,mlp,3407,9,0.5,0.9981129336623603,0.36658031088082904,0.6315326227815312,-0.04811293366236036,0.583419689119171,0.6315326227815312,0.5,0.6315326227815312,0.17277167851128594,0.633419689119171,0.500000014901661,1.0,6889,772
nslkdd,0.8,Probe,mlp,3407,9,0.5,0.988558352402746,0.328,0.6605583524027461,-0.03855835240274608,0.6219999999999999,0.6611304347826086,0.7120049297809601,0.6611304347826086,0.10226086956521739,0.6719999999999999,0.5000000000015001,0.9991346905999712,1748,250
nslkdd,0.8,R2L,mlp,3407,9,0.9821760784834623,0.959731543624161,0.02356902356902357,0.9361625200551374,-0.009731543624161065,0.9264309764309764,0.9495853388470838,0.9856805577874184,0.9495853388470838,-0.0,0.9764309764309764,0.01782392151903789,0.9858645471419731,149,297
nslkdd,0.8,Normal,mlp,3407,10,0.5,0.9974259974259975,0.9742063492063492,0.02321964821964828,-0.04742599742599751,-0.02420634920634923,0.05965787215787215,0.4999825358390808,0.05965787215787215,-0.0,0.025793650793650813,0.0,0.3892134831460685,10101,1008
nslkdd,0.8,DoS,mlp,3407,10,0.5,0.9981129336623603,0.3657587548638132,0.6323541787985472,-0.04811293366236036,0.5842412451361867,0.6323541787985472,0.5,0.6323541787985472,0.17430558575777963,0.6342412451361867,0.500000014901661,1.0,6889,771
nslkdd,0.8,Probe,mlp,3407,10,0.5,0.988558352402746,0.4541832669322709,0.5343750854704752,-0.03855835240274608,0.49581673306772905,0.5349471678503377,0.7120049297809601,0.5349471678503377,0.06020996107104761,0.545816733067729,0.5000000000015001,0.9989305815335721,1748,251
nslkdd,0.8,R2L,mlp,3407,10,0.9821760784834623,0.959731543624161,0.016835016835016835,0.9428965267891442,-0.009731543624161065,0.9331649831649831,0.9563193455810906,0.9856805577874184,0.9563193455810906,-0.0,0.9831649831649831,0.017823951320190323,0.9859640831758033,149,297
nslkdd,0.8,Normal,mlp,3407,11,0.5,0.9974259974259975,0.9751984126984127,0.022227584727584793,-0.04742599742599751,-0.02519841269841272,0.05737674487674488,0.49990734457969666,0.05737674487674488,0.000497062997062997,0.024801587301587324,0.0,0.38739710269959493,10101,1008
nslkdd,0.8,DoS,mlp,3407,11,0.5,0.9981129336623603,0.4165588615782665,0.5815540720840938,-0.04811293366236036,0.5334411384217335,0.5815540720840938,0.5,0.5815540720840938,0.21134523286180776,0.5834411384217335,0.50000000401683,1.0,6889,773
nslkdd,0.8,Probe,mlp,3407,11,0.5,0.988558352402746,0.316,0.6725583524027461,-0.03855835240274608,0.6339999999999999,0.6731304347826086,0.7120049297809601,0.6731304347826086,0.0845446224256293,0.6839999999999999,0.5000000000015001,0.9991501166040022,1748,250
nslkdd,0.8,R2L,mlp,3407,11,0.9821760784834623,0.959731543624161,0.037037037037037035,0.9226945065871239,-0.009731543624161065,0.912962962962963,0.9361173253790704,0.9856805577874184,0.9361173253790704,2.2597338033579495e-05,0.962962962962963,0.017823951320190323,0.9856611789697289,149,297
nslkdd,0.8,Normal,mlp,3407,12,0.5,0.9974259974259975,0.9672619047619048,0.0301640926640927,-0.04742599742599751,-0.01726190476190481,0.06561025311025309,0.4999825358390808,0.06561025311025309,2.062502062501973e-06,0.03273809523809523,0.0,0.45974662852472487,10101,1008
nslkdd,0.8,DoS,mlp,3407,12,0.5,0.9981129336623603,0.41245136186770426,0.585661571794656,-0.04811293366236036,0.5375486381322957,0.585661571794656,0.5,0.585661571794656,0.2106220578719171,0.5875486381322957,0.50000000401683,1.0,6889,771
nslkdd,0.8,Probe,mlp,3407,12,0.5,0.988558352402746,0.3,0.6885583524027461,-0.03855835240274608,0.6499999999999999,0.6885583524027461,0.5,0.6885583524027461,0.07022883295194507,0.7,0.5000000000015001,1.0,1748,250
nslkdd,0.8,R2L,mlp,3407,12,0.9821760784834623,0.959731543624161,0.02356902356902357,0.9361625200551374,-0.009731543624161065,0.9264309764309764,0.9495853388470838,0.9856805577874184,0.9495853388470838,-0.0,0.9764309764309764,0.01782392151903789,0.9858645471419731,149,297
nslkdd,0.8,Normal,mlp,3407,13,0.5,0.9974259974259975,0.9751984126984127,0.022227584727584793,-0.04742599742599751,-0.02519841269841272,0.06759438009438008,0.4999825358390808,0.06759438009438008,-0.0,0.024801587301587324,0.0,0.3288377627925437,10101,1008
nslkdd,0.8,DoS,mlp,3407,13,0.5,0.9981129336623603,0.35621761658031087,0.6418953170820494,-0.04811293366236036,0.5937823834196891,0.6418953170820494,0.5,0.6418953170820494,0.16111364742320303,0.6437823834196892,0.500000014901661,1.0,6889,772
nslkdd,0.8,Probe,mlp,3407,13,0.5,0.988558352402746,0.3172690763052209,0.6712892760975251,-0.03855835240274608,0.6327309236947791,0.6712892760975251,0.5,0.6712892760975251,0.09820517769016571,0.6827309236947792,0.5000000000015001,1.0,1748,249
nslkdd,0.8,R2L,mlp,3407,13,0.9821760784834623,0.959731543624161,0.04054054054054054,0.9191910030836205,-0.009731543624161065,0.9094594594594594,0.9326138218755669,0.9856805577874184,0.9326138218755669,-0.0,0.9594594594594594,0.017823940144446215,0.9856073130409413,149,296
nslkdd,0.8,Normal,mlp,3407,14,0.5,0.9974259974259975,0.9811507936507936,0.01627520377520386,-0.04742599742599751,-0.03115079365079365,0.05469755469755469,0.4999825358390808,0.05469755469755469,0.000497062997062997,0.018849206349206393,0.0,0.29754901960784474,10101,1008
nslkdd,0.8,DoS,mlp,3407,14,0.5,0.9981129336623603,0.40620957309184996,0.5919033605705104,-0.04811293366236036,0.5437904269081499,0.5919033605705104,0.5,0.5919033605705104,0.2139325549834119,0.59379042690815,0.50000000401683,1.0,6889,773
nslkdd,0.8,Probe,mlp,3407,14,0.5,0.988558352402746,0.424,0.564558352402746,-0.03855835240274608,0.526,0.5651304347826087,0.7120049297809601,0.5651304347826087,0.05933638443935928,0.5760000000000001,0.5000000000015001,0.9989876985123217,1748,250
nslkdd,0.8,R2L,mlp,3407,14,0.9821760784834623,0.959731543624161,0.04054054054054054,0.9191910030836205,-0.009731543624161065,0.9094594594594594,0.9326138218755669,0.9856805577874184,0.9326138218755669,-0.0,0.9594594594594594,0.017823951320190323,0.9856073130409413,149,296
nslkdd,0.8,Normal,mlp,3407,15,0.5,0.9974259974259975,0.9781746031746031,0.019251394251394327,-0.04742599742599751,-0.028174603174603186,0.0527134277134277,0.4999825358390808,0.0527134277134277,-0.0,0.02182539682539686,0.0,0.36520854526958446,10101,1008
nslkdd,0.8,DoS,mlp,3407,15,0.5,0.9981129336623603,0.35974025974025975,0.6383726739221005,-0.04811293366236036,0.5902597402597403,0.6383726739221005,0.5,0.6383726739221005,0.16805126938673173,0.6402597402597403,0.500000014901661,1.0,6889,770
nslkdd,0.8,Probe,mlp,3407,15,0.5,0.988558352402746,0.3,0.6885583524027461,-0.03855835240274608,0.6499999999999999,0.6891304347826086,0.7120049297809601,0.6891304347826086,0.07654462242562929,0.7,0.5000000000015001,0.9991698489125024,1748,250
nslkdd,0.8,R2L,mlp,3407,15,0.9821760784834623,0.959731543624161,0.026936026936026935,0.9327955166881341,-0.009731543624161065,0.923063973063973,0.9462183354800805,0.9856805577874184,0.9462183354800805,-0.0,0.9730639730639731,0.01782392151903789,0.9858142478446731,149,297
nslkdd,0.8,Normal,mlp,3407,16,0.5,0.9974259974259975,0.9742063492063492,0.02321964821964828,-0.04742599742599751,-0.02420634920634923,0.05965787215787215,0.4999825358390808,0.05965787215787215,-0.0,0.025793650793650813,0.0,0.3892134831460685,10101,1008
nslkdd,0.8,DoS,mlp,3407,16,0.5,0.9981129336623603,0.3816300129366106,0.6164829207257497,-0.04811293366236036,0.5683699870633894,0.6164829207257497,0.5,0.6164829207257497,0.18547201164576635,0.6183699870633894,0.500000014901661,1.0,6889,773
nslkdd,0.8,Probe,mlp,3407,16,0.5,0.988558352402746,0.52,0.468558352402746,-0.03855835240274608,0.42999999999999994,0.468558352402746,0.5,0.468558352402746,0.07248054919908467,0.48,0.5000000000015001,1.0,1748,250
nslkdd,0.8,R2L,mlp,3407,16,0.9821760784834623,0.959731543624161,0.037162162162162164,0.9225693814619988,-0.009731543624161065,0.9128378378378378,0.9359922002539453,0.9856805577874184,0.9359922002539453,4.5347360783602915e-05,0.9628378378378378,0.017823951320190323,0.9856592621302778,149,296
nslkdd,0.8,Normal,mlp,3407,17,0.5,0.9974259974259975,0.9702380952380952,0.027187902187902235,-0.04742599742599751,-0.020238095238095277,0.05072930072930072,0.4999825358390808,0.05072930072930072,0.002883377883377883,0.029761904761904767,0.0,0.5359408033826648,10101,1008
nslkdd,0.8,DoS,mlp,3407,17,0.5,0.9981129336623603,0.4067357512953368,0.5913771823670235,-0.04811293366236036,0.5432642487046632,0.5913771823670235,0.5,0.5913771823670235,0.21422245571335846,0.5932642487046632,0.50000000401683,1.0,6889,772
nslkdd,0.8,Probe,mlp,3407,17,0.5,0.988558352402746,0.332,0.6565583524027461,-0.03855835240274608,0.6179999999999999,0.6565583524027461,0.5,0.6565583524027461,0.09308009153318078,0.6679999999999999,0.5000000000015001,1.0,1748,250
nslkdd,0.8,R2L,mlp,3407,17,0.9821760784834623,0.959731543624161,0.053691275167785234,0.9060402684563758,-0.009731543624161065,0.8963087248322147,0.9194630872483222,0.9856805577874184,0.9194630872483222,-0.0,0.9463087248322147,0.017823951320190323,0.9854014598540145,149,298
nslkdd,0.8,Normal,mlp,3407,18,0.5,0.9974259974259975,0.9712301587301587,0.026195838695838747,-0.04742599742599751,-0.021230158730158766,0.05965787215787215,0.4999825358390808,0.05965787215787215,-0.0,0.02876984126984128,0.0,0.43910112359550657,10101,1008
nslkdd,0.8,DoS,mlp,3407,18,0.5,0.9981129336623603,0.3761348897535668,0.6219780439087935,-0.04811293366236036,0.5738651102464332,0.6219780439087935,0.5,0.6219780439087935,0.1781966363414372,0.6238651102464332,0.500000014901661,1.0,6889,771
nslkdd,0.8,Probe,mlp,3407,18,0.5,0.988558352402746,0.5100401606425703,0.47851819176017574,-0.03855835240274608,0.43995983935742966,0.47851819176017574,0.5,0.47851819176017574,0.09259922987143081,0.4899598393574297,0.5000000000015001,1.0,1748,249
nslkdd,0.8,R2L,mlp,3407,18,0.9821760784834623,0.959731543624161,0.010067114093959731,0.9496644295302012,-0.009731543624161065,0.9399328859060402,0.9630872483221476,0.9856805577874184,0.9630872483221476,-0.0,0.9899328859060402,0.017823951320190323,0.9860627177700347,149,298
nslkdd,0.8,Normal,mlp,3407,19,0.5,0.9974259974259975,0.9761904761904762,0.021235521235521304,-0.04742599742599751,-0.02619047619047621,0.06561025311025309,0.4999825358390808,0.06561025311025309,0.000299062799062799,0.023809523809523836,0.0,0.32366162648140695,10101,1008
nslkdd,0.8,DoS,mlp,3407,19,0.5,0.9981129336623603,0.3639896373056995,0.6341232963566608,-0.04811293366236036,0.5860103626943005,0.6341232963566608,0.5,0.6341232963566608,0.16888566814859163,0.6360103626943006,0.500000014901661,1.0,6889,772
nslkdd,0.8,Probe,mlp,3407,19,0.5,0.988558352402746,0.488,0.500558352402746,-0.03855835240274608,0.46199999999999997,0.5011304347826087,0.7120049297809601,0.5011304347826087,0.08054462242562929,0.512,0.5000000000015001,0.9988584162123165,1748,250
nslkdd,0.8,R2L,mlp,3407,19,0.9821760784834623,0.959731543624161,0.026936026936026935,0.9327955166881341,-0.009731543624161065,0.923063973063973,0.9462183354800805,0.9856805577874184,0.9462183354800805,-0.0,0.9730639730639731,0.017823951320190323,0.9858142478446731,149,297
nslkdd,0.8,Normal,mlp,42,0,0.4999694228172302,0.997920997920998,0.9771825396825397,0.020738458238458324,-0.04792099792099802,-0.027182539682539697,0.123529436029436,0.4999693036079407,0.123529436029436,0.0008002508002507998,0.022817460317460347,0.0,0.1678827241914755,10101,1008
nslkdd,0.8,DoS,mlp,42,0,0.4999694228172302,0.9991290463057048,0.28367875647668395,0.7154502898290208,-0.049129046305704804,0.666321243523316,0.7154502898290208,0.4999694228172302,0.7154502898290208,0.07104383574625614,0.716321243523316,0.5000306012746978,1.0,6889,772
nslkdd,0.8,Probe,mlp,42,0,0.4999694228172302,0.9874141876430206,0.46987951807228917,0.5175346695707315,-0.037414187643020624,0.4801204819277108,0.5181067519505942,0.7714600414037704,0.5181067519505942,0.053971032872910406,0.5301204819277108,0.5000305975211732,0.9988958214157432,1748,249
nslkdd,0.8,R2L,mlp,42,0,0.9937466741539538,0.959731543624161,0.037162162162162164,0.9225693814619988,-0.009731543624161065,0.9128378378378378,0.9359468528931616,0.9978293243329972,0.9359468528931616,-0.0,0.9628378378378378,0.006222733568392869,0.9857070180963686,149,296
nslkdd,0.8,Normal,mlp,42,1,0.4999694228172302,0.997920997920998,0.9771825396825397,0.020738458238458324,-0.04792099792099802,-0.027182539682539697,0.12427812427812429,0.49996933341026306,0.12427812427812429,0.0006950631950631951,0.022817460317460347,0.0,0.16687134891131242,10101,1008
nslkdd,0.8,DoS,mlp,42,1,0.4999694228172302,0.9991290463057048,0.25551232166018156,0.7436167246455232,-0.049129046305704804,0.6944876783398184,0.7436167246455232,0.4999694228172302,0.7436167246455232,0.045797366014618694,0.7444876783398184,0.5000306059742341,1.0,6889,771
nslkdd,0.8,Probe,mlp,42,1,0.4999694228172302,0.9874141876430206,0.5080645161290323,0.47934967151398833,-0.037414187643020624,0.4419354838709677,0.47934967151398833,0.4999694228172302,0.47934967151398833,0.03618882409389533,0.49193548387096775,0.5000305976725719,1.0,1748,248
nslkdd,0.8,R2L,mlp,42,1,0.9937466741539538,0.959731543624161,0.050505050505050504,0.9092264931191105,-0.009731543624161065,0.8994949494949495,0.9293607213070301,0.9978293243329972,0.9293607213070301,-0.0,0.9494949494949495,0.006222733300091932,0.9783354001021226,149,297
nslkdd,0.8,Normal,mlp,42,2,0.4999694228172302,0.997920997920998,0.9672619047619048,0.03065909315909321,-0.04792099792099802,-0.01726190476190481,0.13994282744282746,0.4999692738056183,0.13994282744282746,0.00010106260106260102,0.03273809523809523,0.0,0.21908299067073472,10101,1008
nslkdd,0.8,DoS,mlp,42,2,0.4999694228172302,0.9991290463057048,0.27626459143968873,0.722864454866016,-0.049129046305704804,0.6737354085603112,0.722864454866016,0.4999694228172302,0.722864454866016,0.06263034416979718,0.7237354085603113,0.5000306007573809,1.0,6889,771
nslkdd,0.8,Probe,mlp,42,2,0.4999694228172302,0.9874141876430206,0.388,0.5994141876430206,-0.037414187643020624,0.5619999999999999,0.5994141876430206,0.4999694228172302,0.5994141876430206,0.08277345537757437,0.612,0.5000305911442262,1.0,1748,250
nslkdd,0.8,R2L,mlp,42,2,0.9937466741539538,0.959731543624161,0.03367003367003367,0.9260615099541274,-0.009731543624161065,0.9163299663299663,0.9428287347750435,0.9978293243329972,0.9428287347750435,0.003367003367003367,0.9663299663299664,0.00622273437329568,0.9822160439086356,149,297
nslkdd,0.8,Normal,mlp,42,3,0.4999694228172302,0.997920997920998,0.9821428571428571,0.01577814077814088,-0.04792099792099802,-0.03214285714285714,0.14589520839520842,0.4999692738056183,0.14589520839520842,0.000794063294063294,0.017857142857142905,0.0,0.10814708002883991,10101,1008
nslkdd,0.8,DoS,mlp,42,3,0.4999694228172302,0.9991290463057048,0.2655440414507772,0.7335850048549275,-0.049129046305704804,0.6844559585492227,0.7335850048549275,0.4999694228172302,0.7335850048549275,0.054294147687572805,0.7344559585492227,0.5000306060866484,1.0,6889,772
nslkdd,0.8,Probe,mlp,42,3,0.4999694228172302,0.9874141876430206,0.5100401606425703,0.4773740270004503,-0.037414187643020624,0.43995983935742966,0.4773740270004503,0.4999694228172302,0.4773740270004503,0.03333011680589635,0.4899598393574297,0.5000305894625758,1.0,1748,249
nslkdd,0.8,R2L,mlp,42,3,0.9937466741539538,0.959731543624161,0.050505050505050504,0.9092264931191105,-0.009731543624161065,0.8994949494949495,0.9293607213070301,0.9978293243329972,0.9293607213070301,-0.0,0.9494949494949495,0.006222734918992501,0.9783354001021226,149,297
nslkdd,0.8,Normal,mlp,42,4,0.4999694228172302,0.997920997920998,0.9781746031746031,0.019746394746394835,-0.04792099792099802,-0.028174603174603186,0.14589520839520842,0.4999692738056183,0.14589520839520842,-0.0,0.02182539682539686,0.0,0.13534642407792302,10101,1008
nslkdd,0.8,DoS,mlp,42,4,0.4999694228172302,0.9991290463057048,0.2594033722438392,0.7397256740618656,-0.049129046305704804,0.6905966277561608,0.7397256740618656,0.4999694228172302,0.7397256740618656,0.045797366014618694,0.7405966277561609,0.5000306059487523,1.0,6889,771
nslkdd,0.8,Probe,mlp,42,4,0.4999694228172302,0.9874141876430206,0.36,0.6274141876430206,-0.037414187643020624,0.59,0.6274141876430206,0.4999694228172302,0.6274141876430206,0.07077345537757436,0.64,0.5000306013072202,1.0,1748,250
nslkdd,0.8,R2L,mlp,42,4,0.9937466741539538,0.959731543624161,0.026936026936026935,0.9327955166881341,-0.009731543624161065,0.923063973063973,0.9529297448760536,0.9978293243329972,0.9529297448760536,-0.0,0.9730639730639731,0.00622273437329568,0.9788712354754564,149,297
nslkdd,0.8,Normal,mlp,42,5,0.4999694228172302,0.997920997920998,0.9771825396825397,0.020738458238458324,-0.04792099792099802,-0.027182539682539697,0.13994282744282746,0.4999692738056183,0.13994282744282746,-0.0,0.022817460317460347,0.0,0.14819236267704294,10101,1008
nslkdd,0.8,DoS,mlp,42,5,0.4999694228172302,0.9991290463057048,0.2503242542153048,0.7488047920904,-0.049129046305704804,0.6996757457846952,0.7488047920904,0.4999694228172302,0.7488047920904,0.03744404273133037,0.7496757457846952,0.5000306059305624,1.0,6889,771
nslkdd,0.8,Probe,mlp,42,5,0.4999694228172302,0.9874141876430206,0.37751004016064255,0.6099041474823781,-0.037414187643020624,0.5724899598393574,0.6099041474823781,0.4999694228172302,0.6099041474823781,0.07004677749901207,0.6224899598393574,0.500030595822363,1.0,1748,249
nslkdd,0.8,R2L,mlp,42,5,0.9937466741539538,0.959731543624161,0.030405405405405407,0.9293261382187556,-0.009731543624161065,0.9195945945945946,0.93932523127154,0.9978293243329972,0.93932523127154,0.0033783783783783786,0.9695945945945946,0.006222733300091932,0.9893550255865597,149,296
nslkdd,0.8,Normal,mlp,42,6,0.4999694228172302,0.997920997920998,0.9742063492063492,0.02371464871464879,-0.04792099792099802,-0.02420634920634923,0.13132981882981884,0.4999692142009735,0.13132981882981884,0.000497062997062997,0.025793650793650813,0.0,0.18057322340007909,10101,1008
nslkdd,0.8,DoS,mlp,42,6,0.4999694228172302,0.9991290463057048,0.26295336787564766,0.736175678430057,-0.049129046305704804,0.6870466321243522,0.736175678430057,0.4999694228172302,0.736175678430057,0.061798038022619226,0.7370466321243523,0.5000306062809157,1.0,6889,772
nslkdd,0.8,Probe,mlp,42,6,0.4999694228172302,0.9874141876430206,0.5140562248995983,0.47335796274342223,-0.037414187643020624,0.4359437751004016,0.47335796274342223,0.4999694228172302,0.47335796274342223,0.04609973073070314,0.48594377510040165,0.5000305976725719,1.0,1748,249
nslkdd,0.8,R2L,mlp,42,6,0.9937466741539538,0.959731543624161,0.03367003367003367,0.9260615099541274,-0.009731543624161065,0.9163299663299663,0.9461957381420469,0.9978293243329972,0.9461957381420469,-0.0,0.9663299663299664,0.006222733514732681,0.9787208635842567,149,297
nslkdd,0.8,Normal,mlp,42,7,0.4999694228172302,0.997920997920998,0.9682539682539683,0.02966702966702972,-0.04792099792099802,-0.0182539682539683,0.13795870045870048,0.4999692738056183,0.13795870045870048,0.0026173151173151145,0.031746031746031744,0.0,0.21504283215476422,10101,1008
nslkdd,0.8,DoS,mlp,42,7,0.4999694228172302,0.9991290463057048,0.27461139896373055,0.7245176473419742,-0.049129046305704804,0.6753886010362694,0.7245176473419742,0.4999694228172302,0.7245176473419742,0.057375766879240536,0.7253886010362695,0.5000306015449949,1.0,6889,772
nslkdd,0.8,Probe,mlp,42,7,0.4999694228172302,0.9874141876430206,0.544,0.44341418764302054,-0.037414187643020624,0.4059999999999999,0.44341418764302054,0.4999694228172302,0.44341418764302054,0.06963386727688789,0.45599999999999996,0.5000305949946626,1.0,1748,250
nslkdd,0.8,R2L,mlp,42,7,0.9937466741539538,0.959731543624161,0.02356902356902357,0.9361625200551374,-0.009731543624161065,0.9264309764309764,0.9529297448760536,0.9978293243329972,0.9529297448760536,0.003367003367003367,0.9764309764309764,0.006222733300091932,0.9824045529997628,149,297
nslkdd,0.8,Normal,mlp,42,8,0.4999694228172302,0.997920997920998,0.9841269841269841,0.013794013794013904,-0.04792099792099802,-0.03412698412698412,0.11460086460086458,0.4999693036079407,0.11460086460086458,0.0028173778173778176,0.015873015873015928,0.0,0.12036570441293022,10101,1008
nslkdd,0.8,DoS,mlp,42,8,0.4999694228172302,0.9991290463057048,0.278137128072445,0.7209919182332598,-0.049129046305704804,0.671862871927555,0.7209919182332598,0.4999694228172302,0.7209919182332598,0.05434315387768754,0.721862871927555,0.5000306007573809,1.0,6889,773
nslkdd,0.8,Probe,mlp,42,8,0.4999694228172302,0.9874141876430206,0.5301204819277109,0.4572937057153097,-0.037414187643020624,0.41987951807228907,0.4831086359166643,0.49996936321258545,0.4831086359166643,0.07651199764733992,0.4698795180722891,0.5000305975211732,0.9465649581022856,1748,249
nslkdd,0.8,R2L,mlp,42,8,0.9937466741539538,0.959731543624161,0.03367003367003367,0.9260615099541274,-0.009731543624161065,0.9163299663299663,0.9461957381420469,0.9978293243329972,0.9461957381420469,-0.0,0.9663299663299664,0.00622273437329568,0.9787208635842567,149,297
nslkdd,0.8,Normal,mlp,42,9,0.4999694228172302,0.997920997920998,0.9751984126984127,0.0227225852225853,-0.04792099792099802,-0.02519841269841272,0.1359745734745735,0.4999692738056183,0.1359745734745735,9.900009900010165e-05,0.024801587301587324,0.0,0.167109075189225,10101,1008
nslkdd,0.8,DoS,mlp,42,9,0.4999694228172302,0.9991290463057048,0.24870466321243523,0.7504243830932695,-0.049129046305704804,0.7012953367875647,0.7504243830932695,0.4999694228172302,0.7504243830932695,0.043127062216028106,0.7512953367875648,0.5000306061892386,1.0,6889,772
nslkdd,0.8,Probe,mlp,42,9,0.4999694228172302,0.9874141876430206,0.396,0.5914141876430206,-0.037414187643020624,0.5539999999999999,0.5914141876430206,0.4999694228172302,0.5914141876430206,0.0811212814645309,0.604,0.5000305992838088,1.0,1748,250
nslkdd,0.8,R2L,mlp,42,9,0.9937466741539538,0.959731543624161,0.02356902356902357,0.9361625200551374,-0.009731543624161065,0.9264309764309764,0.9428739294511107,0.994155122898519,0.9428739294511107,-0.0,0.9764309764309764,0.00622273437329568,0.9928819652486518,149,297
nslkdd,0.8,Normal,mlp,42,10,0.4999694228172302,0.997920997920998,0.9742063492063492,0.02371464871464879,-0.04792099792099802,-0.02420634920634923,0.12835362835362837,0.4999692142009735,0.12835362835362837,0.0040693165693165695,0.025793650793650813,0.0,0.18476025196040677,10101,1008
nslkdd,0.8,DoS,mlp,42,10,0.4999694228172302,0.9991290463057048,0.26329442282749677,0.735834623478208,-0.049129046305704804,0.6867055771725032,0.735834623478208,0.4999694228172302,0.735834623478208,0.0532609082431644,0.7367055771725033,0.5000306060615456,1.0,6889,771
nslkdd,0.8,Probe,mlp,42,10,0.4999694228172302,0.9874141876430206,0.5139442231075697,0.47346996453545087,-0.037414187643020624,0.43605577689243025,0.47346996453545087,0.4999694228172302,0.47346996453545087,0.05283442887488946,0.4860557768924303,0.5000305909103866,1.0,1748,251
nslkdd,0.8,R2L,mlp,42,10,0.9937466741539538,0.959731543624161,0.013468013468013467,0.9462635301561475,-0.009731543624161065,0.9365319865319864,0.9630307549770637,0.9978293243329972,0.9630307549770637,-0.0,0.9865319865319865,0.006222717413038481,0.982589107633104,149,297
nslkdd,0.8,Normal,mlp,42,11,0.4999694228172302,0.997920997920998,0.9771825396825397,0.020738458238458324,-0.04792099792099802,-0.027182539682539697,0.11843299343299343,0.4999692142009735,0.11843299343299343,-0.0,0.022817460317460347,0.0,0.17510710180767025,10101,1008
nslkdd,0.8,DoS,mlp,42,11,0.4999694228172302,0.9991290463057048,0.2664941785252264,0.7326348677804784,-0.049129046305704804,0.6835058214747736,0.7326348677804784,0.4999694228172302,0.7326348677804784,0.04399386539127097,0.7335058214747736,0.5000306006395054,1.0,6889,773
nslkdd,0.8,Probe,mlp,42,11,0.4999694228172302,0.9874141876430206,0.392,0.5954141876430206,-0.037414187643020624,0.5579999999999999,0.5954141876430206,0.4999694228172302,0.5954141876430206,0.08563386727688788,0.608,0.500030598711402,1.0,1748,250
nslkdd,0.8,R2L,mlp,42,11,0.9937466741539538,0.959731543624161,0.04040404040404041,0.9193275032201206,-0.009731543624161065,0.9095959595959595,0.9394617314080401,0.9978293243329972,0.9394617314080401,0.003367003367003367,0.9595959595959596,0.006222733514732681,0.9785683359792177,149,297
nslkdd,0.8,Normal,mlp,42,12,0.4999694228172302,0.997920997920998,0.9692460317460317,0.028674966174966232,-0.04792099792099802,-0.01924603174603179,0.132998382998383,0.4999692738056183,0.132998382998383,0.000596063096063096,0.030753968253968256,0.0,0.21560387072762277,10101,1008
nslkdd,0.8,DoS,mlp,42,12,0.4999694228172302,0.9991290463057048,0.26588845654993515,0.7332405897557697,-0.049129046305704804,0.6841115434500649,0.7332405897557697,0.4999694228172302,0.7332405897557697,0.05224479559981994,0.7341115434500649,0.5000306011102607,1.0,6889,771
nslkdd,0.8,Probe,mlp,42,12,0.4999694228172302,0.9874141876430206,0.348,0.6394141876430206,-0.037414187643020624,0.602,0.6394141876430206,0.4999694228172302,0.6394141876430206,0.06963386727688789,0.652,0.5000305979672244,1.0,1748,250
nslkdd,0.8,R2L,mlp,42,12,0.9937466741539538,0.959731543624161,0.026936026936026935,0.9327955166881341,-0.009731543624161065,0.923063973063973,0.9461957381420469,0.9978293243329972,0.9461957381420469,-0.0,0.9730639730639731,0.006222733300091932,0.9858377913641573,149,297
nslkdd,0.8,Normal,mlp,42,13,0.4999694228172302,0.997920997920998,0.9751984126984127,0.0227225852225853,-0.04792099792099802,-0.02519841269841272,0.12785037785037784,0.4999692440032959,0.12785037785037784,-0.0,0.024801587301587324,0.0,0.17772794734464797,10101,1008
nslkdd,0.8,DoS,mlp,42,13,0.4999694228172302,0.9991290463057048,0.2538860103626943,0.7452430359430104,-0.049129046305704804,0.6961139896373056,0.7452430359430104,0.4999694228172302,0.7452430359430104,0.043127062216028106,0.7461139896373057,0.5000306059662305,1.0,6889,772
nslkdd,0.8,Probe,mlp,42,13,0.4999694228172302,0.9874141876430206,0.39357429718875503,0.5938398904542656,-0.037414187643020624,0.5564257028112449,0.5938398904542656,0.4999694228172302,0.5938398904542656,0.09027643755801237,0.606425702811245,0.5000305931094875,1.0,1748,249
nslkdd,0.8,R2L,mlp,42,13,0.9937466741539538,0.959731543624161,0.04054054054054054,0.9191910030836205,-0.009731543624161065,0.9094594594594594,0.9359468528931616,0.9978293243329972,0.9359468528931616,-0.0,0.9594594594594594,0.006222733300091932,0.9820974345308752,149,296
nslkdd,0.8,Normal,mlp,42,14,0.4999694228172302,0.997920997920998,0.9821428571428571,0.01577814077814088,-0.04792099792099802,-0.03214285714285714,0.12438537438537439,0.4999692142009735,0.12438537438537439,0.00419100419100419,0.017857142857142905,0.0,0.1268488426079467,10101,1008
nslkdd,0.8,DoS,mlp,42,14,0.4999694228172302,0.9991290463057048,0.2716688227684347,0.72746022353727,-0.049129046305704804,0.6783311772315652,0.72746022353727,0.4999694228172302,0.72746022353727,0.0646924423641041,0.7283311772315653,0.5000306017352611,1.0,6889,773
nslkdd,0.8,Probe,mlp,42,14,0.4999694228172302,0.9874141876430206,0.496,0.4914141876430206,-0.037414187643020624,0.45399999999999996,0.4914141876430206,0.4999694228172302,0.4914141876430206,0.0771212814645309,0.504,0.5000305976725719,1.0,1748,250
nslkdd,0.8,R2L,mlp,42,14,0.9937466741539538,0.959731543624161,0.04054054054054054,0.9191910030836205,-0.009731543624161065,0.9094594594594594,0.9291900961364049,0.9978293243329972,0.9291900961364049,-0.0,0.9594594594594594,0.006222734918992501,0.9892389155950317,149,296
nslkdd,0.8,Normal,mlp,42,15,0.4999694228172302,0.997920997920998,0.9771825396825397,0.020738458238458324,-0.04792099792099802,-0.027182539682539697,0.13132981882981884,0.4999692142009735,0.13132981882981884,0.0006022506022506022,0.022817460317460347,0.0,0.1579112681586186,10101,1008
nslkdd,0.8,DoS,mlp,42,15,0.4999694228172302,0.9991290463057048,0.2545454545454545,0.7445835917602502,-0.049129046305704804,0.6954545454545454,0.7445835917602502,0.4999694228172302,0.7445835917602502,0.04660639114115671,0.7454545454545455,0.5000306066301616,1.0,6889,770
nslkdd,0.8,Probe,mlp,42,15,0.4999694228172302,0.9874141876430206,0.36,0.6274141876430206,-0.037414187643020624,0.59,0.6274141876430206,0.4999694228172302,0.6274141876430206,0.05654919908466819,0.64,0.5000305929955691,1.0,1748,250
nslkdd,0.8,R2L,mlp,42,15,0.9937466741539538,0.959731543624161,0.026936026936026935,0.9327955166881341,-0.009731543624161065,0.923063973063973,0.9428287347750435,0.9978293243329972,0.9428287347750435,-0.0,0.9730639730639731,0.00622273437329568,0.9893583874601538,149,297
nslkdd,0.8,Normal,mlp,42,16,0.4999694228172302,0.997920997920998,0.9722222222222222,0.025698775698775767,-0.04792099792099802,-0.022222222222222254,0.14192695442695444,0.4999692738056183,0.14192695442695444,-0.0,0.02777777777777779,0.0,0.18107043727202754,10101,1008
nslkdd,0.8,DoS,mlp,42,16,0.4999694228172302,0.9991290463057048,0.2677878395860285,0.7313412067196763,-0.049129046305704804,0.6822121604139715,0.7313412067196763,0.4999694228172302,0.7313412067196763,0.04512959802238302,0.7322121604139715,0.5000306058971089,1.0,6889,773
nslkdd,0.8,Probe,mlp,42,16,0.4999694228172302,0.9874141876430206,0.564,0.42341418764302063,-0.037414187643020624,0.386,0.42341418764302063,0.4999694228172302,0.42341418764302063,0.04563386727688788,0.43600000000000005,0.5000305953854416,1.0,1748,250
nslkdd,0.8,R2L,mlp,42,16,0.9937466741539538,0.959731543624161,0.037162162162162164,0.9225693814619988,-0.009731543624161065,0.9128378378378378,0.93932523127154,0.9978293243329972,0.93932523127154,0.0033783783783783786,0.9628378378378378,0.006222733568392869,0.9821618229216954,149,296
nslkdd,0.8,Normal,mlp,42,17,0.4999694228172302,0.997920997920998,0.9702380952380952,0.027682902682902744,-0.04792099792099802,-0.020238095238095277,0.11814218064218063,0.4999691843986511,0.11814218064218063,0.0033000033000032993,0.029761904761904767,0.0,0.2343185349417788,10101,1008
nslkdd,0.8,DoS,mlp,42,17,0.4999694228172302,0.9991290463057048,0.266839378238342,0.7322896680673627,-0.049129046305704804,0.6831606217616579,0.7322896680673627,0.4999694228172302,0.7322896680673627,0.05776686871087571,0.733160621761658,0.5000306007573809,1.0,6889,772
nslkdd,0.8,Probe,mlp,42,17,0.4999694228172302,0.9874141876430206,0.396,0.5914141876430206,-0.037414187643020624,0.5539999999999999,0.5914141876430206,0.4999694228172302,0.5914141876430206,0.07077345537757436,0.604,0.5000305997804242,1.0,1748,250
nslkdd,0.8,R2L,mlp,42,17,0.9937466741539538,0.959731543624161,0.05704697986577181,0.9026845637583892,-0.009731543624161065,0.8929530201342282,0.9194630872483222,0.9978293243329972,0.9194630872483222,-0.0,0.9429530201342282,0.006222733300091932,0.9817518248175182,149,298
nslkdd,0.8,Normal,mlp,42,18,0.4999694228172302,0.997920997920998,0.9722222222222222,0.025698775698775767,-0.04792099792099802,-0.022222222222222254,0.12406981156981159,0.4999692738056183,0.12406981156981159,0.0030256905256905234,0.02777777777777779,0.0,0.20713157676003707,10101,1008
nslkdd,0.8,DoS,mlp,42,18,0.4999694228172302,0.9991290463057048,0.26329442282749677,0.735834623478208,-0.049129046305704804,0.6867055771725032,0.735834623478208,0.4999694228172302,0.735834623478208,0.044181790214630035,0.7367055771725033,0.5000306051229471,1.0,6889,771
nslkdd,0.8,Probe,mlp,42,18,0.4999694228172302,0.9874141876430206,0.5582329317269076,0.429181255916113,-0.037414187643020624,0.3917670682730924,0.429181255916113,0.4999694228172302,0.429181255916113,0.049954968615882285,0.4417670682730924,0.5000305949696204,1.0,1748,249
nslkdd,0.8,R2L,mlp,42,18,0.9937466741539538,0.959731543624161,0.006711409395973154,0.9530201342281879,-0.009731543624161065,0.9432885906040268,0.9664429530201343,0.9978293243329972,0.9664429530201343,0.003355704697986577,0.9932885906040269,0.006222733003232839,0.986111111111111,149,298
nslkdd,0.8,Normal,mlp,42,19,0.4999694228172302,0.997920997920998,0.9771825396825397,0.020738458238458324,-0.04792099792099802,-0.027182539682539697,0.15613140613140614,0.4999692142009735,0.15613140613140614,0.003578441078441078,0.022817460317460347,0.0,0.13282694848084597,10101,1008
nslkdd,0.8,DoS,mlp,42,19,0.4999694228172302,0.9991290463057048,0.25,0.7491290463057048,-0.049129046305704804,0.7,0.7491290463057048,0.4999694228172302,0.7491290463057048,0.035355041490639505,0.75,0.5000306059040212,1.0,6889,772
nslkdd,0.8,Probe,mlp,42,19,0.4999694228172302,0.9874141876430206,0.512,0.47541418764302057,-0.037414187643020624,0.43799999999999994,0.4843295194508009,0.49996936321258545,0.4843295194508009,0.0536979405034325,0.488,0.5000305985988684,0.9815924253019107,1748,250
nslkdd,0.8,R2L,mlp,42,19,0.9937466741539538,0.959731543624161,0.026936026936026935,0.9327955166881341,-0.009731543624161065,0.923063973063973,0.9495627415090503,0.9978293243329972,0.9495627415090503,-0.0,0.9730639730639731,0.00622273437329568,0.9823421622522072,149,297
nslkdd,0.8,Normal,mlp,512,0,0.5,0.9966339966339967,0.9732142857142857,0.023419710919710957,-0.0466339966339967,-0.023214285714285743,0.06640637890637892,0.4999472498893738,0.06640637890637892,0.0016912516912516908,0.0267857142857143,0.0,0.35267260924930943,10101,1008
nslkdd,0.8,DoS,mlp,512,0,0.5,0.9994193642038032,0.4740932642487047,0.5253260999550985,-0.04941936420380322,0.4759067357512953,0.5254712589041477,0.8060108572244644,0.5254712589041477,0.27443389890168074,0.5259067357512953,0.5000000000005007,0.9997237547314158,6889,772
nslkdd,0.8,Probe,mlp,512,0,0.5,0.9919908466819222,0.5461847389558233,0.44580610772609885,-0.04199084668192221,0.40381526104417664,0.44580610772609885,0.5,0.44580610772609885,0.15898376113148244,0.4538152610441767,0.5000000000015001,1.0,1748,249
nslkdd,0.8,R2L,mlp,512,0,0.9764973390847445,0.959731543624161,0.037162162162162164,0.9225693814619988,-0.009731543624161065,0.9128378378378378,0.9327952113187012,0.7714840024709702,0.9327952113187012,4.5347360783602915e-05,0.9628378378378378,0.02350266091775577,0.9890374331550802,149,296
nslkdd,0.8,Normal,mlp,512,1,0.5,0.9966339966339967,0.9791666666666666,0.017467329967330025,-0.0466339966339967,-0.029166666666666674,0.0554936804936805,0.4999472498893738,0.0554936804936805,0.005808005808005806,0.02083333333333337,0.0,0.31476250650412646,10101,1008
nslkdd,0.8,DoS,mlp,512,1,0.5,0.9994193642038032,0.41245136186770426,0.5869680023360989,-0.04941936420380322,0.5375486381322957,0.5871131612851481,0.8060108572244644,0.5871131612851481,0.21256014635636916,0.5875486381322957,0.5000000000005007,0.9997527581416648,6889,771
nslkdd,0.8,Probe,mlp,512,1,0.5,0.9919908466819222,0.5725806451612904,0.4194102015206318,-0.04199084668192221,0.3774193548387096,0.4194102015206318,0.5,0.4194102015206318,0.1272975566546099,0.42741935483870963,0.5000000000015001,1.0,1748,248
nslkdd,0.8,R2L,mlp,512,1,0.9764973390847445,0.959731543624161,0.04377104377104377,0.9159604998531172,-0.009731543624161065,0.9062289562289562,0.9293833186450636,0.9897304242476821,0.9293833186450636,0.006756604072040313,0.9562289562289562,0.02350266091775577,0.9855572845749853,149,297
nslkdd,0.8,Normal,mlp,512,2,0.5,0.9966339966339967,0.9672619047619048,0.029372091872091888,-0.0466339966339967,-0.01726190476190481,0.07487088737088736,0.4996051490306854,0.07487088737088736,0.001297313797313797,0.03273809523809523,0.0,0.3923032423349222,10101,1008
nslkdd,0.8,DoS,mlp,512,2,0.5,0.9994193642038032,0.47470817120622566,0.5247111929975775,-0.04941936420380322,0.4752918287937743,0.5248563519466267,0.8060108572244644,0.5248563519466267,0.2722229219724522,0.5252918287937743,0.5000000000005007,0.9997234310902195,6889,771
nslkdd,0.8,Probe,mlp,512,2,0.5,0.9919908466819222,0.484,0.5079908466819222,-0.04199084668192221,0.46599999999999997,0.5079908466819222,0.5,0.5079908466819222,0.24620137299771166,0.516,0.5000000000015001,1.0,1748,250
nslkdd,0.8,R2L,mlp,512,2,0.9764973390847445,0.959731543624161,0.03367003367003367,0.9260615099541274,-0.009731543624161065,0.9163299663299663,0.9361173253790704,0.9897304242476821,0.9361173253790704,0.013490610806047049,0.9663299663299664,0.02350266091775577,0.9892579539419687,149,297
nslkdd,0.8,Normal,mlp,512,3,0.5,0.9966339966339967,0.9821428571428571,0.01449113949113956,-0.0466339966339967,-0.03214285714285714,0.06144606144606146,0.4999472498893738,0.06144606144606146,0.0013096888096888089,0.017857142857142905,0.0,0.2358351235230945,10101,1008
nslkdd,0.8,DoS,mlp,512,3,0.5,0.9994193642038032,0.422279792746114,0.5771395714576892,-0.04941936420380322,0.527720207253886,0.5772847304067383,0.8060108572244644,0.5772847304067383,0.22181697637669726,0.5777202072538861,0.5000000000005007,0.9997485487812109,6889,772
nslkdd,0.8,Probe,mlp,512,3,0.5,0.9919908466819222,0.5742971887550201,0.41769365792690205,-0.04199084668192221,0.37570281124497984,0.41769365792690205,0.5,0.41769365792690205,0.1505518642074017,0.4257028112449799,0.5000000000015001,1.0,1748,249
nslkdd,0.8,R2L,mlp,512,3,0.9764973390847445,0.959731543624161,0.04377104377104377,0.9159604998531172,-0.009731543624161065,0.9062289562289562,0.9293833186450636,0.9897304242476821,0.9293833186450636,0.006756604072040313,0.9562289562289562,0.02350266091775577,0.9855572845749853,149,297
nslkdd,0.8,Normal,mlp,512,4,0.5,0.9966339966339967,0.9751984126984127,0.02143558393558398,-0.0466339966339967,-0.02519841269841272,0.06154712404712406,0.4997890889644623,0.06154712404712406,-0.0,0.024801587301587324,0.0,0.3482792131630984,10101,1008
nslkdd,0.8,DoS,mlp,512,4,0.5,0.9994193642038032,0.4176394293125811,0.581779934891222,-0.04941936420380322,0.5323605706874188,0.5819250938402714,0.8060108572244644,0.5819250938402714,0.21210584214877418,0.5823605706874189,0.5000000000005007,0.9997505538933003,6889,771
nslkdd,0.8,Probe,mlp,512,4,0.5,0.9919908466819222,0.432,0.5599908466819221,-0.04199084668192221,0.518,0.5599908466819221,0.5,0.5599908466819221,0.18626086956521737,0.5680000000000001,0.5000000000015001,1.0,1748,250
nslkdd,0.8,R2L,mlp,512,4,0.9764973390847445,0.959731543624161,0.026936026936026935,0.9327955166881341,-0.009731543624161065,0.923063973063973,0.9462183354800805,0.9897304242476821,0.9462183354800805,0.0033896007050369477,0.9730639730639731,0.02350266091775577,0.9858142478446731,149,297
nslkdd,0.8,Normal,mlp,512,5,0.5,0.9966339966339967,0.9781746031746031,0.018459393459393514,-0.0466339966339967,-0.028174603174603186,0.07235875985875986,0.4999472498893738,0.07235875985875986,-0.0,0.02182539682539686,0.0,0.25510931220249194,10101,1008
nslkdd,0.8,DoS,mlp,512,5,0.5,0.9994193642038032,0.41893644617380027,0.5804829180300028,-0.04941936420380322,0.5310635538261996,0.5806280769790522,0.8060108572244644,0.5806280769790522,0.21700359169555256,0.5810635538261997,0.5000000000005007,0.9997499966763499,6889,771
nslkdd,0.8,Probe,mlp,512,5,0.5,0.9919908466819222,0.46184738955823296,0.5301434571236892,-0.04199084668192221,0.488152610441767,0.5301434571236892,0.5,0.5301434571236892,0.20732587098967953,0.5381526104417671,0.5000000000015001,1.0,1748,249
nslkdd,0.8,R2L,mlp,512,5,0.9764973390847445,0.959731543624161,0.02702702702702703,0.9327045165971339,-0.009731543624161065,0.922972972972973,0.9461273353890804,0.9897304242476821,0.9461273353890804,0.0034237257391619815,0.972972972972973,0.02350266091775577,0.9858128834355826,149,296
nslkdd,0.8,Normal,mlp,512,6,0.5,0.9966339966339967,0.9742063492063492,0.022427647427647468,-0.0466339966339967,-0.02420634920634923,0.07414488664488665,0.49989864230155945,0.07414488664488665,0.001192126192126192,0.025793650793650813,0.0,0.30248407466132626,10101,1008
nslkdd,0.8,DoS,mlp,512,6,0.5,0.9994193642038032,0.41968911917098445,0.5797302450328188,-0.04941936420380322,0.5303108808290156,0.5798754039818679,0.8060108572244644,0.5798754039818679,0.22460827767026656,0.5803108808290156,0.5000000000005007,0.9997496721743113,6889,772
nslkdd,0.8,Probe,mlp,512,6,0.5,0.9919908466819222,0.570281124497992,0.4217097221839302,-0.04199084668192221,0.379718875502008,0.4217097221839302,0.5,0.4217097221839302,0.1522681113469898,0.42971887550200805,0.5000000000015001,1.0,1748,249
nslkdd,0.8,R2L,mlp,512,6,0.9764973390847445,0.959731543624161,0.030303030303030304,0.9294285133211307,-0.009731543624161065,0.9196969696969697,0.936139922717104,0.9881256306543946,0.936139922717104,0.0033896007050369477,0.9696969696969697,0.02350266091775577,0.9928307625461654,149,297
nslkdd,0.8,Normal,mlp,512,7,0.5,0.9966339966339967,0.9662698412698413,0.030364155364155376,-0.0466339966339967,-0.016269841269841323,0.057578870078870095,0.4997890889644623,0.057578870078870095,0.003102003102003101,0.03373015873015872,0.0,0.527348927176989,10101,1008
nslkdd,0.8,DoS,mlp,512,7,0.5,0.9994193642038032,0.46113989637305697,0.5382794678307462,-0.04941936420380322,0.488860103626943,0.5384246267797954,0.8060108572244644,0.5384246267797954,0.2572820152574842,0.538860103626943,0.5000000000005007,0.9997304006135133,6889,772
nslkdd,0.8,Probe,mlp,512,7,0.5,0.9919908466819222,0.612,0.3799908466819222,-0.04199084668192221,0.33799999999999997,0.3799908466819222,0.5,0.3799908466819222,0.19026086956521737,0.388,0.5000000000015001,1.0,1748,250
nslkdd,0.8,R2L,mlp,512,7,0.9764973390847445,0.959731543624161,0.026936026936026935,0.9327955166881341,-0.009731543624161065,0.923063973063973,0.9462183354800805,0.9897304242476821,0.9462183354800805,0.006756604072040313,0.9730639730639731,0.02350266091775577,0.9858142478446731,149,297
nslkdd,0.8,Normal,mlp,512,8,0.5,0.9966339966339967,0.9831349206349206,0.013499075999076071,-0.0466339966339967,-0.03313492063492063,0.05846987096987098,0.4999472498893738,0.05846987096987098,0.003675378675378675,0.016865079365079416,0.0,0.2308723411760568,10101,1008
nslkdd,0.8,DoS,mlp,512,8,0.5,0.9994193642038032,0.4721862871927555,0.5272330770110476,-0.04941936420380322,0.47781371280724444,0.5273782359600969,0.8060108572244644,0.5273782359600969,0.26079936573238516,0.5278137128072444,0.5000000000005007,0.9997247536224451,6889,773
nslkdd,0.8,Probe,mlp,512,8,0.5,0.9919908466819222,0.5742971887550201,0.41769365792690205,-0.04199084668192221,0.37570281124497984,0.41769365792690205,0.5,0.41769365792690205,0.15496769687445433,0.4257028112449799,0.5000000000015001,1.0,1748,249
nslkdd,0.8,R2L,mlp,512,8,0.9764973390847445,0.959731543624161,0.030303030303030304,0.9294285133211307,-0.009731543624161065,0.9196969696969697,0.9394843287460738,0.9897304242476821,0.9394843287460738,0.016857614173050414,0.9696969696969697,0.02350266091775577,0.9892964521948285,149,297
nslkdd,0.8,Normal,mlp,512,9,0.5,0.9966339966339967,0.9761904761904762,0.02044352044352049,-0.0466339966339967,-0.02619047619047621,0.07533495033495034,0.4999472498893738,0.07533495033495034,0.000598125598125598,0.023809523809523836,0.0,0.2713683403602919,10101,1008
nslkdd,0.8,DoS,mlp,512,9,0.5,0.9994193642038032,0.4209844559585492,0.578434908245254,-0.04941936420380322,0.5290155440414508,0.5785800671943031,0.8060108572244644,0.5785800671943031,0.22650643776178436,0.5790155440414508,0.5000000000005,0.9997491117352988,6889,772
nslkdd,0.8,Probe,mlp,512,9,0.5,0.9919908466819222,0.46,0.5319908466819221,-0.04199084668192221,0.48999999999999994,0.5319908466819221,0.5,0.5319908466819221,0.21362013729977114,0.54,0.5000000000015001,1.0,1748,250
nslkdd,0.8,R2L,mlp,512,9,0.9764973390847445,0.959731543624161,0.02356902356902357,0.9361625200551374,-0.009731543624161065,0.9264309764309764,0.9428513321130771,0.9897304242476821,0.9428513321130771,0.0033896007050369477,0.9764309764309764,0.02350266091775577,0.9929057616719393,149,297
nslkdd,0.8,Normal,mlp,512,10,0.5,0.9966339966339967,0.9732142857142857,0.023419710919710957,-0.0466339966339967,-0.023214285714285743,0.06620837870837872,0.49989864230155945,0.06620837870837872,0.003675378675378675,0.0267857142857143,0.0,0.3537272982150094,10101,1008
nslkdd,0.8,DoS,mlp,512,10,0.5,0.9994193642038032,0.42412451361867703,0.5752948505851261,-0.04941936420380322,0.5258754863813229,0.5754400095341754,0.8060108572244644,0.5754400095341754,0.22651818657123454,0.5758754863813229,0.5000000000005005,0.9997477426896909,6889,771
nslkdd,0.8,Probe,mlp,512,10,0.5,0.9919908466819222,0.5697211155378487,0.4222697311440735,-0.04199084668192221,0.3802788844621513,0.4222697311440735,0.5,0.4222697311440735,0.16949592932617358,0.43027888446215135,0.5000000000015001,1.0,1748,251
nslkdd,0.8,R2L,mlp,512,10,0.9764973390847445,0.959731543624161,0.013468013468013467,0.9462635301561475,-0.009731543624161065,0.9365319865319864,0.9596863489480939,0.9897304242476821,0.9596863489480939,-0.0,0.9865319865319865,0.02350266091775577,0.9860133273681979,149,297
nslkdd,0.8,Normal,mlp,512,11,0.5,0.9966339966339967,0.9771825396825397,0.019451456951457002,-0.0466339966339967,-0.027182539682539697,0.06323218823218824,0.49989864230155945,0.06323218823218824,0.0004042504042504041,0.022817460317460347,0.0,0.3076195446539247,10101,1008
nslkdd,0.8,DoS,mlp,512,11,0.5,0.9994193642038032,0.46054333764553684,0.5388760265582664,-0.04941936420380322,0.4894566623544631,0.5390211855073155,0.8060108572244644,0.5390211855073155,0.2507659341053486,0.5394566623544632,0.5000000000015001,0.9997306989911492,6889,773
nslkdd,0.8,Probe,mlp,512,11,0.5,0.9919908466819222,0.472,0.5199908466819222,-0.04199084668192221,0.478,0.5199908466819222,0.5,0.5199908466819222,0.21820137299771164,0.528,0.5000000000015001,1.0,1748,250
nslkdd,0.8,R2L,mlp,512,11,0.9764973390847445,0.959731543624161,0.037037037037037035,0.9226945065871239,-0.009731543624161065,0.912962962962963,0.9361173253790704,0.9897304242476821,0.9361173253790704,0.01012360743904368,0.962962962962963,0.02350266091775577,0.9856611789697289,149,297
nslkdd,0.8,Normal,mlp,512,12,0.5,0.9966339966339967,0.9712301587301587,0.025403837903837934,-0.0466339966339967,-0.021230158730158766,0.07632701382701383,0.4999472498893738,0.07632701382701383,0.003176253176253176,0.02876984126984128,0.0,0.33282892425757327,10101,1008
nslkdd,0.8,DoS,mlp,512,12,0.5,0.9994193642038032,0.4669260700389105,0.5324932941648927,-0.04941936420380322,0.48307392996108944,0.5326384531139419,0.8060108572244644,0.5326384531139419,0.2631438039439178,0.5330739299610895,0.5000000000005007,0.9997274718935507,6889,771
nslkdd,0.8,Probe,mlp,512,12,0.5,0.9919908466819222,0.432,0.5599908466819221,-0.04199084668192221,0.518,0.5599908466819221,0.5,0.5599908466819221,0.2062608695652174,0.5680000000000001,0.5000000000015001,1.0,1748,250
nslkdd,0.8,R2L,mlp,512,12,0.9764973390847445,0.959731543624161,0.02356902356902357,0.9361625200551374,-0.009731543624161065,0.9264309764309764,0.9462183354800805,0.9897304242476821,0.9462183354800805,0.0033896007050369477,0.9764309764309764,0.02350266091775577,0.9893726267523224,149,297
nslkdd,0.8,Normal,mlp,512,13,0.5,0.9966339966339967,0.9751984126984127,0.02143558393558398,-0.0466339966339967,-0.02519841269841272,0.06045399795399796,0.4999472498893738,0.06045399795399796,0.0008146883146883145,0.024801587301587324,0.0,0.35457678004844667,10101,1008
nslkdd,0.8,DoS,mlp,512,13,0.5,0.9994193642038032,0.40025906735751293,0.5991602968462902,-0.04941936420380322,0.549740932642487,0.5993054557953394,0.8060108572244644,0.5993054557953394,0.19541835486022996,0.5997409326424871,0.5000000000005,0.9997577880400629,6889,772
nslkdd,0.8,Probe,mlp,512,13,0.5,0.9919908466819222,0.46184738955823296,0.5301434571236892,-0.04199084668192221,0.488152610441767,0.5301434571236892,0.5,0.5301434571236892,0.22455726797349584,0.5381526104417671,0.5000000000015001,1.0,1748,249
nslkdd,0.8,R2L,mlp,512,13,0.9764973390847445,0.959731543624161,0.04054054054054054,0.9191910030836205,-0.009731543624161065,0.9094594594594594,0.9292354434971885,0.9897304242476821,0.9292354434971885,0.010180482495918738,0.9594594594594594,0.02350266091775577,0.9891906400214723,149,296
nslkdd,0.8,Normal,mlp,512,14,0.5,0.9966339966339967,0.9791666666666666,0.017467329967330025,-0.0466339966339967,-0.029166666666666674,0.06541431541431543,0.4999472498893738,0.06541431541431543,0.003479440979440979,0.02083333333333337,0.0,0.2670261066969361,10101,1008
nslkdd,0.8,DoS,mlp,512,14,0.5,0.9994193642038032,0.4579560155239327,0.5414633486798704,-0.04941936420380322,0.49204398447606723,0.5416085076289197,0.8060108572244644,0.5416085076289197,0.2606542067833359,0.5420439844760673,0.5000000000005007,0.9997319854710468,6889,773
nslkdd,0.8,Probe,mlp,512,14,0.5,0.9919908466819222,0.564,0.4279908466819222,-0.04199084668192221,0.386,0.4279908466819222,0.5,0.4279908466819222,0.17826086956521742,0.43600000000000005,0.5000000000015001,1.0,1748,250
nslkdd,0.8,R2L,mlp,512,14,0.9764973390847445,0.959731543624161,0.033783783783783786,0.9259477598403772,-0.009731543624161065,0.9162162162162162,0.9326138218755669,0.9897304242476821,0.9326138218755669,0.010180482495918738,0.9662162162162162,0.02350266091775577,0.9928522804628999,149,296
nslkdd,0.8,Normal,mlp,512,15,0.5,0.9966339966339967,0.9761904761904762,0.02044352044352049,-0.0466339966339967,-0.02619047619047621,0.05846987096987098,0.4999472498893738,0.05846987096987098,0.0013096888096888089,0.023809523809523836,0.0,0.34964196267946035,10101,1008
nslkdd,0.8,DoS,mlp,512,15,0.5,0.9994193642038032,0.4077922077922078,0.5916271564115954,-0.04941936420380322,0.5422077922077921,0.5917723153606446,0.8060108572244644,0.5917723153606446,0.2089672412070438,0.5922077922077922,0.5000000000005007,0.9997547047313953,6889,770
nslkdd,0.8,Probe,mlp,512,15,0.5,0.9919908466819222,0.444,0.5479908466819221,-0.04199084668192221,0.506,0.5479908466819221,0.5,0.5479908466819221,0.19020137299771167,0.556,0.5000000000015001,1.0,1748,250
nslkdd,0.8,R2L,mlp,512,15,0.9764973390847445,0.959731543624161,0.020202020202020204,0.9395295234221408,-0.009731543624161065,0.9297979797979797,0.9529523422140872,0.9897304242476821,0.9529523422140872,2.2597338033579495e-05,0.9797979797979798,0.02350266091775577,0.9859144910009248,149,297
nslkdd,0.8,Normal,mlp,512,16,0.5,0.9966339966339967,0.9732142857142857,0.023419710919710957,-0.0466339966339967,-0.023214285714285743,0.07910520410520411,0.49989864230155945,0.07910520410520411,0.0004166254166254168,0.0267857142857143,0.0,0.29605777754601914,10101,1008
nslkdd,0.8,DoS,mlp,512,16,0.5,0.9994193642038032,0.4282018111254851,0.5712175530783181,-0.04941936420380322,0.5217981888745149,0.5713627120273672,0.8060108572244644,0.5713627120273672,0.21971806864609894,0.571798188874515,0.5000000000005,0.9997459425580398,6889,773
nslkdd,0.8,Probe,mlp,512,16,0.5,0.9919908466819222,0.624,0.36799084668192217,-0.04199084668192221,0.32599999999999996,0.36799084668192217,0.5,0.36799084668192217,0.17362013729977116,0.376,0.5000000000015001,1.0,1748,250
nslkdd,0.8,R2L,mlp,512,16,0.9764973390847445,0.959731543624161,0.033783783783783786,0.9259477598403772,-0.009731543624161065,0.9162162162162162,0.9326591692363505,0.9881256306543946,0.9326591692363505,0.0034237257391619815,0.9662162162162162,0.02350266091775577,0.9928040064180482,149,296
nslkdd,0.8,Normal,mlp,512,17,0.5,0.9966339966339967,0.9662698412698413,0.030364155364155376,-0.0466339966339967,-0.016269841269841323,0.06422425172425172,0.49989864230155945,0.06422425172425172,0.003275253275253275,0.03373015873015872,0.0,0.4727833263752852,10101,1008
nslkdd,0.8,DoS,mlp,512,17,0.5,0.9994193642038032,0.4520725388601036,0.5473468253436995,-0.04941936420380322,0.49792746113989633,0.5474919842927488,0.8060108572244644,0.5474919842927488,0.25339600489478986,0.5479274611398963,0.5000000000005007,0.9997348656177372,6889,772
nslkdd,0.8,Probe,mlp,512,17,0.5,0.9919908466819222,0.484,0.5079908466819222,-0.04199084668192221,0.46599999999999997,0.5079908466819222,0.5,0.5079908466819222,0.24220137299771166,0.516,0.5000000000015001,1.0,1748,250
nslkdd,0.8,R2L,mlp,512,17,0.9764973390847445,0.959731543624161,0.053691275167785234,0.9060402684563758,-0.009731543624161065,0.8963087248322147,0.912751677852349,0.9881256306543946,0.912751677852349,0.026845637583892617,0.9463087248322147,0.02350266091775577,0.9926470588235293,149,298
nslkdd,0.8,Normal,mlp,512,18,0.5,0.9966339966339967,0.9702380952380952,0.026395901395901422,-0.0466339966339967,-0.020238095238095277,0.07335082335082337,0.4999472498893738,0.07335082335082337,0.003102003102003101,0.029761904761904767,0.0,0.3598582836576316,10101,1008
nslkdd,0.8,DoS,mlp,512,18,0.5,0.9994193642038032,0.42412451361867703,0.5752948505851261,-0.04941936420380322,0.5258754863813229,0.5754400095341754,0.8060108572244644,0.5754400095341754,0.21774821380124598,0.5758754863813229,0.5000000000005,0.9997477426896909,6889,771
nslkdd,0.8,Probe,mlp,512,18,0.5,0.9919908466819222,0.6224899598393574,0.36950088684256477,-0.04199084668192221,0.32751004016064256,0.36950088684256477,0.5,0.36950088684256477,0.20792092856552064,0.3775100401606426,0.5000000000015001,1.0,1748,249
nslkdd,0.8,R2L,mlp,512,18,0.9764973390847445,0.959731543624161,0.010067114093959731,0.9496644295302012,-0.009731543624161065,0.9399328859060402,0.9630872483221476,0.9897304242476821,0.9630872483221476,-0.0,0.9899328859060402,0.02350266091775577,0.9860627177700347,149,298
nslkdd,0.8,Normal,mlp,512,19,0.5,0.9966339966339967,0.9761904761904762,0.02044352044352049,-0.0466339966339967,-0.02619047619047621,0.08426352176352177,0.4999472498893738,0.08426352176352177,0.00012581262581262513,0.023809523809523836,0.0,0.24261412311834593,10101,1008
nslkdd,0.8,DoS,mlp,512,19,0.5,0.9994193642038032,0.40932642487046633,0.5900929393333368,-0.04941936420380322,0.5406735751295336,0.590238098282386,0.8060108572244644,0.590238098282386,0.2069312269992637,0.5906735751295337,0.5000000000005007,0.9997540671307534,6889,772
nslkdd,0.8,Probe,mlp,512,19,0.5,0.9919908466819222,0.604,0.3879908466819222,-0.04199084668192221,0.346,0.3879908466819222,0.5,0.3879908466819222,0.1662608695652174,0.396,0.5000000000015001,1.0,1748,250
nslkdd,0.8,R2L,mlp,512,19,0.9764973390847445,0.959731543624161,0.02356902356902357,0.9361625200551374,-0.009731543624161065,0.9264309764309764,0.9462183354800805,0.9897304242476821,0.9462183354800805,0.01012360743904368,0.9764309764309764,0.02350266091775577,0.9893726267523224,149,297
nslkdd,0.8,Normal,mlp,6021,0,0.5,0.9949509949509949,0.9771825396825397,0.017768455268455274,-0.04495099495099497,-0.027182539682539697,0.07603207603207604,0.4999690651893616,0.07603207603207604,0.002978252978252978,0.022817460317460347,0.0,0.23369683159722227,10101,1008
nslkdd,0.8,DoS,mlp,6021,0,0.5,0.999274205254754,0.33031088082901555,0.6689633244257385,-0.04927420525475401,0.6196891191709843,0.6689633244257385,0.5,0.6689633244257385,0.12558204601914746,0.6696891191709844,0.5000000080331568,1.0,6889,772
nslkdd,0.8,Probe,mlp,6021,0,0.5,0.982837528604119,0.5301204819277109,0.4527170466764081,-0.03283752860411904,0.41987951807228907,0.4527170466764081,0.5,0.4527170466764081,0.12297703399409998,0.4698795180722891,0.5000000309378718,1.0,1748,249
nslkdd,0.8,R2L,mlp,6021,0,0.9612504318356514,0.959731543624161,0.04391891891891892,0.915812624705242,-0.009731543624161065,0.906081081081081,0.9292354434971885,0.9914518943987787,0.9292354434971885,-0.0,0.956081081081081,0.038749569795664573,0.9855549862137959,149,296
nslkdd,0.8,Normal,mlp,6021,1,0.5,0.9949509949509949,0.9771825396825397,0.017768455268455274,-0.04495099495099497,-0.027182539682539697,0.059166996666996666,0.4999690651893616,0.059166996666996666,0.000994125994125994,0.022817460317460347,0.0,0.3003102450587375,10101,1008
nslkdd,0.8,DoS,mlp,6021,1,0.5,0.999274205254754,0.2931258106355383,0.7061483946192157,-0.04927420525475401,0.6568741893644616,0.7061483946192157,0.5,0.7061483946192157,0.08946046244892372,0.7068741893644617,0.5000000579171162,1.0,6889,771
nslkdd,0.8,Probe,mlp,6021,1,0.5,0.982837528604119,0.5645161290322581,0.4183213995718609,-0.03283752860411904,0.38548387096774184,0.4183213995718609,0.5,0.4183213995718609,0.131818852882557,0.4354838709677419,0.500000000001503,1.0,1748,248
nslkdd,0.8,R2L,mlp,6021,1,0.9612504318356514,0.959731543624161,0.050505050505050504,0.9092264931191105,-0.009731543624161065,0.8994949494949495,0.9259711206019932,0.999644016410457,0.9259711206019932,-0.0,0.9494949494949495,0.038749568166848825,0.9819166849696169,149,297
nslkdd,0.8,Normal,mlp,6021,2,0.5,0.9949509949509949,0.9712301587301587,0.023720836220836206,-0.04495099495099497,-0.021230158730158766,0.07107175857175857,0.4999690651893616,0.07107175857175857,0.00397031647031647,0.02876984126984128,0.0,0.333758959923387,10101,1008
nslkdd,0.8,DoS,mlp,6021,2,0.5,0.999274205254754,0.31776913099870296,0.681505074256051,-0.04927420525475401,0.632230869001297,0.681505074256051,0.5,0.681505074256051,0.10891571536721166,0.682230869001297,0.500000021479126,1.0,6889,771
nslkdd,0.8,Probe,mlp,6021,2,0.5,0.982837528604119,0.432,0.5508375286041189,-0.03283752860411904,0.518,0.5508375286041189,0.5,0.5508375286041189,0.17820594965675057,0.5680000000000001,0.5000000309378718,1.0,1748,250
nslkdd,0.8,R2L,mlp,6021,2,0.9612504318356514,0.959731543624161,0.037037037037037035,0.9226945065871239,-0.009731543624161065,0.912962962962963,0.9361173253790704,0.9914518943987787,0.9361173253790704,-0.0,0.962962962962963,0.038749569795664573,0.9856611789697289,149,297
nslkdd,0.8,Normal,mlp,6021,3,0.5,0.9949509949509949,0.9841269841269841,0.010824010824010855,-0.04495099495099497,-0.03412698412698412,0.0809923934923935,0.4999690651893616,0.0809923934923935,0.004174504174504174,0.015873015873015928,0.0,0.13364231327510287,10101,1008
nslkdd,0.8,DoS,mlp,6021,3,0.5,0.999274205254754,0.30958549222797926,0.6896887130267747,-0.04927420525475401,0.6404145077720207,0.6896887130267747,0.5,0.6896887130267747,0.10226598384298165,0.6904145077720207,0.5000000579171162,1.0,6889,772
nslkdd,0.8,Probe,mlp,6021,3,0.5,0.982837528604119,0.5742971887550201,0.4085403398490989,-0.03283752860411904,0.37570281124497984,0.4085403398490989,0.5,0.4085403398490989,0.1269930982511281,0.4257028112449799,0.5000000309378718,1.0,1748,249
nslkdd,0.8,R2L,mlp,6021,3,0.9612504318356514,0.959731543624161,0.05723905723905724,0.9024924863851038,-0.009731543624161065,0.8927609427609428,0.9125483018100469,0.9914518943987787,0.9125483018100469,0.003367003367003367,0.9427609427609428,0.03874956849261202,0.9889805116014163,149,297
nslkdd,0.8,Normal,mlp,6021,4,0.5,0.9949509949509949,0.9771825396825397,0.017768455268455274,-0.04495099495099497,-0.027182539682539697,0.0680955680955681,0.4999690651893616,0.0680955680955681,-0.0,0.022817460317460347,0.0,0.2609340925611825,10101,1008
nslkdd,0.8,DoS,mlp,6021,4,0.5,0.999274205254754,0.29442282749675747,0.7048513777579966,-0.04927420525475401,0.6555771725032424,0.7048513777579966,0.5,0.7048513777579966,0.08816344558770453,0.7055771725032425,0.5000000579171162,1.0,6889,771
nslkdd,0.8,Probe,mlp,6021,4,0.5,0.982837528604119,0.42,0.562837528604119,-0.03283752860411904,0.53,0.562837528604119,0.5,0.562837528604119,0.15420594965675058,0.5800000000000001,0.5000000309378718,1.0,1748,250
nslkdd,0.8,R2L,mlp,6021,4,0.9612504318356514,0.959731543624161,0.037037037037037035,0.9226945065871239,-0.009731543624161065,0.912962962962963,0.932750322012067,0.9914518943987787,0.932750322012067,-0.0,0.962962962962963,0.038749568166848825,0.9892191777503209,149,297
nslkdd,0.8,Normal,mlp,6021,5,0.5,0.9949509949509949,0.9821428571428571,0.012808137808137832,-0.04495099495099497,-0.03214285714285714,0.07206382206382207,0.4999690651893616,0.07206382206382207,0.0061565686565686565,0.017857142857142905,0.0,0.17773325701202092,10101,1008
nslkdd,0.8,DoS,mlp,6021,5,0.5,0.999274205254754,0.2827496757457847,0.7165245295089693,-0.04927420525475401,0.6672503242542153,0.7165245295089693,0.5,0.7165245295089693,0.07259924325307418,0.7172503242542153,0.5000000579171162,1.0,6889,771
nslkdd,0.8,Probe,mlp,6021,5,0.5,0.982837528604119,0.4457831325301205,0.5370543960739985,-0.03283752860411904,0.5042168674698795,0.5370543960739985,0.5,0.5370543960739985,0.17518586933546543,0.5542168674698795,0.5000000309378718,1.0,1748,249
nslkdd,0.8,R2L,mlp,6021,5,0.9612504318356514,0.959731543624161,0.04054054054054054,0.9191910030836205,-0.009731543624161065,0.9094594594594594,0.9326138218755669,0.9914518943987787,0.9326138218755669,-0.0,0.9594594594594594,0.038749569795664573,0.9856073130409413,149,296
nslkdd,0.8,Normal,mlp,6021,6,0.5,0.9949509949509949,0.9781746031746031,0.016776391776391786,-0.04495099495099497,-0.028174603174603186,0.07404794904794905,0.4999690651893616,0.07404794904794905,0.001986189486189486,0.02182539682539686,0.0,0.2265611943624312,10101,1008
nslkdd,0.8,DoS,mlp,6021,6,0.5,0.999274205254754,0.29404145077720206,0.7052327544775518,-0.04927420525475401,0.655958549222798,0.7052327544775518,0.5,0.7052327544775518,0.08931261596733397,0.705958549222798,0.5000000579171162,1.0,6889,772
nslkdd,0.8,Probe,mlp,6021,6,0.5,0.982837528604119,0.5421686746987951,0.44066885390532384,-0.03283752860411904,0.4078313253012048,0.44066885390532384,0.5,0.44066885390532384,0.11494490548004374,0.45783132530120485,0.5000000309378718,1.0,1748,249
nslkdd,0.8,R2L,mlp,6021,6,0.9612504318356514,0.959731543624161,0.037037037037037035,0.9226945065871239,-0.009731543624161065,0.912962962962963,0.9293833186450636,0.9914518943987787,0.9293833186450636,0.003367003367003367,0.962962962962963,0.038749569795664573,0.9928029566232249,149,297
nslkdd,0.8,Normal,mlp,6021,7,0.5,0.9949509949509949,0.9682539682539683,0.02669702669702667,-0.04495099495099497,-0.0182539682539683,0.0680955680955681,0.4999690651893616,0.0680955680955681,0.00030318780318780306,0.031746031746031744,0.0,0.39205233826023705,10101,1008
nslkdd,0.8,DoS,mlp,6021,7,0.5,0.999274205254754,0.30310880829015546,0.6961653969645984,-0.04927420525475401,0.6468911917098445,0.6961653969645984,0.5,0.6961653969645984,0.09449396311759303,0.6968911917098446,0.500000021479126,1.0,6889,772
nslkdd,0.8,Probe,mlp,6021,7,0.5,0.982837528604119,0.572,0.41083752860411904,-0.03283752860411904,0.378,0.41083752860411904,0.5,0.41083752860411904,0.12620594965675058,0.42800000000000005,0.5000000309378718,1.0,1748,250
nslkdd,0.8,R2L,mlp,6021,7,0.9612504318356514,0.959731543624161,0.030303030303030304,0.9294285133211307,-0.009731543624161065,0.9196969696969697,0.9428513321130771,0.9914518943987787,0.9428513321130771,-0.0,0.9696969696969697,0.038749568166848825,0.9857635893011215,149,297
nslkdd,0.8,Normal,mlp,6021,8,0.5,0.9949509949509949,0.9821428571428571,0.012808137808137832,-0.04495099495099497,-0.03214285714285714,0.07007969507969508,0.4999690651893616,0.07007969507969508,9.900009900010165e-05,0.017857142857142905,0.0,0.1827653187356528,10101,1008
nslkdd,0.8,DoS,mlp,6021,8,0.5,0.999274205254754,0.3208279430789133,0.6784462621758407,-0.04927420525475401,0.6291720569210866,0.6784462621758407,0.5,0.6784462621758407,0.10598274580264354,0.6791720569210866,0.500000021479126,1.0,6889,773
nslkdd,0.8,Probe,mlp,6021,8,0.5,0.982837528604119,0.5542168674698795,0.42862066113423947,-0.03283752860411904,0.39578313253012043,0.42862066113423947,0.5,0.42862066113423947,0.12297703399409998,0.4457831325301205,0.5000000207981183,1.0,1748,249
nslkdd,0.8,R2L,mlp,6021,8,0.9612504318356514,0.959731543624161,0.030303030303030304,0.9294285133211307,-0.009731543624161065,0.9196969696969697,0.9461731408040133,0.999644016410457,0.9461731408040133,-0.0,0.9696969696969697,0.038749568166848825,0.9823027871319051,149,297
nslkdd,0.8,Normal,mlp,6021,9,0.5,0.9949509949509949,0.9791666666666666,0.015784328284328297,-0.04495099495099497,-0.029166666666666674,0.08000033000033001,0.4999690651893616,0.08000033000033001,0.001986189486189486,0.02083333333333337,0.0,0.1973032896772199,10101,1008
nslkdd,0.8,DoS,mlp,6021,9,0.5,0.999274205254754,0.27979274611398963,0.7194814591407643,-0.04927420525475401,0.6702072538860103,0.7194814591407643,0.5,0.7194814591407643,0.07894992166681583,0.7202072538860104,0.5000000579171162,1.0,6889,772
nslkdd,0.8,Probe,mlp,6021,9,0.5,0.982837528604119,0.448,0.5348375286041189,-0.03283752860411904,0.502,0.5348375286041189,0.5,0.5348375286041189,0.1695926773455378,0.552,0.5000000309378718,1.0,1748,250
nslkdd,0.8,R2L,mlp,6021,9,0.9612504318356514,0.959731543624161,0.030303030303030304,0.9294285133211307,-0.009731543624161065,0.9196969696969697,0.9428513321130771,0.9914518943987787,0.9428513321130771,0.003367003367003367,0.9696969696969697,0.038749568166848825,0.9857635893011215,149,297
nslkdd,0.8,Normal,mlp,6021,10,0.5,0.9949509949509949,0.9742063492063492,0.02074464574464574,-0.04495099495099497,-0.02420634920634923,0.07206382206382207,0.4999690651893616,0.07206382206382207,0.001986189486189486,0.025793650793650813,0.0,0.28786491127647384,10101,1008
nslkdd,0.8,DoS,mlp,6021,10,0.5,0.999274205254754,0.29571984435797666,0.7035543608967774,-0.04927420525475401,0.6542801556420232,0.7035543608967774,0.5,0.7035543608967774,0.09464852989380051,0.7042801556420233,0.5000000579171162,1.0,6889,771
nslkdd,0.8,Probe,mlp,6021,10,0.5,0.982837528604119,0.5577689243027888,0.4250686043013302,-0.03283752860411904,0.39223107569721116,0.4250686043013302,0.5,0.4250686043013302,0.1475926955792391,0.4422310756972112,0.5000000309378718,1.0,1748,251
nslkdd,0.8,R2L,mlp,6021,10,0.9612504318356514,0.959731543624161,0.016835016835016835,0.9428965267891442,-0.009731543624161065,0.9331649831649831,0.9563193455810906,0.9914518943987787,0.9563193455810906,-0.0,0.9831649831649831,0.038749568166848825,0.9859640831758033,149,297
nslkdd,0.8,Normal,mlp,6021,11,0.5,0.9949509949509949,0.9791666666666666,0.015784328284328297,-0.04495099495099497,-0.029166666666666674,0.062143187143187145,0.4999690651893616,0.062143187143187145,0.00219037719037719,0.02083333333333337,0.0,0.2539993362097579,10101,1008
nslkdd,0.8,DoS,mlp,6021,11,0.5,0.999274205254754,0.3053040103492885,0.6939701949054655,-0.04927420525475401,0.6446959896507114,0.6939701949054655,0.5,0.6939701949054655,0.09304613519462285,0.6946959896507114,0.500000021479126,1.0,6889,773
nslkdd,0.8,Probe,mlp,6021,11,0.5,0.982837528604119,0.428,0.554837528604119,-0.03283752860411904,0.522,0.554837528604119,0.5,0.554837528604119,0.17420594965675057,0.5720000000000001,0.5000000309378718,1.0,1748,250
nslkdd,0.8,R2L,mlp,6021,11,0.9612504318356514,0.959731543624161,0.04040404040404041,0.9193275032201206,-0.009731543624161065,0.9095959595959595,0.932750322012067,0.9914518943987787,0.932750322012067,-0.0,0.9595959595959596,0.038749568166848825,0.9856094192891924,149,297
nslkdd,0.8,Normal,mlp,6021,12,0.5,0.9949509949509949,0.9712301587301587,0.023720836220836206,-0.04495099495099497,-0.021230158730158766,0.07305588555588556,0.4999690651893616,0.07305588555588556,0.00318037818037818,0.02876984126984128,0.0,0.3246943903334178,10101,1008
nslkdd,0.8,DoS,mlp,6021,12,0.5,0.999274205254754,0.30739299610894943,0.6918812091458045,-0.04927420525475401,0.6426070038910505,0.6918812091458045,0.5,0.6918812091458045,0.0959455467550197,0.6926070038910506,0.500000021479126,1.0,6889,771
nslkdd,0.8,Probe,mlp,6021,12,0.5,0.982837528604119,0.416,0.566837528604119,-0.03283752860411904,0.534,0.566837528604119,0.5,0.566837528604119,0.16620594965675056,0.5840000000000001,0.5000000309378718,1.0,1748,250
nslkdd,0.8,R2L,mlp,6021,12,0.9612504318356514,0.959731543624161,0.02356902356902357,0.9361625200551374,-0.009731543624161065,0.9264309764309764,0.9428739294511107,0.9801471773535013,0.9428739294511107,-0.0,0.9764309764309764,0.038749568166848825,0.9928819652486518,149,297
nslkdd,0.8,Normal,mlp,6021,13,0.5,0.9949509949509949,0.9761904761904762,0.018760518760518763,-0.04495099495099497,-0.02619047619047621,0.07404794904794905,0.4999690651893616,0.07404794904794905,-0.0,0.023809523809523836,0.0,0.25335635897721576,10101,1008
nslkdd,0.8,DoS,mlp,6021,13,0.5,0.999274205254754,0.2862694300518135,0.7130047752029405,-0.04927420525475401,0.6637305699481865,0.7130047752029405,0.5,0.7130047752029405,0.072473237728992,0.7137305699481865,0.5000000579171162,1.0,6889,772
nslkdd,0.8,Probe,mlp,6021,13,0.5,0.982837528604119,0.4457831325301205,0.5370543960739985,-0.03283752860411904,0.5042168674698795,0.5370543960739985,0.5,0.5370543960739985,0.20282962513670244,0.5542168674698795,0.5000000309378718,1.0,1748,249
nslkdd,0.8,R2L,mlp,6021,13,0.9612504318356514,0.959731543624161,0.04391891891891892,0.915812624705242,-0.009731543624161065,0.906081081081081,0.9292354434971885,0.9914518943987787,0.9292354434971885,-0.0,0.956081081081081,0.038749569795664573,0.9855549862137959,149,296
nslkdd,0.8,Normal,mlp,6021,14,0.5,0.9949509949509949,0.9841269841269841,0.010824010824010855,-0.04495099495099497,-0.03412698412698412,0.07007969507969508,0.4999690651893616,0.07007969507969508,0.000994125994125994,0.015873015873015928,0.0,0.15445288127612028,10101,1008
nslkdd,0.8,DoS,mlp,6021,14,0.5,0.999274205254754,0.3027166882276843,0.6965575170270697,-0.04927420525475401,0.6472833117723156,0.6965575170270697,0.5,0.6965575170270697,0.10080810155943527,0.6972833117723156,0.500000021479126,1.0,6889,773
nslkdd,0.8,Probe,mlp,6021,14,0.5,0.982837528604119,0.548,0.43483752860411895,-0.03283752860411904,0.4019999999999999,0.43483752860411895,0.5,0.43483752860411895,0.16620594965675056,0.45199999999999996,0.5000000309378718,1.0,1748,250
nslkdd,0.8,R2L,mlp,6021,14,0.9612504318356514,0.959731543624161,0.0472972972972973,0.9124342463268638,-0.009731543624161065,0.9027027027027027,0.9258570651188102,0.9914518943987787,0.9258570651188102,-0.0,0.9527027027027027,0.038749569795664573,0.9855022775138365,149,296
nslkdd,0.8,Normal,mlp,6021,15,0.5,0.9949509949509949,0.9791666666666666,0.015784328284328297,-0.04495099495099497,-0.029166666666666674,0.06313525063525063,0.4999690651893616,0.06313525063525063,0.000994125994125994,0.02083333333333337,0.0,0.25000816699879147,10101,1008
nslkdd,0.8,DoS,mlp,6021,15,0.5,0.999274205254754,0.2831168831168831,0.7161573221378709,-0.04927420525475401,0.6668831168831169,0.7161573221378709,0.5,0.7161573221378709,0.0753229786616345,0.7168831168831169,0.5000000579171162,1.0,6889,770
nslkdd,0.8,Probe,mlp,6021,15,0.5,0.982837528604119,0.412,0.570837528604119,-0.03283752860411904,0.538,0.570837528604119,0.5,0.570837528604119,0.14959267734553777,0.5880000000000001,0.5000000309378718,1.0,1748,250
nslkdd,0.8,R2L,mlp,6021,15,0.9612504318356514,0.959731543624161,0.037037037037037035,0.9226945065871239,-0.009731543624161065,0.912962962962963,0.932750322012067,0.9914518943987787,0.932750322012067,-0.0,0.962962962962963,0.038749568166848825,0.9892191777503209,149,297
nslkdd,0.8,Normal,mlp,6021,16,0.5,0.9949509949509949,0.9781746031746031,0.016776391776391786,-0.04495099495099497,-0.028174603174603186,0.08396858396858398,0.4999690651893616,0.08396858396858398,0.004962379962379962,0.02182539682539686,0.0,0.1997936726272353,10101,1008
nslkdd,0.8,DoS,mlp,6021,16,0.5,0.999274205254754,0.3053040103492885,0.6939701949054655,-0.04927420525475401,0.6446959896507114,0.6939701949054655,0.5,0.6939701949054655,0.09433979625542492,0.6946959896507114,0.5000000579171162,1.0,6889,773
nslkdd,0.8,Probe,mlp,6021,16,0.5,0.982837528604119,0.62,0.362837528604119,-0.03283752860411904,0.32999999999999996,0.362837528604119,0.5,0.362837528604119,0.18620594965675058,0.38,0.5000000309378718,1.0,1748,250
nslkdd,0.8,R2L,mlp,6021,16,0.9612504318356514,0.959731543624161,0.04054054054054054,0.9191910030836205,-0.009731543624161065,0.9094594594594594,0.9292354434971885,0.9914518943987787,0.9292354434971885,0.006756756756756757,0.9594594594594594,0.038749569795664573,0.9891906400214723,149,296
nslkdd,0.8,Normal,mlp,6021,17,0.5,0.9949509949509949,0.9672619047619048,0.02768909018909016,-0.04495099495099497,-0.01726190476190481,0.07206382206382207,0.4999690651893616,0.07206382206382207,0.0006950631950631951,0.03273809523809523,0.0,0.38423010875787017,10101,1008
nslkdd,0.8,DoS,mlp,6021,17,0.5,0.999274205254754,0.30958549222797926,0.6896887130267747,-0.04927420525475401,0.6404145077720207,0.6896887130267747,0.5,0.6896887130267747,0.10615199420567593,0.6904145077720207,0.500000021479126,1.0,6889,772
nslkdd,0.8,Probe,mlp,6021,17,0.5,0.982837528604119,0.44,0.5428375286041189,-0.03283752860411904,0.51,0.5428375286041189,0.5,0.5428375286041189,0.19020594965675058,0.56,0.5000000309378718,1.0,1748,250
nslkdd,0.8,R2L,mlp,6021,17,0.9612504318356514,0.959731543624161,0.05704697986577181,0.9026845637583892,-0.009731543624161065,0.8929530201342282,0.9161073825503356,0.9914518943987787,0.9161073825503356,-0.0,0.9429530201342282,0.038749568166848825,0.9853479853479853,149,298
nslkdd,0.8,Normal,mlp,6021,18,0.5,0.9949509949509949,0.9722222222222222,0.022728772728772717,-0.04495099495099497,-0.022222222222222254,0.07107175857175857,0.4999690651893616,0.07107175857175857,0.000994125994125994,0.02777777777777779,0.0,0.3198003424359382,10101,1008
nslkdd,0.8,DoS,mlp,6021,18,0.5,0.999274205254754,0.29831387808041504,0.700960327174339,-0.04927420525475401,0.6516861219195849,0.700960327174339,0.5,0.700960327174339,0.08556941186526613,0.7016861219195849,0.5000000579171162,1.0,6889,771
nslkdd,0.8,Probe,mlp,6021,18,0.5,0.982837528604119,0.5983935742971888,0.38444395430693024,-0.03283752860411904,0.3516064257028112,0.38444395430693024,0.5,0.38444395430693024,0.14660472553830883,0.40160642570281124,0.5000000309378718,1.0,1748,249
nslkdd,0.8,R2L,mlp,6021,18,0.9612504318356514,0.959731543624161,0.013422818791946308,0.9463087248322147,-0.009731543624161065,0.9365771812080537,0.9563758389261745,0.9914518943987787,0.9563758389261745,0.003355704697986577,0.9865771812080537,0.038749568411171165,0.9894736842105263,149,298
nslkdd,0.8,Normal,mlp,6021,19,0.5,0.9949509949509949,0.9761904761904762,0.018760518760518763,-0.04495099495099497,-0.02619047619047621,0.08992096492096492,0.4999690651893616,0.08992096492096492,2.062502062501973e-06,0.023809523809523836,0.0,0.20863342355153908,10101,1008
nslkdd,0.8,DoS,mlp,6021,19,0.5,0.999274205254754,0.2823834196891192,0.7168907855656348,-0.04927420525475401,0.6676165803108808,0.7168907855656348,0.5,0.7168907855656348,0.06988256415386247,0.7176165803108808,0.5000000579171162,1.0,6889,772
nslkdd,0.8,Probe,mlp,6021,19,0.5,0.982837528604119,0.6,0.382837528604119,-0.03283752860411904,0.35,0.382837528604119,0.5,0.382837528604119,0.14620594965675057,0.4,0.5000000170165058,1.0,1748,250
nslkdd,0.8,R2L,mlp,6021,19,0.9612504318356514,0.959731543624161,0.030303030303030304,0.9294285133211307,-0.009731543624161065,0.9196969696969697,0.936139922717104,0.9801471773535013,0.936139922717104,-0.0,0.9696969696969697,0.038749569795664573,0.9928307625461654,149,297
nslkdd,0.8,Normal,mlp,7,0,0.5,0.9956439956439956,0.9761904761904762,0.019453519453519474,-0.04564399564399568,-0.02619047619047621,0.09506072006072006,0.49981510639190674,0.09506072006072006,0.001489126489126489,0.023809523809523836,0.0,0.20464308960729033,10101,1008
nslkdd,0.8,DoS,mlp,7,0,0.5,0.9986935694585571,0.5233160621761658,0.47537750728239136,-0.048693569458557184,0.4266839378238342,0.47537750728239136,0.5,0.47537750728239136,0.25347366117193665,0.4766839378238342,0.5000000000005,1.0,6889,772
nslkdd,0.8,Probe,mlp,7,0,0.5,0.9908466819221968,0.4979919678714859,0.4928547140507109,-0.04084668192219687,0.45200803212851404,0.4928547140507109,0.5,0.4928547140507109,0.10286224991499177,0.5020080321285141,0.500000022353241,1.0,1748,249
nslkdd,0.8,R2L,mlp,7,0,0.9568207859992981,0.959731543624161,0.02027027027027027,0.9394612733538907,-0.009731543624161065,0.9297297297297297,0.9394612733538907,0.9568207859992981,0.9394612733538907,0.0033783783783783786,0.9797297297297297,0.04317921400320213,1.0,149,296
nslkdd,0.8,Normal,mlp,7,1,0.5,0.9956439956439956,0.9791666666666666,0.01647732897732901,-0.04564399564399568,-0.029166666666666674,0.07224325974325974,0.49981510639190674,0.07224325974325974,0.000992063492063492,0.02083333333333337,0.0,0.228081194507095,10101,1008
nslkdd,0.8,DoS,mlp,7,1,0.5,0.9986935694585571,0.4409857328145266,0.5577078366440306,-0.048693569458557184,0.5090142671854734,0.5578529955930798,0.743600383400917,0.5578529955930798,0.19026761021866284,0.5590142671854734,0.5000000186269489,0.9997397899622374,6889,771
nslkdd,0.8,Probe,mlp,7,1,0.5,0.9908466819221968,0.5282258064516129,0.46262087547058395,-0.04084668192219687,0.4217741935483871,0.46262087547058395,0.5,0.46262087547058395,0.09544548608548017,0.4717741935483871,0.5000000092555199,1.0,1748,248
nslkdd,0.8,R2L,mlp,7,1,0.9568207859992981,0.959731543624161,0.03367003367003367,0.9260615099541274,-0.009731543624161065,0.9163299663299663,0.9295189026732651,0.8395179212093353,0.9295189026732651,0.003367003367003367,0.9663299663299664,0.04317921400320213,0.9962804492633831,149,297
nslkdd,0.8,Normal,mlp,7,2,0.5,0.9956439956439956,0.9692460317460317,0.026397963897963894,-0.04564399564399568,-0.01924603174603179,0.09307659307659308,0.49981510639190674,0.09307659307659308,0.000497062997062997,0.030753968253968256,0.0,0.2836154937067895,10101,1008
nslkdd,0.8,DoS,mlp,7,2,0.5,0.9986935694585571,0.496757457846952,0.5019361116116051,-0.048693569458557184,0.45324254215304793,0.5020812705606543,0.743600383400917,0.5020812705606543,0.2343661835001155,0.503242542153048,0.5000000000005,0.9997108855526773,6889,771
nslkdd,0.8,Probe,mlp,7,2,0.5,0.9908466819221968,0.408,0.5828466819221969,-0.04084668192219687,0.542,0.5828466819221969,0.5,0.5828466819221969,0.16621967963386727,0.5920000000000001,0.500000022353241,1.0,1748,250
nslkdd,0.8,R2L,mlp,7,2,0.9568207859992981,0.959731543624161,0.030303030303030304,0.9294285133211307,-0.009731543624161065,0.9196969696969697,0.9295189026732651,0.8395179212093353,0.9295189026732651,-0.0,0.9696969696969697,0.04317921400320213,0.9999027568434871,149,297
nslkdd,0.8,Normal,mlp,7,3,0.5,0.9956439956439956,0.9831349206349206,0.012509075009075055,-0.04564399564399568,-0.03313492063492063,0.09198552948552947,0.4996785819530487,0.09198552948552947,-0.0,0.016865079365079416,0.0,0.13598959617928705,10101,1008
nslkdd,0.8,DoS,mlp,7,3,0.5,0.9986935694585571,0.4792746113989637,0.5194189580595934,-0.048693569458557184,0.47072538860103624,0.5194189580595934,0.5,0.5194189580595934,0.22627158863307653,0.5207253886010363,0.5000000186269489,1.0,6889,772
nslkdd,0.8,Probe,mlp,7,3,0.5,0.9908466819221968,0.5421686746987951,0.4486780072234017,-0.04084668192219687,0.4078313253012048,0.4486780072234017,0.5,0.4486780072234017,0.11089437842904798,0.45783132530120485,0.500000022353241,1.0,1748,249
nslkdd,0.8,R2L,mlp,7,3,0.9568207859992981,0.959731543624161,0.04040404040404041,0.9193275032201206,-0.009731543624161065,0.9095959595959595,0.9194178925722549,0.8395179212093353,0.9194178925722549,0.006734006734006734,0.9595959595959596,0.04317921400320213,0.9999016885000123,149,297
nslkdd,0.8,Normal,mlp,7,4,0.5,0.9956439956439956,0.9771825396825397,0.018461455961455986,-0.04564399564399568,-0.027182539682539697,0.08712421212421212,0.49981510639190674,0.08712421212421212,0.000299062799062799,0.022817460317460347,0.0,0.21189811088490157,10101,1008
nslkdd,0.8,DoS,mlp,7,4,0.5,0.9986935694585571,0.4461738002594034,0.5525197691991537,-0.048693569458557184,0.5038261997405966,0.552664928148203,0.743600383400917,0.552664928148203,0.18897059335744365,0.5538261997405967,0.5000000164150598,0.9997373472756166,6889,771
nslkdd,0.8,Probe,mlp,7,4,0.5,0.9908466819221968,0.38,0.6108466819221968,-0.04084668192219687,0.57,0.6108466819221968,0.5,0.6108466819221968,0.12221967963386726,0.62,0.500000022353241,1.0,1748,250
nslkdd,0.8,R2L,mlp,7,4,0.9568207859992981,0.959731543624161,0.020202020202020204,0.9395295234221408,-0.009731543624161065,0.9297979797979797,0.9395295234221408,0.9568207859992981,0.9395295234221408,-0.0,0.9797979797979798,0.04317921400320213,1.0,149,297
nslkdd,0.8,Normal,mlp,7,5,0.5,0.9956439956439956,0.9781746031746031,0.017469392469392497,-0.04564399564399568,-0.028174603174603186,0.09406865656865657,0.49981510639190674,0.09406865656865657,0.0012911262911262911,0.02182539682539686,0.0,0.18570896095068987,10101,1008
nslkdd,0.8,DoS,mlp,7,5,0.5,0.9986935694585571,0.4267185473411154,0.5719750221174418,-0.048693569458557184,0.5232814526588845,0.5719750221174418,0.5,0.5719750221174418,0.18248550905134767,0.5732814526588845,0.5000000186269489,1.0,6889,771
nslkdd,0.8,Probe,mlp,7,5,0.5,0.9908466819221968,0.39759036144578314,0.5932563204764136,-0.04084668192219687,0.5524096385542168,0.5932563204764136,0.5,0.5932563204764136,0.15507108525635724,0.6024096385542168,0.500000022353241,1.0,1748,249
nslkdd,0.8,R2L,mlp,7,5,0.9568207859992981,0.959731543624161,0.02702702702702703,0.9327045165971339,-0.009731543624161065,0.922972972972973,0.9327045165971339,0.9568207859992981,0.9327045165971339,0.0033783783783783786,0.972972972972973,0.04317921400320213,1.0,149,296
nslkdd,0.8,Normal,mlp,7,6,0.5,0.9956439956439956,0.9742063492063492,0.02143764643764645,-0.04564399564399568,-0.02420634920634923,0.09902897402897402,0.49981510639190674,0.09902897402897402,-0.0,0.025793650793650813,0.0,0.21647852709626375,10101,1008
nslkdd,0.8,DoS,mlp,7,6,0.5,0.9986935694585571,0.45984455958549225,0.5388490098730649,-0.048693569458557184,0.4901554404145077,0.538994168822114,0.743600383400917,0.538994168822114,0.2081368736071698,0.5401554404145077,0.5000000164150598,0.9997306854926347,6889,772
nslkdd,0.8,Probe,mlp,7,6,0.5,0.9908466819221968,0.5140562248995983,0.4767904570225985,-0.04084668192219687,0.4359437751004016,0.4767904570225985,0.5,0.4767904570225985,0.09081405714390742,0.48594377510040165,0.5000000091391041,1.0,1748,249
nslkdd,0.8,R2L,mlp,7,6,0.9568207859992981,0.959731543624161,0.02356902356902357,0.9361625200551374,-0.009731543624161065,0.9264309764309764,0.9361625200551374,0.9568207859992981,0.9361625200551374,-0.0,0.9764309764309764,0.04317921400320213,1.0,149,297
nslkdd,0.8,Normal,mlp,7,7,0.5,0.9956439956439956,0.9692460317460317,0.026397963897963894,-0.04564399564399568,-0.01924603174603179,0.0772035772035772,0.49981510639190674,0.0772035772035772,0.000992063492063492,0.030753968253968256,0.0,0.3419266937379781,10101,1008
nslkdd,0.8,DoS,mlp,7,7,0.5,0.9986935694585571,0.4961139896373057,0.5025795798212515,-0.048693569458557184,0.45388601036269427,0.5027247387703007,0.743600383400917,0.5027247387703007,0.23404360935846513,0.5038860103626943,0.5000000000005,0.9997112556079809,6889,772
nslkdd,0.8,Probe,mlp,7,7,0.5,0.9908466819221968,0.564,0.4268466819221969,-0.04084668192219687,0.386,0.4268466819221969,0.5,0.4268466819221969,0.13021967963386727,0.43600000000000005,0.5000000102915261,1.0,1748,250
nslkdd,0.8,R2L,mlp,7,7,0.9568207859992981,0.959731543624161,0.02356902356902357,0.9361625200551374,-0.009731543624161065,0.9264309764309764,0.9395521207601744,0.9275281503796577,0.9395521207601744,-0.0,0.9764309764309764,0.04317921400320213,0.9963923228630526,149,297
nslkdd,0.8,Normal,mlp,7,8,0.5,0.9956439956439956,0.9811507936507936,0.014493201993202032,-0.04564399564399568,-0.03115079365079365,0.08216389466389466,0.49981510639190674,0.08216389466389466,-0.0,0.018849206349206393,0.0,0.17639380475437455,10101,1008
nslkdd,0.8,DoS,mlp,7,8,0.5,0.9986935694585571,0.5161707632600259,0.4825228061985313,-0.048693569458557184,0.4338292367399741,0.4826679651475805,0.743600383400917,0.4826679651475805,0.24019017512403767,0.48382923673997413,0.5000000000005,0.999699257130096,6889,773
nslkdd,0.8,Probe,mlp,7,8,0.5,0.9908466819221968,0.5341365461847389,0.4567101357374579,-0.04084668192219687,0.415863453815261,0.4567101357374579,0.5,0.4567101357374579,0.11089437842904798,0.46586345381526106,0.5000000092089536,1.0,1748,249
nslkdd,0.8,R2L,mlp,7,8,0.9568207859992981,0.959731543624161,0.026936026936026935,0.9327955166881341,-0.009731543624161065,0.923063973063973,0.9394617314080401,0.9996650190732908,0.9394617314080401,0.003367003367003367,0.9730639730639731,0.04317921400320213,0.9929042189830182,149,297
nslkdd,0.8,Normal,mlp,7,9,0.5,0.9956439956439956,0.9761904761904762,0.019453519453519474,-0.04564399564399568,-0.02619047619047621,0.09307659307659308,0.49981510639190674,0.09307659307659308,0.000497062997062997,0.023809523809523836,0.0,0.20900549547952513,10101,1008
nslkdd,0.8,DoS,mlp,7,9,0.5,0.9986935694585571,0.43523316062176165,0.5634604088367955,-0.048693569458557184,0.5147668393782383,0.5634604088367955,0.5,0.5634604088367955,0.1964788425190869,0.5647668393782384,0.5000000164150598,1.0,6889,772
nslkdd,0.8,Probe,mlp,7,9,0.5,0.9908466819221968,0.428,0.5628466819221969,-0.04084668192219687,0.522,0.5628466819221969,0.5,0.5628466819221969,0.18221967963386726,0.5720000000000001,0.500000022353241,1.0,1748,250
nslkdd,0.8,R2L,mlp,7,9,0.9568207859992981,0.959731543624161,0.020202020202020204,0.9395295234221408,-0.009731543624161065,0.9297979797979797,0.9395295234221408,0.9568207859992981,0.9395295234221408,0.003367003367003367,0.9797979797979798,0.04317921400320213,1.0,149,297
nslkdd,0.8,Normal,mlp,7,10,0.5,0.9956439956439956,0.9702380952380952,0.025405900405900406,-0.04564399564399568,-0.020238095238095277,0.08712421212421212,0.49981510639190674,0.08712421212421212,-0.0,0.029761904761904767,0.0,0.291605511102694,10101,1008
nslkdd,0.8,DoS,mlp,7,10,0.5,0.9986935694585571,0.4383916990920882,0.560301870366469,-0.048693569458557184,0.5116083009079118,0.5604470293155182,0.743600383400917,0.5604470293155182,0.19026761021866284,0.5616083009079118,0.5000000164150598,0.999740994346555,6889,771
nslkdd,0.8,Probe,mlp,7,10,0.5,0.9908466819221968,0.5298804780876494,0.46096620383454745,-0.04084668192219687,0.4201195219123506,0.46096620383454745,0.5,0.46096620383454745,0.1254866119047836,0.4701195219123506,0.500000022353241,1.0,1748,251
nslkdd,0.8,R2L,mlp,7,10,0.9568207859992981,0.959731543624161,0.013468013468013467,0.9462635301561475,-0.009731543624161065,0.9365319865319864,0.9462635301561475,0.9568207859992981,0.9462635301561475,-0.0,0.9865319865319865,0.04317921400320213,1.0,149,297
nslkdd,0.8,Normal,mlp,7,11,0.5,0.9956439956439956,0.9761904761904762,0.019453519453519474,-0.04564399564399568,-0.02619047619047621,0.08216389466389466,0.49981510639190674,0.08216389466389466,-0.0,0.023809523809523836,0.0,0.23676481662775836,10101,1008
nslkdd,0.8,DoS,mlp,7,11,0.5,0.9986935694585571,0.5109961190168176,0.4876974504417395,-0.048693569458557184,0.4390038809831823,0.4878426093907887,0.743600383400917,0.4878426093907887,0.246658480428048,0.48900388098318237,0.5000000000005,0.9997024471699377,6889,773
nslkdd,0.8,Probe,mlp,7,11,0.5,0.9908466819221968,0.384,0.6068466819221968,-0.04084668192219687,0.566,0.6068466819221968,0.5,0.6068466819221968,0.13021967963386727,0.616,0.500000022353241,1.0,1748,250
nslkdd,0.8,R2L,mlp,7,11,0.9568207859992981,0.959731543624161,0.03367003367003367,0.9260615099541274,-0.009731543624161065,0.9163299663299663,0.9260615099541274,0.9568207859992981,0.9260615099541274,0.003367003367003367,0.9663299663299664,0.04317921400320213,1.0,149,297
nslkdd,0.8,Normal,mlp,7,12,0.5,0.9956439956439956,0.9702380952380952,0.025405900405900406,-0.04564399564399568,-0.020238095238095277,0.09109246609246609,0.49981510639190674,0.09109246609246609,0.002382189882189882,0.029761904761904767,0.0,0.2789023230539329,10101,1008
nslkdd,0.8,DoS,mlp,7,12,0.5,0.9986935694585571,0.49286640726329445,0.5058271621952627,-0.048693569458557184,0.4571335927367055,0.5058271621952627,0.5,0.5058271621952627,0.22658408233280034,0.5071335927367056,0.5000000000005,1.0,6889,771
nslkdd,0.8,Probe,mlp,7,12,0.5,0.9908466819221968,0.368,0.6228466819221968,-0.04084668192219687,0.582,0.6228466819221968,0.5,0.6228466819221968,0.1279771167048055,0.632,0.500000022353241,1.0,1748,250
nslkdd,0.8,R2L,mlp,7,12,0.9568207859992981,0.959731543624161,0.016835016835016835,0.9428965267891442,-0.009731543624161065,0.9331649831649831,0.9428965267891442,0.9568207859992981,0.9428965267891442,-0.0,0.9831649831649831,0.04317921400320213,1.0,149,297
nslkdd,0.8,Normal,mlp,7,13,0.5,0.9956439956439956,0.9742063492063492,0.02143764643764645,-0.04564399564399568,-0.02420634920634923,0.09307659307659308,0.49981510639190674,0.09307659307659308,0.000992063492063492,0.025793650793650813,0.0,0.2303226378301721,10101,1008
nslkdd,0.8,DoS,mlp,7,13,0.5,0.9986935694585571,0.44559585492227977,0.5530977145362774,-0.048693569458557184,0.5044041450777201,0.5530977145362774,0.5,0.5530977145362774,0.20166018966934596,0.5544041450777202,0.5000000123696351,1.0,6889,772
nslkdd,0.8,Probe,mlp,7,13,0.5,0.9908466819221968,0.40963855421686746,0.5812081277053294,-0.04084668192219687,0.5403614457831325,0.5812081277053294,0.5,0.5812081277053294,0.16310321377041345,0.5903614457831325,0.500000022353241,1.0,1748,249
nslkdd,0.8,R2L,mlp,7,13,0.9568207859992981,0.959731543624161,0.037162162162162164,0.9225693814619988,-0.009731543624161065,0.9128378378378378,0.92950752766189,0.8395179212093353,0.92950752766189,-0.0,0.9628378378378378,0.04317921400320213,0.9925356750823271,149,296
nslkdd,0.8,Normal,mlp,7,14,0.5,0.9956439956439956,0.9791666666666666,0.01647732897732901,-0.04564399564399568,-0.029166666666666674,0.08613214863214863,0.49981510639190674,0.08613214863214863,-0.0,0.02083333333333337,0.0,0.19130289025645975,10101,1008
nslkdd,0.8,DoS,mlp,7,14,0.5,0.9986935694585571,0.48641655886157825,0.5122770105969789,-0.048693569458557184,0.4635834411384217,0.5122770105969789,0.5,0.5122770105969789,0.22984088663762112,0.5135834411384217,0.5000000000005,1.0,6889,773
nslkdd,0.8,Probe,mlp,7,14,0.5,0.9908466819221968,0.492,0.49884668192219683,-0.04084668192219687,0.45799999999999996,0.49884668192219683,0.5,0.49884668192219683,0.1102654462242563,0.508,0.5000000208859592,1.0,1748,250
nslkdd,0.8,R2L,mlp,7,14,0.9568207859992981,0.959731543624161,0.02702702702702703,0.9327045165971339,-0.009731543624161065,0.922972972972973,0.9327045165971339,0.9568207859992981,0.9327045165971339,-0.0,0.972972972972973,0.04317921400320213,1.0,149,296
nslkdd,0.8,Normal,mlp,7,15,0.5,0.9956439956439956,0.9751984126984127,0.020445582945582963,-0.04564399564399568,-0.02519841269841272,0.07918770418770418,0.49981510639190674,0.07918770418770418,-0.0,0.024801587301587324,0.0,0.2581913840704279,10101,1008
nslkdd,0.8,DoS,mlp,7,15,0.5,0.9986935694585571,0.43636363636363634,0.5623299330949207,-0.048693569458557184,0.5136363636363637,0.5624750920439701,0.743600383400917,0.5624750920439701,0.1892350500421338,0.5636363636363637,0.5000000164150598,0.9997419282185068,6889,770
nslkdd,0.8,Probe,mlp,7,15,0.5,0.9908466819221968,0.368,0.6228466819221968,-0.04084668192219687,0.582,0.6228466819221968,0.5,0.6228466819221968,0.11421967963386725,0.632,0.500000022353241,1.0,1748,250
nslkdd,0.8,R2L,mlp,7,15,0.9568207859992981,0.959731543624161,0.013468013468013467,0.9462635301561475,-0.009731543624161065,0.9365319865319864,0.9462635301561475,0.9568207859992981,0.9462635301561475,-0.0,0.9865319865319865,0.04317921400320213,1.0,149,297
nslkdd,0.8,Normal,mlp,7,16,0.5,0.9956439956439956,0.9742063492063492,0.02143764643764645,-0.04564399564399568,-0.02420634920634923,0.09902897402897402,0.49981510639190674,0.09902897402897402,-0.0,0.025793650793650813,0.0,0.21647852709626375,10101,1008
nslkdd,0.8,DoS,mlp,7,16,0.5,0.9986935694585571,0.4579560155239327,0.5407375539346244,-0.048693569458557184,0.49204398447606723,0.5408827128836736,0.743600383400917,0.5408827128836736,0.1949120379959652,0.5420439844760673,0.5000000014556796,0.9997316258301633,6889,773
nslkdd,0.8,Probe,mlp,7,16,0.5,0.9908466819221968,0.604,0.38684668192219684,-0.04084668192219687,0.346,0.38684668192219684,0.5,0.38684668192219684,0.16789931350114418,0.396,0.500000022353241,1.0,1748,250
nslkdd,0.8,R2L,mlp,7,16,0.9568207859992981,0.959731543624161,0.030405405405405407,0.9293261382187556,-0.009731543624161065,0.9195945945945946,0.9327498639579176,0.9275281503796577,0.9327498639579176,0.0033783783783783786,0.9695945945945946,0.04317921400320213,0.9963294277796685,149,296
nslkdd,0.8,Normal,mlp,7,17,0.5,0.9956439956439956,0.9672619047619048,0.02838209088209087,-0.04564399564399568,-0.01726190476190481,0.0900014025014025,0.4996785819530487,0.0900014025014025,0.001984126984126984,0.03273809523809523,0.0,0.3153516511217544,10101,1008
nslkdd,0.8,DoS,mlp,7,17,0.5,0.9986935694585571,0.4961139896373057,0.5025795798212515,-0.048693569458557184,0.45388601036269427,0.5027247387703007,0.743600383400917,0.5027247387703007,0.24181563008385376,0.5038860103626943,0.5000000000005,0.9997112556079809,6889,772
nslkdd,0.8,Probe,mlp,7,17,0.5,0.9908466819221968,0.4,0.5908466819221968,-0.04084668192219687,0.5499999999999999,0.5908466819221968,0.5,0.5908466819221968,0.15421967963386726,0.6,0.5000000190926146,1.0,1748,250
nslkdd,0.8,R2L,mlp,7,17,0.9568207859992981,0.959731543624161,0.053691275167785234,0.9060402684563758,-0.009731543624161065,0.8963087248322147,0.9295302013422818,0.8395179212093353,0.9295302013422818,0.003355704697986577,0.9463087248322147,0.04317921400320213,0.9747292418772563,149,298
nslkdd,0.8,Normal,mlp,7,18,0.5,0.9956439956439956,0.9712301587301587,0.024413836913836917,-0.04564399564399568,-0.021230158730158766,0.08514008514008514,0.49981510639190674,0.08514008514008514,0.000992063492063492,0.02876984126984128,0.0,0.28674903100775195,10101,1008
nslkdd,0.8,DoS,mlp,7,18,0.5,0.9986935694585571,0.44357976653696496,0.5551138029215922,-0.048693569458557184,0.506420233463035,0.5551138029215922,0.5,0.5551138029215922,0.18378252591256686,0.556420233463035,0.5000000059959091,1.0,6889,771
nslkdd,0.8,Probe,mlp,7,18,0.5,0.9908466819221968,0.5823293172690763,0.4085173646531205,-0.04084668192219687,0.3676706827309236,0.4085173646531205,0.5,0.4085173646531205,0.1510550209993291,0.41767068273092367,0.5000000106176088,1.0,1748,249
nslkdd,0.8,R2L,mlp,7,18,0.9568207859992981,0.959731543624161,0.006711409395973154,0.9530201342281879,-0.009731543624161065,0.9432885906040268,0.9530201342281879,0.9568207859992981,0.9530201342281879,-0.0,0.9932885906040269,0.04317921400320213,1.0,149,298
nslkdd,0.8,Normal,mlp,7,19,0.5,0.9956439956439956,0.9761904761904762,0.019453519453519474,-0.04564399564399568,-0.02619047619047621,0.10488235488235488,0.4996785819530487,0.10488235488235488,-0.0,0.023809523809523836,0.0,0.18547943050420848,10101,1008
nslkdd,0.8,DoS,mlp,7,19,0.5,0.9986935694585571,0.4430051813471503,0.5556883881114069,-0.048693569458557184,0.5069948186528497,0.5556883881114069,0.5,0.5556883881114069,0.19518350573152213,0.5569948186528497,0.5000000186269489,1.0,6889,772
nslkdd,0.8,Probe,mlp,7,19,0.5,0.9908466819221968,0.556,0.4348466819221968,-0.04084668192219687,0.3939999999999999,0.4348466819221968,0.5,0.4348466819221968,0.13821967963386728,0.44399999999999995,0.5000000105041014,1.0,1748,250
nslkdd,0.8,R2L,mlp,7,19,0.9568207859992981,0.959731543624161,0.020202020202020204,0.9395295234221408,-0.009731543624161065,0.9297979797979797,0.9395295234221408,0.9568207859992981,0.9395295234221408,-0.0,0.9797979797979798,0.04317921400320213,1.0,149,297
nslkdd,0.8,Normal,mlp,88,0,0.5,0.9977229977229978,0.9751984126984127,0.022524585024585098,-0.04772299772299782,-0.02519841269841272,0.06392106392106392,0.4999380111694336,0.06392106392106392,0.0008951258951258949,0.024801587301587324,0.0,0.35238125967991857,10101,1008
nslkdd,0.8,DoS,mlp,88,0,0.5,0.9991290463057048,0.4792746113989637,0.5198544349067411,-0.049129046305704804,0.47072538860103624,0.5198544349067411,0.5,0.5198544349067411,0.2325365510985825,0.5207253886010363,0.5000000000005,1.0,6889,772
nslkdd,0.8,Probe,mlp,88,0,0.5,0.9897025171624714,0.4738955823293173,0.5158069348331541,-0.03970251716247142,0.4761044176706827,0.5163790172130168,0.7647734731435776,0.5163790172130168,0.0729531397902824,0.5261044176706827,0.5000000000015024,0.9988921269827145,1748,249
nslkdd,0.8,R2L,mlp,88,0,0.99022804107517,0.9664429530201343,0.037162162162162164,0.9292807908579721,-0.01644295302013432,0.9128378378378378,0.9326138218755669,0.9903569594025612,0.9326138218755669,-0.0,0.9628378378378378,0.00977197557424514,0.99642614023145,149,296
nslkdd,0.8,Normal,mlp,88,1,0.5,0.9977229977229978,0.9781746031746031,0.019548394548394632,-0.04772299772299782,-0.028174603174603186,0.0410046035046035,0.4999162554740906,0.0410046035046035,0.000992063492063492,0.02182539682539686,0.0,0.47673658266686997,10101,1008
nslkdd,0.8,DoS,mlp,88,1,0.5,0.9991290463057048,0.42153047989623865,0.577598566409466,-0.049129046305704804,0.5284695201037612,0.577598566409466,0.5,0.577598566409466,0.18228386802095636,0.5784695201037613,0.5000000085570251,1.0,6889,771
nslkdd,0.8,Probe,mlp,88,1,0.5,0.9897025171624714,0.4717741935483871,0.5179283236140843,-0.03970251716247142,0.47822580645161283,0.518500405993947,0.7647734731435776,0.518500405993947,0.033706724736103935,0.5282258064516129,0.5000000000015015,0.9988966597263004,1748,248
nslkdd,0.8,R2L,mlp,88,1,0.99022804107517,0.9664429530201343,0.04713804713804714,0.9193049058820871,-0.01644295302013432,0.9028619528619528,0.9226493119110569,0.9903569594025612,0.9226493119110569,-0.0,0.9528619528619529,0.009771966377067898,0.9963752143032084,149,297
nslkdd,0.8,Normal,mlp,88,2,0.5,0.9977229977229978,0.9682539682539683,0.029469029469029517,-0.04772299772299782,-0.0182539682539683,0.06888138138138138,0.4999380111694336,0.06888138138138138,-0.0,0.031746031746031744,0.0,0.42782285834057027,10101,1008
nslkdd,0.8,DoS,mlp,88,2,0.5,0.9991290463057048,0.4798962386511025,0.5192328076546022,-0.049129046305704804,0.4701037613488975,0.5193779666036515,0.7528966814279556,0.5193779666036515,0.22378840757997065,0.5201037613488975,0.5000000000005,0.9997205138485205,6889,771
nslkdd,0.8,Probe,mlp,88,2,0.5,0.9897025171624714,0.38,0.6097025171624714,-0.03970251716247142,0.57,0.6102745995423341,0.7647734731435776,0.6102745995423341,0.11363386727688787,0.62,0.5000000024660496,0.9990625820240728,1748,250
nslkdd,0.8,R2L,mlp,88,2,0.99022804107517,0.9664429530201343,0.037037037037037035,0.9294059159830972,-0.01644295302013432,0.912962962962963,0.9361173253790704,0.9903569594025612,0.9361173253790704,-0.0,0.962962962962963,0.009771973827689129,0.9928305894848645,149,297
nslkdd,0.8,Normal,mlp,88,3,0.5,0.9977229977229978,0.9821428571428571,0.015580140580140678,-0.04772299772299782,-0.03214285714285714,0.05896074646074645,0.4999380111694336,0.05896074646074645,0.0008951258951258949,0.017857142857142905,0.0,0.2642459859376657,10101,1008
nslkdd,0.8,DoS,mlp,88,3,0.5,0.9991290463057048,0.43134715025906734,0.5677818960466374,-0.049129046305704804,0.5186528497409326,0.5677818960466374,0.5,0.5677818960466374,0.19497178425920425,0.5686528497409327,0.5000000085570251,1.0,6889,772
nslkdd,0.8,Probe,mlp,88,3,0.5,0.9897025171624714,0.5020080321285141,0.4876944850339573,-0.03970251716247142,0.4479919678714859,0.4876944850339573,0.5,0.4876944850339573,0.05749542793600029,0.4979919678714859,0.5000000111763803,1.0,1748,249
nslkdd,0.8,R2L,mlp,88,3,0.99022804107517,0.9664429530201343,0.050505050505050504,0.9159379025150838,-0.01644295302013432,0.8994949494949495,0.9226493119110569,0.9903569594025612,0.9226493119110569,-0.0,0.9494949494949495,0.009771974200215139,0.9927259368111683,149,297
nslkdd,0.8,Normal,mlp,88,4,0.5,0.9977229977229978,0.9751984126984127,0.022524585024585098,-0.04772299772299782,-0.02519841269841272,0.06292900042900042,0.4999380111694336,0.06292900042900042,-0.0,0.024801587301587324,0.0,0.357936481924553,10101,1008
nslkdd,0.8,DoS,mlp,88,4,0.5,0.9991290463057048,0.4176394293125811,0.5814896169931236,-0.049129046305704804,0.5323605706874188,0.5814896169931236,0.5,0.5814896169931236,0.17061071626998361,0.5823605706874189,0.5000000190936114,1.0,6889,771
nslkdd,0.8,Probe,mlp,88,4,0.5,0.9897025171624714,0.348,0.6417025171624714,-0.03970251716247142,0.602,0.6422745995423341,0.7647734731435776,0.6422745995423341,0.07191762013729976,0.652,0.5000000037228813,0.9991092869307452,1748,250
nslkdd,0.8,R2L,mlp,88,4,0.99022804107517,0.9664429530201343,0.026936026936026935,0.9395069260841074,-0.01644295302013432,0.923063973063973,0.9462183354800805,0.9903569594025612,0.9462183354800805,-0.0,0.9730639730639731,0.009771974200215139,0.9929071239223366,149,297
nslkdd,0.8,Normal,mlp,88,5,0.5,0.9977229977229978,0.9761904761904762,0.02153252153252161,-0.04772299772299782,-0.02619047619047621,0.07086550836550837,0.4999380111694336,0.07086550836550837,0.00020006270006269996,0.023809523809523836,0.0,0.30385051951453873,10101,1008
nslkdd,0.8,DoS,mlp,88,5,0.5,0.9991290463057048,0.4098573281452659,0.5892717181604389,-0.049129046305704804,0.5401426718547341,0.5892717181604389,0.5,0.5892717181604389,0.1770958005760796,0.5901426718547341,0.5000000085570251,1.0,6889,771
nslkdd,0.8,Probe,mlp,88,5,0.5,0.9897025171624714,0.3654618473895582,0.6242406697729131,-0.03970251716247142,0.5845381526104417,0.6242406697729131,0.5,0.6242406697729131,0.08626037330098427,0.6345381526104418,0.5000000017820505,1.0,1748,249
nslkdd,0.8,R2L,mlp,88,5,0.99022804107517,0.9664429530201343,0.037162162162162164,0.9292807908579721,-0.01644295302013432,0.9128378378378378,0.9326138218755669,0.9903569594025612,0.9326138218755669,-0.0,0.9628378378378378,0.009771974875626865,0.99642614023145,149,296
nslkdd,0.8,Normal,mlp,88,6,0.5,0.9977229977229978,0.9751984126984127,0.022524585024585098,-0.04772299772299782,-0.02519841269841272,0.06888138138138138,0.4999380111694336,0.06888138138138138,0.00020625020625020599,0.024801587301587324,0.0,0.3270054196484725,10101,1008
nslkdd,0.8,DoS,mlp,88,6,0.5,0.9991290463057048,0.41968911917098445,0.5794399271347204,-0.049129046305704804,0.5303108808290156,0.5795850860837695,0.7528966814279556,0.5795850860837695,0.1846090899586861,0.5803108808290156,0.5000000190936114,0.9997495467834931,6889,772
nslkdd,0.8,Probe,mlp,88,6,0.5,0.9897025171624714,0.4979919678714859,0.49171054929098545,-0.03970251716247142,0.45200803212851404,0.4928547140507109,0.7963876128196716,0.4928547140507109,0.0621639877588156,0.5020080321285141,0.5000000000015015,0.9976784948442073,1748,249
nslkdd,0.8,R2L,mlp,88,6,0.99022804107517,0.9664429530201343,0.037037037037037035,0.9294059159830972,-0.01644295302013432,0.912962962962963,0.9361173253790704,0.9903569594025612,0.9361173253790704,-0.0,0.962962962962963,0.009771976156143225,0.9928305894848645,149,297
nslkdd,0.8,Normal,mlp,88,7,0.5,0.9977229977229978,0.9672619047619048,0.030461092961093006,-0.04772299772299782,-0.01726190476190481,0.05092523842523841,0.4999162554740906,0.05092523842523841,0.001404563904563904,0.03273809523809523,0.0,0.5981531732210127,10101,1008
nslkdd,0.8,DoS,mlp,88,7,0.5,0.9991290463057048,0.45595854922279794,0.5431704970829068,-0.049129046305704804,0.494041450777202,0.5433156560319561,0.7528966814279556,0.5433156560319561,0.19885779462189856,0.544041450777202,0.5000000000005,0.9997328275976631,6889,772
nslkdd,0.8,Probe,mlp,88,7,0.5,0.9897025171624714,0.512,0.47770251716247136,-0.03970251716247142,0.43799999999999994,0.47770251716247136,0.5,0.47770251716247136,0.04963386727688787,0.488,0.5000000000015001,1.0,1748,250
nslkdd,0.8,R2L,mlp,88,7,0.99022804107517,0.9664429530201343,0.026936026936026935,0.9395069260841074,-0.01644295302013432,0.923063973063973,0.9428513321130771,0.9903569594025612,0.9428513321130771,-0.0,0.9730639730639731,0.009771974666039407,0.9964528808359697,149,297
nslkdd,0.8,Normal,mlp,88,8,0.5,0.9977229977229978,0.9821428571428571,0.015580140580140678,-0.04772299772299782,-0.03214285714285714,0.05400042900042899,0.4999380111694336,0.05400042900042899,0.001887189387189387,0.017857142857142905,0.0,0.2885188297303509,10101,1008
nslkdd,0.8,DoS,mlp,88,8,0.5,0.9991290463057048,0.47089262613195343,0.5282364201737513,-0.049129046305704804,0.4791073738680465,0.5283815791228006,0.7528966814279556,0.5283815791228006,0.20245222852788358,0.5291073738680465,0.5000000000005,0.9997252762874695,6889,773
nslkdd,0.8,Probe,mlp,88,8,0.5,0.9897025171624714,0.4939759036144578,0.49572661354801356,-0.03970251716247142,0.45602409638554214,0.49572661354801356,0.5,0.49572661354801356,0.07124838024868352,0.5060240963855422,0.5000000000015024,1.0,1748,249
nslkdd,0.8,R2L,mlp,88,8,0.99022804107517,0.9664429530201343,0.030303030303030304,0.936139922717104,-0.01644295302013432,0.9196969696969697,0.9428513321130771,0.9903569594025612,0.9428513321130771,-0.0,0.9696969696969697,0.009771958927330182,0.9928817946505608,149,297
nslkdd,0.8,Normal,mlp,88,9,0.5,0.9977229977229978,0.9771825396825397,0.02054045804045812,-0.04772299772299782,-0.027182539682539697,0.06491312741312741,0.4999380111694336,0.06491312741312741,0.0008951258951258949,0.022817460317460347,0.0,0.31642995583516154,10101,1008
nslkdd,0.8,DoS,mlp,88,9,0.5,0.9991290463057048,0.4106217616580311,0.5885072846476737,-0.049129046305704804,0.5393782383419689,0.5885072846476737,0.5,0.5885072846476737,0.1820184163835566,0.5893782383419689,0.5000000085570251,1.0,6889,772
nslkdd,0.8,Probe,mlp,88,9,0.5,0.9897025171624714,0.376,0.6137025171624714,-0.03970251716247142,0.574,0.6137025171624714,0.5,0.6137025171624714,0.10563386727688787,0.624,0.5000000037228813,1.0,1748,250
nslkdd,0.8,R2L,mlp,88,9,0.99022804107517,0.9664429530201343,0.030303030303030304,0.936139922717104,-0.01644295302013432,0.9196969696969697,0.936139922717104,0.99022804107517,0.936139922717104,-0.0,0.9696969696969697,0.009771958927330182,1.0,149,297
nslkdd,0.8,Normal,mlp,88,10,0.5,0.9977229977229978,0.9732142857142857,0.024508712008712075,-0.04772299772299782,-0.023214285714285743,0.05648161898161899,0.4995405673980713,0.05648161898161899,0.0027245652245652223,0.0267857142857143,0.0,0.4339236808471802,10101,1008
nslkdd,0.8,DoS,mlp,88,10,0.5,0.9991290463057048,0.41893644617380027,0.5801926001319044,-0.049129046305704804,0.5310635538261996,0.5801926001319044,0.5,0.5801926001319044,0.1783928174372988,0.5810635538261997,0.5000000085570251,1.0,6889,771
nslkdd,0.8,Probe,mlp,88,10,0.5,0.9897025171624714,0.4900398406374502,0.49966267652502117,-0.03970251716247142,0.45996015936254975,0.49966267652502117,0.5,0.49966267652502117,0.07306016209760502,0.5099601593625498,0.5000000000015001,1.0,1748,251
nslkdd,0.8,R2L,mlp,88,10,0.99022804107517,0.9664429530201343,0.016835016835016835,0.9496079361851174,-0.01644295302013432,0.9331649831649831,0.9563193455810906,0.9903569594025612,0.9563193455810906,-0.0,0.9831649831649831,0.009771973827689129,0.9929820415879017,149,297
nslkdd,0.8,Normal,mlp,88,11,0.5,0.9977229977229978,0.9751984126984127,0.022524585024585098,-0.04772299772299782,-0.02519841269841272,0.05995280995280995,0.4999380111694336,0.05995280995280995,-0.0,0.024801587301587324,0.0,0.3757052428787683,10101,1008
nslkdd,0.8,DoS,mlp,88,11,0.5,0.9991290463057048,0.4540750323415265,0.5450540139641782,-0.049129046305704804,0.49592496765847344,0.5450540139641782,0.5,0.5450540139641782,0.19857124534547738,0.5459249676584734,0.5000000000005003,1.0,6889,773
nslkdd,0.8,Probe,mlp,88,11,0.5,0.9897025171624714,0.372,0.6177025171624714,-0.03970251716247142,0.578,0.6182745995423341,0.7647734731435776,0.6182745995423341,0.09363386727688788,0.628,0.5000000000015024,0.9990747114950441,1748,250
nslkdd,0.8,R2L,mlp,88,11,0.99022804107517,0.9664429530201343,0.04040404040404041,0.9260389126160938,-0.01644295302013432,0.9095959595959595,0.932750322012067,0.9903569594025612,0.932750322012067,-0.0,0.9595959595959596,0.009771973827689129,0.9928047096445963,149,297
nslkdd,0.8,Normal,mlp,88,12,0.5,0.9977229977229978,0.9692460317460317,0.02847696597696603,-0.04772299772299782,-0.01924603174603179,0.06094487344487344,0.4999380111694336,0.06094487344487344,-0.0,0.030753968253968256,0.0,0.4672577752208205,10101,1008
nslkdd,0.8,DoS,mlp,88,12,0.5,0.9991290463057048,0.4682230869001297,0.5309059594055751,-0.049129046305704804,0.48177691309987025,0.5309059594055751,0.5,0.5309059594055751,0.22119437385753224,0.5317769130998703,0.5000000000005007,1.0,6889,771
nslkdd,0.8,Probe,mlp,88,12,0.5,0.9897025171624714,0.328,0.6617025171624713,-0.03970251716247142,0.6219999999999999,0.6617025171624713,0.5,0.6617025171624713,0.07363386727688787,0.6719999999999999,0.5000000099981194,1.0,1748,250
nslkdd,0.8,R2L,mlp,88,12,0.99022804107517,0.9664429530201343,0.030303030303030304,0.936139922717104,-0.01644295302013432,0.9196969696969697,0.9428513321130771,0.9903569594025612,0.9428513321130771,-0.0,0.9696969696969697,0.009771958927330182,0.9928817946505608,149,297
nslkdd,0.8,Normal,mlp,88,13,0.5,0.9977229977229978,0.9751984126984127,0.022524585024585098,-0.04772299772299782,-0.02519841269841272,0.06689725439725439,0.4999380111694336,0.06689725439725439,-0.0,0.024801587301587324,0.0,0.3367041775859423,10101,1008
nslkdd,0.8,DoS,mlp,88,13,0.5,0.9991290463057048,0.405440414507772,0.5936886317979327,-0.049129046305704804,0.5445595854922279,0.5936886317979327,0.5,0.5936886317979327,0.17165572208303845,0.594559585492228,0.5000000085570251,1.0,6889,772
nslkdd,0.8,Probe,mlp,88,13,0.5,0.9897025171624714,0.37751004016064255,0.6121924770018288,-0.03970251716247142,0.5724899598393574,0.6127645593816915,0.7647734731435776,0.6127645593816915,0.08626037330098427,0.6224899598393574,0.5000000038771315,0.9990663912083297,1748,249
nslkdd,0.8,R2L,mlp,88,13,0.99022804107517,0.9664429530201343,0.037162162162162164,0.9292807908579721,-0.01644295302013432,0.9128378378378378,0.9359922002539453,0.9903569594025612,0.9359922002539453,-0.0,0.9628378378378378,0.009771968240342321,0.9928296310651389,149,296
nslkdd,0.8,Normal,mlp,88,14,0.5,0.9977229977229978,0.9811507936507936,0.016572204072204166,-0.04772299772299782,-0.03115079365079365,0.05747368247368248,0.4995405673980713,0.05747368247368248,0.0020934395934395934,0.018849206349206393,0.0,0.28834421876121596,10101,1008
nslkdd,0.8,DoS,mlp,88,14,0.5,0.9991290463057048,0.4553686934023286,0.5437603529033761,-0.049129046305704804,0.49463130659767135,0.5437603529033761,0.5,0.5437603529033761,0.21797616125750843,0.5446313065976713,0.5000000000015001,1.0,6889,773
nslkdd,0.8,Probe,mlp,88,14,0.5,0.9897025171624714,0.48,0.5097025171624714,-0.03970251716247142,0.47,0.5097025171624714,0.5,0.5097025171624714,0.08163386727688787,0.52,0.5000000000015001,1.0,1748,250
nslkdd,0.8,R2L,mlp,88,14,0.99022804107517,0.9664429530201343,0.0472972972972973,0.919145655722837,-0.01644295302013432,0.9027027027027027,0.9258570651188102,0.9903569594025612,0.9258570651188102,-0.0,0.9527027027027027,0.009771968240342321,0.9927511387569182,149,296
nslkdd,0.8,Normal,mlp,88,15,0.5,0.9977229977229978,0.9771825396825397,0.02054045804045812,-0.04772299772299782,-0.027182539682539697,0.052016302016302016,0.4999380111694336,0.052016302016302016,0.0006950631950631951,0.022817460317460347,0.0,0.3948850118953227,10101,1008
nslkdd,0.8,DoS,mlp,88,15,0.5,0.9991290463057048,0.4155844155844156,0.5835446307212891,-0.049129046305704804,0.5344155844155843,0.5836897896703384,0.7528966814279556,0.5836897896703384,0.1877448143379338,0.5844155844155844,0.5000000085570251,0.9997513080550352,6889,770
nslkdd,0.8,Probe,mlp,88,15,0.5,0.9897025171624714,0.344,0.6457025171624714,-0.03970251716247142,0.606,0.6462745995423341,0.7647734731435776,0.6462745995423341,0.08163386727688787,0.656,0.5000000068026502,0.9991147998385395,1748,250
nslkdd,0.8,R2L,mlp,88,15,0.99022804107517,0.9664429530201343,0.030303030303030304,0.936139922717104,-0.01644295302013432,0.9196969696969697,0.9428513321130771,0.9903569594025612,0.9428513321130771,-0.0,0.9696969696969697,0.009771958927330182,0.9928817946505608,149,297
nslkdd,0.8,Normal,mlp,88,16,0.5,0.9977229977229978,0.9722222222222222,0.025500775500775563,-0.04772299772299782,-0.022222222222222254,0.06342606342606344,0.4995405673980713,0.06342606342606344,0.000497062997062997,0.02777777777777779,0.0,0.4020551508844962,10101,1008
nslkdd,0.8,DoS,mlp,88,16,0.5,0.9991290463057048,0.4320827943078913,0.5670462519978134,-0.049129046305704804,0.5179172056921086,0.5671914109468627,0.7528966814279556,0.5671914109468627,0.17399168519023805,0.5679172056921087,0.5000000085570251,0.9997440741410261,6889,773
nslkdd,0.8,Probe,mlp,88,16,0.5,0.9897025171624714,0.56,0.4297025171624713,-0.03970251716247142,0.3899999999999999,0.4297025171624713,0.5,0.4297025171624713,0.08563386727688788,0.43999999999999995,0.5000000000015001,1.0,1748,250
nslkdd,0.8,R2L,mlp,88,16,0.99022804107517,0.9664429530201343,0.037162162162162164,0.9292807908579721,-0.01644295302013432,0.9128378378378378,0.9359922002539453,0.9903569594025612,0.9359922002539453,0.0033783783783783786,0.9628378378378378,0.009771974293346641,0.9928296310651389,149,296
nslkdd,0.8,Normal,mlp,88,17,0.5,0.9977229977229978,0.9672619047619048,0.030461092961093006,-0.04772299772299782,-0.01726190476190481,0.05995280995280995,0.4999380111694336,0.05995280995280995,0.00259050259050259,0.03273809523809523,0.0,0.5080844915370862,10101,1008
nslkdd,0.8,DoS,mlp,88,17,0.5,0.9991290463057048,0.45595854922279794,0.5431704970829068,-0.049129046305704804,0.494041450777202,0.5431704970829068,0.5,0.5431704970829068,0.2079251521348519,0.544041450777202,0.5000000000005,1.0,6889,772
nslkdd,0.8,Probe,mlp,88,17,0.5,0.9897025171624714,0.384,0.6057025171624714,-0.03970251716247142,0.566,0.6057025171624714,0.5,0.6057025171624714,0.10563386727688787,0.616,0.5000000045785811,1.0,1748,250
nslkdd,0.8,R2L,mlp,88,17,0.99022804107517,0.9664429530201343,0.05704697986577181,0.9093959731543625,-0.01644295302013432,0.8929530201342282,0.9295302013422818,0.885852076113224,0.9295302013422818,-0.0,0.9429530201342282,0.009771972640966187,0.9783393501805056,149,298
nslkdd,0.8,Normal,mlp,88,18,0.5,0.9977229977229978,0.9722222222222222,0.025500775500775563,-0.04772299772299782,-0.022222222222222254,0.055984555984555984,0.4999380111694336,0.055984555984555984,0.0020934395934395934,0.02777777777777779,0.0,0.4554966106690256,10101,1008
nslkdd,0.8,DoS,mlp,88,18,0.5,0.9991290463057048,0.42412451361867703,0.5750045326870277,-0.049129046305704804,0.5258754863813229,0.5750045326870277,0.5,0.5750045326870277,0.1783928174372988,0.5758754863813229,0.5000000085570251,1.0,6889,771
nslkdd,0.8,Probe,mlp,88,18,0.5,0.9897025171624714,0.570281124497992,0.4194213926644794,-0.03970251716247142,0.379718875502008,0.4194213926644794,0.5,0.4194213926644794,0.11265657596059293,0.42971887550200805,0.5000000000015001,1.0,1748,249
nslkdd,0.8,R2L,mlp,88,18,0.99022804107517,0.9664429530201343,0.013422818791946308,0.953020134228188,-0.01644295302013432,0.9365771812080537,0.9597315436241611,0.9903569594025612,0.9597315436241611,-0.0,0.9865771812080537,0.009771973827689129,0.993006993006993,149,298
nslkdd,0.8,Normal,mlp,88,19,0.5,0.9977229977229978,0.9761904761904762,0.02153252153252161,-0.04772299772299782,-0.02619047619047621,0.06878238128238127,0.4999162554740906,0.06878238128238127,0.0008951258951258949,0.023809523809523836,0.0,0.31305286515337905,10101,1008
nslkdd,0.8,DoS,mlp,88,19,0.5,0.9991290463057048,0.40803108808290156,0.5910979582228032,-0.049129046305704804,0.5419689119170984,0.5912431171718524,0.7528966814279556,0.5912431171718524,0.17165572208303845,0.5919689119170984,0.5000000085570251,0.9997544851773607,6889,772
nslkdd,0.8,Probe,mlp,88,19,0.5,0.9897025171624714,0.5,0.4897025171624714,-0.03970251716247142,0.44999999999999996,0.4897025171624714,0.5,0.4897025171624714,0.046265446224256296,0.5,0.5000000000015012,1.0,1748,250
nslkdd,0.8,R2L,mlp,88,19,0.99022804107517,0.9664429530201343,0.030303030303030304,0.936139922717104,-0.01644295302013432,0.9196969696969697,0.9428513321130771,0.9903569594025612,0.9428513321130771,-0.0,0.9696969696969697,0.009771974013987439,0.9928817946505608,149,297
nslkdd,0.8,Normal,mlp,91,0,0.49994218349456787,0.9908919908919909,0.9642857142857143,0.02660627660627657,-0.040891990891990915,-0.014285714285714346,0.07813170313170312,0.4999420940876007,0.07813170313170312,0.001491188991188991,0.0357142857142857,0.0,0.3405311229607725,10101,1008
nslkdd,0.8,DoS,mlp,91,0,0.49994218349456787,0.9995645231528524,0.5479274611398963,0.45163706201295606,-0.049564523152852424,0.40207253886010363,0.45163706201295606,0.49994218349456787,0.45163706201295606,0.27978259250874526,0.4520725388601037,0.5000577977346888,1.0,6889,772
nslkdd,0.8,Probe,mlp,91,0,0.4999731183052063,0.9862700228832952,0.46184738955823296,0.5244226333250623,-0.03627002288329528,0.488152610441767,0.5244226333250623,0.4999731183052063,0.5244226333250623,0.03172874564620036,0.5381526104417671,0.4999421608335979,1.0,1748,249
nslkdd,0.8,R2L,mlp,91,0,0.9926827931776643,0.959731543624161,0.060810810810810814,0.8989207328133502,-0.009731543624161065,0.8891891891891891,0.9160393615091602,0.8922108076512814,0.9160393615091602,-0.0,0.9391891891891891,0.00729349650828226,0.9813123437538673,149,296
nslkdd,0.8,Normal,mlp,91,1,0.49994218349456787,0.9908919908919909,0.9682539682539683,0.022638022638022615,-0.040891990891990915,-0.0182539682539683,0.06027456027456027,0.4999420940876007,0.06027456027456027,0.002386314886314886,0.031746031746031744,0.0,0.37558171366000515,10101,1008
nslkdd,0.8,DoS,mlp,91,1,0.49994218349456787,0.9995645231528524,0.4669260700389105,0.5326384531139419,-0.049564523152852424,0.48307392996108944,0.5326384531139419,0.49994218349456787,0.5326384531139419,0.2149015169016039,0.5330739299610895,0.5000578205368105,1.0,6889,771
nslkdd,0.8,Probe,mlp,91,1,0.4999731183052063,0.9862700228832952,0.5604838709677419,0.42578615191555336,-0.03627002288329528,0.3895161290322581,0.42578615191555336,0.4999731183052063,0.42578615191555336,0.10468184837971506,0.4395161290322581,0.4999421608335979,1.0,1748,248
nslkdd,0.8,R2L,mlp,91,1,0.9926827931776643,0.959731543624161,0.06734006734006734,0.8923914762840937,-0.009731543624161065,0.8826599326599326,0.9093394798092784,0.8922108076512814,0.9093394798092784,0.003367003367003367,0.9326599326599326,0.00729349650828226,0.9813622921895578,149,297
nslkdd,0.8,Normal,mlp,91,2,0.49994218349456787,0.9908919908919909,0.9603174603174603,0.030574530574530523,-0.040891990891990915,-0.010317460317460392,0.08507614757614756,0.4999420940876007,0.08507614757614756,0.000794063294063294,0.03968253968253965,0.0,0.3593784091735552,10101,1008
nslkdd,0.8,DoS,mlp,91,2,0.49994218349456787,0.9995645231528524,0.5421530479896238,0.45741147516322855,-0.049564523152852424,0.40784695201037613,0.45741147516322855,0.49994218349456787,0.45741147516322855,0.2814660263104831,0.4578469520103762,0.500057799447449,1.0,6889,771
nslkdd,0.8,Probe,mlp,91,2,0.4999731183052063,0.9862700228832952,0.416,0.5702700228832953,-0.03627002288329528,0.534,0.5702700228832953,0.4999731183052063,0.5702700228832953,0.14735926773455377,0.5840000000000001,0.4999421608335979,1.0,1748,250
nslkdd,0.8,R2L,mlp,91,2,0.9926827931776643,0.959731543624161,0.06060606060606061,0.8991254830181004,-0.009731543624161065,0.8893939393939394,0.9160734865432852,0.8922108076512814,0.9160734865432852,-0.0,0.9393939393939394,0.00729349650828226,0.9814992969732849,149,297
nslkdd,0.8,Normal,mlp,91,3,0.49994218349456787,0.9908919908919909,0.9712301587301587,0.01966183216183215,-0.040891990891990915,-0.021230158730158766,0.08209995709995709,0.4999420940876007,0.08209995709995709,-0.0,0.02876984126984128,0.0,0.23948650957142129,10101,1008
nslkdd,0.8,DoS,mlp,91,3,0.49994218349456787,0.9995645231528524,0.4844559585492228,0.5151085646036295,-0.049564523152852424,0.46554404145077716,0.5151085646036295,0.49994218349456787,0.5151085646036295,0.23444580494397843,0.5155440414507773,0.5000578205368105,1.0,6889,772
nslkdd,0.8,Probe,mlp,91,3,0.4999731183052063,0.9862700228832952,0.5220883534136547,0.46418166946964057,-0.03627002288329528,0.4279116465863453,0.46418166946964057,0.4999731183052063,0.46418166946964057,0.06787332395945336,0.47791164658634533,0.4999421608335979,1.0,1748,249
nslkdd,0.8,R2L,mlp,91,3,0.9926827931776643,0.959731543624161,0.08080808080808081,0.8789234628160802,-0.009731543624161065,0.8691919191919192,0.8925044629742617,0.8922108076512814,0.8925044629742617,0.013468013468013467,0.9191919191919192,0.00729349650828226,0.9847832691918168,149,297
nslkdd,0.8,Normal,mlp,91,4,0.49994218349456787,0.9908919908919909,0.9642857142857143,0.02660627660627657,-0.040891990891990915,-0.014285714285714346,0.07317138567138566,0.4999420940876007,0.07317138567138566,-0.0,0.0357142857142857,0.0,0.3636158637990806,10101,1008
nslkdd,0.8,DoS,mlp,91,4,0.49994218349456787,0.9995645231528524,0.47341115434500647,0.5261533688078459,-0.049564523152852424,0.4765888456549935,0.5261533688078459,0.49994218349456787,0.5261533688078459,0.21791220011074253,0.5265888456549935,0.5000578205368105,1.0,6889,771
nslkdd,0.8,Probe,mlp,91,4,0.4999731183052063,0.9862700228832952,0.408,0.5782700228832953,-0.03627002288329528,0.542,0.5782700228832953,0.4999731183052063,0.5782700228832953,0.11535926773455377,0.5920000000000001,0.4999421608335979,1.0,1748,250
nslkdd,0.8,R2L,mlp,91,4,0.9926827931776643,0.959731543624161,0.04713804713804714,0.9125934964861139,-0.009731543624161065,0.9028619528619528,0.9260163152780603,0.9932571416720748,0.9260163152780603,0.010101010101010102,0.9528619528619529,0.00729349650828226,0.9855047707362307,149,297
nslkdd,0.8,Normal,mlp,91,5,0.49994218349456787,0.9908919908919909,0.9712301587301587,0.01966183216183215,-0.040891990891990915,-0.021230158730158766,0.08309202059202057,0.4999420940876007,0.08309202059202057,0.000794063294063294,0.02876984126984128,0.0,0.23662719984113972,10101,1008
nslkdd,0.8,DoS,mlp,91,5,0.49994218349456787,0.9995645231528524,0.4604409857328145,0.5391235374200378,-0.049564523152852424,0.48955901426718545,0.5391235374200378,0.49994218349456787,0.5391235374200378,0.21791220011074253,0.5395590142671856,0.5000578205368105,1.0,6889,771
nslkdd,0.8,Probe,mlp,91,5,0.4999731183052063,0.9862700228832952,0.3855421686746988,0.6007278542085964,-0.03627002288329528,0.5644578313253011,0.6007278542085964,0.4999731183052063,0.6007278542085964,0.10803396652973449,0.6144578313253012,0.4999421608335979,1.0,1748,249
nslkdd,0.8,R2L,mlp,91,5,0.9926827931776643,0.959731543624161,0.06756756756756757,0.8921639760565935,-0.009731543624161065,0.8824324324324324,0.9055867948485399,0.9932571416720748,0.9055867948485399,0.006756756756756757,0.9324324324324325,0.00729349650828226,0.9851777666499749,149,296
nslkdd,0.8,Normal,mlp,91,6,0.49994218349456787,0.9908919908919909,0.9652777777777778,0.02561421311421308,-0.040891990891990915,-0.015277777777777835,0.08408408408408408,0.4999420940876007,0.08408408408408408,0.0014932514932514932,0.03472222222222221,0.0,0.30462617739403414,10101,1008
nslkdd,0.8,DoS,mlp,91,6,0.49994218349456787,0.9995645231528524,0.4727979274611399,0.5267665956917125,-0.049564523152852424,0.47720207253886004,0.5267665956917125,0.49994218349456787,0.5267665956917125,0.22667378421858983,0.5272020725388601,0.5000578205368105,1.0,6889,772
nslkdd,0.8,Probe,mlp,91,6,0.4999731183052063,0.9862700228832952,0.5140562248995983,0.4722137979836969,-0.03627002288329528,0.4359437751004016,0.4722137979836969,0.4999731183052063,0.4722137979836969,0.05180906693134092,0.48594377510040165,0.4999421608335979,1.0,1748,249
nslkdd,0.8,R2L,mlp,91,6,0.9926827931776643,0.959731543624161,0.06734006734006734,0.8923914762840937,-0.009731543624161065,0.8826599326599326,0.90581429507604,0.9932571416720748,0.90581429507604,0.010101010101010102,0.9326599326599326,0.00729349650828226,0.9851814893351627,149,297
nslkdd,0.8,Normal,mlp,91,7,0.49994218349456787,0.9908919908919909,0.9603174603174603,0.030574530574530523,-0.040891990891990915,-0.010317460317460392,0.06622694122694121,0.4999420940876007,0.06622694122694121,0.000893063393063393,0.03968253968253965,0.0,0.46166303332295167,10101,1008
nslkdd,0.8,DoS,mlp,91,7,0.49994218349456787,0.9995645231528524,0.5375647668393783,0.4619997563134741,-0.049564523152852424,0.4124352331606217,0.4619997563134741,0.49994218349456787,0.4619997563134741,0.27589658214605095,0.46243523316062174,0.500057799447449,1.0,6889,772
nslkdd,0.8,Probe,mlp,91,7,0.4999731183052063,0.9862700228832952,0.544,0.4422700228832952,-0.03627002288329528,0.4059999999999999,0.4422700228832952,0.4999731183052063,0.4422700228832952,0.07535926773455379,0.45599999999999996,0.4999421608335979,1.0,1748,250
nslkdd,0.8,R2L,mlp,91,7,0.9926827931776643,0.959731543624161,0.04377104377104377,0.9159604998531172,-0.009731543624161065,0.9062289562289562,0.9293833186450636,0.9932571416720748,0.9293833186450636,0.003367003367003367,0.9562289562289562,0.00729349650828226,0.9855572845749853,149,297
nslkdd,0.8,Normal,mlp,91,8,0.49994218349456787,0.9908919908919909,0.9761904761904762,0.014701514701514706,-0.040891990891990915,-0.02619047619047621,0.07317138567138566,0.4999420940876007,0.07317138567138566,0.0025884400884400877,0.023809523809523836,0.0,0.20091890520619002,10101,1008
nslkdd,0.8,DoS,mlp,91,8,0.49994218349456787,0.9995645231528524,0.5407503234152652,0.4588141997375872,-0.049564523152852424,0.40924967658473477,0.4588141997375872,0.49994218349456787,0.4588141997375872,0.2677542258061063,0.4592496765847348,0.500057799447449,1.0,6889,773
nslkdd,0.8,Probe,mlp,91,8,0.4999731183052063,0.9862700228832952,0.5261044176706827,0.4601656052126125,-0.03627002288329528,0.42389558232931723,0.4601656052126125,0.4999731183052063,0.4601656052126125,0.05984119544539715,0.4738955823293173,0.4999421608335979,1.0,1748,249
nslkdd,0.8,R2L,mlp,91,8,0.9926827931776643,0.959731543624161,0.050505050505050504,0.9092264931191105,-0.009731543624161065,0.8994949494949495,0.9226493119110569,0.9932571416720748,0.9226493119110569,-0.0,0.9494949494949495,0.007290311406904948,0.9854518736223364,149,297
nslkdd,0.8,Normal,mlp,91,9,0.49994218349456787,0.9908919908919909,0.9652777777777778,0.02561421311421308,-0.040891990891990915,-0.015277777777777835,0.07317138567138566,0.4999420940876007,0.07317138567138566,0.002287314787314787,0.03472222222222221,0.0,0.35005778391633974,10101,1008
nslkdd,0.8,DoS,mlp,91,9,0.49994218349456787,0.9995645231528524,0.4805699481865285,0.5189945749663238,-0.049564523152852424,0.46943005181347147,0.5189945749663238,0.49994218349456787,0.5189945749663238,0.24480849924449655,0.5194300518134716,0.5000578205368105,1.0,6889,772
nslkdd,0.8,Probe,mlp,91,9,0.4999731183052063,0.9862700228832952,0.384,0.6022700228832952,-0.03627002288329528,0.566,0.6022700228832952,0.4999731183052063,0.6022700228832952,0.08735926773455377,0.616,0.4999421608335979,1.0,1748,250
nslkdd,0.8,R2L,mlp,91,9,0.9926827931776643,0.959731543624161,0.05723905723905724,0.9024924863851038,-0.009731543624161065,0.8927609427609428,0.9226041172349897,0.9999727002832515,0.9226041172349897,0.003367003367003367,0.9427609427609428,0.007290345352885197,0.9782012344469482,149,297
nslkdd,0.8,Normal,mlp,91,10,0.49994218349456787,0.9908919908919909,0.9573412698412699,0.03355072105072099,-0.040891990891990915,-0.007341269841269926,0.06920313170313169,0.4999420940876007,0.06920313170313169,0.000893063393063393,0.04265873015873012,0.0,0.4848150686972841,10101,1008
nslkdd,0.8,DoS,mlp,91,10,0.49994218349456787,0.9995645231528524,0.4682230869001297,0.5313414362527227,-0.049564523152852424,0.48177691309987025,0.5313414362527227,0.49994218349456787,0.5313414362527227,0.22310026755561932,0.5317769130998703,0.5000578205368105,1.0,6889,771
nslkdd,0.8,Probe,mlp,91,10,0.4999731183052063,0.9862700228832952,0.50199203187251,0.4842779910107853,-0.03627002288329528,0.44800796812749,0.4842779910107853,0.4999731183052063,0.4842779910107853,0.06684930757519122,0.49800796812749004,0.4999421608335979,1.0,1748,251
nslkdd,0.8,R2L,mlp,91,10,0.9926827931776643,0.959731543624161,0.03367003367003367,0.9260615099541274,-0.009731543624161065,0.9163299663299663,0.9394843287460738,0.9932571416720748,0.9394843287460738,-0.0,0.9663299663299664,0.00729349650828226,0.9857125676488273,149,297
nslkdd,0.8,Normal,mlp,91,11,0.49994218349456787,0.9908919908919909,0.9682539682539683,0.022638022638022615,-0.040891990891990915,-0.0182539682539683,0.0682110682110682,0.4999420940876007,0.0682110682110682,0.0025884400884400877,0.031746031746031744,0.0,0.33188195452346364,10101,1008
nslkdd,0.8,DoS,mlp,91,11,0.49994218349456787,0.9995645231528524,0.5278137128072445,0.47175081034560784,-0.049564523152852424,0.4221862871927554,0.47175081034560784,0.49994218349456787,0.47175081034560784,0.26257958156289807,0.47218628719275546,0.500057799447449,1.0,6889,773
nslkdd,0.8,Probe,mlp,91,11,0.4999731183052063,0.9862700228832952,0.428,0.5582700228832953,-0.03627002288329528,0.522,0.5582700228832953,0.4999731183052063,0.5582700228832953,0.15535926773455377,0.5720000000000001,0.4999421608335979,1.0,1748,250
nslkdd,0.8,R2L,mlp,91,11,0.9926827931776643,0.959731543624161,0.06397306397306397,0.895758479651097,-0.009731543624161065,0.8860269360269359,0.9093394798092784,0.8922108076512814,0.9093394798092784,0.006734006734006734,0.936026936026936,0.00729349650828226,0.9850649834745657,149,297
nslkdd,0.8,Normal,mlp,91,12,0.49994218349456787,0.9908919908919909,0.9652777777777778,0.02561421311421308,-0.040891990891990915,-0.015277777777777835,0.0811078936078936,0.4999420940876007,0.0811078936078936,0.002386314886314886,0.03472222222222221,0.0,0.31580419580419544,10101,1008
nslkdd,0.8,DoS,mlp,91,12,0.49994218349456787,0.9995645231528524,0.5421530479896238,0.45741147516322855,-0.049564523152852424,0.40784695201037613,0.45741147516322855,0.49994218349456787,0.45741147516322855,0.2758613093789061,0.4578469520103762,0.500057799447449,1.0,6889,771
nslkdd,0.8,Probe,mlp,91,12,0.4999731183052063,0.9862700228832952,0.352,0.6342700228832953,-0.03627002288329528,0.598,0.6342700228832953,0.4999731183052063,0.6342700228832953,0.11135926773455376,0.648,0.4999421608335979,1.0,1748,250
nslkdd,0.8,R2L,mlp,91,12,0.9926827931776643,0.959731543624161,0.05387205387205387,0.9058594897521072,-0.009731543624161065,0.8961279461279461,0.9192823085440536,0.9932571416720748,0.9192823085440536,0.010101010101010102,0.9461279461279462,0.007290345352885197,0.985398589021902,149,297
nslkdd,0.8,Normal,mlp,91,13,0.49994218349456787,0.9908919908919909,0.9642857142857143,0.02660627660627657,-0.040891990891990915,-0.014285714285714346,0.07019519519519518,0.4999420940876007,0.07019519519519518,0.003178315678315678,0.0357142857142857,0.0,0.37903273197390797,10101,1008
nslkdd,0.8,DoS,mlp,91,13,0.49994218349456787,0.9995645231528524,0.46243523316062174,0.5371292899922306,-0.049564523152852424,0.4875647668393782,0.5371292899922306,0.49994218349456787,0.5371292899922306,0.22278777385589552,0.5375647668393783,0.5000578205368105,1.0,6889,772
nslkdd,0.8,Probe,mlp,91,13,0.4999731183052063,0.9862700228832952,0.3855421686746988,0.6007278542085964,-0.03627002288329528,0.5644578313253011,0.6007278542085964,0.4999731183052063,0.6007278542085964,0.10803396652973449,0.6144578313253012,0.4999421608335979,1.0,1748,249
nslkdd,0.8,R2L,mlp,91,13,0.9926827931776643,0.959731543624161,0.06756756756756757,0.8921639760565935,-0.009731543624161065,0.8824324324324324,0.9126609831307818,0.8922108076512814,0.9126609831307818,0.0033783783783783786,0.9324324324324325,0.00729349650828226,0.9775414886216833,149,296
nslkdd,0.8,Normal,mlp,91,14,0.49994218349456787,0.9908919908919909,0.9732142857142857,0.017677705177705172,-0.040891990891990915,-0.023214285714285743,0.07019519519519518,0.4999420940876007,0.07019519519519518,0.0034815034815034807,0.0267857142857143,0.0,0.2518363988952224,10101,1008
nslkdd,0.8,DoS,mlp,91,14,0.49994218349456787,0.9995645231528524,0.5213454075032341,0.4782191156496183,-0.049564523152852424,0.42865459249676585,0.4782191156496183,0.49994218349456787,0.4782191156496183,0.2677542258061063,0.4786545924967659,0.500057799447449,1.0,6889,773
nslkdd,0.8,Probe,mlp,91,14,0.4999731183052063,0.9862700228832952,0.5,0.48627002288329524,-0.03627002288329528,0.44999999999999996,0.48627002288329524,0.4999731183052063,0.48627002288329524,0.08335926773455377,0.5,0.4999421608335979,1.0,1748,250
nslkdd,0.8,R2L,mlp,91,14,0.9926827931776643,0.959731543624161,0.06756756756756757,0.8921639760565935,-0.009731543624161065,0.8824324324324324,0.9055867948485399,0.9932571416720748,0.9055867948485399,0.010135135135135136,0.9324324324324325,0.00729349650828226,0.9851777666499749,149,296
nslkdd,0.8,Normal,mlp,91,15,0.49994218349456787,0.9908919908919909,0.9672619047619048,0.023630086130086103,-0.040891990891990915,-0.01726190476190481,0.07317138567138566,0.4999420940876007,0.07317138567138566,-0.0,0.03273809523809523,0.0,0.322941624150858,10101,1008
nslkdd,0.8,DoS,mlp,91,15,0.49994218349456787,0.9995645231528524,0.4675324675324675,0.5320320556203848,-0.049564523152852424,0.48246753246753243,0.5320320556203848,0.49994218349456787,0.5320320556203848,0.22169485326692467,0.5324675324675325,0.5000578205368105,1.0,6889,770
nslkdd,0.8,Probe,mlp,91,15,0.4999731183052063,0.9862700228832952,0.4,0.5862700228832952,-0.03627002288329528,0.5499999999999999,0.5862700228832952,0.4999731183052063,0.5862700228832952,0.11535926773455377,0.6,0.4999421608335979,1.0,1748,250
nslkdd,0.8,R2L,mlp,91,15,0.9926827931776643,0.959731543624161,0.06397306397306397,0.895758479651097,-0.009731543624161065,0.8860269360269359,0.9091812984430434,0.9932571416720748,0.9091812984430434,0.016835016835016835,0.936026936026936,0.007290311406904948,0.9852363672515781,149,297
nslkdd,0.8,Normal,mlp,91,16,0.49994218349456787,0.9908919908919909,0.9662698412698413,0.02462214962214959,-0.040891990891990915,-0.016269841269841323,0.0811078936078936,0.4999420940876007,0.0811078936078936,-0.0,0.03373015873015872,0.0,0.3035727908455178,10101,1008
nslkdd,0.8,DoS,mlp,91,16,0.49994218349456787,0.9995645231528524,0.4799482535575679,0.5196162695952844,-0.049564523152852424,0.47005174644243203,0.5196162695952844,0.49994218349456787,0.5196162695952844,0.21689150654895958,0.5200517464424321,0.5000578205368105,1.0,6889,773
nslkdd,0.8,Probe,mlp,91,16,0.4999731183052063,0.9862700228832952,0.592,0.39427002288329527,-0.03627002288329528,0.358,0.39427002288329527,0.4999731183052063,0.39427002288329527,0.09935926773455378,0.40800000000000003,0.4999421608335979,1.0,1748,250
nslkdd,0.8,R2L,mlp,91,16,0.9926827931776643,0.959731543624161,0.060810810810810814,0.8989207328133502,-0.009731543624161065,0.8891891891891891,0.9123435516052966,0.9932571416720748,0.9123435516052966,0.006756756756756757,0.9391891891891891,0.00729349650828226,0.9852875391421044,149,296
nslkdd,0.8,Normal,mlp,91,17,0.49994218349456787,0.9908919908919909,0.9613095238095238,0.029582467082467034,-0.040891990891990915,-0.01130952380952388,0.07019519519519518,0.4999420940876007,0.07019519519519518,0.008243820743820744,0.038690476190476164,0.0,0.4214315096668032,10101,1008
nslkdd,0.8,DoS,mlp,91,17,0.49994218349456787,0.9995645231528524,0.5168393782383419,0.48272514491451046,-0.049564523152852424,0.43316062176165804,0.48272514491451046,0.49994218349456787,0.48272514491451046,0.26512059850614145,0.4831606217616581,0.500057799447449,1.0,6889,772
nslkdd,0.8,Probe,mlp,91,17,0.4999731183052063,0.9862700228832952,0.388,0.5982700228832952,-0.03627002288329528,0.5619999999999999,0.5982700228832952,0.4999731183052063,0.5982700228832952,0.11135926773455376,0.612,0.4999421608335979,1.0,1748,250
nslkdd,0.8,R2L,mlp,91,17,0.9926827931776643,0.959731543624161,0.07046979865771812,0.889261744966443,-0.009731543624161065,0.8795302013422819,0.9161073825503355,0.8922108076512814,0.9161073825503355,0.003355704697986577,0.9295302013422819,0.00729349650828226,0.9706959706959707,149,298
nslkdd,0.8,Normal,mlp,91,18,0.49994218349456787,0.9908919908919909,0.9593253968253969,0.03156659406659401,-0.040891990891990915,-0.009325396825396903,0.07416344916344915,0.4999420940876007,0.07416344916344915,0.003477378477378477,0.04067460317460314,0.0,0.4256354635964174,10101,1008
nslkdd,0.8,DoS,mlp,91,18,0.49994218349456787,0.9995645231528524,0.47470817120622566,0.5248563519466267,-0.049564523152852424,0.4752918287937743,0.5248563519466267,0.49994218349456787,0.5248563519466267,0.21879256748526146,0.5252918287937743,0.5000578205368105,1.0,6889,771
nslkdd,0.8,Probe,mlp,91,18,0.4999731183052063,0.9862700228832952,0.5582329317269076,0.42803709115638766,-0.03627002288329528,0.3917670682730924,0.42803709115638766,0.4999731183052063,0.42803709115638766,0.08393758098756582,0.4417670682730924,0.4999421608335979,1.0,1748,249
nslkdd,0.8,R2L,mlp,91,18,0.9926827931776643,0.959731543624161,0.04697986577181208,0.9127516778523489,-0.009731543624161065,0.9030201342281878,0.9261744966442953,0.9932571416720748,0.9261744966442953,0.006711409395973154,0.9530201342281879,0.00729349650828226,0.9855072463768115,149,298
nslkdd,0.8,Normal,mlp,91,19,0.49994218349456787,0.9908919908919909,0.9652777777777778,0.02561421311421308,-0.040891990891990915,-0.015277777777777835,0.09499678249678248,0.4999420940876007,0.09499678249678248,-0.0,0.03472222222222221,0.0,0.26963242797281717,10101,1008
nslkdd,0.8,DoS,mlp,91,19,0.49994218349456787,0.9995645231528524,0.4572538860103627,0.5423106371424897,-0.049564523152852424,0.49274611398963725,0.5423106371424897,0.49994218349456787,0.5423106371424897,0.21330712700355076,0.5427461139896372,0.5000578205368105,1.0,6889,772
nslkdd,0.8,Probe,mlp,91,19,0.4999731183052063,0.9862700228832952,0.528,0.4582700228832952,-0.03627002288329528,0.42199999999999993,0.4582700228832952,0.4999731183052063,0.4582700228832952,0.07935926773455379,0.472,0.4999421608335979,1.0,1748,250
nslkdd,0.8,R2L,mlp,91,19,0.9926827931776643,0.959731543624161,0.06060606060606061,0.8991254830181004,-0.009731543624161065,0.8893939393939394,0.9194404899102886,0.8922108076512814,0.9194404899102886,0.006734006734006734,0.9393939393939394,0.00729349650828226,0.9779050334250883,149,297
nslkdd,0.8,Normal,rf,12345,0,0.499973326921463,0.9984159984159984,0.9692460317460317,0.02916996666996663,-0.04841599841599842,-0.01924603174603179,0.0807985182985183,0.4999731183052063,0.02916996666996663,0.0807985182985183,0.030753968253968256,0.0,0.3610210593490742,10101,1008
nslkdd,0.8,DoS,rf,12345,0,0.499973326921463,0.9994193642038032,0.1955958549222798,0.8038235092815234,-0.04941936420380322,0.7544041450777201,0.8038235092815234,0.499973326921463,0.8038235092815234,0.02084836004232925,0.8044041450777202,0.5000266945652698,1.0,6889,772
nslkdd,0.8,Probe,rf,12345,0,0.499973326921463,0.9988558352402745,0.606425702811245,0.3924301324290296,-0.04885583524027459,0.343574297188755,0.3924301324290296,0.499973326921463,0.3924301324290296,0.22092948452850303,0.39357429718875503,0.5000266744806585,1.0,1748,249
nslkdd,0.8,R2L,rf,12345,0,0.5,0.959731543624161,0.010135135135135136,0.9495964084890259,-0.009731543624161065,0.9398648648648649,0.9595955015418103,0.9999466523986484,0.9595955015418103,0.0033783783783783786,0.9898648648648649,0.49997522971898434,0.9895798875289448,149,296
nslkdd,0.8,Normal,rf,12345,1,0.499973326921463,0.9984159984159984,0.9712301587301587,0.027185839685839652,-0.04841599841599842,-0.021230158730158766,0.06492550242550242,0.4999731183052063,0.027185839685839652,0.06492550242550242,0.02876984126984128,0.0,0.4187235935067818,10101,1008
nslkdd,0.8,DoS,rf,12345,1,0.499973326921463,0.9994193642038032,0.19714656290531776,0.8022728012984854,-0.04941936420380322,0.7528534370946822,0.8022728012984854,0.499973326921463,0.8022728012984854,0.03514578684152013,0.8028534370946823,0.5000266744796587,1.0,6889,771
nslkdd,0.8,Probe,rf,12345,1,0.499973326921463,0.9988558352402745,0.6532258064516129,0.34563002878866167,-0.04885583524027459,0.2967741935483871,0.34563002878866167,0.499973326921463,0.34563002878866167,0.2501107256219089,0.3467741935483871,0.5000266744806585,1.0,1748,248
nslkdd,0.8,R2L,rf,12345,1,0.5,0.959731543624161,0.030303030303030304,0.9294285133211307,-0.009731543624161065,0.9196969696969697,0.9394843287460738,0.8670212477445602,0.9394843287460738,0.006734006734006734,0.9696969696969697,0.49997522971898434,0.9892964521948285,149,297
nslkdd,0.8,Normal,rf,12345,2,0.499973326921463,0.9984159984159984,0.9613095238095238,0.03710647460647454,-0.04841599841599842,-0.01130952380952388,0.059940434940434946,0.49997296929359436,0.03710647460647454,0.059940434940434946,0.038690476190476164,0.0,0.6190558117128885,10101,1008
nslkdd,0.8,DoS,rf,12345,2,0.499973326921463,0.9994193642038032,0.19974059662775617,0.7996787675760471,-0.04941936420380322,0.7502594033722438,0.7996787675760471,0.499973326921463,0.7996787675760471,0.02476965195176656,0.8002594033722439,0.5000266945652698,1.0,6889,771
nslkdd,0.8,Probe,rf,12345,2,0.499973326921463,0.9988558352402745,0.444,0.5548558352402746,-0.04885583524027459,0.506,0.5548558352402746,0.499973326921463,0.5548558352402746,0.23427917620137298,0.556,0.5000266744806585,1.0,1748,250
nslkdd,0.8,R2L,rf,12345,2,0.5,0.959731543624161,0.020202020202020204,0.9395295234221408,-0.009731543624161065,0.9297979797979797,0.9529297448760536,0.9999466523986484,0.9529297448760536,0.003367003367003367,0.9797979797979798,0.49997522971898434,0.9859378705240691,149,297
nslkdd,0.8,Normal,rf,12345,3,0.499973326921463,0.9984159984159984,0.9761904761904762,0.02222552222552221,-0.04841599841599842,-0.02619047619047621,0.07186994686994687,0.4999731183052063,0.02222552222552221,0.07186994686994687,0.023809523809523836,0.0,0.309246398438845,10101,1008
nslkdd,0.8,DoS,rf,12345,3,0.499973326921463,0.9994193642038032,0.19170984455958548,0.8077095196442177,-0.04941936420380322,0.7582901554404144,0.8077095196442177,0.499973326921463,0.8077095196442177,0.02214369682989402,0.8082901554404145,0.5000266945652698,1.0,6889,772
nslkdd,0.8,Probe,rf,12345,3,0.499973326921463,0.9988558352402745,0.570281124497992,0.4285747107422826,-0.04885583524027459,0.379718875502008,0.4285747107422826,0.499973326921463,0.4285747107422826,0.17500206776763805,0.42971887550200805,0.5000266744806585,1.0,1748,249
nslkdd,0.8,R2L,rf,12345,3,0.5,0.959731543624161,0.013468013468013467,0.9462635301561475,-0.009731543624161065,0.9365319865319864,0.956296748243057,0.9999466523986484,0.956296748243057,-0.0,0.9865319865319865,0.49997522971898434,0.9895082587017651,149,297
nslkdd,0.8,Normal,rf,12345,4,0.499973326921463,0.9984159984159984,0.9732142857142857,0.025201712701712675,-0.04841599841599842,-0.023214285714285743,0.08575883575883575,0.4999731183052063,0.025201712701712675,0.08575883575883575,0.0267857142857143,0.0,0.2938672438672436,10101,1008
nslkdd,0.8,DoS,rf,12345,4,0.499973326921463,0.9994193642038032,0.19584954604409857,0.8035698181597046,-0.04941936420380322,0.7541504539559014,0.8035698181597046,0.499973326921463,0.8035698181597046,0.02217561822932817,0.8041504539559015,0.5000266885350526,1.0,6889,771
nslkdd,0.8,Probe,rf,12345,4,0.499973326921463,0.9988558352402745,0.444,0.5548558352402746,-0.04885583524027459,0.506,0.5548558352402746,0.499973326921463,0.5548558352402746,0.22798169336384438,0.556,0.5000266744806585,1.0,1748,250
nslkdd,0.8,R2L,rf,12345,4,0.5,0.959731543624161,0.013468013468013467,0.9462635301561475,-0.009731543624161065,0.9365319865319864,0.966397758344067,0.9999466523986484,0.966397758344067,0.003367003367003367,0.9865319865319865,0.49997522971898434,0.9791656923724453,149,297
nslkdd,0.8,Normal,rf,12345,5,0.499973326921463,0.9984159984159984,0.9742063492063492,0.024209649209649187,-0.04841599841599842,-0.02420634920634923,0.06192456192456192,0.49997296929359436,0.024209649209649187,0.06192456192456192,0.025793650793650813,0.0,0.39095390354383125,10101,1008
nslkdd,0.8,DoS,rf,12345,5,0.499973326921463,0.9994193642038032,0.1932555123216602,0.806163851882143,-0.04941936420380322,0.7567444876783398,0.806163851882143,0.499973326921463,0.806163851882143,0.01958158450688978,0.8067444876783398,0.5000266744796587,1.0,6889,771
nslkdd,0.8,Probe,rf,12345,5,0.499973326921463,0.9988558352402745,0.46586345381526106,0.5329923814250135,-0.04885583524027459,0.4841365461847389,0.5329923814250135,0.499973326921463,0.5329923814250135,0.2673715456792847,0.5341365461847389,0.5000266744806585,1.0,1748,249
nslkdd,0.8,R2L,rf,12345,5,0.5,0.959731543624161,0.013513513513513514,0.9462180301106475,-0.009731543624161065,0.9364864864864865,0.9629738799201887,0.9999466523986484,0.9629738799201887,0.0033783783783783786,0.9864864864864865,0.49997522971898434,0.9825998916908008,149,296
nslkdd,0.8,Normal,rf,12345,6,0.499973326921463,0.9984159984159984,0.9722222222222222,0.026193776193776164,-0.04841599841599842,-0.022222222222222254,0.06889375639375639,0.4999731183052063,0.02649077649077647,0.06889375639375639,0.02777777777777779,0.0,0.38020537077507965,10101,1008
nslkdd,0.8,DoS,rf,12345,6,0.499973326921463,0.9994193642038032,0.19818652849740934,0.8012328357063938,-0.04941936420380322,0.7518134715025906,0.8012328357063938,0.499973326921463,0.8012328357063938,0.029915717555282616,0.8018134715025906,0.5000266847502193,1.0,6889,772
nslkdd,0.8,Probe,rf,12345,6,0.499973326921463,0.9988558352402745,0.5742971887550201,0.42455864648525443,-0.04885583524027459,0.37570281124497984,0.42455864648525443,0.499973326921463,0.42455864648525443,0.17273671344416566,0.4257028112449799,0.5000266704898161,1.0,1748,249
nslkdd,0.8,R2L,rf,12345,6,0.5,0.959731543624161,0.013468013468013467,0.9462635301561475,-0.009731543624161065,0.9365319865319864,0.9529297448760536,0.9999466523986484,0.9529297448760536,0.003367003367003367,0.9865319865319865,0.49997522971898434,0.9930045055726818,149,297
nslkdd,0.8,Normal,rf,12345,7,0.499973326921463,0.9984159984159984,0.9632936507936508,0.03512234762234756,-0.04841599841599842,-0.013293650793650857,0.07683026433026433,0.4999731183052063,0.03512234762234756,0.07683026433026433,0.03670634920634919,0.0,0.4571420901452302,10101,1008
nslkdd,0.8,DoS,rf,12345,7,0.499973326921463,0.9994193642038032,0.19818652849740934,0.8012328357063938,-0.04941936420380322,0.7518134715025906,0.8012328357063938,0.499973326921463,0.8012328357063938,0.011781002529375884,0.8018134715025906,0.5000266847502193,1.0,6889,772
nslkdd,0.8,Probe,rf,12345,7,0.499973326921463,0.9988558352402745,0.616,0.38285583524027456,-0.04885583524027459,0.33399999999999996,0.38285583524027456,0.499973326921463,0.38285583524027456,0.2159816933638444,0.384,0.5000266744806585,1.0,1748,250
nslkdd,0.8,R2L,rf,12345,7,0.5,0.959731543624161,0.006734006734006734,0.9529975368901543,-0.009731543624161065,0.9432659932659933,0.9664203556821007,0.8670212477445602,0.9664203556821007,-0.0,0.9932659932659933,0.49997522971898434,0.9861107863539644,149,297
nslkdd,0.8,Normal,rf,12345,8,0.499973326921463,0.9984159984159984,0.9791666666666666,0.019249331749331744,-0.04841599841599842,-0.029166666666666674,0.06194931194931194,0.4999731183052063,0.019348331848331846,0.06194931194931194,0.02083333333333337,0.0,0.3107271274470635,10101,1008
nslkdd,0.8,DoS,rf,12345,8,0.499973326921463,0.9994193642038032,0.2056921086675291,0.7937272555362741,-0.04941936420380322,0.7443078913324709,0.7937272555362741,0.499973326921463,0.7937272555362741,0.018230874838996568,0.7943078913324709,0.500026690328168,1.0,6889,773
nslkdd,0.8,Probe,rf,12345,8,0.499973326921463,0.9988558352402745,0.5983935742971888,0.4004622609430858,-0.04885583524027459,0.3516064257028112,0.4004622609430858,0.499973326921463,0.4004622609430858,0.20486522750039057,0.40160642570281124,0.5000266744806585,1.0,1748,249
nslkdd,0.8,R2L,rf,12345,8,0.5,0.959731543624161,0.020202020202020204,0.9395295234221408,-0.009731543624161065,0.9297979797979797,0.9529297448760536,0.9999466523986484,0.9529297448760536,0.010101010101010102,0.9797979797979798,0.49997332762177393,0.9859378705240691,149,297
nslkdd,0.8,Normal,rf,12345,9,0.499973326921463,0.9984159984159984,0.9751984126984127,0.023217585717585698,-0.04841599841599842,-0.02519841269841272,0.06393343893343893,0.4999731183052063,0.023217585717585698,0.06393343893343893,0.024801587301587324,0.0,0.36315246144912544,10101,1008
nslkdd,0.8,DoS,rf,12345,9,0.499973326921463,0.9994193642038032,0.1955958549222798,0.8038235092815234,-0.04941936420380322,0.7544041450777201,0.8038235092815234,0.499973326921463,0.8038235092815234,0.02602970719258832,0.8044041450777202,0.5000266744796587,1.0,6889,772
nslkdd,0.8,Probe,rf,12345,9,0.499973326921463,0.9988558352402745,0.476,0.5228558352402746,-0.04885583524027459,0.474,0.5228558352402746,0.499973326921463,0.5228558352402746,0.27027917620137304,0.524,0.5000266744806585,1.0,1748,250
nslkdd,0.8,R2L,rf,12345,9,0.5,0.959731543624161,0.016835016835016835,0.9428965267891442,-0.009731543624161065,0.9331649831649831,0.9563193455810906,0.8670212477445602,0.9563193455810906,0.003367003367003367,0.9831649831649831,0.49997332762177393,0.9859640831758033,149,297
nslkdd,0.8,Normal,rf,12345,10,0.499973326921463,0.9984159984159984,0.9682539682539683,0.030162030162030118,-0.04841599841599842,-0.0182539682539683,0.0679016929016929,0.4999731183052063,0.030162030162030118,0.0679016929016929,0.031746031746031744,0.0,0.44420144584168575,10101,1008
nslkdd,0.8,DoS,rf,12345,10,0.499973326921463,0.9994193642038032,0.191958495460441,0.8074608687433622,-0.04941936420380322,0.758041504539559,0.8074608687433622,0.499973326921463,0.8074608687433622,0.016987550784451386,0.808041504539559,0.5000266944014,1.0,6889,771
nslkdd,0.8,Probe,rf,12345,10,0.499973326921463,0.9988558352402745,0.5697211155378487,0.4291347197024259,-0.04885583524027459,0.3802788844621513,0.4291347197024259,0.499973326921463,0.4291347197024259,0.18716894435986034,0.43027888446215135,0.5000266744806585,1.0,1748,251
nslkdd,0.8,R2L,rf,12345,10,0.5,0.959731543624161,0.003367003367003367,0.9563645402571577,-0.009731543624161065,0.9466329966329966,0.9697647617110705,0.9999466523986484,0.9697647617110705,-0.0,0.9966329966329966,0.49997522971898434,0.9861819876500058,149,297
nslkdd,0.8,Normal,rf,12345,11,0.499973326921463,0.9984159984159984,0.9751984126984127,0.023217585717585698,-0.04841599841599842,-0.02519841269841272,0.06393343893343893,0.4999731183052063,0.023217585717585698,0.06393343893343893,0.024801587301587324,0.0,0.36315246144912544,10101,1008
nslkdd,0.8,DoS,rf,12345,11,0.499973326921463,0.9994193642038032,0.2018111254851229,0.7976082387186803,-0.04941936420380322,0.748188874514877,0.7976082387186803,0.499973326921463,0.7976082387186803,0.019524535899798637,0.7981888745148771,0.5000266847502193,1.0,6889,773
nslkdd,0.8,Probe,rf,12345,11,0.499973326921463,0.9988558352402745,0.456,0.5428558352402746,-0.04885583524027459,0.49399999999999994,0.5428558352402746,0.499973326921463,0.5428558352402746,0.242279176201373,0.544,0.5000266744806585,1.0,1748,250
nslkdd,0.8,R2L,rf,12345,11,0.5,0.959731543624161,0.016835016835016835,0.9428965267891442,-0.009731543624161065,0.9331649831649831,0.9529523422140872,0.8670212477445602,0.9529523422140872,0.003367003367003367,0.9831649831649831,0.49997522971898434,0.98944772473975,149,297
nslkdd,0.8,Normal,rf,12345,12,0.499973326921463,0.9984159984159984,0.9692460317460317,0.02916996666996663,-0.04841599841599842,-0.01924603174603179,0.07286201036201036,0.4999731183052063,0.02916996666996663,0.07286201036201036,0.030753968253968256,0.0,0.40034534492031537,10101,1008
nslkdd,0.8,DoS,rf,12345,12,0.499973326921463,0.9994193642038032,0.19584954604409857,0.8035698181597046,-0.04941936420380322,0.7541504539559014,0.8035698181597046,0.499973326921463,0.8035698181597046,0.016987550784451386,0.8041504539559015,0.5000266944014,1.0,6889,771
nslkdd,0.8,Probe,rf,12345,12,0.499973326921463,0.9988558352402745,0.448,0.5508558352402746,-0.04885583524027459,0.502,0.5508558352402746,0.499973326921463,0.5508558352402746,0.23827917620137298,0.552,0.5000266744806585,1.0,1748,250
nslkdd,0.8,R2L,rf,12345,12,0.5,0.959731543624161,0.020202020202020204,0.9395295234221408,-0.009731543624161065,0.9297979797979797,0.956296748243057,0.9999466523986484,0.956296748243057,0.003367003367003367,0.9797979797979798,0.49997332762177393,0.9824665044070039,149,297
nslkdd,0.8,Normal,rf,12345,13,0.499973326921463,0.9984159984159984,0.9751984126984127,0.023217585717585698,-0.04841599841599842,-0.02519841269841272,0.0798064548064548,0.4999731183052063,0.023217585717585698,0.0798064548064548,0.024801587301587324,0.0,0.290923657414586,10101,1008
nslkdd,0.8,DoS,rf,12345,13,0.499973326921463,0.9994193642038032,0.20207253886010362,0.7973468253436995,-0.04941936420380322,0.7479274611398963,0.7973468253436995,0.499973326921463,0.7973468253436995,0.029915717555282616,0.7979274611398963,0.5000266847502193,1.0,6889,772
nslkdd,0.8,Probe,rf,12345,13,0.499973326921463,0.9988558352402745,0.4779116465863454,0.5209441886539292,-0.04885583524027459,0.47208835341365457,0.5209441886539292,0.499973326921463,0.5209441886539292,0.2754036741933409,0.5220883534136547,0.5000266744806585,1.0,1748,249
nslkdd,0.8,R2L,rf,12345,13,0.5,0.959731543624161,0.016891891891891893,0.9428396517322691,-0.009731543624161065,0.9331081081081081,0.9528840921458371,0.8670212477445602,0.9528840921458371,0.010135135135135136,0.9831081081081081,0.49997522971898434,0.9894589063912815,149,296
nslkdd,0.8,Normal,rf,12345,14,0.499973326921463,0.9984159984159984,0.9771825396825397,0.02123345873345872,-0.04841599841599842,-0.027182539682539697,0.06988581988581988,0.4999731183052063,0.021530459030459026,0.06988581988581988,0.022817460317460347,0.0,0.3038307165623892,10101,1008
nslkdd,0.8,DoS,rf,12345,14,0.499973326921463,0.9994193642038032,0.19922380336351875,0.8001955608402844,-0.04941936420380322,0.7507761966364812,0.8001955608402844,0.499973326921463,0.8001955608402844,0.020818196960600707,0.8007761966364813,0.5000266895263319,1.0,6889,773
nslkdd,0.8,Probe,rf,12345,14,0.499973326921463,0.9988558352402745,0.568,0.4308558352402746,-0.04885583524027459,0.382,0.4308558352402746,0.499973326921463,0.4308558352402746,0.186279176201373,0.43200000000000005,0.5000266744806585,1.0,1748,250
nslkdd,0.8,R2L,rf,12345,14,0.5,0.959731543624161,0.010135135135135136,0.9495964084890259,-0.009731543624161065,0.9398648648648649,0.9629738799201887,0.9999466523986484,0.9629738799201887,-0.0,0.9898648648648649,0.49997522971898434,0.9861081679263497,149,296
nslkdd,0.8,Normal,rf,12345,15,0.499973326921463,0.9984159984159984,0.9732142857142857,0.025201712701712675,-0.04841599841599842,-0.023214285714285743,0.06095724845724845,0.4999731183052063,0.025201712701712675,0.06095724845724845,0.0267857142857143,0.0,0.41343258331923494,10101,1008
nslkdd,0.8,DoS,rf,12345,15,0.499973326921463,0.9994193642038032,0.19350649350649352,0.8059128706973097,-0.04941936420380322,0.7564935064935064,0.8059128706973097,0.499973326921463,0.8059128706973097,0.028701129034994617,0.8064935064935065,0.5000266906288566,1.0,6889,770
nslkdd,0.8,Probe,rf,12345,15,0.499973326921463,0.9988558352402745,0.436,0.5628558352402746,-0.04885583524027459,0.514,0.5628558352402746,0.499973326921463,0.5628558352402746,0.222279176201373,0.5640000000000001,0.5000266744806585,1.0,1748,250
nslkdd,0.8,R2L,rf,12345,15,0.5,0.959731543624161,0.006734006734006734,0.9529975368901543,-0.009731543624161065,0.9432659932659933,0.9630307549770637,0.9999466523986484,0.9630307549770637,-0.0,0.9932659932659933,0.49997332762177393,0.9895816223572752,149,297
nslkdd,0.8,Normal,rf,12345,16,0.499973326921463,0.9984159984159984,0.9692460317460317,0.02916996666996663,-0.04841599841599842,-0.01924603174603179,0.07881439131439132,0.4999731183052063,0.02916996666996663,0.07881439131439132,0.030753968253968256,0.0,0.37010964854892264,10101,1008
nslkdd,0.8,DoS,rf,12345,16,0.499973326921463,0.9994193642038032,0.19922380336351875,0.8001955608402844,-0.04941936420380322,0.7507761966364812,0.8001955608402844,0.499973326921463,0.8001955608402844,0.01895666958424261,0.8007761966364813,0.500026685867641,1.0,6889,773
nslkdd,0.8,Probe,rf,12345,16,0.499973326921463,0.9988558352402745,0.644,0.35485583524027453,-0.04885583524027459,0.30599999999999994,0.35485583524027453,0.499973326921463,0.35485583524027453,0.226279176201373,0.356,0.5000266744806585,1.0,1748,250
nslkdd,0.8,R2L,rf,12345,16,0.5,0.959731543624161,0.02702702702702703,0.9327045165971339,-0.009731543624161065,0.922972972972973,0.9528387447850535,0.9999466523986484,0.9528387447850535,0.006756756756756757,0.972972972972973,0.49997522971898434,0.9788692175899485,149,296
nslkdd,0.8,Normal,rf,12345,17,0.499973326921463,0.9984159984159984,0.9702380952380952,0.02817790317790314,-0.04841599841599842,-0.020238095238095277,0.07087788337788338,0.4999731183052063,0.02817790317790314,0.07087788337788338,0.029761904761904767,0.0,0.3975556525534696,10101,1008
nslkdd,0.8,DoS,rf,12345,17,0.499973326921463,0.9994193642038032,0.1955958549222798,0.8038235092815234,-0.04941936420380322,0.7544041450777201,0.8038235092815234,0.499973326921463,0.8038235092815234,0.031211054342847388,0.8044041450777202,0.5000266945652698,1.0,6889,772
nslkdd,0.8,Probe,rf,12345,17,0.499973326921463,0.9988558352402745,0.456,0.5428558352402746,-0.04885583524027459,0.49399999999999994,0.5428558352402746,0.499973326921463,0.5428558352402746,0.2399816933638444,0.544,0.5000266744806585,1.0,1748,250
nslkdd,0.8,R2L,rf,12345,17,0.5,0.959731543624161,0.040268456375838924,0.919463087248322,-0.009731543624161065,0.9097315436241611,0.9295302013422819,0.8670212477445602,0.9295302013422819,0.010067114093959734,0.9597315436241611,0.49997522971898434,0.9891696750902526,149,298
nslkdd,0.8,Normal,rf,12345,18,0.499973326921463,0.9984159984159984,0.9652777777777778,0.033138220638220584,-0.04841599841599842,-0.015277777777777835,0.06690962940962941,0.4999731183052063,0.033138220638220584,0.06690962940962941,0.03472222222222221,0.0,0.4952683332819572,10101,1008
nslkdd,0.8,DoS,rf,12345,18,0.499973326921463,0.9994193642038032,0.1932555123216602,0.806163851882143,-0.04941936420380322,0.7567444876783398,0.806163851882143,0.499973326921463,0.806163851882143,0.009205449617136211,0.8067444876783398,0.5000266928842263,1.0,6889,771
nslkdd,0.8,Probe,rf,12345,18,0.499973326921463,0.9988558352402745,0.5943775100401606,0.40447832520011395,-0.04885583524027459,0.35562248995983936,0.40447832520011395,0.499973326921463,0.40447832520011395,0.21917877459494728,0.4056224899598394,0.5000266744806585,1.0,1748,249
nslkdd,0.8,R2L,rf,12345,18,0.5,0.959731543624161,0.016778523489932886,0.9429530201342281,-0.009731543624161065,0.933221476510067,0.9496644295302014,0.9999466523986484,0.9496644295302014,0.013422818791946308,0.9832214765100671,0.49997522971898434,0.9929328621908126,149,298
nslkdd,0.8,Normal,rf,12345,19,0.499973326921463,0.9984159984159984,0.9751984126984127,0.023217585717585698,-0.04841599841599842,-0.02519841269841272,0.057981057981057973,0.4999731183052063,0.023217585717585698,0.057981057981057973,0.024801587301587324,0.0,0.4004339783722251,10101,1008
nslkdd,0.8,DoS,rf,12345,19,0.499973326921463,0.9994193642038032,0.1955958549222798,0.8038235092815234,-0.04941936420380322,0.7544041450777201,0.8038235092815234,0.499973326921463,0.8038235092815234,0.02084836004232925,0.8044041450777202,0.5000266847502193,1.0,6889,772
nslkdd,0.8,Probe,rf,12345,19,0.499973326921463,0.9988558352402745,0.592,0.4068558352402746,-0.04885583524027459,0.358,0.4068558352402746,0.499973326921463,0.4068558352402746,0.18798169336384438,0.40800000000000003,0.5000266744806585,1.0,1748,250
nslkdd,0.8,R2L,rf,12345,19,0.5,0.959731543624161,0.010101010101010102,0.949630533523151,-0.009731543624161065,0.9398989898989899,0.9630307549770637,0.9999466523986484,0.9630307549770637,-0.0,0.98989898989899,0.49997522971898434,0.9860853649951897,149,297
nslkdd,0.8,Normal,rf,1337,0,0.5,0.9983169983169983,0.9692460317460317,0.029070966570966528,-0.048316998316998316,-0.01924603174603179,0.02916996666996663,0.7255542278289795,0.02916996666996663,0.008637758637758636,0.030753968253968256,0.0,0.9966060948879303,10101,1008
nslkdd,0.8,DoS,rf,1337,0,0.5,0.9994193642038032,0.25,0.7494193642038032,-0.04941936420380322,0.7,0.7494193642038032,0.5,0.7494193642038032,0.06964677487652088,0.75,0.5000000181613184,1.0,6889,772
nslkdd,0.8,Probe,rf,1337,0,0.5,0.9982837528604119,0.6345381526104418,0.36374560024997016,-0.04828375286041198,0.3154618473895582,0.36374560024997016,0.5,0.36374560024997016,0.24617003483039712,0.3654618473895582,0.5000000000015912,1.0,1748,249
nslkdd,0.8,R2L,rf,1337,0,0.5,0.959731543624161,0.013513513513513514,0.9462180301106475,-0.009731543624161065,0.9364864864864865,0.9462180301106475,0.5,0.9462180301106475,0.006756756756756757,0.9864864864864865,0.5000000074520254,1.0,149,296
nslkdd,0.8,Normal,rf,1337,1,0.5,0.9983169983169983,0.9692460317460317,0.029070966570966528,-0.048316998316998316,-0.01924603174603179,0.029070966570966528,0.5,0.029070966570966528,0.005556380556380556,0.030753968253968256,0.0,1.0,10101,1008
nslkdd,0.8,DoS,rf,1337,1,0.5,0.9994193642038032,0.24254215304798962,0.7568772111558135,-0.04941936420380322,0.7074578469520103,0.7568772111558135,0.5,0.7568772111558135,0.07233321264995286,0.7574578469520103,0.5000000181613184,1.0,6889,771
nslkdd,0.8,Probe,rf,1337,1,0.5,0.9982837528604119,0.6451612903225806,0.3531224625378313,-0.04828375286041198,0.30483870967741933,0.3531224625378313,0.5,0.3531224625378313,0.24722263231711816,0.3548387096774194,0.5000000000015912,1.0,1748,248
nslkdd,0.8,R2L,rf,1337,1,0.5,0.959731543624161,0.02356902356902357,0.9361625200551374,-0.009731543624161065,0.9264309764309764,0.9361625200551374,0.5,0.9361625200551374,-0.0,0.9764309764309764,0.5000000074520254,1.0,149,297
nslkdd,0.8,Normal,rf,1337,2,0.5,0.9983169983169983,0.9623015873015873,0.03601541101541095,-0.048316998316998316,-0.012301587301587369,0.03611441111441105,0.7255542278289795,0.03611441111441105,0.01252145002145002,0.037698412698412676,0.0,0.9972587093089662,10101,1008
nslkdd,0.8,DoS,rf,1337,2,0.5,0.9994193642038032,0.25421530479896237,0.7452040594048408,-0.04941936420380322,0.6957846952010376,0.7452040594048408,0.5,0.7452040594048408,0.07420145162714521,0.7457846952010376,0.5000000181613184,1.0,6889,771
nslkdd,0.8,Probe,rf,1337,2,0.5,0.9982837528604119,0.464,0.5342837528604119,-0.04828375286041198,0.48599999999999993,0.5342837528604119,0.5,0.5342837528604119,0.25713501144164763,0.536,0.5000000000018161,1.0,1748,250
nslkdd,0.8,R2L,rf,1337,2,0.5,0.959731543624161,0.016835016835016835,0.9428965267891442,-0.009731543624161065,0.9331649831649831,0.9428965267891442,0.5,0.9428965267891442,0.003367003367003367,0.9831649831649831,0.5000000074520254,1.0,149,297
nslkdd,0.8,Normal,rf,1337,3,0.5,0.9983169983169983,0.9742063492063492,0.024110649110649085,-0.048316998316998316,-0.02420634920634923,0.024209649209649187,0.7255542278289795,0.024209649209649187,0.0065690690690690685,0.025793650793650813,0.0,0.9959107173283352,10101,1008
nslkdd,0.8,DoS,rf,1337,3,0.5,0.9994193642038032,0.2344559585492228,0.7649634056545804,-0.04941936420380322,0.7155440414507772,0.7649634056545804,0.5,0.7649634056545804,0.060155034270297995,0.7655440414507773,0.5000000181613184,1.0,6889,772
nslkdd,0.8,Probe,rf,1337,3,0.5,0.9982837528604119,0.6024096385542169,0.395874114306195,-0.04828375286041198,0.34759036144578304,0.395874114306195,0.5,0.395874114306195,0.20828623418157757,0.3975903614457831,0.5000000000015912,1.0,1748,249
nslkdd,0.8,R2L,rf,1337,3,0.5,0.959731543624161,0.013468013468013467,0.9462635301561475,-0.009731543624161065,0.9365319865319864,0.9462635301561475,0.5,0.9462635301561475,-0.0,0.9865319865319865,0.5000000074520254,1.0,149,297
nslkdd,0.8,Normal,rf,1337,4,0.5,0.9983169983169983,0.9742063492063492,0.024110649110649085,-0.048316998316998316,-0.02420634920634923,0.02430864930864929,0.8232323229312897,0.02430864930864929,0.013513513513513513,0.025793650793650813,0.0,0.991854742915323,10101,1008
nslkdd,0.8,DoS,rf,1337,4,0.5,0.9994193642038032,0.245136186770428,0.7542831774333751,-0.04941936420380322,0.7048638132295719,0.7542831774333751,0.5,0.7542831774333751,0.06973917892751447,0.754863813229572,0.5000000181613184,1.0,6889,771
nslkdd,0.8,Probe,rf,1337,4,0.5,0.9982837528604119,0.452,0.5462837528604119,-0.04828375286041198,0.49799999999999994,0.5462837528604119,0.5,0.5462837528604119,0.2416933638443936,0.548,0.5000000095000621,1.0,1748,250
nslkdd,0.8,R2L,rf,1337,4,0.5,0.959731543624161,0.013468013468013467,0.9462635301561475,-0.009731543624161065,0.9365319865319864,0.9529523422140872,0.9979406718630344,0.9529523422140872,0.003367003367003367,0.9865319865319865,0.5000000074520254,0.9929809584785751,149,297
nslkdd,0.8,Normal,rf,1337,5,0.5,0.9983169983169983,0.9742063492063492,0.024110649110649085,-0.048316998316998316,-0.02420634920634923,0.024209649209649187,0.7255542278289795,0.024209649209649187,0.005756443256443256,0.025793650793650813,0.0,0.9959107173283352,10101,1008
nslkdd,0.8,DoS,rf,1337,5,0.5,0.9994193642038032,0.23994811932555124,0.7594712448782519,-0.04941936420380322,0.7100518806744487,0.7594712448782519,0.5,0.7594712448782519,0.06455111148263769,0.7600518806744487,0.5000000181613184,1.0,6889,771
nslkdd,0.8,Probe,rf,1337,5,0.5,0.9982837528604119,0.4899598393574297,0.5083239135029822,-0.04828375286041198,0.46004016064257025,0.5083239135029822,0.5,0.5083239135029822,0.2926120959811787,0.5100401606425703,0.5000000083828564,1.0,1748,249
nslkdd,0.8,R2L,rf,1337,5,0.5,0.959731543624161,0.010135135135135136,0.9495964084890259,-0.009731543624161065,0.9398648648648649,0.9495964084890259,0.5,0.9495964084890259,-0.0,0.9898648648648649,0.5000000074520254,1.0,149,296
nslkdd,0.8,Normal,rf,1337,6,0.5,0.9983169983169983,0.9722222222222222,0.026094776094776062,-0.048316998316998316,-0.022222222222222254,0.026193776193776164,0.7255542278289795,0.026193776193776164,0.004669504669504669,0.02777777777777779,0.0,0.9962204724409448,10101,1008
nslkdd,0.8,DoS,rf,1337,6,0.5,0.9994193642038032,0.24740932642487046,0.7520100377789327,-0.04941936420380322,0.7025906735751295,0.7520100377789327,0.5,0.7520100377789327,0.07539766406909866,0.7525906735751295,0.5000000181613184,1.0,6889,772
nslkdd,0.8,Probe,rf,1337,6,0.5,0.9982837528604119,0.5903614457831325,0.4079223070772794,-0.04828375286041198,0.3596385542168674,0.4079223070772794,0.5,0.4079223070772794,0.1859290709749754,0.40963855421686746,0.5000000000015912,1.0,1748,249
nslkdd,0.8,R2L,rf,1337,6,0.5,0.959731543624161,0.013468013468013467,0.9462635301561475,-0.009731543624161065,0.9365319865319864,0.9462635301561475,0.5,0.9462635301561475,-0.0,0.9865319865319865,0.5000000074520254,1.0,149,297
nslkdd,0.8,Normal,rf,1337,7,0.5,0.9983169983169983,0.9642857142857143,0.03403128403128397,-0.048316998316998316,-0.014285714285714346,0.03442728442728438,0.840425506234169,0.03442728442728438,0.014505577005577005,0.0357142857142857,0.0,0.9884974838245864,10101,1008
nslkdd,0.8,DoS,rf,1337,7,0.5,0.9994193642038032,0.25906735751295334,0.7403520066908498,-0.04941936420380322,0.6909326424870466,0.7403520066908498,0.5,0.7403520066908498,0.07066288751986534,0.7409326424870466,0.5000000181613184,1.0,6889,772
nslkdd,0.8,Probe,rf,1337,7,0.5,0.9982837528604119,0.632,0.3662837528604119,-0.04828375286041198,0.31799999999999995,0.3662837528604119,0.5,0.3662837528604119,0.23313501144164758,0.368,0.500000000001706,1.0,1748,250
nslkdd,0.8,R2L,rf,1337,7,0.5,0.959731543624161,0.006734006734006734,0.9529975368901543,-0.009731543624161065,0.9432659932659933,0.9529975368901543,0.5,0.9529975368901543,-0.0,0.9932659932659933,0.5000000074520254,1.0,149,297
nslkdd,0.8,Normal,rf,1337,8,0.5,0.9983169983169983,0.9781746031746031,0.02014239514239513,-0.048316998316998316,-0.028174603174603186,0.02014239514239513,0.5,0.02014239514239513,0.009726759726759727,0.02182539682539686,0.0,1.0,10101,1008
nslkdd,0.8,DoS,rf,1337,8,0.5,0.9994193642038032,0.26002587322121606,0.7393934909825871,-0.04941936420380322,0.6899741267787839,0.7393934909825871,0.5,0.7393934909825871,0.07186438360871907,0.7399741267787839,0.5000000181613184,1.0,6889,773
nslkdd,0.8,Probe,rf,1337,8,0.5,0.9982837528604119,0.5903614457831325,0.4079223070772794,-0.04828375286041198,0.3596385542168674,0.4079223070772794,0.5,0.4079223070772794,0.20257689798093978,0.40963855421686746,0.5000000000015912,1.0,1748,249
nslkdd,0.8,R2L,rf,1337,8,0.5,0.959731543624161,0.020202020202020204,0.9395295234221408,-0.009731543624161065,0.9297979797979797,0.9395295234221408,0.5,0.9395295234221408,0.010101010101010102,0.9797979797979798,0.5000000000025291,1.0,149,297
nslkdd,0.8,Normal,rf,1337,9,0.5,0.9983169983169983,0.9742063492063492,0.024110649110649085,-0.048316998316998316,-0.02420634920634923,0.024209649209649187,0.7255542278289795,0.024209649209649187,0.004669504669504669,0.025793650793650813,0.0,0.9959107173283352,10101,1008
nslkdd,0.8,DoS,rf,1337,9,0.5,0.9994193642038032,0.23704663212435234,0.7623727320794509,-0.04941936420380322,0.7129533678756477,0.7623727320794509,0.5,0.7623727320794509,0.06187475415113228,0.7629533678756477,0.5000000181613184,1.0,6889,772
nslkdd,0.8,Probe,rf,1337,9,0.5,0.9982837528604119,0.492,0.5062837528604119,-0.04828375286041198,0.45799999999999996,0.5062837528604119,0.5,0.5062837528604119,0.29085125858123567,0.508,0.5000000041924633,1.0,1748,250
nslkdd,0.8,R2L,rf,1337,9,0.5,0.959731543624161,0.013468013468013467,0.9462635301561475,-0.009731543624161065,0.9365319865319864,0.9462635301561475,0.5,0.9462635301561475,-0.0,0.9865319865319865,0.5000000000025291,1.0,149,297
nslkdd,0.8,Normal,rf,1337,10,0.5,0.9983169983169983,0.9682539682539683,0.030063030063030016,-0.048316998316998316,-0.0182539682539683,0.030063030063030016,0.5,0.030063030063030016,0.006354568854568855,0.031746031746031744,0.0,1.0,10101,1008
nslkdd,0.8,DoS,rf,1337,10,0.5,0.9994193642038032,0.24254215304798962,0.7568772111558135,-0.04941936420380322,0.7074578469520103,0.7568772111558135,0.5,0.7568772111558135,0.0632540946214185,0.7574578469520103,0.5000000181613184,1.0,6889,771
nslkdd,0.8,Probe,rf,1337,10,0.5,0.9982837528604119,0.5816733067729084,0.4166104460875035,-0.04828375286041198,0.36832669322709155,0.4166104460875035,0.5,0.4166104460875035,0.20257414278811528,0.4183266932270916,0.5000000000015912,1.0,1748,251
nslkdd,0.8,R2L,rf,1337,10,0.5,0.959731543624161,0.003367003367003367,0.9563645402571577,-0.009731543624161065,0.9466329966329966,0.9630533523150974,0.9979406718630344,0.9630533523150974,-0.0,0.9966329966329966,0.5000000074520254,0.9930545778778919,149,297
nslkdd,0.8,Normal,rf,1337,11,0.5,0.9983169983169983,0.9751984126984127,0.023118585618585596,-0.048316998316998316,-0.02519841269841272,0.0233165858165858,0.8232323229312897,0.0233165858165858,0.01252145002145002,0.024801587301587324,0.0,0.9915081822202563,10101,1008
nslkdd,0.8,DoS,rf,1337,11,0.5,0.9994193642038032,0.25485122897800777,0.7445681352257953,-0.04941936420380322,0.6951487710219921,0.7445681352257953,0.5,0.7445681352257953,0.06668973936551079,0.7451487710219922,0.5000000181613184,1.0,6889,773
nslkdd,0.8,Probe,rf,1337,11,0.5,0.9982837528604119,0.488,0.5102837528604119,-0.04828375286041198,0.46199999999999997,0.5102837528604119,0.5,0.5102837528604119,0.2771350114416476,0.512,0.5000000023067548,1.0,1748,250
nslkdd,0.8,R2L,rf,1337,11,0.5,0.959731543624161,0.013468013468013467,0.9462635301561475,-0.009731543624161065,0.9365319865319864,0.9462635301561475,0.5,0.9462635301561475,-0.0,0.9865319865319865,0.5000000074520254,1.0,149,297
nslkdd,0.8,Normal,rf,1337,12,0.5,0.9983169983169983,0.9692460317460317,0.029070966570966528,-0.048316998316998316,-0.01924603174603179,0.02916996666996663,0.7255542278289795,0.02916996666996663,0.008637758637758636,0.030753968253968256,0.0,0.9966060948879303,10101,1008
nslkdd,0.8,DoS,rf,1337,12,0.5,0.9994193642038032,0.2619974059662776,0.7374219582375257,-0.04941936420380322,0.6880025940337224,0.7374219582375257,0.5,0.7374219582375257,0.08011531381726804,0.7380025940337225,0.5000000181613184,1.0,6889,771
nslkdd,0.8,Probe,rf,1337,12,0.5,0.9982837528604119,0.48,0.518283752860412,-0.04828375286041198,0.47,0.518283752860412,0.5,0.518283752860412,0.27313501144164765,0.52,0.500000000001706,1.0,1748,250
nslkdd,0.8,R2L,rf,1337,12,0.5,0.959731543624161,0.016835016835016835,0.9428965267891442,-0.009731543624161065,0.9331649831649831,0.9462409328181141,0.9975698518101126,0.9462409328181141,-0.0,0.9831649831649831,0.5000000000025291,0.996465587237904,149,297
nslkdd,0.8,Normal,rf,1337,13,0.5,0.9983169983169983,0.9751984126984127,0.023118585618585596,-0.048316998316998316,-0.02519841269841272,0.023217585717585698,0.7255542278289795,0.023217585717585698,0.009629822129822128,0.024801587301587324,0.0,0.9957359864972904,10101,1008
nslkdd,0.8,DoS,rf,1337,13,0.5,0.9994193642038032,0.24352331606217617,0.755896048141627,-0.04941936420380322,0.7064766839378238,0.755896048141627,0.5,0.755896048141627,0.06762564334371006,0.7564766839378239,0.5000000181613184,1.0,6889,772
nslkdd,0.8,Probe,rf,1337,13,0.5,0.9982837528604119,0.5220883534136547,0.47619539944675726,-0.04828375286041198,0.4279116465863453,0.47619539944675726,0.5,0.47619539944675726,0.3201524634005128,0.47791164658634533,0.5000000181623749,1.0,1748,249
nslkdd,0.8,R2L,rf,1337,13,0.5,0.959731543624161,0.013513513513513514,0.9462180301106475,-0.009731543624161065,0.9364864864864865,0.9462180301106475,0.5,0.9462180301106475,0.006756756756756757,0.9864864864864865,0.5000000074520254,1.0,149,296
nslkdd,0.8,Normal,rf,1337,14,0.5,0.9983169983169983,0.9771825396825397,0.02113445863445862,-0.048316998316998316,-0.027182539682539697,0.021726396726396757,0.9616518616676331,0.021726396726396757,0.010322822822822823,0.022817460317460347,0.0,0.9727548889310782,10101,1008
nslkdd,0.8,DoS,rf,1337,14,0.5,0.9994193642038032,0.24579560155239327,0.75362376265141,-0.04941936420380322,0.7042043984476067,0.75362376265141,0.5,0.75362376265141,0.06394448881421665,0.7542043984476068,0.5000000181613184,1.0,6889,773
nslkdd,0.8,Probe,rf,1337,14,0.5,0.9982837528604119,0.568,0.430283752860412,-0.04828375286041198,0.382,0.430283752860412,0.5,0.430283752860412,0.194279176201373,0.43200000000000005,0.5000000000015912,1.0,1748,250
nslkdd,0.8,R2L,rf,1337,14,0.5,0.959731543624161,0.010135135135135136,0.9495964084890259,-0.009731543624161065,0.9398648648648649,0.9495964084890259,0.5,0.9495964084890259,-0.0,0.9898648648648649,0.5000000074520254,1.0,149,296
nslkdd,0.8,Normal,rf,1337,15,0.5,0.9983169983169983,0.9732142857142857,0.025102712602712574,-0.048316998316998316,-0.023214285714285743,0.025201712701712675,0.7255542278289795,0.025201712701712675,0.006653631653631653,0.0267857142857143,0.0,0.9960716916277926,10101,1008
nslkdd,0.8,DoS,rf,1337,15,0.5,0.9994193642038032,0.23896103896103896,0.7604583252427642,-0.04941936420380322,0.711038961038961,0.7604583252427642,0.5,0.7604583252427642,0.0693963461418825,0.7610389610389611,0.5000000181613184,1.0,6889,770
nslkdd,0.8,Probe,rf,1337,15,0.5,0.9982837528604119,0.472,0.526283752860412,-0.04828375286041198,0.478,0.526283752860412,0.5,0.526283752860412,0.26513501144164764,0.528,0.5000000181623749,1.0,1748,250
nslkdd,0.8,R2L,rf,1337,15,0.5,0.959731543624161,0.010101010101010102,0.949630533523151,-0.009731543624161065,0.9398989898989899,0.949630533523151,0.5,0.949630533523151,-0.0,0.98989898989899,0.5000000000025291,1.0,149,297
nslkdd,0.8,Normal,rf,1337,16,0.5,0.9983169983169983,0.9702380952380952,0.02807890307890304,-0.048316998316998316,-0.020238095238095277,0.02817790317790314,0.7255542278289795,0.02817790317790314,0.01062188562188562,0.029761904761904767,0.0,0.9964866051822573,10101,1008
nslkdd,0.8,DoS,rf,1337,16,0.5,0.9994193642038032,0.2574385510996119,0.7419808131041913,-0.04941936420380322,0.6925614489003881,0.7419808131041913,0.5,0.7419808131041913,0.07833268891272942,0.7425614489003881,0.5000000181613184,1.0,6889,773
nslkdd,0.8,Probe,rf,1337,16,0.5,0.9982837528604119,0.652,0.3462837528604119,-0.04828375286041198,0.29799999999999993,0.3462837528604119,0.5,0.3462837528604119,0.23542334096109838,0.348,0.5000000000015912,1.0,1748,250
nslkdd,0.8,R2L,rf,1337,16,0.5,0.959731543624161,0.02364864864864865,0.9360828949755123,-0.009731543624161065,0.9263513513513513,0.9360828949755123,0.5,0.9360828949755123,0.0033783783783783786,0.9763513513513513,0.5000000074520254,1.0,149,296
nslkdd,0.8,Normal,rf,1337,17,0.5,0.9983169983169983,0.9702380952380952,0.02807890307890304,-0.048316998316998316,-0.020238095238095277,0.02817790317790314,0.7255542278289795,0.02817790317790314,0.01252145002145002,0.029761904761904767,0.0,0.9964866051822573,10101,1008
nslkdd,0.8,DoS,rf,1337,17,0.5,0.9994193642038032,0.25906735751295334,0.7403520066908498,-0.04941936420380322,0.6909326424870466,0.7403520066908498,0.5,0.7403520066908498,0.09094170551987586,0.7409326424870466,0.5000000181613184,1.0,6889,772
nslkdd,0.8,Probe,rf,1337,17,0.5,0.9982837528604119,0.476,0.522283752860412,-0.04828375286041198,0.474,0.522283752860412,0.5,0.522283752860412,0.27313501144164765,0.524,0.500000005984736,1.0,1748,250
nslkdd,0.8,R2L,rf,1337,17,0.5,0.959731543624161,0.03691275167785235,0.9228187919463087,-0.009731543624161065,0.9130872483221476,0.9228187919463087,0.5,0.9228187919463087,0.006711409395973154,0.9630872483221476,0.5000000074520254,1.0,149,298
nslkdd,0.8,Normal,rf,1337,18,0.5,0.9983169983169983,0.9632936507936508,0.03502334752334746,-0.048316998316998316,-0.013293650793650857,0.03502334752334746,0.5,0.03502334752334746,0.008637758637758636,0.03670634920634919,0.0,1.0,10101,1008
nslkdd,0.8,DoS,rf,1337,18,0.5,0.9994193642038032,0.245136186770428,0.7542831774333751,-0.04941936420380322,0.7048638132295719,0.7542831774333751,0.5,0.7542831774333751,0.06123128301495325,0.754863813229572,0.5000000181613184,1.0,6889,771
nslkdd,0.8,Probe,rf,1337,18,0.5,0.9982837528604119,0.606425702811245,0.39185805004916696,-0.04828375286041198,0.343574297188755,0.39185805004916696,0.5,0.39185805004916696,0.23581511400292243,0.39357429718875503,0.5000000000015912,1.0,1748,249
nslkdd,0.8,R2L,rf,1337,18,0.5,0.959731543624161,0.013422818791946308,0.9463087248322147,-0.009731543624161065,0.9365771812080537,0.9463087248322148,0.9975698518101126,0.9463087248322148,0.010067114093959731,0.9865771812080537,0.5000000074520254,0.9999999999999999,149,298
nslkdd,0.8,Normal,rf,1337,19,0.5,0.9983169983169983,0.9751984126984127,0.023118585618585596,-0.048316998316998316,-0.02519841269841272,0.023217585717585698,0.7255542278289795,0.023217585717585698,0.007645695145695145,0.024801587301587324,0.0,0.9957359864972904,10101,1008
nslkdd,0.8,DoS,rf,1337,19,0.5,0.9994193642038032,0.2344559585492228,0.7649634056545804,-0.04941936420380322,0.7155440414507772,0.7649634056545804,0.5,0.7649634056545804,0.05770951964421767,0.7655440414507773,0.5000000181613184,1.0,6889,772
nslkdd,0.8,Probe,rf,1337,19,0.5,0.9982837528604119,0.62,0.37828375286041194,-0.04828375286041198,0.32999999999999996,0.37828375286041194,0.5,0.37828375286041194,0.2211350114416476,0.38,0.5000000000015097,1.0,1748,250
nslkdd,0.8,R2L,rf,1337,19,0.5,0.959731543624161,0.010101010101010102,0.949630533523151,-0.009731543624161065,0.9398989898989899,0.949630533523151,0.5,0.949630533523151,-0.0,0.98989898989899,0.5000000074520254,1.0,149,297
nslkdd,0.8,Normal,rf,2024,0,0.5,0.998019998019998,0.9692460317460317,0.028773966273966223,-0.04801999801999801,-0.01924603174603179,0.028971966471966426,0.7777778059244156,0.028971966471966426,0.009924759924759923,0.030753968253968256,0.0,0.9931658005268027,10101,1008
nslkdd,0.8,DoS,rf,2024,0,0.5,0.9995645231528524,0.20854922279792745,0.791015300354925,-0.049564523152852424,0.7414507772020725,0.791015300354925,0.5,0.791015300354925,0.028776633470645175,0.7914507772020726,0.5000000124569239,1.0,6889,772
nslkdd,0.8,Probe,rf,2024,0,0.5,0.9982837528604119,0.5983935742971888,0.3998901785632232,-0.04828375286041198,0.3516064257028112,0.3998901785632232,0.5,0.3998901785632232,0.2577035832115648,0.40160642570281124,0.5000000022360622,1.0,1748,249
nslkdd,0.8,R2L,rf,2024,0,0.5,0.959731543624161,0.013513513513513514,0.9462180301106475,-0.009731543624161065,0.9364864864864865,0.9629738799201887,0.9984600368188694,0.9629738799201887,0.006756756756756757,0.9864864864864865,0.5000000000025357,0.9825998916908008,149,296
nslkdd,0.8,Normal,rf,2024,1,0.5,0.998019998019998,0.9702380952380952,0.027781902781902734,-0.04801999801999801,-0.020238095238095277,0.027979902979902938,0.7777778059244156,0.027979902979902938,0.009248259248259246,0.029761904761904767,0.0,0.9929234851835469,10101,1008
nslkdd,0.8,DoS,rf,2024,1,0.5,0.9995645231528524,0.20752269779507135,0.792041825357781,-0.049564523152852424,0.7424773022049286,0.792041825357781,0.5,0.792041825357781,0.03413908787839935,0.7924773022049286,0.5000000124569239,1.0,6889,771
nslkdd,0.8,Probe,rf,2024,1,0.5,0.9982837528604119,0.6612903225806451,0.3369934302797668,-0.04828375286041198,0.2887096774193548,0.3369934302797668,0.5,0.3369934302797668,0.2830792795452868,0.33870967741935487,0.500000007451163,1.0,1748,248
nslkdd,0.8,R2L,rf,2024,1,0.5,0.959731543624161,0.02356902356902357,0.9361625200551374,-0.009731543624161065,0.9264309764309764,0.9495627415090503,0.9984600368188694,0.9495627415090503,-0.0,0.9764309764309764,0.5000000000025357,0.9858880083767639,149,297
nslkdd,0.8,Normal,rf,2024,2,0.5,0.998019998019998,0.9623015873015873,0.03571841071841064,-0.04801999801999801,-0.012301587301587369,0.03571841071841064,0.5,0.03571841071841064,0.013216513216513215,0.037698412698412676,0.0,1.0,10101,1008
nslkdd,0.8,DoS,rf,2024,2,0.5,0.9995645231528524,0.20622568093385213,0.7933388422190002,-0.049564523152852424,0.7437743190661479,0.7933388422190002,0.5,0.7933388422190002,0.02520512879891419,0.7937743190661479,0.5000000124569239,1.0,6889,771
nslkdd,0.8,Probe,rf,2024,2,0.5,0.9982837528604119,0.48,0.518283752860412,-0.04828375286041198,0.47,0.518283752860412,0.5,0.518283752860412,0.3005308924485126,0.52,0.5000000162637128,1.0,1748,250
nslkdd,0.8,R2L,rf,2024,2,0.5,0.959731543624161,0.016835016835016835,0.9428965267891442,-0.009731543624161065,0.9331649831649831,0.9596637516100603,0.9984600368188694,0.9596637516100603,-0.0,0.9831649831649831,0.5000000149026163,0.9825280210982386,149,297
nslkdd,0.8,Normal,rf,2024,3,0.5,0.998019998019998,0.9742063492063492,0.02381364881364878,-0.04801999801999801,-0.02420634920634923,0.024011649011648983,0.7777778059244156,0.024011649011648983,0.01123238623238623,0.025793650793650813,0.0,0.9917539941590789,10101,1008
nslkdd,0.8,DoS,rf,2024,3,0.5,0.9995645231528524,0.2033678756476684,0.796196647505184,-0.049564523152852424,0.7466321243523315,0.796196647505184,0.5,0.796196647505184,0.026900660886883573,0.7966321243523315,0.500000027008854,1.0,6889,772
nslkdd,0.8,Probe,rf,2024,3,0.5,0.9982837528604119,0.5863453815261044,0.41193837133430755,-0.04828375286041198,0.3636546184738956,0.41193837133430755,0.5,0.41193837133430755,0.22155900489831176,0.4136546184738956,0.5000000000015001,1.0,1748,249
nslkdd,0.8,R2L,rf,2024,3,0.5,0.959731543624161,0.013468013468013467,0.9462635301561475,-0.009731543624161065,0.9365319865319864,0.9596637516100603,0.9984600368188694,0.9596637516100603,-0.0,0.9865319865319865,0.5000000149024948,0.986036545163417,149,297
nslkdd,0.8,Normal,rf,2024,4,0.5,0.998019998019998,0.9722222222222222,0.025797775797775757,-0.04801999801999801,-0.022222222222222254,0.025797775797775757,0.5,0.025797775797775757,0.023137148137148136,0.02777777777777779,0.0,1.0,10101,1008
nslkdd,0.8,DoS,rf,2024,4,0.5,0.9995645231528524,0.19974059662775617,0.7998239265250962,-0.049564523152852424,0.7502594033722438,0.7998239265250962,0.5,0.7998239265250962,0.02362720771982026,0.8002594033722439,0.5000000124569239,1.0,6889,771
nslkdd,0.8,Probe,rf,2024,4,0.5,0.9982837528604119,0.46,0.5382837528604119,-0.04828375286041198,0.48999999999999994,0.5382837528604119,0.5,0.5382837528604119,0.2805308924485126,0.54,0.5000000151578781,1.0,1748,250
nslkdd,0.8,R2L,rf,2024,4,0.5,0.959731543624161,0.013468013468013467,0.9462635301561475,-0.009731543624161065,0.9365319865319864,0.966397758344067,0.9984600368188694,0.966397758344067,0.003367003367003367,0.9865319865319865,0.5000000149026163,0.9791656923724453,149,297
nslkdd,0.8,Normal,rf,2024,5,0.5,0.998019998019998,0.9732142857142857,0.02480571230571227,-0.04801999801999801,-0.023214285714285743,0.02480571230571227,0.5,0.02480571230571227,0.005956505956505956,0.0267857142857143,0.0,1.0,10101,1008
nslkdd,0.8,DoS,rf,2024,5,0.5,0.9995645231528524,0.20233463035019456,0.7972298928026578,-0.049564523152852424,0.7476653696498055,0.7972298928026578,0.5,0.7972298928026578,0.026221241442258653,0.7976653696498055,0.5000000124569239,1.0,6889,771
nslkdd,0.8,Probe,rf,2024,5,0.5,0.9982837528604119,0.4819277108433735,0.5163560420170384,-0.04828375286041198,0.46807228915662646,0.5163560420170384,0.5,0.5163560420170384,0.2938481615248178,0.5180722891566265,0.5000000000015001,1.0,1748,249
nslkdd,0.8,R2L,rf,2024,5,0.5,0.959731543624161,0.010135135135135136,0.9495964084890259,-0.009731543624161065,0.9398648648648649,0.9595955015418103,0.9984600368188694,0.9595955015418103,-0.0,0.9898648648648649,0.5000000149026163,0.9895798875289448,149,296
nslkdd,0.8,Normal,rf,2024,6,0.5,0.998019998019998,0.9722222222222222,0.025797775797775757,-0.04801999801999801,-0.022222222222222254,0.026193776193776164,0.7793411165475845,0.026193776193776164,0.0042879417879417864,0.02777777777777779,0.0,0.9848818897637791,10101,1008
nslkdd,0.8,DoS,rf,2024,6,0.5,0.9995645231528524,0.20595854922279794,0.7936059739300545,-0.049564523152852424,0.744041450777202,0.7936059739300545,0.5,0.7936059739300545,0.03078667124957787,0.794041450777202,0.5000000124569239,1.0,6889,772
nslkdd,0.8,Probe,rf,2024,6,0.5,0.9982837528604119,0.5783132530120482,0.41997049984836377,-0.04828375286041198,0.3716867469879518,0.41997049984836377,0.5,0.41997049984836377,0.20951081212722744,0.42168674698795183,0.500000000001513,1.0,1748,249
nslkdd,0.8,R2L,rf,2024,6,0.5,0.959731543624161,0.013468013468013467,0.9462635301561475,-0.009731543624161065,0.9365319865319864,0.9596637516100603,0.9984600368188694,0.9596637516100603,-0.0,0.9865319865319865,0.5000000149026163,0.986036545163417,149,297
nslkdd,0.8,Normal,rf,2024,7,0.5,0.998019998019998,0.9642857142857143,0.033734283734283665,-0.04801999801999801,-0.014285714285714346,0.03393228393228387,0.7777778059244156,0.03393228393228387,0.01619270369270369,0.0357142857142857,0.0,0.9941648431801603,10101,1008
nslkdd,0.8,DoS,rf,2024,7,0.5,0.9995645231528524,0.20725388601036268,0.7923106371424897,-0.049564523152852424,0.7427461139896373,0.7923106371424897,0.5,0.7923106371424897,0.019106452653738747,0.7927461139896373,0.5000000124569239,1.0,6889,772
nslkdd,0.8,Probe,rf,2024,7,0.5,0.9982837528604119,0.62,0.37828375286041194,-0.04828375286041198,0.32999999999999996,0.37828375286041194,0.5,0.37828375286041194,0.24853089244851256,0.38,0.5000000057747362,1.0,1748,250
nslkdd,0.8,R2L,rf,2024,7,0.5,0.959731543624161,0.010101010101010102,0.949630533523151,-0.009731543624161065,0.9398989898989899,0.966397758344067,0.9984600368188694,0.966397758344067,0.003367003367003367,0.98989898989899,0.5000000000025357,0.982649768507693,149,297
nslkdd,0.8,Normal,rf,2024,8,0.5,0.998019998019998,0.9781746031746031,0.019845394845394826,-0.04801999801999801,-0.028174603174603186,0.02004339504339503,0.7777778059244156,0.02004339504339503,0.010916823416823415,0.02182539682539686,0.0,0.9901214241613499,10101,1008
nslkdd,0.8,DoS,rf,2024,8,0.5,0.9995645231528524,0.21345407503234154,0.7861104481205108,-0.049564523152852424,0.7365459249676585,0.7861104481205108,0.5,0.7861104481205108,0.0242764727765001,0.7865459249676585,0.5000000124569239,1.0,6889,773
nslkdd,0.8,Probe,rf,2024,8,0.5,0.9982837528604119,0.5863453815261044,0.41193837133430755,-0.04828375286041198,0.3636546184738956,0.41193837133430755,0.5,0.41193837133430755,0.21754294064128366,0.4136546184738956,0.5000000016773445,1.0,1748,249
nslkdd,0.8,R2L,rf,2024,8,0.5,0.959731543624161,0.020202020202020204,0.9395295234221408,-0.009731543624161065,0.9297979797979797,0.9461957381420469,0.9984600368188694,0.9461957381420469,0.003367003367003367,0.9797979797979798,0.5000000000025357,0.992954719144058,149,297
nslkdd,0.8,Normal,rf,2024,9,0.5,0.998019998019998,0.9742063492063492,0.02381364881364878,-0.04801999801999801,-0.02420634920634923,0.024011649011648983,0.7777778059244156,0.024011649011648983,0.008256195756195754,0.025793650793650813,0.0,0.9917539941590789,10101,1008
nslkdd,0.8,DoS,rf,2024,9,0.5,0.9995645231528524,0.2033678756476684,0.796196647505184,-0.049564523152852424,0.7466321243523315,0.796196647505184,0.5,0.796196647505184,0.02776052082730071,0.7966321243523315,0.5000000124569239,1.0,6889,772
nslkdd,0.8,Probe,rf,2024,9,0.5,0.9982837528604119,0.528,0.4702837528604119,-0.04828375286041198,0.42199999999999993,0.4702837528604119,0.5,0.4702837528604119,0.3565308924485126,0.472,0.5000000074511635,1.0,1748,250
nslkdd,0.8,R2L,rf,2024,9,0.5,0.959731543624161,0.013468013468013467,0.9462635301561475,-0.009731543624161065,0.9365319865319864,0.9596637516100603,0.9984600368188694,0.9596637516100603,-0.0,0.9865319865319865,0.5000000000025357,0.986036545163417,149,297
nslkdd,0.8,Normal,rf,2024,10,0.5,0.998019998019998,0.9692460317460317,0.028773966273966223,-0.04801999801999801,-0.01924603174603179,0.028971966471966426,0.7777778059244156,0.028971966471966426,0.009825759825759825,0.030753968253968256,0.0,0.9931658005268027,10101,1008
nslkdd,0.8,DoS,rf,2024,10,0.5,0.9995645231528524,0.20103761348897536,0.798526909663877,-0.049564523152852424,0.7489623865110246,0.798526909663877,0.5,0.798526909663877,0.020452538201185033,0.7989623865110247,0.5000000124569239,1.0,6889,771
nslkdd,0.8,Probe,rf,2024,10,0.5,0.9982837528604119,0.5936254980079682,0.4046582548524438,-0.04828375286041198,0.3563745019920318,0.4046582548524438,0.5,0.4046582548524438,0.24739941834492696,0.40637450199203184,0.5000000074511635,1.0,1748,251
nslkdd,0.8,R2L,rf,2024,10,0.5,0.959731543624161,0.003367003367003367,0.9563645402571577,-0.009731543624161065,0.9466329966329966,0.9697647617110705,0.9984600368188694,0.9697647617110705,-0.0,0.9966329966329966,0.5000000000025357,0.9861819876500058,149,297
nslkdd,0.8,Normal,rf,2024,11,0.5,0.998019998019998,0.9742063492063492,0.02381364881364878,-0.04801999801999801,-0.02420634920634923,0.024011649011648983,0.7777778059244156,0.024011649011648983,0.012224449724449723,0.025793650793650813,0.0,0.9917539941590789,10101,1008
nslkdd,0.8,DoS,rf,2024,11,0.5,0.9995645231528524,0.2108667529107374,0.788697770242115,-0.049564523152852424,0.7391332470892625,0.788697770242115,0.5,0.788697770242115,0.022547334868550404,0.7891332470892626,0.5000000124569239,1.0,6889,773
nslkdd,0.8,Probe,rf,2024,11,0.5,0.9982837528604119,0.472,0.526283752860412,-0.04828375286041198,0.478,0.526283752860412,0.5,0.526283752860412,0.2885308924485126,0.528,0.500000007451163,1.0,1748,250
nslkdd,0.8,R2L,rf,2024,11,0.5,0.959731543624161,0.013468013468013467,0.9462635301561475,-0.009731543624161065,0.9365319865319864,0.956296748243057,0.9984600368188694,0.956296748243057,-0.0,0.9865319865319865,0.5000000149026163,0.9895082587017651,149,297
nslkdd,0.8,Normal,rf,2024,12,0.5,0.998019998019998,0.9692460317460317,0.028773966273966223,-0.04801999801999801,-0.01924603174603179,0.028971966471966426,0.7777778059244156,0.028971966471966426,0.009248259248259246,0.030753968253968256,0.0,0.9931658005268027,10101,1008
nslkdd,0.8,DoS,rf,2024,12,0.5,0.9995645231528524,0.20363164721141375,0.7959328759414386,-0.049564523152852424,0.7463683527885863,0.7959328759414386,0.5,0.7959328759414386,0.02103317399738187,0.7963683527885863,0.5000000124569239,1.0,6889,771
nslkdd,0.8,Probe,rf,2024,12,0.5,0.9982837528604119,0.46,0.5382837528604119,-0.04828375286041198,0.48999999999999994,0.5382837528604119,0.5,0.5382837528604119,0.2885308924485126,0.54,0.500000007451163,1.0,1748,250
nslkdd,0.8,R2L,rf,2024,12,0.5,0.959731543624161,0.016835016835016835,0.9428965267891442,-0.009731543624161065,0.9331649831649831,0.9596637516100603,0.9984600368188694,0.9596637516100603,-0.0,0.9831649831649831,0.5000000000025357,0.9825280210982386,149,297
nslkdd,0.8,Normal,rf,2024,13,0.5,0.998019998019998,0.9742063492063492,0.02381364881364878,-0.04801999801999801,-0.02420634920634923,0.02381364881364878,0.5,0.02381364881364878,0.010240322740322738,0.025793650793650813,0.0,1.0,10101,1008
nslkdd,0.8,DoS,rf,2024,13,0.5,0.9995645231528524,0.20725388601036268,0.7923106371424897,-0.049564523152852424,0.7427461139896373,0.7923106371424897,0.5,0.7923106371424897,0.03078667124957787,0.7927461139896373,0.5000000124569239,1.0,6889,772
nslkdd,0.8,Probe,rf,2024,13,0.5,0.9982837528604119,0.4859437751004016,0.5123399777600104,-0.04828375286041198,0.46405622489959836,0.5123399777600104,0.5,0.5123399777600104,0.33802486835212703,0.5140562248995983,0.500000007451163,1.0,1748,249
nslkdd,0.8,R2L,rf,2024,13,0.5,0.959731543624161,0.013513513513513514,0.9462180301106475,-0.009731543624161065,0.9364864864864865,0.9562171231634319,0.9984600368188694,0.9562171231634319,-0.0,0.9864864864864865,0.5000000000025357,0.9895430725819837,149,296
nslkdd,0.8,Normal,rf,2024,14,0.5,0.998019998019998,0.9771825396825397,0.020837458337458314,-0.04801999801999801,-0.027182539682539697,0.02123345873345872,0.7793411165475845,0.02123345873345872,0.009248259248259246,0.022817460317460347,0.0,0.9813501699854293,10101,1008
nslkdd,0.8,DoS,rf,2024,14,0.5,0.9995645231528524,0.20439844760672704,0.7951660755461254,-0.049564523152852424,0.7456015523932729,0.7951660755461254,0.5,0.7951660755461254,0.022111858021402777,0.7956015523932729,0.5000000124569239,1.0,6889,773
nslkdd,0.8,Probe,rf,2024,14,0.5,0.9982837528604119,0.572,0.426283752860412,-0.04828375286041198,0.378,0.426283752860412,0.5,0.426283752860412,0.2365308924485126,0.42800000000000005,0.5000000109727387,1.0,1748,250
nslkdd,0.8,R2L,rf,2024,14,0.5,0.959731543624161,0.010135135135135136,0.9495964084890259,-0.009731543624161065,0.9398648648648649,0.9663522582985671,0.9984600368188694,0.9663522582985671,-0.0,0.9898648648648649,0.5000000000025357,0.9826607226654153,149,296
nslkdd,0.8,Normal,rf,2024,15,0.5,0.998019998019998,0.9732142857142857,0.02480571230571227,-0.04801999801999801,-0.023214285714285743,0.02480571230571227,0.5,0.02480571230571227,0.0072641322641322625,0.0267857142857143,0.0,1.0,10101,1008
nslkdd,0.8,DoS,rf,2024,15,0.5,0.9995645231528524,0.2012987012987013,0.7982658218541511,-0.049564523152852424,0.7487012987012986,0.7982658218541511,0.5,0.7982658218541511,0.031298531632397215,0.7987012987012987,0.5000000124569239,1.0,6889,770
nslkdd,0.8,Probe,rf,2024,15,0.5,0.9982837528604119,0.472,0.526283752860412,-0.04828375286041198,0.478,0.526283752860412,0.5,0.526283752860412,0.2925308924485126,0.528,0.500000007451163,1.0,1748,250
nslkdd,0.8,R2L,rf,2024,15,0.5,0.959731543624161,0.010101010101010102,0.949630533523151,-0.009731543624161065,0.9398989898989899,0.9697647617110705,0.9984600368188694,0.9697647617110705,-0.0,0.98989898989899,0.5000000000025357,0.9792380286613072,149,297
nslkdd,0.8,Normal,rf,2024,16,0.5,0.998019998019998,0.9702380952380952,0.027781902781902734,-0.04801999801999801,-0.020238095238095277,0.02817790317790314,0.7793411165475845,0.02817790317790314,0.012224449724449723,0.029761904761904767,0.0,0.985946420729029,10101,1008
nslkdd,0.8,DoS,rf,2024,16,0.5,0.9995645231528524,0.20827943078913325,0.7912850923637191,-0.049564523152852424,0.7417205692108667,0.7912850923637191,0.5,0.7912850923637191,0.02557013383730217,0.7917205692108668,0.5000000124569239,1.0,6889,773
nslkdd,0.8,Probe,rf,2024,16,0.5,0.9982837528604119,0.644,0.3542837528604119,-0.04828375286041198,0.30599999999999994,0.3542837528604119,0.5,0.3542837528604119,0.2725308924485126,0.356,0.5000000137260097,1.0,1748,250
nslkdd,0.8,R2L,rf,2024,16,0.5,0.959731543624161,0.02364864864864865,0.9360828949755123,-0.009731543624161065,0.9263513513513513,0.9494603664066752,0.9984600368188694,0.9494603664066752,-0.0,0.9763513513513513,0.5000000149026163,0.9859104477611939,149,296
nslkdd,0.8,Normal,rf,2024,17,0.5,0.998019998019998,0.9702380952380952,0.027781902781902734,-0.04801999801999801,-0.020238095238095277,0.027979902979902938,0.7777778059244156,0.027979902979902938,0.01619270369270369,0.029761904761904767,0.0,0.9929234851835469,10101,1008
nslkdd,0.8,DoS,rf,2024,17,0.5,0.9995645231528524,0.20466321243523317,0.7949013107176193,-0.049564523152852424,0.7453367875647667,0.7949013107176193,0.5,0.7949013107176193,0.03423720476512455,0.7953367875647668,0.5000000124569239,1.0,6889,772
nslkdd,0.8,Probe,rf,2024,17,0.5,0.9982837528604119,0.472,0.526283752860412,-0.04828375286041198,0.478,0.526283752860412,0.5,0.526283752860412,0.3045308924485126,0.528,0.500000007451163,1.0,1748,250
nslkdd,0.8,R2L,rf,2024,17,0.5,0.959731543624161,0.03691275167785235,0.9228187919463087,-0.009731543624161065,0.9130872483221476,0.9395973154362416,0.9984600368188694,0.9395973154362416,-0.0,0.9630872483221476,0.5000000000025357,0.9821428571428571,149,298
nslkdd,0.8,Normal,rf,2024,18,0.5,0.998019998019998,0.9632936507936508,0.034726347226347154,-0.04801999801999801,-0.013293650793650857,0.034726347226347154,0.5,0.034726347226347154,0.006948569448569448,0.03670634920634919,0.0,1.0,10101,1008
nslkdd,0.8,DoS,rf,2024,18,0.5,0.9995645231528524,0.20233463035019456,0.7972298928026578,-0.049564523152852424,0.7476653696498055,0.7972298928026578,0.5,0.7972298928026578,0.01913669397951847,0.7976653696498055,0.5000000149020005,1.0,6889,771
nslkdd,0.8,Probe,rf,2024,18,0.5,0.9982837528604119,0.6305220883534136,0.3677616645069983,-0.04828375286041198,0.31947791164658634,0.3677616645069983,0.5,0.3677616645069983,0.2858160330107616,0.3694779116465864,0.5000000074511635,1.0,1748,249
nslkdd,0.8,R2L,rf,2024,18,0.5,0.959731543624161,0.010067114093959731,0.9496644295302012,-0.009731543624161065,0.9399328859060402,0.9563758389261745,0.9984600368188694,0.9563758389261745,0.003355704697986577,0.9899328859060402,0.5000000149026163,0.9929824561403507,149,298
nslkdd,0.8,Normal,rf,2024,19,0.5,0.998019998019998,0.9751984126984127,0.02282158532158529,-0.04801999801999801,-0.02519841269841272,0.02282158532158529,0.5,0.02282158532158529,0.0062720687720687705,0.024801587301587324,0.0,1.0,10101,1008
nslkdd,0.8,DoS,rf,2024,19,0.5,0.9995645231528524,0.19948186528497408,0.8000826578678784,-0.049564523152852424,0.7505181347150258,0.8000826578678784,0.5,0.8000826578678784,0.023014650524189273,0.8005181347150259,0.5000000124569239,1.0,6889,772
nslkdd,0.8,Probe,rf,2024,19,0.5,0.9982837528604119,0.596,0.40228375286041196,-0.04828375286041198,0.354,0.40228375286041196,0.5,0.40228375286041196,0.2205308924485126,0.404,0.5000000000015119,1.0,1748,250
nslkdd,0.8,R2L,rf,2024,19,0.5,0.959731543624161,0.010101010101010102,0.949630533523151,-0.009731543624161065,0.9398989898989899,0.966397758344067,0.9984600368188694,0.966397758344067,-0.0,0.98989898989899,0.5000000000025357,0.982649768507693,149,297
nslkdd,0.8,Normal,rf,3407,0,0.5,0.9984159984159984,0.9702380952380952,0.02817790317790314,-0.04841599841599842,-0.020238095238095277,0.028375903375903344,0.8028168976306915,0.028375903375903344,0.012207949707949707,0.029761904761904767,0.0,0.9930222416048843,10101,1008
nslkdd,0.8,DoS,rf,3407,0,0.5,0.9995645231528524,0.24481865284974094,0.7547458703031115,-0.049564523152852424,0.705181347150259,0.7548910292521607,0.7388346642255783,0.7548910292521607,0.06590592346287578,0.7551813471502591,0.500000009313732,0.9998077087375207,6889,772
nslkdd,0.8,Probe,rf,3407,0,0.5,0.9982837528604119,0.5742971887550201,0.4239865641053918,-0.04828375286041198,0.37570281124497984,0.4239865641053918,0.5,0.4239865641053918,0.20142124562322516,0.4257028112449799,0.5000000000017248,1.0,1748,249
nslkdd,0.8,R2L,rf,3407,0,0.5,0.9664429530201343,0.013513513513513514,0.9529294395066208,-0.01644295302013432,0.9364864864864865,0.9596408489025939,0.9203736335039139,0.9596408489025939,0.006756756756756757,0.9864864864864865,0.5000000298038594,0.993006332104716,149,296
nslkdd,0.8,Normal,rf,3407,1,0.5,0.9984159984159984,0.9712301587301587,0.027185839685839652,-0.04841599841599842,-0.021230158730158766,0.027185839685839652,0.5,0.027185839685839652,0.007755007755007754,0.02876984126984128,0.0,1.0,10101,1008
nslkdd,0.8,DoS,rf,3407,1,0.5,0.9995645231528524,0.23086900129701687,0.7686955218558356,-0.049564523152852424,0.719130998702983,0.7688406808048847,0.7388346642255783,0.7688406808048847,0.059217885088711696,0.7691309987029831,0.500000009313732,0.9998111976217269,6889,771
nslkdd,0.8,Probe,rf,3407,1,0.5,0.9982837528604119,0.6129032258064516,0.3853805270539603,-0.04828375286041198,0.33709677419354833,0.3853805270539603,0.5,0.3853805270539603,0.2345537757437071,0.3870967741935484,0.5000000000015226,1.0,1748,248
nslkdd,0.8,R2L,rf,3407,1,0.5,0.9664429530201343,0.030303030303030304,0.936139922717104,-0.01644295302013432,0.9196969696969697,0.9428513321130771,0.9203736335039139,0.9428513321130771,0.003367003367003367,0.9696969696969697,0.5000000298038594,0.9928817946505608,149,297
nslkdd,0.8,Normal,rf,3407,2,0.5,0.9984159984159984,0.9632936507936508,0.03512234762234756,-0.04841599841599842,-0.013293650793650857,0.03522134772134766,0.7282958030700684,0.03522134772134766,0.014699452199452198,0.03670634920634919,0.0,0.997189201850442,10101,1008
nslkdd,0.8,DoS,rf,3407,2,0.5,0.9995645231528524,0.23216601815823606,0.7673985049946164,-0.049564523152852424,0.7178339818417638,0.7675436639436655,0.7388346642255783,0.7675436639436655,0.05315886394953966,0.7678339818417639,0.5000000149016275,0.9998108785781603,6889,771
nslkdd,0.8,Probe,rf,3407,2,0.5,0.9982837528604119,0.412,0.5862837528604119,-0.04828375286041198,0.538,0.5862837528604119,0.5,0.5862837528604119,0.2085537757437071,0.5880000000000001,0.5000000011656494,1.0,1748,250
nslkdd,0.8,R2L,rf,3407,2,0.5,0.9664429530201343,0.020202020202020204,0.9462409328181141,-0.01644295302013432,0.9297979797979797,0.9529523422140872,0.9203736335039139,0.9529523422140872,-0.0,0.9797979797979798,0.5000000298038594,0.9929572455004624,149,297
nslkdd,0.8,Normal,rf,3407,3,0.5,0.9984159984159984,0.9761904761904762,0.02222552222552221,-0.04841599841599842,-0.02619047619047621,0.02232452232452231,0.7282958030700684,0.02232452232452231,0.01171088671088671,0.023809523809523836,0.0,0.9955654101995565,10101,1008
nslkdd,0.8,DoS,rf,3407,3,0.5,0.9995645231528524,0.23056994818652848,0.7689945749663238,-0.049564523152852424,0.7194300518134715,0.7691397339153732,0.7388346642255783,0.7691397339153732,0.055543229162357655,0.7694300518134716,0.500000009313732,0.9998112710309343,6889,772
nslkdd,0.8,Probe,rf,3407,3,0.5,0.9982837528604119,0.5622489959839357,0.4360347568764762,-0.04828375286041198,0.3877510040160642,0.4360347568764762,0.5,0.4360347568764762,0.19740518136619706,0.43775100401606426,0.5000000000015137,1.0,1748,249
nslkdd,0.8,R2L,rf,3407,3,0.5,0.9664429530201343,0.013468013468013467,0.9529749395521208,-0.01644295302013432,0.9365319865319864,0.9596863489480939,0.9203736335039139,0.9596863489480939,-0.0,0.9865319865319865,0.5000000298038594,0.993006663684099,149,297
nslkdd,0.8,Normal,rf,3407,4,0.5,0.9984159984159984,0.9751984126984127,0.023217585717585698,-0.04841599841599842,-0.02519841269841272,0.0234155859155859,0.8028168976306915,0.0234155859155859,0.019659769659769656,0.024801587301587324,0.0,0.9915440852638067,10101,1008
nslkdd,0.8,DoS,rf,3407,4,0.5,0.9995645231528524,0.22957198443579765,0.7699925387170548,-0.049564523152852424,0.7204280155642023,0.770137697666104,0.7388346642255783,0.770137697666104,0.05402981764383492,0.7704280155642024,0.500000009313732,0.9998115155906676,6889,771
nslkdd,0.8,Probe,rf,3407,4,0.5,0.9982837528604119,0.412,0.5862837528604119,-0.04828375286041198,0.538,0.5862837528604119,0.5,0.5862837528604119,0.2085537757437071,0.5880000000000001,0.5000000011656494,1.0,1748,250
nslkdd,0.8,R2L,rf,3407,4,0.5,0.9664429530201343,0.010101010101010102,0.9563419429191242,-0.01644295302013432,0.9398989898989899,0.9630533523150974,0.9203736335039139,0.9630533523150974,-0.0,0.98989898989899,0.5000000298038594,0.9930311136139659,149,297
nslkdd,0.8,Normal,rf,3407,5,0.5,0.9984159984159984,0.9742063492063492,0.024209649209649187,-0.04841599841599842,-0.02420634920634923,0.02430864930864929,0.7282958030700684,0.02430864930864929,0.008734696234696235,0.025793650793650813,0.0,0.9959273714576615,10101,1008
nslkdd,0.8,DoS,rf,3407,5,0.5,0.9995645231528524,0.21660181582360571,0.7829627073292467,-0.049564523152852424,0.7333981841763942,0.7831078662782959,0.7388346642255783,0.7831078662782959,0.0414857121985669,0.7833981841763943,0.500000009313732,0.9998146373503576,6889,771
nslkdd,0.8,Probe,rf,3407,5,0.5,0.9982837528604119,0.4457831325301205,0.5525006203302915,-0.04828375286041198,0.5042168674698795,0.5525006203302915,0.5,0.5525006203302915,0.265678273735675,0.5542168674698795,0.5000000011656494,1.0,1748,249
nslkdd,0.8,R2L,rf,3407,5,0.5,0.9664429530201343,0.013513513513513514,0.9529294395066208,-0.01644295302013432,0.9364864864864865,0.9596408489025939,0.9203736335039139,0.9596408489025939,0.0033783783783783786,0.9864864864864865,0.5000000298038594,0.993006332104716,149,296
nslkdd,0.8,Normal,rf,3407,6,0.5,0.9984159984159984,0.9732142857142857,0.025201712701712675,-0.04841599841599842,-0.023214285714285743,0.025597713097713082,0.8278688490390778,0.025597713097713082,0.004778817278817278,0.0267857142857143,0.0,0.9845298525501567,10101,1008
nslkdd,0.8,DoS,rf,3407,6,0.5,0.9995645231528524,0.22797927461139897,0.7715852485414534,-0.049564523152852424,0.722020725388601,0.7717304074905026,0.7388346642255783,0.7717304074905026,0.05308662078239921,0.772020725388601,0.500000009313732,0.9998119045878713,6889,772
nslkdd,0.8,Probe,rf,3407,6,0.5,0.9982837528604119,0.5542168674698795,0.4440668853905324,-0.04828375286041198,0.39578313253012043,0.4440668853905324,0.5,0.4440668853905324,0.16126060305294404,0.4457831325301205,0.5000000000015137,1.0,1748,249
nslkdd,0.8,R2L,rf,3407,6,0.5,0.9664429530201343,0.016835016835016835,0.9496079361851174,-0.01644295302013432,0.9331649831649831,0.9563193455810906,0.9203736335039139,0.9563193455810906,-0.0,0.9831649831649831,0.5000000298038594,0.9929820415879017,149,297
nslkdd,0.8,Normal,rf,3407,7,0.5,0.9984159984159984,0.9642857142857143,0.03413028413028407,-0.04841599841599842,-0.014285714285714346,0.034229284229284174,0.7282958030700684,0.034229284229284174,0.015691515691515688,0.0357142857142857,0.0,0.9971077368040491,10101,1008
nslkdd,0.8,DoS,rf,3407,7,0.5,0.9995645231528524,0.23963730569948186,0.7599272174533706,-0.049564523152852424,0.7103626943005181,0.7600723764024198,0.7388346642255783,0.7600723764024198,0.05108767675734462,0.7603626943005182,0.500000009313732,0.999809019570299,6889,772
nslkdd,0.8,Probe,rf,3407,7,0.5,0.9982837528604119,0.588,0.41028375286041197,-0.04828375286041198,0.362,0.41028375286041197,0.5,0.41028375286041197,0.22855377574370708,0.41200000000000003,0.5000000011656494,1.0,1748,250
nslkdd,0.8,R2L,rf,3407,7,0.5,0.9664429530201343,0.006734006734006734,0.9597089462861276,-0.01644295302013432,0.9432659932659933,0.9664203556821007,0.9203736335039139,0.9664203556821007,-0.0,0.9932659932659933,0.5000000298038594,0.9930553931769822,149,297
nslkdd,0.8,Normal,rf,3407,8,0.5,0.9984159984159984,0.9781746031746031,0.020241395241395232,-0.04841599841599842,-0.028174603174603186,0.020241395241395232,0.5,0.020241395241395232,0.013200013200013199,0.02182539682539686,0.0,1.0,10101,1008
nslkdd,0.8,DoS,rf,3407,8,0.5,0.9995645231528524,0.24320827943078913,0.7563562437220632,-0.049564523152852424,0.7067917205692108,0.7565014026711124,0.7388346642255783,0.7565014026711124,0.053885518225898495,0.7567917205692108,0.500000009313732,0.9998081180701891,6889,773
nslkdd,0.8,Probe,rf,3407,8,0.5,0.9982837528604119,0.5662650602409639,0.43201869261944803,-0.04828375286041198,0.38373493975903605,0.43201869261944803,0.5,0.43201869261944803,0.1853569885951127,0.4337349397590361,0.5000000007000647,1.0,1748,249
nslkdd,0.8,R2L,rf,3407,8,0.5,0.9664429530201343,0.02356902356902357,0.9428739294511107,-0.01644295302013432,0.9264309764309764,0.9462183354800805,0.9203736335039139,0.9462183354800805,-0.0,0.9764309764309764,0.5000000000025375,0.9964655028299859,149,297
nslkdd,0.8,Normal,rf,3407,9,0.5,0.9984159984159984,0.9751984126984127,0.023217585717585698,-0.04841599841599842,-0.02519841269841272,0.0233165858165858,0.7282958030700684,0.0233165858165858,0.007247632247632247,0.024801587301587324,0.0,0.9957540911101281,10101,1008
nslkdd,0.8,DoS,rf,3407,9,0.5,0.9995645231528524,0.22409326424870465,0.7754712589041477,-0.049564523152852424,0.7259067357512953,0.7756164178531969,0.7388346642255783,0.7756164178531969,0.05007156411400016,0.7759067357512953,0.500000009313732,0.9998128469876244,6889,772
nslkdd,0.8,Probe,rf,3407,9,0.5,0.9982837528604119,0.42,0.5782837528604119,-0.04828375286041198,0.53,0.5782837528604119,0.5,0.5782837528604119,0.2177070938215103,0.5800000000000001,0.5000000011656494,1.0,1748,250
nslkdd,0.8,R2L,rf,3407,9,0.5,0.9664429530201343,0.016835016835016835,0.9496079361851174,-0.01644295302013432,0.9331649831649831,0.9563193455810906,0.9203736335039139,0.9563193455810906,-0.0,0.9831649831649831,0.5000000000025375,0.9929820415879017,149,297
nslkdd,0.8,Normal,rf,3407,10,0.5,0.9984159984159984,0.9692460317460317,0.02916996666996663,-0.04841599841599842,-0.01924603174603179,0.02916996666996663,0.5,0.02916996666996663,0.009728822228822228,0.030753968253968256,0.0,1.0,10101,1008
nslkdd,0.8,DoS,rf,3407,10,0.5,0.9995645231528524,0.22957198443579765,0.7699925387170548,-0.049564523152852424,0.7204280155642023,0.770137697666104,0.7388346642255783,0.770137697666104,0.04913206809705655,0.7704280155642024,0.500000009313732,0.9998115155906676,6889,771
nslkdd,0.8,Probe,rf,3407,10,0.5,0.9982837528604119,0.5378486055776892,0.4604351472827227,-0.04828375286041198,0.41215139442231075,0.4604351472827227,0.5,0.4604351472827227,0.19172509048474295,0.4621513944223108,0.5000000011656494,1.0,1748,251
nslkdd,0.8,R2L,rf,3407,10,0.5,0.9664429530201343,0.003367003367003367,0.9630759496531309,-0.01644295302013432,0.9466329966329966,0.9697873590491041,0.9203736335039139,0.9697873590491041,-0.0,0.9966329966329966,0.5000000298038594,0.9930795041476372,149,297
nslkdd,0.8,Normal,rf,3407,11,0.5,0.9984159984159984,0.9751984126984127,0.023217585717585698,-0.04841599841599842,-0.02519841269841272,0.0234155859155859,0.8028168976306915,0.0234155859155859,0.015691515691515688,0.024801587301587324,0.0,0.9915440852638067,10101,1008
nslkdd,0.8,DoS,rf,3407,11,0.5,0.9995645231528524,0.23803363518758086,0.7615308879652716,-0.049564523152852424,0.711966364812419,0.7616760469143207,0.7388346642255783,0.7616760469143207,0.05000453504349229,0.7619663648124191,0.500000009313732,0.9998094216699643,6889,773
nslkdd,0.8,Probe,rf,3407,11,0.5,0.9982837528604119,0.412,0.5862837528604119,-0.04828375286041198,0.538,0.5862837528604119,0.5,0.5862837528604119,0.2125537757437071,0.5880000000000001,0.5000000011656494,1.0,1748,250
nslkdd,0.8,R2L,rf,3407,11,0.5,0.9664429530201343,0.016835016835016835,0.9496079361851174,-0.01644295302013432,0.9331649831649831,0.9563193455810906,0.9203736335039139,0.9563193455810906,-0.0,0.9831649831649831,0.5000000298038594,0.9929820415879017,149,297
nslkdd,0.8,Normal,rf,3407,12,0.5,0.9984159984159984,0.9702380952380952,0.02817790317790314,-0.04841599841599842,-0.020238095238095277,0.028375903375903344,0.8028168976306915,0.028375903375903344,0.01073119823119823,0.029761904761904767,0.0,0.9930222416048843,10101,1008
nslkdd,0.8,DoS,rf,3407,12,0.5,0.9995645231528524,0.23216601815823606,0.7673985049946164,-0.049564523152852424,0.7178339818417638,0.7675436639436655,0.7388346642255783,0.7675436639436655,0.04754473333773893,0.7678339818417639,0.5000000093137587,0.9998108785781603,6889,771
nslkdd,0.8,Probe,rf,3407,12,0.5,0.9982837528604119,0.42,0.5782837528604119,-0.04828375286041198,0.53,0.5782837528604119,0.5,0.5782837528604119,0.2165537757437071,0.5800000000000001,0.5000000011656494,1.0,1748,250
nslkdd,0.8,R2L,rf,3407,12,0.5,0.9664429530201343,0.020202020202020204,0.9462409328181141,-0.01644295302013432,0.9297979797979797,0.9529523422140872,0.9203736335039139,0.9529523422140872,0.003367003367003367,0.9797979797979798,0.5000000000025375,0.9929572455004624,149,297
nslkdd,0.8,Normal,rf,3407,13,0.5,0.9984159984159984,0.9761904761904762,0.02222552222552221,-0.04841599841599842,-0.02619047619047621,0.02232452232452231,0.7282958030700684,0.02232452232452231,0.014390076890076889,0.023809523809523836,0.0,0.9955654101995565,10101,1008
nslkdd,0.8,DoS,rf,3407,13,0.5,0.9995645231528524,0.22409326424870465,0.7754712589041477,-0.049564523152852424,0.7259067357512953,0.7756164178531969,0.7388346642255783,0.7756164178531969,0.04733573158982143,0.7759067357512953,0.500000009313732,0.9998128469876244,6889,772
nslkdd,0.8,Probe,rf,3407,13,0.5,0.9982837528604119,0.44176706827309237,0.5565166845873195,-0.04828375286041198,0.5082329317269076,0.5565166845873195,0.5,0.5565166845873195,0.24158188819350626,0.5582329317269077,0.5000000011656494,1.0,1748,249
nslkdd,0.8,R2L,rf,3407,13,0.5,0.9664429530201343,0.016891891891891893,0.9495510611282424,-0.01644295302013432,0.9331081081081081,0.9562624705242155,0.9203736335039139,0.9562624705242155,-0.0,0.9831081081081081,0.5000000298038594,0.9929816241849437,149,296
nslkdd,0.8,Normal,rf,3407,14,0.5,0.9984159984159984,0.9771825396825397,0.02123345873345872,-0.04841599841599842,-0.027182539682539697,0.021429396429396452,0.9189188927412033,0.021429396429396452,0.013697076197076196,0.022817460317460347,0.0,0.9908565928777654,10101,1008
nslkdd,0.8,DoS,rf,3407,14,0.5,0.9995645231528524,0.23285899094437257,0.7667055322084798,-0.049564523152852424,0.7171410090556274,0.766850691157529,0.7388346642255783,0.766850691157529,0.0504272424099991,0.7671410090556274,0.500000009313732,0.9998107076765751,6889,773
nslkdd,0.8,Probe,rf,3407,14,0.5,0.9982837528604119,0.548,0.4502837528604119,-0.04828375286041198,0.4019999999999999,0.4502837528604119,0.5,0.4502837528604119,0.19655377574370708,0.45199999999999996,0.5000000000015126,1.0,1748,250
nslkdd,0.8,R2L,rf,3407,14,0.5,0.9664429530201343,0.010135135135135136,0.9563078178849992,-0.01644295302013432,0.9398648648648649,0.9630192272809723,0.9203736335039139,0.9630192272809723,-0.0,0.9898648648648649,0.5000000298038594,0.9930308666682363,149,296
nslkdd,0.8,Normal,rf,3407,15,0.5,0.9984159984159984,0.9732142857142857,0.025201712701712675,-0.04841599841599842,-0.023214285714285743,0.025300712800712777,0.7282958030700684,0.025300712800712777,0.007755007755007754,0.0267857142857143,0.0,0.9960870628515528,10101,1008
nslkdd,0.8,DoS,rf,3407,15,0.5,0.9995645231528524,0.21948051948051947,0.7800840036723329,-0.049564523152852424,0.7305194805194805,0.7802291626213821,0.7388346642255783,0.7802291626213821,0.048624854605403306,0.7805194805194805,0.500000009313732,0.9998139534434197,6889,770
nslkdd,0.8,Probe,rf,3407,15,0.5,0.9982837528604119,0.42,0.5782837528604119,-0.04828375286041198,0.53,0.5782837528604119,0.5,0.5782837528604119,0.22055377574370708,0.5800000000000001,0.5000000011656494,1.0,1748,250
nslkdd,0.8,R2L,rf,3407,15,0.5,0.9664429530201343,0.010101010101010102,0.9563419429191242,-0.01644295302013432,0.9398989898989899,0.9630533523150974,0.9203736335039139,0.9630533523150974,-0.0,0.98989898989899,0.5000000000025375,0.9930311136139659,149,297
nslkdd,0.8,Normal,rf,3407,16,0.5,0.9984159984159984,0.9712301587301587,0.027185839685839652,-0.04841599841599842,-0.021230158730158766,0.02777777777777779,0.9666666723787785,0.02777777777777779,0.011712949212949212,0.02876984126984128,0.0,0.978690228690227,10101,1008
nslkdd,0.8,DoS,rf,3407,16,0.5,0.9995645231528524,0.23932729624838292,0.7602372269044695,-0.049564523152852424,0.7106727037516171,0.7603823858535187,0.7388346642255783,0.7603823858535187,0.059350480367205194,0.7606727037516171,0.500000009313732,0.9998090974334101,6889,773
nslkdd,0.8,Probe,rf,3407,16,0.5,0.9982837528604119,0.62,0.37828375286041194,-0.04828375286041198,0.32999999999999996,0.37828375286041194,0.5,0.37828375286041194,0.22055377574370708,0.38,0.5000000011656494,1.0,1748,250
nslkdd,0.8,R2L,rf,3407,16,0.5,0.9664429530201343,0.02702702702702703,0.9394159259931072,-0.01644295302013432,0.922972972972973,0.9461273353890804,0.9203736335039139,0.9461273353890804,0.0033783783783783786,0.972972972972973,0.5000000298038594,0.9929064417177913,149,296
nslkdd,0.8,Normal,rf,3407,17,0.5,0.9984159984159984,0.9722222222222222,0.026193776193776164,-0.04841599841599842,-0.022222222222222254,0.026391776391776367,0.8028168976306915,0.026391776391776367,0.018667706167706168,0.02777777777777779,0.0,0.9924976555173489,10101,1008
nslkdd,0.8,DoS,rf,3407,17,0.5,0.9995645231528524,0.23186528497409326,0.7676992381787591,-0.049564523152852424,0.7181347150259068,0.7678443971278084,0.7388346642255783,0.7678443971278084,0.06302493198964783,0.7681347150259068,0.500000009313732,0.9998109526492708,6889,772
nslkdd,0.8,Probe,rf,3407,17,0.5,0.9982837528604119,0.42,0.5782837528604119,-0.04828375286041198,0.53,0.5782837528604119,0.5,0.5782837528604119,0.22055377574370708,0.5800000000000001,0.5000000011656494,1.0,1748,250
nslkdd,0.8,R2L,rf,3407,17,0.5,0.9664429530201343,0.040268456375838924,0.9261744966442953,-0.01644295302013432,0.9097315436241611,0.9328859060402686,0.9203736335039139,0.9328859060402686,-0.0,0.9597315436241611,0.5000000298038594,0.9928057553956834,149,298
nslkdd,0.8,Normal,rf,3407,18,0.5,0.9984159984159984,0.9642857142857143,0.03413028413028407,-0.04841599841599842,-0.014285714285714346,0.03413028413028407,0.5,0.03413028413028407,0.012405949905949905,0.0357142857142857,0.0,1.0,10101,1008
nslkdd,0.8,DoS,rf,3407,18,0.5,0.9995645231528524,0.22957198443579765,0.7699925387170548,-0.049564523152852424,0.7204280155642023,0.770137697666104,0.7388346642255783,0.770137697666104,0.04667377964344368,0.7704280155642024,0.500000009313732,0.9998115155906676,6889,771
nslkdd,0.8,Probe,rf,3407,18,0.5,0.9982837528604119,0.5421686746987951,0.4561150781616168,-0.04828375286041198,0.4078313253012048,0.4561150781616168,0.5,0.4561150781616168,0.19338911710916892,0.45783132530120485,0.5000000011656494,1.0,1748,249
nslkdd,0.8,R2L,rf,3407,18,0.5,0.9664429530201343,0.016778523489932886,0.9496644295302014,-0.01644295302013432,0.933221476510067,0.953020134228188,0.9203736335039139,0.953020134228188,-0.0,0.9832214765100671,0.5000000298038594,0.9964788732394365,149,298
nslkdd,0.8,Normal,rf,3407,19,0.5,0.9984159984159984,0.9761904761904762,0.02222552222552221,-0.04841599841599842,-0.02619047619047621,0.02232452232452231,0.7282958030700684,0.02232452232452231,0.01072088572088572,0.023809523809523836,0.0,0.9955654101995565,10101,1008
nslkdd,0.8,DoS,rf,3407,19,0.5,0.9995645231528524,0.22409326424870465,0.7754712589041477,-0.049564523152852424,0.7259067357512953,0.7756164178531969,0.7388346642255783,0.7756164178531969,0.04719057264077222,0.7759067357512953,0.500000009313732,0.9998128469876244,6889,772
nslkdd,0.8,Probe,rf,3407,19,0.5,0.9982837528604119,0.576,0.422283752860412,-0.04828375286041198,0.374,0.422283752860412,0.5,0.422283752860412,0.20055377574370709,0.42400000000000004,0.5000000006418666,1.0,1748,250
nslkdd,0.8,R2L,rf,3407,19,0.5,0.9664429530201343,0.010101010101010102,0.9563419429191242,-0.01644295302013432,0.9398989898989899,0.9630533523150974,0.9203736335039139,0.9630533523150974,-0.0,0.98989898989899,0.5000000298038594,0.9930311136139659,149,297
nslkdd,0.8,Normal,rf,42,0,0.5,0.9984159984159984,0.9682539682539683,0.030162030162030118,-0.04841599841599842,-0.0182539682539683,0.030162030162030118,0.5,0.030162030162030118,0.012828762828762828,0.031746031746031744,0.0,1.0,10101,1008
nslkdd,0.8,DoS,rf,42,0,0.5,0.9995645231528524,0.22538860103626943,0.7741759221165829,-0.049564523152852424,0.7246113989637305,0.7741759221165829,0.5,0.7741759221165829,0.049926405164950956,0.7746113989637305,0.50000001466881,1.0,6889,772
nslkdd,0.8,Probe,rf,42,0,0.5,0.9982837528604119,0.5823293172690763,0.4159544355913356,-0.04828375286041198,0.3676706827309236,0.4159544355913356,0.5,0.4159544355913356,0.25597584847398747,0.41767068273092367,0.5000000266835187,1.0,1748,249
nslkdd,0.8,R2L,rf,42,0,0.5,0.959731543624161,0.006756756756756757,0.9529747868674042,-0.009731543624161065,0.9432432432432432,0.9529747868674042,0.5,0.9529747868674042,-0.0,0.9932432432432432,0.5000000000025464,1.0,149,296
nslkdd,0.8,Normal,rf,42,1,0.5,0.9984159984159984,0.9702380952380952,0.02817790317790314,-0.04841599841599842,-0.020238095238095277,0.028276903276903242,0.8021228611469269,0.028276903276903242,0.017789080289080293,0.029761904761904767,0.0,0.9964989059080962,10101,1008
nslkdd,0.8,DoS,rf,42,1,0.5,0.9995645231528524,0.2230869001297017,0.7764776230231507,-0.049564523152852424,0.7269130998702983,0.7764776230231507,0.5,0.7764776230231507,0.05776629559821961,0.7769130998702983,0.5000000055884937,1.0,6889,771
nslkdd,0.8,Probe,rf,42,1,0.5,0.9982837528604119,0.6370967741935484,0.36118697866686356,-0.04828375286041198,0.3129032258064516,0.36118697866686356,0.5,0.36118697866686356,0.2893998671292537,0.3629032258064516,0.5000000261940178,1.0,1748,248
nslkdd,0.8,R2L,rf,42,1,0.5,0.959731543624161,0.02356902356902357,0.9361625200551374,-0.009731543624161065,0.9264309764309764,0.9394391340700066,0.9991839987342246,0.9394391340700066,-0.0,0.9764309764309764,0.5000000000025464,0.9965121593341831,149,297
nslkdd,0.8,Normal,rf,42,2,0.5,0.9984159984159984,0.9623015873015873,0.03611441111441105,-0.04841599841599842,-0.012301587301587369,0.03611441111441105,0.5,0.03611441111441105,0.016797016797016798,0.037698412698412676,0.0,1.0,10101,1008
nslkdd,0.8,DoS,rf,42,2,0.5,0.9995645231528524,0.22568093385214008,0.7738835893007123,-0.049564523152852424,0.7243190661478599,0.7738835893007123,0.5,0.7738835893007123,0.04739016070846604,0.77431906614786,0.50000001466881,1.0,6889,771
nslkdd,0.8,Probe,rf,42,2,0.5,0.9982837528604119,0.428,0.5702837528604119,-0.04828375286041198,0.522,0.5702837528604119,0.5,0.5702837528604119,0.2468192219679634,0.5720000000000001,0.5000000270098526,1.0,1748,250
nslkdd,0.8,R2L,rf,42,2,0.5,0.959731543624161,0.016835016835016835,0.9428965267891442,-0.009731543624161065,0.9331649831649831,0.9462409328181141,0.9980297645088285,0.9462409328181141,-0.0,0.9831649831649831,0.5000000000025464,0.996465587237904,149,297
nslkdd,0.8,Normal,rf,42,3,0.5,0.9984159984159984,0.9742063492063492,0.024209649209649187,-0.04841599841599842,-0.02420634920634923,0.02430864930864929,0.8021228611469269,0.02430864930864929,0.015283140283140283,0.025793650793650813,0.0,0.9959273714576615,10101,1008
nslkdd,0.8,DoS,rf,42,3,0.5,0.9995645231528524,0.21761658031088082,0.7819479428419716,-0.049564523152852424,0.7323834196891191,0.7819479428419716,0.5,0.7819479428419716,0.046029301048378546,0.7823834196891192,0.5000000036094294,1.0,6889,772
nslkdd,0.8,Probe,rf,42,3,0.5,0.9982837528604119,0.5582329317269076,0.44005082113350436,-0.04828375286041198,0.3917670682730924,0.44005082113350436,0.5,0.44005082113350436,0.21983127016073445,0.4417670682730924,0.5000000261940178,1.0,1748,249
nslkdd,0.8,R2L,rf,42,3,0.5,0.959731543624161,0.013468013468013467,0.9462635301561475,-0.009731543624161065,0.9365319865319864,0.9529749395521208,0.9980297645088285,0.9529749395521208,-0.0,0.9865319865319865,0.5000000000025464,0.9929574125011855,149,297
nslkdd,0.8,Normal,rf,42,4,0.5,0.9984159984159984,0.9742063492063492,0.024209649209649187,-0.04841599841599842,-0.02420634920634923,0.026717651717651718,0.4992258548736572,0.02440764940764939,0.026717651717651718,0.025793650793650813,0.0,0.9061293808862119,10101,1008
nslkdd,0.8,DoS,rf,42,4,0.5,0.9995645231528524,0.21530479896238652,0.7842597241904659,-0.049564523152852424,0.7346952010376134,0.7842597241904659,0.5,0.7842597241904659,0.04076933113354454,0.7846952010376135,0.5000000036094294,1.0,6889,771
nslkdd,0.8,Probe,rf,42,4,0.5,0.9982837528604119,0.412,0.5862837528604119,-0.04828375286041198,0.538,0.5862837528604119,0.5,0.5862837528604119,0.2268192219679634,0.5880000000000001,0.5000000270098526,1.0,1748,250
nslkdd,0.8,R2L,rf,42,4,0.5,0.959731543624161,0.010101010101010102,0.949630533523151,-0.009731543624161065,0.9398989898989899,0.9562741509050234,0.9991839987342246,0.9562741509050234,-0.0,0.98989898989899,0.5000000000025464,0.9930526017297603,149,297
nslkdd,0.8,Normal,rf,42,5,0.5,0.9984159984159984,0.9742063492063492,0.024209649209649187,-0.04841599841599842,-0.02420634920634923,0.024209649209649187,0.5,0.024209649209649187,0.01429107679107679,0.025793650793650813,0.0,1.0,10101,1008
nslkdd,0.8,DoS,rf,42,5,0.5,0.9995645231528524,0.2243839169909209,0.7751806061619315,-0.049564523152852424,0.7256160830090791,0.7751806061619315,0.5,0.7751806061619315,0.051290624972347314,0.7756160830090791,0.5000000036094294,1.0,6889,771
nslkdd,0.8,Probe,rf,42,5,0.5,0.9982837528604119,0.44176706827309237,0.5565166845873195,-0.04828375286041198,0.5082329317269076,0.5565166845873195,0.5,0.5565166845873195,0.2599919127310156,0.5582329317269077,0.5000000270098526,1.0,1748,249
nslkdd,0.8,R2L,rf,42,5,0.5,0.959731543624161,0.010135135135135136,0.9495964084890259,-0.009731543624161065,0.9398648648648649,0.9529294395066208,0.9980297645088285,0.9529294395066208,-0.0,0.9898648648648649,0.5000000000025464,0.9965023317788141,149,296
nslkdd,0.8,Normal,rf,42,6,0.5,0.9984159984159984,0.9722222222222222,0.026193776193776164,-0.04841599841599842,-0.022222222222222254,0.026292776292776265,0.8021228611469269,0.026292776292776265,0.007944757944757944,0.02777777777777779,0.0,0.9962347034828992,10101,1008
nslkdd,0.8,DoS,rf,42,6,0.5,0.9995645231528524,0.2189119170984456,0.7806526060544068,-0.049564523152852424,0.7310880829015544,0.7806526060544068,0.5,0.7806526060544068,0.05121064819863761,0.7810880829015544,0.5000000036094294,1.0,6889,772
nslkdd,0.8,Probe,rf,42,6,0.5,0.9982837528604119,0.5582329317269076,0.44005082113350436,-0.04828375286041198,0.3917670682730924,0.44005082113350436,0.5,0.44005082113350436,0.20778307738965013,0.4417670682730924,0.5000000261940178,1.0,1748,249
nslkdd,0.8,R2L,rf,42,6,0.5,0.959731543624161,0.013468013468013467,0.9462635301561475,-0.009731543624161065,0.9365319865319864,0.9496079361851174,0.9980297645088285,0.9496079361851174,0.003367003367003367,0.9865319865319865,0.5000000000025464,0.9964781191252409,149,297
nslkdd,0.8,Normal,rf,42,7,0.5,0.9984159984159984,0.9642857142857143,0.03413028413028407,-0.04841599841599842,-0.014285714285714346,0.034229284229284174,0.8021228611469269,0.034229284229284174,0.022334834834834835,0.0357142857142857,0.0,0.9971077368040491,10101,1008
nslkdd,0.8,DoS,rf,42,7,0.5,0.9995645231528524,0.2266839378238342,0.7728805853290182,-0.049564523152852424,0.7233160621761657,0.7728805853290182,0.5,0.7728805853290182,0.040847953898119474,0.7733160621761658,0.5000000112580354,1.0,6889,772
nslkdd,0.8,Probe,rf,42,7,0.5,0.9982837528604119,0.592,0.40628375286041196,-0.04828375286041198,0.358,0.40628375286041196,0.5,0.40628375286041196,0.26281922196796337,0.40800000000000003,0.5000000270098526,1.0,1748,250
nslkdd,0.8,R2L,rf,42,7,0.5,0.959731543624161,0.006734006734006734,0.9529975368901543,-0.009731543624161065,0.9432659932659933,0.9630081576390301,0.9991839987342246,0.9630081576390301,-0.0,0.9932659932659933,0.5000000000025464,0.989604843251361,149,297
nslkdd,0.8,Normal,rf,42,8,0.5,0.9984159984159984,0.9791666666666666,0.019249331749331744,-0.04841599841599842,-0.029166666666666674,0.019744332244332252,0.8240323960781097,0.019744332244332252,0.016873329373329374,0.02083333333333337,0.0,0.9749294891883415,10101,1008
nslkdd,0.8,DoS,rf,42,8,0.5,0.9995645231528524,0.2315653298835705,0.7679991932692819,-0.049564523152852424,0.7184346701164295,0.7679991932692819,0.5,0.7679991932692819,0.042097409729630664,0.7684346701164295,0.5000000109437832,1.0,6889,773
nslkdd,0.8,Probe,rf,42,8,0.5,0.9982837528604119,0.5662650602409639,0.43201869261944803,-0.04828375286041198,0.38373493975903605,0.43201869261944803,0.5,0.43201869261944803,0.19975094887559391,0.4337349397590361,0.5000000261940178,1.0,1748,249
nslkdd,0.8,R2L,rf,42,8,0.5,0.959731543624161,0.02356902356902357,0.9361625200551374,-0.009731543624161065,0.9264309764309764,0.9428061374370099,0.9991839987342246,0.9428061374370099,0.010101010101010102,0.9764309764309764,0.5000000000025464,0.9929533579406548,149,297
nslkdd,0.8,Normal,rf,42,9,0.5,0.9984159984159984,0.9742063492063492,0.024209649209649187,-0.04841599841599842,-0.02420634920634923,0.024209649209649187,0.5,0.024209649209649187,0.012414199914199914,0.025793650793650813,0.0,1.0,10101,1008
nslkdd,0.8,DoS,rf,42,9,0.5,0.9995645231528524,0.22279792746113988,0.7767665956917125,-0.049564523152852424,0.72720207253886,0.7767665956917125,0.5,0.7767665956917125,0.05509665856133191,0.7772020725388601,0.50000001466881,1.0,6889,772
nslkdd,0.8,Probe,rf,42,9,0.5,0.9982837528604119,0.448,0.5502837528604119,-0.04828375286041198,0.502,0.5502837528604119,0.5,0.5502837528604119,0.25881922196796336,0.552,0.5000000270098526,1.0,1748,250
nslkdd,0.8,R2L,rf,42,9,0.5,0.959731543624161,0.013468013468013467,0.9462635301561475,-0.009731543624161065,0.9365319865319864,0.9630081576390301,0.9991839987342246,0.9630081576390301,-0.0,0.9865319865319865,0.5000000000025464,0.9826121644452787,149,297
nslkdd,0.8,Normal,rf,42,10,0.5,0.9984159984159984,0.9692460317460317,0.02916996666996663,-0.04841599841599842,-0.01924603174603179,0.02926896676896673,0.8021228611469269,0.02926896676896673,0.02175733425733426,0.030753968253968256,0.0,0.9966175745190613,10101,1008
nslkdd,0.8,DoS,rf,42,10,0.5,0.9995645231528524,0.2178988326848249,0.7816656904680275,-0.049564523152852424,0.732101167315175,0.7816656904680275,0.5,0.7816656904680275,0.03832045636015536,0.7821011673151751,0.5000000074510471,1.0,6889,771
nslkdd,0.8,Probe,rf,42,10,0.5,0.9982837528604119,0.5537848605577689,0.44449889230264306,-0.04828375286041198,0.3962151394422311,0.44449889230264306,0.5,0.44449889230264306,0.2297674291392781,0.4462151394422311,0.5000000270098526,1.0,1748,251
nslkdd,0.8,R2L,rf,42,10,0.5,0.959731543624161,0.003367003367003367,0.9563645402571577,-0.009731543624161065,0.9466329966329966,0.9597089462861276,0.9980297645088285,0.9597089462861276,-0.0,0.9966329966329966,0.5000000000025464,0.9965151871909582,149,297
nslkdd,0.8,Normal,rf,42,11,0.5,0.9984159984159984,0.9751984126984127,0.023217585717585698,-0.04841599841599842,-0.02519841269841272,0.0233165858165858,0.8021228611469269,0.0233165858165858,0.017374517374517374,0.024801587301587324,0.0,0.9957540911101281,10101,1008
nslkdd,0.8,DoS,rf,42,11,0.5,0.9995645231528524,0.23544631306597671,0.7641182100868756,-0.049564523152852424,0.7145536869340232,0.7641182100868756,0.5,0.7641182100868756,0.05114026767460434,0.7645536869340233,0.50000001466881,1.0,6889,773
nslkdd,0.8,Probe,rf,42,11,0.5,0.9982837528604119,0.432,0.5662837528604119,-0.04828375286041198,0.518,0.5662837528604119,0.5,0.5662837528604119,0.25081922196796336,0.5680000000000001,0.5000000270098526,1.0,1748,250
nslkdd,0.8,R2L,rf,42,11,0.5,0.959731543624161,0.013468013468013467,0.9462635301561475,-0.009731543624161065,0.9365319865319864,0.9496079361851174,0.9980297645088285,0.9496079361851174,-0.0,0.9865319865319865,0.5000000000025464,0.9964781191252409,149,297
nslkdd,0.8,Normal,rf,42,12,0.5,0.9984159984159984,0.9692460317460317,0.02916996666996663,-0.04841599841599842,-0.01924603174603179,0.02916996666996663,0.5,0.02916996666996663,0.012905075405075404,0.030753968253968256,0.0,1.0,10101,1008
nslkdd,0.8,DoS,rf,42,12,0.5,0.9995645231528524,0.22957198443579765,0.7699925387170548,-0.049564523152852424,0.7204280155642023,0.7699925387170548,0.5,0.7699925387170548,0.05257822815334283,0.7704280155642024,0.50000001466881,1.0,6889,771
nslkdd,0.8,Probe,rf,42,12,0.5,0.9982837528604119,0.42,0.5782837528604119,-0.04828375286041198,0.53,0.5782837528604119,0.5,0.5782837528604119,0.2348192219679634,0.5800000000000001,0.5000000270098526,1.0,1748,250
nslkdd,0.8,R2L,rf,42,12,0.5,0.959731543624161,0.016835016835016835,0.9428965267891442,-0.009731543624161065,0.9331649831649831,0.9562741509050234,0.9991839987342246,0.9562741509050234,-0.0,0.9831649831649831,0.5000000000025464,0.9860106810340752,149,297
nslkdd,0.8,Normal,rf,42,13,0.5,0.9984159984159984,0.9751984126984127,0.023217585717585698,-0.04841599841599842,-0.02519841269841272,0.023217585717585698,0.5,0.023217585717585698,0.021342771342771343,0.024801587301587324,0.0,1.0,10101,1008
nslkdd,0.8,DoS,rf,42,13,0.5,0.9995645231528524,0.22538860103626943,0.7741759221165829,-0.049564523152852424,0.7246113989637305,0.7741759221165829,0.5,0.7741759221165829,0.049915311411072846,0.7746113989637305,0.5000000116421213,1.0,6889,772
nslkdd,0.8,Probe,rf,42,13,0.5,0.9982837528604119,0.46184738955823296,0.5364363633021789,-0.04828375286041198,0.488152610441767,0.5364363633021789,0.5,0.5364363633021789,0.2881043625302124,0.5381526104417671,0.5000000270098526,1.0,1748,249
nslkdd,0.8,R2L,rf,42,13,0.5,0.959731543624161,0.013513513513513514,0.9462180301106475,-0.009731543624161065,0.9364864864864865,0.9495510611282424,0.9980297645088285,0.9495510611282424,0.0033783783783783786,0.9864864864864865,0.5000000000025464,0.9964898875331311,149,296
nslkdd,0.8,Normal,rf,42,14,0.5,0.9984159984159984,0.9771825396825397,0.02123345873345872,-0.04841599841599842,-0.027182539682539697,0.021332458832458823,0.8021228611469269,0.021332458832458823,0.01955045705045705,0.022817460317460347,0.0,0.9953591801218213,10101,1008
nslkdd,0.8,DoS,rf,42,14,0.5,0.9995645231528524,0.22509702457956016,0.7744674985732922,-0.049564523152852424,0.7249029754204398,0.7744674985732922,0.5,0.7744674985732922,0.04596562343139606,0.7749029754204398,0.50000001466881,1.0,6889,773
nslkdd,0.8,Probe,rf,42,14,0.5,0.9982837528604119,0.552,0.4462837528604119,-0.04828375286041198,0.3979999999999999,0.4462837528604119,0.5,0.4462837528604119,0.2388192219679634,0.44799999999999995,0.5000000111073495,1.0,1748,250
nslkdd,0.8,R2L,rf,42,14,0.5,0.959731543624161,0.010135135135135136,0.9495964084890259,-0.009731543624161065,0.9398648648648649,0.9595501541810267,0.9991839987342246,0.9595501541810267,-0.0,0.9898648648648649,0.5000000000025464,0.9896266540642721,149,296
nslkdd,0.8,Normal,rf,42,15,0.5,0.9984159984159984,0.9732142857142857,0.025201712701712675,-0.04841599841599842,-0.023214285714285743,0.025201712701712675,0.5,0.025201712701712675,0.009852572352572352,0.0267857142857143,0.0,1.0,10101,1008
nslkdd,0.8,DoS,rf,42,15,0.5,0.9995645231528524,0.21688311688311687,0.7826814062697355,-0.049564523152852424,0.7331168831168831,0.7826814062697355,0.5,0.7826814062697355,0.05135195766637195,0.7831168831168831,0.500000008091519,1.0,6889,770
nslkdd,0.8,Probe,rf,42,15,0.5,0.9982837528604119,0.44,0.5582837528604119,-0.04828375286041198,0.51,0.5582837528604119,0.5,0.5582837528604119,0.26281922196796337,0.56,0.5000000266427269,1.0,1748,250
nslkdd,0.8,R2L,rf,42,15,0.5,0.959731543624161,0.010101010101010102,0.949630533523151,-0.009731543624161065,0.9398989898989899,0.9563419429191242,0.9980297645088285,0.9563419429191242,0.003367003367003367,0.98989898989899,0.5000000000025464,0.9929822074147585,149,297
nslkdd,0.8,Normal,rf,42,16,0.5,0.9984159984159984,0.9702380952380952,0.02817790317790314,-0.04841599841599842,-0.020238095238095277,0.028276903276903242,0.8021228611469269,0.028276903276903242,0.015978203478203477,0.029761904761904767,0.0,0.9964989059080962,10101,1008
nslkdd,0.8,DoS,rf,42,16,0.5,0.9995645231528524,0.2276843467011643,0.771880176451688,-0.049564523152852424,0.7223156532988356,0.771880176451688,0.5,0.771880176451688,0.04727205397283894,0.7723156532988357,0.5000000036094294,1.0,6889,773
nslkdd,0.8,Probe,rf,42,16,0.5,0.9982837528604119,0.628,0.37028375286041193,-0.04828375286041198,0.32199999999999995,0.37028375286041193,0.5,0.37028375286041193,0.25881922196796336,0.372,0.5000000261940178,1.0,1748,250
nslkdd,0.8,R2L,rf,42,16,0.5,0.959731543624161,0.02364864864864865,0.9360828949755123,-0.009731543624161065,0.9263513513513513,0.9494150190458915,0.9991839987342246,0.9494150190458915,-0.0,0.9763513513513513,0.5000000000025464,0.9859575382704845,149,296
nslkdd,0.8,Normal,rf,42,17,0.5,0.9984159984159984,0.9702380952380952,0.02817790317790314,-0.04841599841599842,-0.020238095238095277,0.02817790317790314,0.5,0.02817790317790314,0.019773207273207277,0.029761904761904767,0.0,1.0,10101,1008
nslkdd,0.8,DoS,rf,42,17,0.5,0.9995645231528524,0.2266839378238342,0.7728805853290182,-0.049564523152852424,0.7233160621761657,0.7728805853290182,0.5,0.7728805853290182,0.06157334249915574,0.7733160621761658,0.5000000130041311,1.0,6889,772
nslkdd,0.8,Probe,rf,42,17,0.5,0.9982837528604119,0.448,0.5502837528604119,-0.04828375286041198,0.502,0.5502837528604119,0.5,0.5502837528604119,0.2708192219679634,0.552,0.5000000261940178,1.0,1748,250
nslkdd,0.8,R2L,rf,42,17,0.5,0.959731543624161,0.040268456375838924,0.919463087248322,-0.009731543624161065,0.9097315436241611,0.9295302013422819,0.9991839987342246,0.9295302013422819,0.006711409395973155,0.9597315436241611,0.5000000000025464,0.9891696750902526,149,298
nslkdd,0.8,Normal,rf,42,18,0.5,0.9984159984159984,0.9642857142857143,0.03413028413028407,-0.04841599841599842,-0.014285714285714346,0.034229284229284174,0.8021228611469269,0.034229284229284174,0.020765270765270766,0.0357142857142857,0.0,0.9971077368040491,10101,1008
nslkdd,0.8,DoS,rf,42,18,0.5,0.9995645231528524,0.21660181582360571,0.7829627073292467,-0.049564523152852424,0.7333981841763942,0.7829627073292467,0.5,0.7829627073292467,0.03571700895749328,0.7833981841763943,0.5000000036094294,1.0,6889,771
nslkdd,0.8,Probe,rf,42,18,0.5,0.9982837528604119,0.5622489959839357,0.4360347568764762,-0.04828375286041198,0.3877510040160642,0.4360347568764762,0.5,0.4360347568764762,0.23589552718884693,0.43775100401606426,0.5000000261940178,1.0,1748,249
nslkdd,0.8,R2L,rf,42,18,0.5,0.959731543624161,0.016778523489932886,0.9429530201342281,-0.009731543624161065,0.933221476510067,0.9463087248322148,0.9980297645088285,0.9463087248322148,0.013422818791946308,0.9832214765100671,0.5000000000025464,0.9964539007092197,149,298
nslkdd,0.8,Normal,rf,42,19,0.5,0.9984159984159984,0.9751984126984127,0.023217585717585698,-0.04841599841599842,-0.02519841269841272,0.023217585717585698,0.5,0.023217585717585698,0.014812889812889812,0.024801587301587324,0.0,1.0,10101,1008
nslkdd,0.8,DoS,rf,42,19,0.5,0.9995645231528524,0.22279792746113988,0.7767665956917125,-0.049564523152852424,0.72720207253886,0.7767665956917125,0.5,0.7767665956917125,0.046029301048378546,0.7772020725388601,0.5000000064266428,1.0,6889,772
nslkdd,0.8,Probe,rf,42,19,0.5,0.9982837528604119,0.576,0.422283752860412,-0.04828375286041198,0.374,0.422283752860412,0.5,0.422283752860412,0.2228192219679634,0.42400000000000004,0.5000000266427269,1.0,1748,250
nslkdd,0.8,R2L,rf,42,19,0.5,0.959731543624161,0.010101010101010102,0.949630533523151,-0.009731543624161065,0.9398989898989899,0.9563419429191242,0.9980297645088285,0.9563419429191242,-0.0,0.98989898989899,0.5000000000025464,0.9929822074147585,149,297
nslkdd,0.8,Normal,rf,512,0,0.5,0.9983169983169983,0.9692460317460317,0.029070966570966528,-0.048316998316998316,-0.01924603174603179,0.02916996666996663,0.7118644118309021,0.02916996666996663,0.009242071742071742,0.030753968253968256,0.0,0.9966060948879303,10101,1008
nslkdd,0.8,DoS,rf,512,0,0.5,0.9995645231528524,0.22797927461139897,0.7715852485414534,-0.049564523152852424,0.722020725388601,0.7715852485414534,0.5,0.7715852485414534,0.05178019024095633,0.772020725388601,0.5000000139703713,1.0,6889,772
nslkdd,0.8,Probe,rf,512,0,0.5,0.9982837528604119,0.5903614457831325,0.4079223070772794,-0.04828375286041198,0.3596385542168674,0.4079223070772794,0.5,0.4079223070772794,0.23359571007140692,0.40963855421686746,0.5000000107120812,1.0,1748,249
nslkdd,0.8,R2L,rf,512,0,0.5,0.959731543624161,0.013513513513513514,0.9462180301106475,-0.009731543624161065,0.9364864864864865,0.9462180301106475,0.5,0.9462180301106475,0.0033783783783783786,0.9864864864864865,0.5000000000025246,1.0,149,296
nslkdd,0.8,Normal,rf,512,1,0.5,0.9983169983169983,0.9702380952380952,0.02807890307890304,-0.048316998316998316,-0.020238095238095277,0.02807890307890304,0.5,0.02807890307890304,0.008266508266508266,0.029761904761904767,0.0,1.0,10101,1008
nslkdd,0.8,DoS,rf,512,1,0.5,0.9995645231528524,0.2204928664072633,0.7790716567455891,-0.049564523152852424,0.7295071335927367,0.7790716567455891,0.5,0.7790716567455891,0.046664365963219996,0.7795071335927367,0.5000000107108336,1.0,6889,771
nslkdd,0.8,Probe,rf,512,1,0.5,0.9982837528604119,0.6330645161290323,0.3652192367313797,-0.04828375286041198,0.3169354838709677,0.3652192367313797,0.5,0.3652192367313797,0.3072451465269063,0.36693548387096775,0.5000000107120812,1.0,1748,248
nslkdd,0.8,R2L,rf,512,1,0.5,0.959731543624161,0.02356902356902357,0.9361625200551374,-0.009731543624161065,0.9264309764309764,0.9361625200551374,0.5,0.9361625200551374,-0.0,0.9764309764309764,0.5000000000025246,1.0,149,297
nslkdd,0.8,Normal,rf,512,2,0.5,0.9983169983169983,0.9623015873015873,0.03601541101541095,-0.048316998316998316,-0.012301587301587369,0.03611441111441105,0.7118644118309021,0.03611441111441105,0.013226825726825726,0.037698412698412676,0.0,0.9972587093089662,10101,1008
nslkdd,0.8,DoS,rf,512,2,0.5,0.9995645231528524,0.22178988326848248,0.7777746398843699,-0.049564523152852424,0.7282101167315175,0.7777746398843699,0.5,0.7777746398843699,0.04017928165712402,0.7782101167315175,0.5000000107108336,1.0,6889,771
nslkdd,0.8,Probe,rf,512,2,0.5,0.9982837528604119,0.448,0.5502837528604119,-0.04828375286041198,0.502,0.5502837528604119,0.5,0.5502837528604119,0.2405629290617849,0.552,0.5000000107120812,1.0,1748,250
nslkdd,0.8,R2L,rf,512,2,0.5,0.959731543624161,0.016835016835016835,0.9428965267891442,-0.009731543624161065,0.9331649831649831,0.9428965267891442,0.5,0.9428965267891442,2.2597338033579495e-05,0.9831649831649831,0.5000000000025246,1.0,149,297
nslkdd,0.8,Normal,rf,512,3,0.5,0.9983169983169983,0.9751984126984127,0.023118585618585596,-0.048316998316998316,-0.02519841269841272,0.023217585717585698,0.7118644118309021,0.023217585717585698,0.00825000825000825,0.024801587301587324,0.0,0.9957359864972904,10101,1008
nslkdd,0.8,DoS,rf,512,3,0.5,0.9995645231528524,0.21502590673575128,0.7845386164171011,-0.049564523152852424,0.7349740932642487,0.7845386164171011,0.5,0.7845386164171011,0.0375314855777439,0.7849740932642487,0.5000000107108336,1.0,6889,772
nslkdd,0.8,Probe,rf,512,3,0.5,0.9982837528604119,0.570281124497992,0.42800262836242,-0.04828375286041198,0.379718875502008,0.42800262836242,0.5,0.42800262836242,0.23761177432843503,0.42971887550200805,0.5000000107120812,1.0,1748,249
nslkdd,0.8,R2L,rf,512,3,0.5,0.959731543624161,0.013468013468013467,0.9462635301561475,-0.009731543624161065,0.9365319865319864,0.9462635301561475,0.5,0.9462635301561475,-0.0,0.9865319865319865,0.5000000000025246,1.0,149,297
nslkdd,0.8,Normal,rf,512,4,0.5,0.9983169983169983,0.9742063492063492,0.024110649110649085,-0.048316998316998316,-0.02420634920634923,0.024209649209649187,0.7118644118309021,0.024209649209649187,0.022155397155397154,0.025793650793650813,0.0,0.9959107173283352,10101,1008
nslkdd,0.8,DoS,rf,512,4,0.5,0.9995645231528524,0.2127107652399481,0.7868537579129042,-0.049564523152852424,0.7372892347600518,0.7868537579129042,0.5,0.7868537579129042,0.03298722996622937,0.7872892347600519,0.5000000107108336,1.0,6889,771
nslkdd,0.8,Probe,rf,512,4,0.5,0.9982837528604119,0.436,0.5622837528604119,-0.04828375286041198,0.514,0.5622837528604119,0.5,0.5622837528604119,0.2222745995423341,0.5640000000000001,0.5000000139715499,1.0,1748,250
nslkdd,0.8,R2L,rf,512,4,0.5,0.959731543624161,0.013468013468013467,0.9462635301561475,-0.009731543624161065,0.9365319865319864,0.9563193455810906,0.9989888783311471,0.9563193455810906,-0.0,0.9865319865319865,0.5000000000025246,0.989484877126654,149,297
nslkdd,0.8,Normal,rf,512,5,0.5,0.9983169983169983,0.9732142857142857,0.025102712602712574,-0.048316998316998316,-0.023214285714285743,0.025201712701712675,0.7118644118309021,0.025201712701712675,0.004281754281754281,0.0267857142857143,0.0,0.9960716916277926,10101,1008
nslkdd,0.8,DoS,rf,512,5,0.5,0.9995645231528524,0.20752269779507135,0.792041825357781,-0.049564523152852424,0.7424773022049286,0.792041825357781,0.5,0.792041825357781,0.03110016362858965,0.7924773022049286,0.5000000107108336,1.0,6889,771
nslkdd,0.8,Probe,rf,512,5,0.5,0.9982837528604119,0.46586345381526106,0.5324202990451509,-0.04828375286041198,0.4841365461847389,0.5324202990451509,0.5,0.5324202990451509,0.26974028838465997,0.5341365461847389,0.5000000107120812,1.0,1748,249
nslkdd,0.8,R2L,rf,512,5,0.5,0.959731543624161,0.010135135135135136,0.9495964084890259,-0.009731543624161065,0.9398648648648649,0.9495964084890259,0.5,0.9495964084890259,-0.0,0.9898648648648649,0.5000000000025246,1.0,149,296
nslkdd,0.8,Normal,rf,512,6,0.5,0.9983169983169983,0.9732142857142857,0.025102712602712574,-0.048316998316998316,-0.023214285714285743,0.025597713097713082,0.8271028101444244,0.025597713097713082,0.007257944757944757,0.0267857142857143,0.0,0.9806623156876959,10101,1008
nslkdd,0.8,DoS,rf,512,6,0.5,0.9995645231528524,0.211139896373057,0.7884246267797954,-0.049564523152852424,0.738860103626943,0.7884246267797954,0.5,0.7884246267797954,0.0414174959404382,0.788860103626943,0.5000000107108336,1.0,6889,772
nslkdd,0.8,Probe,rf,512,6,0.5,0.9982837528604119,0.5783132530120482,0.41997049984836377,-0.04828375286041198,0.3716867469879518,0.41997049984836377,0.5,0.41997049984836377,0.20548326027221012,0.42168674698795183,0.5000000107120812,1.0,1748,249
nslkdd,0.8,R2L,rf,512,6,0.5,0.959731543624161,0.013468013468013467,0.9462635301561475,-0.009731543624161065,0.9365319865319864,0.9462635301561475,0.5,0.9462635301561475,-0.0,0.9865319865319865,0.5000000000025246,1.0,149,297
nslkdd,0.8,Normal,rf,512,7,0.5,0.9983169983169983,0.9642857142857143,0.03403128403128397,-0.048316998316998316,-0.014285714285714346,0.03413028413028407,0.7118644118309021,0.03413028413028407,0.018187143187143186,0.0357142857142857,0.0,0.9970993473531544,10101,1008
nslkdd,0.8,DoS,rf,512,7,0.5,0.9995645231528524,0.2266839378238342,0.7728805853290182,-0.049564523152852424,0.7233160621761657,0.7728805853290182,0.5,0.7728805853290182,0.04012215915287343,0.7733160621761658,0.5000000107108336,1.0,6889,772
nslkdd,0.8,Probe,rf,512,7,0.5,0.9982837528604119,0.612,0.38628375286041194,-0.04828375286041198,0.33799999999999997,0.38628375286041194,0.5,0.38628375286041194,0.2725354691075515,0.388,0.5000000000015292,1.0,1748,250
nslkdd,0.8,R2L,rf,512,7,0.5,0.959731543624161,0.006734006734006734,0.9529975368901543,-0.009731543624161065,0.9432659932659933,0.9529975368901543,0.5,0.9529975368901543,-0.0,0.9932659932659933,0.5000000000025246,1.0,149,297
nslkdd,0.8,Normal,rf,512,8,0.5,0.9983169983169983,0.9771825396825397,0.02113445863445862,-0.048316998316998316,-0.027182539682539697,0.02113445863445862,0.5,0.02113445863445862,0.011242698742698742,0.022817460317460347,0.0,1.0,10101,1008
nslkdd,0.8,DoS,rf,512,8,0.5,0.9995645231528524,0.22897800776196636,0.770586515390886,-0.049564523152852424,0.7210219922380336,0.770586515390886,0.5,0.770586515390886,0.0413588455037438,0.7710219922380337,0.5000000107108336,1.0,6889,773
nslkdd,0.8,Probe,rf,512,8,0.5,0.9982837528604119,0.5903614457831325,0.4079223070772794,-0.04828375286041198,0.3596385542168674,0.4079223070772794,0.5,0.4079223070772794,0.21753145304329444,0.40963855421686746,0.4999999988848074,1.0,1748,249
nslkdd,0.8,R2L,rf,512,8,0.5,0.959731543624161,0.013468013468013467,0.9462635301561475,-0.009731543624161065,0.9365319865319864,0.9462635301561475,0.5,0.9462635301561475,-0.0,0.9865319865319865,0.5000000000025246,1.0,149,297
nslkdd,0.8,Normal,rf,512,9,0.5,0.9983169983169983,0.9742063492063492,0.024110649110649085,-0.048316998316998316,-0.02420634920634923,0.024209649209649187,0.7118644118309021,0.024209649209649187,0.003289690789690789,0.025793650793650813,0.0,0.9959107173283352,10101,1008
nslkdd,0.8,DoS,rf,512,9,0.5,0.9995645231528524,0.21243523316062177,0.7871292899922306,-0.049564523152852424,0.7375647668393782,0.7871292899922306,0.5,0.7871292899922306,0.03279670902851057,0.7875647668393783,0.5000000107108336,1.0,6889,772
nslkdd,0.8,Probe,rf,512,9,0.5,0.9982837528604119,0.46,0.5382837528604119,-0.04828375286041198,0.48999999999999994,0.5382837528604119,0.5,0.5382837528604119,0.2565629290617849,0.54,0.5000000107120812,1.0,1748,250
nslkdd,0.8,R2L,rf,512,9,0.5,0.959731543624161,0.013468013468013467,0.9462635301561475,-0.009731543624161065,0.9365319865319864,0.9495853388470838,0.9989888783311471,0.9495853388470838,-0.0,0.9865319865319865,0.5000000000025246,0.9965018323735185,149,297
nslkdd,0.8,Normal,rf,512,10,0.5,0.9983169983169983,0.9682539682539683,0.030063030063030016,-0.048316998316998316,-0.0182539682539683,0.030063030063030016,0.5,0.030063030063030016,0.009258571758571758,0.031746031746031744,0.0,1.0,10101,1008
nslkdd,0.8,DoS,rf,512,10,0.5,0.9995645231528524,0.21660181582360571,0.7829627073292467,-0.049564523152852424,0.7333981841763942,0.7829627073292467,0.5,0.7829627073292467,0.03758524793468562,0.7833981841763943,0.5000000107108336,1.0,6889,771
nslkdd,0.8,Probe,rf,512,10,0.5,0.9982837528604119,0.5617529880478087,0.4365307648126032,-0.04828375286041198,0.38824701195219125,0.4365307648126032,0.5,0.4365307648126032,0.24343586751392596,0.4382470119521913,0.5000000012235104,1.0,1748,251
nslkdd,0.8,R2L,rf,512,10,0.5,0.959731543624161,0.003367003367003367,0.9563645402571577,-0.009731543624161065,0.9466329966329966,0.9630307549770637,0.9991330872289836,0.9630307549770637,-0.0,0.9966329966329966,0.5000000000025246,0.9930778797193608,149,297
nslkdd,0.8,Normal,rf,512,11,0.5,0.9983169983169983,0.9742063492063492,0.024110649110649085,-0.048316998316998316,-0.02420634920634923,0.024209649209649187,0.7118644118309021,0.024209649209649187,0.012234762234762234,0.025793650793650813,0.0,0.9959107173283352,10101,1008
nslkdd,0.8,DoS,rf,512,11,0.5,0.9995645231528524,0.22509702457956016,0.7744674985732922,-0.049564523152852424,0.7249029754204398,0.7744674985732922,0.5,0.7744674985732922,0.0413588455037438,0.7749029754204398,0.5000000107108336,1.0,6889,773
nslkdd,0.8,Probe,rf,512,11,0.5,0.9982837528604119,0.452,0.5462837528604119,-0.04828375286041198,0.49799999999999994,0.5462837528604119,0.5,0.5462837528604119,0.23827917620137298,0.548,0.5000000107120812,1.0,1748,250
nslkdd,0.8,R2L,rf,512,11,0.5,0.959731543624161,0.013468013468013467,0.9462635301561475,-0.009731543624161065,0.9365319865319864,0.9462635301561475,0.5,0.9462635301561475,-0.0,0.9865319865319865,0.5000000000025246,1.0,149,297
nslkdd,0.8,Normal,rf,512,12,0.5,0.9983169983169983,0.9692460317460317,0.029070966570966528,-0.048316998316998316,-0.01924603174603179,0.02916996666996663,0.7118644118309021,0.02916996666996663,0.011242698742698742,0.030753968253968256,0.0,0.9966060948879303,10101,1008
nslkdd,0.8,DoS,rf,512,12,0.5,0.9995645231528524,0.21530479896238652,0.7842597241904659,-0.049564523152852424,0.7346952010376134,0.7842597241904659,0.5,0.7842597241904659,0.03068351414188939,0.7846952010376135,0.5000000107108336,1.0,6889,771
nslkdd,0.8,Probe,rf,512,12,0.5,0.9982837528604119,0.448,0.5502837528604119,-0.04828375286041198,0.502,0.5502837528604119,0.5,0.5502837528604119,0.2388421052631579,0.552,0.5000000107120812,1.0,1748,250
nslkdd,0.8,R2L,rf,512,12,0.5,0.959731543624161,0.016835016835016835,0.9428965267891442,-0.009731543624161065,0.9331649831649831,0.9529523422140872,0.9989888783311471,0.9529523422140872,-0.0,0.9831649831649831,0.5000000000025246,0.98944772473975,149,297
nslkdd,0.8,Normal,rf,512,13,0.5,0.9983169983169983,0.9742063492063492,0.024110649110649085,-0.048316998316998316,-0.02420634920634923,0.024209649209649187,0.7118644118309021,0.024209649209649187,0.010234135234135234,0.025793650793650813,0.0,0.9959107173283352,10101,1008
nslkdd,0.8,DoS,rf,512,13,0.5,0.9995645231528524,0.21761658031088082,0.7819479428419716,-0.049564523152852424,0.7323834196891191,0.7819479428419716,0.5,0.7819479428419716,0.0414174959404382,0.7823834196891192,0.5000000107108336,1.0,6889,772
nslkdd,0.8,Probe,rf,512,13,0.5,0.9982837528604119,0.4497991967871486,0.5484845560732634,-0.04828375286041198,0.5002008032128513,0.5484845560732634,0.5,0.5484845560732634,0.24729122439414405,0.5502008032128514,0.5000000107120812,1.0,1748,249
nslkdd,0.8,R2L,rf,512,13,0.5,0.959731543624161,0.013513513513513514,0.9462180301106475,-0.009731543624161065,0.9364864864864865,0.9462180301106475,0.5,0.9462180301106475,4.5347360783602915e-05,0.9864864864864865,0.5000000000025246,1.0,149,296
nslkdd,0.8,Normal,rf,512,14,0.5,0.9983169983169983,0.9771825396825397,0.02113445863445862,-0.048316998316998316,-0.027182539682539697,0.021528396528396554,0.9242973551154137,0.021528396528396554,0.0162030162030162,0.022817460317460347,0.0,0.9817014753784231,10101,1008
nslkdd,0.8,DoS,rf,512,14,0.5,0.9995645231528524,0.21604139715394566,0.7835231259989067,-0.049564523152852424,0.7339586028460543,0.7835231259989067,0.5,0.7835231259989067,0.03359687913893138,0.7839586028460543,0.5000000107108336,1.0,6889,773
nslkdd,0.8,Probe,rf,512,14,0.5,0.9982837528604119,0.564,0.434283752860412,-0.04828375286041198,0.386,0.434283752860412,0.5,0.434283752860412,0.22053546910755148,0.43600000000000005,0.5000000139715499,1.0,1748,250
nslkdd,0.8,R2L,rf,512,14,0.5,0.959731543624161,0.010135135135135136,0.9495964084890259,-0.009731543624161065,0.9398648648648649,0.9495964084890259,0.5,0.9495964084890259,-0.0,0.9898648648648649,0.5000000000025246,1.0,149,296
nslkdd,0.8,Normal,rf,512,15,0.5,0.9983169983169983,0.9732142857142857,0.025102712602712574,-0.048316998316998316,-0.023214285714285743,0.025201712701712675,0.7118644118309021,0.025201712701712675,0.008266508266508266,0.0267857142857143,0.0,0.9960716916277926,10101,1008
nslkdd,0.8,DoS,rf,512,15,0.5,0.9995645231528524,0.2077922077922078,0.7917723153606446,-0.049564523152852424,0.7422077922077921,0.7917723153606446,0.5,0.7917723153606446,0.038937851232814215,0.7922077922077921,0.5000000107108336,1.0,6889,770
nslkdd,0.8,Probe,rf,512,15,0.5,0.9982837528604119,0.452,0.5462837528604119,-0.04828375286041198,0.49799999999999994,0.5462837528604119,0.5,0.5462837528604119,0.2445354691075515,0.548,0.5000000107120812,1.0,1748,250
nslkdd,0.8,R2L,rf,512,15,0.5,0.959731543624161,0.010101010101010102,0.949630533523151,-0.009731543624161065,0.9398989898989899,0.9563193455810906,0.9989888783311471,0.9563193455810906,-0.0,0.98989898989899,0.5000000000025246,0.9930056710775047,149,297
nslkdd,0.8,Normal,rf,512,16,0.5,0.9983169983169983,0.9712301587301587,0.02708683958683955,-0.048316998316998316,-0.021230158730158766,0.02777777777777779,0.959855318069458,0.02777777777777779,0.01521095271095271,0.02876984126984128,0.0,0.9751262251262234,10101,1008
nslkdd,0.8,DoS,rf,512,16,0.5,0.9995645231528524,0.2238033635187581,0.7757611596340943,-0.049564523152852424,0.7261966364812419,0.7757611596340943,0.5,0.7757611596340943,0.03750340128261921,0.7761966364812419,0.5000000107108336,1.0,6889,773
nslkdd,0.8,Probe,rf,512,16,0.5,0.9982837528604119,0.644,0.3542837528604119,-0.04828375286041198,0.30599999999999994,0.3542837528604119,0.5,0.3542837528604119,0.2445354691075515,0.356,0.5000000107120812,1.0,1748,250
nslkdd,0.8,R2L,rf,512,16,0.5,0.959731543624161,0.02364864864864865,0.9360828949755123,-0.009731543624161065,0.9263513513513513,0.9360828949755123,0.5,0.9360828949755123,0.0001360420823508096,0.9763513513513513,0.5000000000025246,1.0,149,296
nslkdd,0.8,Normal,rf,512,17,0.5,0.9983169983169983,0.9712301587301587,0.02708683958683955,-0.048316998316998316,-0.021230158730158766,0.027185839685839652,0.7118644118309021,0.027185839685839652,0.018187143187143186,0.02876984126984128,0.0,0.9963583946589787,10101,1008
nslkdd,0.8,DoS,rf,512,17,0.5,0.9995645231528524,0.21761658031088082,0.7819479428419716,-0.049564523152852424,0.7323834196891191,0.7819479428419716,0.5,0.7819479428419716,0.04659884309069726,0.7823834196891192,0.5000000107108336,1.0,6889,772
nslkdd,0.8,Probe,rf,512,17,0.5,0.9982837528604119,0.464,0.5342837528604119,-0.04828375286041198,0.48599999999999993,0.5342837528604119,0.5,0.5342837528604119,0.2582745995423341,0.536,0.5000000139715499,1.0,1748,250
nslkdd,0.8,R2L,rf,512,17,0.5,0.959731543624161,0.03355704697986577,0.9261744966442953,-0.009731543624161065,0.9164429530201342,0.9261744966442953,0.5,0.9261744966442953,0.0033557046979865793,0.9664429530201343,0.5000000000025246,1.0,149,298
nslkdd,0.8,Normal,rf,512,18,0.5,0.9983169983169983,0.9642857142857143,0.03403128403128397,-0.048316998316998316,-0.014285714285714346,0.03403128403128397,0.5,0.03403128403128397,0.011242698742698742,0.0357142857142857,0.0,1.0,10101,1008
nslkdd,0.8,DoS,rf,512,18,0.5,0.9995645231528524,0.2204928664072633,0.7790716567455891,-0.049564523152852424,0.7295071335927367,0.7790716567455891,0.5,0.7790716567455891,0.03758524793468562,0.7795071335927367,0.5000000107108336,1.0,6889,771
nslkdd,0.8,Probe,rf,512,18,0.5,0.9982837528604119,0.5742971887550201,0.4239865641053918,-0.04828375286041198,0.37570281124497984,0.4239865641053918,0.5,0.4239865641053918,0.24965996709951935,0.4257028112449799,0.5000000101528839,1.0,1748,249
nslkdd,0.8,R2L,rf,512,18,0.5,0.959731543624161,0.006711409395973154,0.9530201342281879,-0.009731543624161065,0.9432885906040268,0.953020134228188,0.9989888783311471,0.953020134228188,-0.0,0.9932885906040269,0.5000000000025246,0.9999999999999999,149,298
nslkdd,0.8,Normal,rf,512,19,0.5,0.9983169983169983,0.9751984126984127,0.023118585618585596,-0.048316998316998316,-0.02519841269841272,0.023217585717585698,0.7118644118309021,0.023217585717585698,0.011242698742698742,0.024801587301587324,0.0,0.9957359864972904,10101,1008
nslkdd,0.8,DoS,rf,512,19,0.5,0.9995645231528524,0.21243523316062177,0.7871292899922306,-0.049564523152852424,0.7375647668393782,0.7871292899922306,0.5,0.7871292899922306,0.036236148790179126,0.7875647668393783,0.5000000107108336,1.0,6889,772
nslkdd,0.8,Probe,rf,512,19,0.5,0.9982837528604119,0.58,0.418283752860412,-0.04828375286041198,0.37,0.418283752860412,0.5,0.418283752860412,0.21253546910755147,0.42000000000000004,0.5000000107120812,1.0,1748,250
nslkdd,0.8,R2L,rf,512,19,0.5,0.959731543624161,0.010101010101010102,0.949630533523151,-0.009731543624161065,0.9398989898989899,0.9529523422140872,0.9989888783311471,0.9529523422140872,-0.0,0.98989898989899,0.5000000000025246,0.9965141922174006,149,297
nslkdd,0.8,Normal,rf,6021,0,0.5,0.9984159984159984,0.9672619047619048,0.031154093654093606,-0.04841599841599842,-0.01726190476190481,0.031154093654093606,0.5,0.031154093654093606,0.006752631752631752,0.03273809523809523,0.0,1.0,10101,1008
nslkdd,0.8,DoS,rf,6021,0,0.5,0.9995645231528524,0.24740932642487046,0.7521551967279819,-0.049564523152852424,0.7025906735751295,0.7521551967279819,0.5,0.7521551967279819,0.07165681265545358,0.7525906735751295,0.5000000132718951,1.0,6889,772
nslkdd,0.8,Probe,rf,6021,0,0.5,0.9982837528604119,0.6224899598393574,0.37579379302105453,-0.04828375286041198,0.32751004016064256,0.37579379302105453,0.5,0.37579379302105453,0.24962550430555175,0.3775100401606426,0.5000000000015001,1.0,1748,249
nslkdd,0.8,R2L,rf,6021,0,0.5,0.959731543624161,0.016891891891891893,0.9428396517322691,-0.009731543624161065,0.9331081081081081,0.9428396517322691,0.5,0.9428396517322691,0.0033783783783783786,0.9831081081081081,0.5000000000025464,1.0,149,296
nslkdd,0.8,Normal,rf,6021,1,0.5,0.9984159984159984,0.9702380952380952,0.02817790317790314,-0.04841599841599842,-0.020238095238095277,0.02817790317790314,0.5,0.02817790317790314,0.010438322938322937,0.029761904761904767,0.0,1.0,10101,1008
nslkdd,0.8,DoS,rf,6021,1,0.5,0.9995645231528524,0.245136186770428,0.7544283363824243,-0.049564523152852424,0.7048638132295719,0.7544283363824243,0.5,0.7544283363824243,0.07434661057619443,0.754863813229572,0.5000000132718951,1.0,6889,771
nslkdd,0.8,Probe,rf,6021,1,0.5,0.9982837528604119,0.6532258064516129,0.34505794640879905,-0.04828375286041198,0.2967741935483871,0.34505794640879905,0.5,0.34505794640879905,0.2523713737358825,0.3467741935483871,0.5000000000015001,1.0,1748,248
nslkdd,0.8,R2L,rf,6021,1,0.5,0.959731543624161,0.030303030303030304,0.9294285133211307,-0.009731543624161065,0.9196969696969697,0.9294285133211307,0.5,0.9294285133211307,2.2597338033579495e-05,0.9696969696969697,0.5000000000025464,1.0,149,297
nslkdd,0.8,Normal,rf,6021,2,0.5,0.9984159984159984,0.9632936507936508,0.03512234762234756,-0.04841599841599842,-0.013293650793650857,0.03512234762234756,0.5,0.03512234762234756,0.01489126489126489,0.03670634920634919,0.0,1.0,10101,1008
nslkdd,0.8,DoS,rf,6021,2,0.5,0.9995645231528524,0.251621271076524,0.7479432520763284,-0.049564523152852424,0.698378728923476,0.7479432520763284,0.5,0.7479432520763284,0.0726141168678276,0.748378728923476,0.5000000132718951,1.0,6889,771
nslkdd,0.8,Probe,rf,6021,2,0.5,0.9982837528604119,0.48,0.518283752860412,-0.04828375286041198,0.47,0.518283752860412,0.5,0.518283752860412,0.27654004576659036,0.52,0.5000000000015001,1.0,1748,250
nslkdd,0.8,R2L,rf,6021,2,0.5,0.959731543624161,0.020202020202020204,0.9395295234221408,-0.009731543624161065,0.9297979797979797,0.9395295234221408,0.5,0.9395295234221408,-0.0,0.9797979797979798,0.5000000000025464,1.0,149,297
nslkdd,0.8,Normal,rf,6021,3,0.5,0.9984159984159984,0.9742063492063492,0.024209649209649187,-0.04841599841599842,-0.02420634920634923,0.024209649209649187,0.5,0.024209649209649187,0.007744695244695244,0.025793650793650813,0.0,1.0,10101,1008
nslkdd,0.8,DoS,rf,6021,3,0.5,0.9995645231528524,0.23575129533678757,0.7638132278160648,-0.049564523152852424,0.7142487046632124,0.7638132278160648,0.5,0.7638132278160648,0.061294118354935444,0.7642487046632125,0.5000000132718951,1.0,6889,772
nslkdd,0.8,Probe,rf,6021,3,0.5,0.9982837528604119,0.5943775100401606,0.40390624282025134,-0.04828375286041198,0.35562248995983936,0.40390624282025134,0.5,0.40390624282025134,0.20312600516482407,0.4056224899598394,0.5000000000015001,1.0,1748,249
nslkdd,0.8,R2L,rf,6021,3,0.5,0.959731543624161,0.013468013468013467,0.9462635301561475,-0.009731543624161065,0.9365319865319864,0.9462635301561475,0.5,0.9462635301561475,-0.0,0.9865319865319865,0.5000000000025464,1.0,149,297
nslkdd,0.8,Normal,rf,6021,4,0.5,0.9984159984159984,0.9712301587301587,0.027185839685839652,-0.04841599841599842,-0.021230158730158766,0.027185839685839652,0.5,0.027185839685839652,0.014406576906576905,0.02876984126984128,0.0,1.0,10101,1008
nslkdd,0.8,DoS,rf,6021,4,0.5,0.9995645231528524,0.23346303501945526,0.7661014881333972,-0.049564523152852424,0.7165369649805446,0.7661014881333972,0.5,0.7661014881333972,0.056914169264371726,0.7665369649805447,0.5000000132718951,1.0,6889,771
nslkdd,0.8,Probe,rf,6021,4,0.5,0.9982837528604119,0.452,0.5462837528604119,-0.04828375286041198,0.49799999999999994,0.5462837528604119,0.5,0.5462837528604119,0.2422745995423341,0.548,0.5000000000015001,1.0,1748,250
nslkdd,0.8,R2L,rf,6021,4,0.5,0.959731543624161,0.013468013468013467,0.9462635301561475,-0.009731543624161065,0.9365319865319864,0.9529749395521208,0.9671153761446476,0.9529749395521208,0.003367003367003367,0.9865319865319865,0.5000000000025464,0.9929574125011855,149,297
nslkdd,0.8,Normal,rf,6021,5,0.5,0.9984159984159984,0.9732142857142857,0.025201712701712675,-0.04841599841599842,-0.023214285714285743,0.025201712701712675,0.5,0.025201712701712675,0.003978566478566478,0.0267857142857143,0.0,1.0,10101,1008
nslkdd,0.8,DoS,rf,6021,5,0.5,0.9995645231528524,0.23346303501945526,0.7661014881333972,-0.049564523152852424,0.7165369649805446,0.7661014881333972,0.5,0.7661014881333972,0.05834693139441644,0.7665369649805447,0.5000000132718951,1.0,6889,771
nslkdd,0.8,Probe,rf,6021,5,0.5,0.9982837528604119,0.4779116465863454,0.5203721062740665,-0.04828375286041198,0.47208835341365457,0.5203721062740665,0.5,0.5203721062740665,0.2794312260483582,0.5220883534136547,0.5000000000015001,1.0,1748,249
nslkdd,0.8,R2L,rf,6021,5,0.5,0.959731543624161,0.013513513513513514,0.9462180301106475,-0.009731543624161065,0.9364864864864865,0.9462180301106475,0.5,0.9462180301106475,-0.0,0.9864864864864865,0.5000000000025464,1.0,149,296
nslkdd,0.8,Normal,rf,6021,6,0.5,0.9984159984159984,0.9712301587301587,0.027185839685839652,-0.04841599841599842,-0.021230158730158766,0.027185839685839652,0.5,0.027185839685839652,0.003978566478566478,0.02876984126984128,0.0,1.0,10101,1008
nslkdd,0.8,DoS,rf,6021,6,0.5,0.9995645231528524,0.23575129533678757,0.7638132278160648,-0.049564523152852424,0.7142487046632124,0.7638132278160648,0.5,0.7638132278160648,0.062153978295352574,0.7642487046632125,0.5000000132718951,1.0,6889,772
nslkdd,0.8,Probe,rf,6021,6,0.5,0.9982837528604119,0.5903614457831325,0.4079223070772794,-0.04828375286041198,0.3596385542168674,0.4079223070772794,0.5,0.4079223070772794,0.19454476946688357,0.40963855421686746,0.4999999790933395,1.0,1748,249
nslkdd,0.8,R2L,rf,6021,6,0.5,0.959731543624161,0.020202020202020204,0.9395295234221408,-0.009731543624161065,0.9297979797979797,0.9395295234221408,0.5,0.9395295234221408,2.2597338033579495e-05,0.9797979797979798,0.5000000000025464,1.0,149,297
nslkdd,0.8,Normal,rf,6021,7,0.5,0.9984159984159984,0.9632936507936508,0.03512234762234756,-0.04841599841599842,-0.013293650793650857,0.03512234762234756,0.5,0.03512234762234756,0.015398640398640397,0.03670634920634919,0.0,1.0,10101,1008
nslkdd,0.8,DoS,rf,6021,7,0.5,0.9995645231528524,0.25777202072538863,0.7417925024274638,-0.049564523152852424,0.6922279792746113,0.7417925024274638,0.5,0.7417925024274638,0.07064070001210912,0.7422279792746114,0.5000000132718951,1.0,6889,772
nslkdd,0.8,Probe,rf,6021,7,0.5,0.9982837528604119,0.62,0.37828375286041194,-0.04828375286041198,0.32999999999999996,0.37828375286041194,0.5,0.37828375286041194,0.2216933638443936,0.38,0.5000000000015001,1.0,1748,250
nslkdd,0.8,R2L,rf,6021,7,0.5,0.959731543624161,0.006734006734006734,0.9529975368901543,-0.009731543624161065,0.9432659932659933,0.9529975368901543,0.5,0.9529975368901543,-0.0,0.9932659932659933,0.5000000000025464,1.0,149,297
nslkdd,0.8,Normal,rf,6021,8,0.5,0.9984159984159984,0.9791666666666666,0.019249331749331744,-0.04841599841599842,-0.029166666666666674,0.01964326964326968,0.9645887315273285,0.01964326964326968,0.011915074415074414,0.02083333333333337,0.0,0.9799454010919761,10101,1008
nslkdd,0.8,DoS,rf,6021,8,0.5,0.9995645231528524,0.25614489003880986,0.7434196331140426,-0.049564523152852424,0.69385510996119,0.7434196331140426,0.5,0.7434196331140426,0.06840610779281968,0.7438551099611901,0.5000000132718951,1.0,6889,773
nslkdd,0.8,Probe,rf,6021,8,0.5,0.9982837528604119,0.5943775100401606,0.40390624282025134,-0.04828375286041198,0.35562248995983936,0.40390624282025134,0.5,0.40390624282025134,0.20082618804738403,0.4056224899598394,0.5000000000015001,1.0,1748,249
nslkdd,0.8,R2L,rf,6021,8,0.5,0.959731543624161,0.02356902356902357,0.9361625200551374,-0.009731543624161065,0.9264309764309764,0.9361625200551374,0.5,0.9361625200551374,-0.0,0.9764309764309764,0.5000000000025464,1.0,149,297
nslkdd,0.8,Normal,rf,6021,9,0.5,0.9984159984159984,0.9742063492063492,0.024209649209649187,-0.04841599841599842,-0.02420634920634923,0.024209649209649187,0.5,0.024209649209649187,0.006954756954756954,0.025793650793650813,0.0,1.0,10101,1008
nslkdd,0.8,DoS,rf,6021,9,0.5,0.9995645231528524,0.24481865284974094,0.7547458703031115,-0.049564523152852424,0.705181347150259,0.7547458703031115,0.5,0.7547458703031115,0.07193603679967389,0.7551813471502591,0.5000000132718951,1.0,6889,772
nslkdd,0.8,Probe,rf,6021,9,0.5,0.9982837528604119,0.496,0.5022837528604119,-0.04828375286041198,0.45399999999999996,0.5022837528604119,0.5,0.5022837528604119,0.2948512585812357,0.504,0.5000000000015001,1.0,1748,250
nslkdd,0.8,R2L,rf,6021,9,0.5,0.959731543624161,0.016835016835016835,0.9428965267891442,-0.009731543624161065,0.9331649831649831,0.9428965267891442,0.5,0.9428965267891442,-0.0,0.9831649831649831,0.5000000000025464,1.0,149,297
nslkdd,0.8,Normal,rf,6021,10,0.5,0.9984159984159984,0.9682539682539683,0.030162030162030118,-0.04841599841599842,-0.0182539682539683,0.030162030162030118,0.5,0.030162030162030118,0.008938883938883938,0.031746031746031744,0.0,1.0,10101,1008
nslkdd,0.8,DoS,rf,6021,10,0.5,0.9995645231528524,0.24254215304798962,0.7570223701048627,-0.049564523152852424,0.7074578469520103,0.7570223701048627,0.5,0.7570223701048627,0.0629543630430964,0.7574578469520103,0.5000000132718951,1.0,6889,771
nslkdd,0.8,Probe,rf,6021,10,0.5,0.9982837528604119,0.5896414342629482,0.4086423185974637,-0.04828375286041198,0.3603585657370517,0.4086423185974637,0.5,0.4086423185974637,0.21162489629582357,0.41035856573705176,0.5000000000015001,1.0,1748,251
nslkdd,0.8,R2L,rf,6021,10,0.5,0.959731543624161,0.006734006734006734,0.9529975368901543,-0.009731543624161065,0.9432659932659933,0.9563419429191242,0.9671153761446476,0.9563419429191242,-0.0,0.9932659932659933,0.5000000000025464,0.996502918173011,149,297
nslkdd,0.8,Normal,rf,6021,11,0.5,0.9984159984159984,0.9732142857142857,0.025201712701712675,-0.04841599841599842,-0.023214285714285743,0.025201712701712675,0.5,0.025201712701712675,0.015398640398640397,0.0267857142857143,0.0,1.0,10101,1008
nslkdd,0.8,DoS,rf,6021,11,0.5,0.9995645231528524,0.26002587322121606,0.7395386499316363,-0.049564523152852424,0.6899741267787839,0.7395386499316363,0.5,0.7395386499316363,0.07285495729078192,0.7399741267787839,0.5000000132718951,1.0,6889,773
nslkdd,0.8,Probe,rf,6021,11,0.5,0.9982837528604119,0.484,0.514283752860412,-0.04828375286041198,0.46599999999999997,0.514283752860412,0.5,0.514283752860412,0.2742745995423341,0.516,0.5000000000015885,1.0,1748,250
nslkdd,0.8,R2L,rf,6021,11,0.5,0.959731543624161,0.016835016835016835,0.9428965267891442,-0.009731543624161065,0.9331649831649831,0.9428965267891442,0.5,0.9428965267891442,-0.0,0.9831649831649831,0.5000000000025464,1.0,149,297
nslkdd,0.8,Normal,rf,6021,12,0.5,0.9984159984159984,0.9682539682539683,0.030162030162030118,-0.04841599841599842,-0.0182539682539683,0.030162030162030118,0.5,0.030162030162030118,0.006954756954756954,0.031746031746031744,0.0,1.0,10101,1008
nslkdd,0.8,DoS,rf,6021,12,0.5,0.9995645231528524,0.25551232166018156,0.7440522014926708,-0.049564523152852424,0.6944876783398184,0.7440522014926708,0.5,0.7440522014926708,0.07247837159900207,0.7444876783398184,0.5000000132718951,1.0,6889,771
nslkdd,0.8,Probe,rf,6021,12,0.5,0.9982837528604119,0.472,0.526283752860412,-0.04828375286041198,0.478,0.526283752860412,0.5,0.526283752860412,0.26342334096109843,0.528,0.5000000000015612,1.0,1748,250
nslkdd,0.8,R2L,rf,6021,12,0.5,0.959731543624161,0.020202020202020204,0.9395295234221408,-0.009731543624161065,0.9297979797979797,0.9462409328181141,0.9671153761446476,0.9462409328181141,-0.0,0.9797979797979798,0.5000000000025464,0.9929072933084968,149,297
nslkdd,0.8,Normal,rf,6021,13,0.5,0.9984159984159984,0.9742063492063492,0.024209649209649187,-0.04841599841599842,-0.02420634920634923,0.024209649209649187,0.5,0.024209649209649187,0.013899201399201398,0.025793650793650813,0.0,1.0,10101,1008
nslkdd,0.8,DoS,rf,6021,13,0.5,0.9995645231528524,0.24481865284974094,0.7547458703031115,-0.049564523152852424,0.705181347150259,0.7547458703031115,0.5,0.7547458703031115,0.06849659703800531,0.7551813471502591,0.5000000132718951,1.0,6889,772
nslkdd,0.8,Probe,rf,6021,13,0.5,0.9982837528604119,0.4979919678714859,0.500291784988926,-0.04828375286041198,0.45200803212851404,0.500291784988926,0.5,0.500291784988926,0.29093031163555827,0.5020080321285141,0.5000000000015885,1.0,1748,249
nslkdd,0.8,R2L,rf,6021,13,0.5,0.959731543624161,0.02027027027027027,0.9394612733538907,-0.009731543624161065,0.9297297297297297,0.9394612733538907,0.5,0.9394612733538907,0.0033783783783783786,0.9797297297297297,0.5000000000025464,1.0,149,296
nslkdd,0.8,Normal,rf,6021,14,0.5,0.9984159984159984,0.9761904761904762,0.02222552222552221,-0.04841599841599842,-0.02619047619047621,0.02222552222552221,0.5,0.02222552222552221,0.012504950004950005,0.023809523809523836,0.0,1.0,10101,1008
nslkdd,0.8,DoS,rf,6021,14,0.5,0.9995645231528524,0.2445019404915912,0.7550625826612611,-0.049564523152852424,0.7054980595084087,0.7550625826612611,0.5,0.7550625826612611,0.06250566880436537,0.7554980595084088,0.5000000132718951,1.0,6889,773
nslkdd,0.8,Probe,rf,6021,14,0.5,0.9982837528604119,0.576,0.422283752860412,-0.04828375286041198,0.374,0.422283752860412,0.5,0.422283752860412,0.19999084668192219,0.42400000000000004,0.5000000000015001,1.0,1748,250
nslkdd,0.8,R2L,rf,6021,14,0.5,0.959731543624161,0.010135135135135136,0.9495964084890259,-0.009731543624161065,0.9398648648648649,0.9495964084890259,0.5,0.9495964084890259,-0.0,0.9898648648648649,0.5000000000025464,1.0,149,296
nslkdd,0.8,Normal,rf,6021,15,0.5,0.9984159984159984,0.9732142857142857,0.025201712701712675,-0.04841599841599842,-0.023214285714285743,0.025201712701712675,0.5,0.025201712701712675,0.00993094743094743,0.0267857142857143,0.0,1.0,10101,1008
nslkdd,0.8,DoS,rf,6021,15,0.5,0.9995645231528524,0.24025974025974026,0.7593047828931121,-0.049564523152852424,0.7097402597402597,0.7593047828931121,0.5,0.7593047828931121,0.0718485897902359,0.7597402597402597,0.5000000132718951,1.0,6889,770
nslkdd,0.8,Probe,rf,6021,15,0.5,0.9982837528604119,0.468,0.5302837528604118,-0.04828375286041198,0.48199999999999993,0.5302837528604118,0.5,0.5302837528604118,0.2605491990846682,0.532,0.5000000000015612,1.0,1748,250
nslkdd,0.8,R2L,rf,6021,15,0.5,0.959731543624161,0.013468013468013467,0.9462635301561475,-0.009731543624161065,0.9365319865319864,0.9462635301561475,0.5,0.9462635301561475,0.003367003367003367,0.9865319865319865,0.5000000000025464,1.0,149,297
nslkdd,0.8,Normal,rf,6021,16,0.5,0.9984159984159984,0.9692460317460317,0.02916996666996663,-0.04841599841599842,-0.01924603174603179,0.02916996666996663,0.5,0.02916996666996663,0.011915074415074414,0.030753968253968256,0.0,1.0,10101,1008
nslkdd,0.8,DoS,rf,6021,16,0.5,0.9995645231528524,0.25097024579560157,0.7485942773572508,-0.049564523152852424,0.6990297542043984,0.7485942773572508,0.5,0.7485942773572508,0.07099342991442381,0.7490297542043984,0.5000000132718951,1.0,6889,773
nslkdd,0.8,Probe,rf,6021,16,0.5,0.9982837528604119,0.652,0.3462837528604119,-0.04828375286041198,0.29799999999999993,0.3462837528604119,0.5,0.3462837528604119,0.23542334096109838,0.348,0.5000000000015001,1.0,1748,250
nslkdd,0.8,R2L,rf,6021,16,0.5,0.959731543624161,0.02702702702702703,0.9327045165971339,-0.009731543624161065,0.922972972972973,0.9360375476147289,0.9671153761446476,0.9360375476147289,-0.0,0.972972972972973,0.5000000000025464,0.9964392122665502,149,296
nslkdd,0.8,Normal,rf,6021,17,0.5,0.9984159984159984,0.9702380952380952,0.02817790317790314,-0.04841599841599842,-0.020238095238095277,0.02817790317790314,0.5,0.02817790317790314,0.012907137907137906,0.029761904761904767,0.0,1.0,10101,1008
nslkdd,0.8,DoS,rf,6021,17,0.5,0.9995645231528524,0.25259067357512954,0.7469738495777228,-0.049564523152852424,0.6974093264248704,0.7469738495777228,0.5,0.7469738495777228,0.08835103194474633,0.7474093264248705,0.5000000169389609,1.0,6889,772
nslkdd,0.8,Probe,rf,6021,17,0.5,0.9982837528604119,0.472,0.526283752860412,-0.04828375286041198,0.478,0.526283752860412,0.5,0.526283752860412,0.2662745995423341,0.528,0.5000000000015001,1.0,1748,250
nslkdd,0.8,R2L,rf,6021,17,0.5,0.959731543624161,0.040268456375838924,0.919463087248322,-0.009731543624161065,0.9097315436241611,0.9194630872483222,0.9671153761446476,0.9194630872483222,-0.0,0.9597315436241611,0.5000000000025464,0.9999999999999999,149,298
nslkdd,0.8,Normal,rf,6021,18,0.5,0.9984159984159984,0.9642857142857143,0.03413028413028407,-0.04841599841599842,-0.014285714285714346,0.03413028413028407,0.5,0.03413028413028407,0.012907137907137906,0.0357142857142857,0.0,1.0,10101,1008
nslkdd,0.8,DoS,rf,6021,18,0.5,0.9995645231528524,0.2438391699092088,0.7557253532436435,-0.049564523152852424,0.7061608300907911,0.7557253532436435,0.5,0.7557253532436435,0.060360329320658,0.7561608300907912,0.5000000132718951,1.0,6889,771
nslkdd,0.8,Probe,rf,6021,18,0.5,0.9982837528604119,0.5983935742971888,0.3998901785632232,-0.04828375286041198,0.3516064257028112,0.3998901785632232,0.5,0.3998901785632232,0.22778298548886622,0.40160642570281124,0.5000000000015168,1.0,1748,249
nslkdd,0.8,R2L,rf,6021,18,0.5,0.959731543624161,0.020134228187919462,0.9395973154362416,-0.009731543624161065,0.9298657718120805,0.9429530201342282,0.9985680944519117,0.9429530201342282,-0.0,0.9798657718120806,0.5000000000025464,0.9964412811387899,149,298
nslkdd,0.8,Normal,rf,6021,19,0.5,0.9984159984159984,0.9751984126984127,0.023217585717585698,-0.04841599841599842,-0.02519841269841272,0.023217585717585698,0.5,0.023217585717585698,0.01072088572088572,0.024801587301587324,0.0,1.0,10101,1008
nslkdd,0.8,DoS,rf,6021,19,0.5,0.9995645231528524,0.24093264248704663,0.7586318806658058,-0.049564523152852424,0.7090673575129534,0.7586318806658058,0.5,0.7586318806658058,0.06461058667531101,0.7590673575129534,0.5000000132718951,1.0,6889,772
nslkdd,0.8,Probe,rf,6021,19,0.5,0.9982837528604119,0.616,0.38228375286041194,-0.04828375286041198,0.33399999999999996,0.38228375286041194,0.5,0.38228375286041194,0.2102745995423341,0.384,0.5000000000015001,1.0,1748,250
nslkdd,0.8,R2L,rf,6021,19,0.5,0.959731543624161,0.010101010101010102,0.949630533523151,-0.009731543624161065,0.9398989898989899,0.9529749395521208,0.9671153761446476,0.9529749395521208,-0.0,0.98989898989899,0.5000000000025464,0.9964905624585033,149,297
nslkdd,0.8,Normal,rf,7,0,0.5,0.9983169983169983,0.9702380952380952,0.02807890307890304,-0.048316998316998316,-0.020238095238095277,0.028375903375903344,0.7693072557449341,0.028375903375903344,0.014295201795201794,0.029761904761904767,0.0,0.9895333624073264,10101,1008
nslkdd,0.8,DoS,rf,7,0,0.5,0.9995645231528524,0.24611398963730569,0.7534505335155467,-0.049564523152852424,0.7038860103626943,0.7534505335155467,0.5,0.7534505335155467,0.07165681265545358,0.7538860103626943,0.5000000223522254,1.0,6889,772
nslkdd,0.8,Probe,rf,7,0,0.5,0.9977116704805492,0.606425702811245,0.39128596766930424,-0.04771167048054925,0.343574297188755,0.39128596766930424,0.5,0.39128596766930424,0.251936809020981,0.39357429718875503,0.5000000000015912,1.0,1748,249
nslkdd,0.8,R2L,rf,7,0,0.5,0.959731543624161,0.010135135135135136,0.9495964084890259,-0.009731543624161065,0.9398648648648649,0.9562624705242155,0.926732063293457,0.9562624705242155,0.0033783783783783786,0.9898648648648649,0.5000000223531926,0.9930290456431535,149,296
nslkdd,0.8,Normal,rf,7,1,0.5,0.9983169983169983,0.9702380952380952,0.02807890307890304,-0.048316998316998316,-0.020238095238095277,0.02807890307890304,0.5,0.02807890307890304,0.012428637428637427,0.029761904761904767,0.0,1.0,10101,1008
nslkdd,0.8,DoS,rf,7,1,0.5,0.9995645231528524,0.23086900129701687,0.7686955218558356,-0.049564523152852424,0.719130998702983,0.7688406808048847,0.7658298313617706,0.7688406808048847,0.06109553774612773,0.7691309987029831,0.5000000223522254,0.9998111976217269,6889,771
nslkdd,0.8,Probe,rf,7,1,0.5,0.9977116704805492,0.6209677419354839,0.37674392854506533,-0.04771167048054925,0.3290322580645161,0.37674392854506533,0.5,0.37674392854506533,0.2651509559312025,0.3790322580645161,0.5000000000015001,1.0,1748,248
nslkdd,0.8,R2L,rf,7,1,0.5,0.959731543624161,0.026936026936026935,0.9327955166881341,-0.009731543624161065,0.923063973063973,0.9428513321130771,0.926732063293457,0.9428513321130771,0.0034121980430705263,0.9730639730639731,0.5000000223531926,0.9893346754865304,149,297
nslkdd,0.8,Normal,rf,7,2,0.5,0.9983169983169983,0.9632936507936508,0.03502334752334746,-0.048316998316998316,-0.013293650793650857,0.035320347820347764,0.7693072557449341,0.035320347820347764,0.023223773223773222,0.03670634920634919,0.0,0.9915912408759122,10101,1008
nslkdd,0.8,DoS,rf,7,2,0.5,0.9995645231528524,0.23346303501945526,0.7661014881333972,-0.049564523152852424,0.7165369649805446,0.7662466470824463,0.7658298313617706,0.7662466470824463,0.05517226187578122,0.7665369649805447,0.5000000223522254,0.999810558454511,6889,771
nslkdd,0.8,Probe,rf,7,2,0.5,0.9977116704805492,0.444,0.5537116704805491,-0.04771167048054925,0.506,0.5537116704805491,0.5,0.5537116704805491,0.2359954233409611,0.556,0.5000000000015912,1.0,1748,250
nslkdd,0.8,R2L,rf,7,2,0.5,0.959731543624161,0.016835016835016835,0.9428965267891442,-0.009731543624161065,0.9331649831649831,0.9529523422140872,0.926732063293457,0.9529523422140872,0.003367003367003367,0.9831649831649831,0.5000000223531926,0.98944772473975,149,297
nslkdd,0.8,Normal,rf,7,3,0.5,0.9983169983169983,0.9761904761904762,0.022126522126522108,-0.048316998316998316,-0.02619047619047621,0.022423522423522413,0.7693072557449341,0.022423522423522413,0.016279328779328778,0.023809523809523836,0.0,0.9867549668874168,10101,1008
nslkdd,0.8,DoS,rf,7,3,0.5,0.9995645231528524,0.23056994818652848,0.7689945749663238,-0.049564523152852424,0.7194300518134715,0.7689945749663238,0.5,0.7689945749663238,0.057408107992241136,0.7694300518134716,0.5000000223522254,1.0,6889,772
nslkdd,0.8,Probe,rf,7,3,0.5,0.9977116704805492,0.5823293172690763,0.4153823532114729,-0.04771167048054925,0.3676706827309236,0.4153823532114729,0.5,0.4153823532114729,0.22784042347881225,0.41767068273092367,0.5000000000015663,1.0,1748,249
nslkdd,0.8,R2L,rf,7,3,0.5,0.959731543624161,0.013468013468013467,0.9462635301561475,-0.009731543624161065,0.9365319865319864,0.9596863489480939,0.926732063293457,0.9596863489480939,-0.0,0.9865319865319865,0.5000000223531926,0.9860133273681979,149,297
nslkdd,0.8,Normal,rf,7,4,0.5,0.9983169983169983,0.9742063492063492,0.024110649110649085,-0.048316998316998316,-0.02420634920634923,0.026317526317526315,0.4985581040382385,0.02440764940764939,0.026317526317526315,0.025793650793650813,0.0,0.9161442006269583,10101,1008
nslkdd,0.8,DoS,rf,7,4,0.5,0.9995645231528524,0.22957198443579765,0.7699925387170548,-0.049564523152852424,0.7204280155642023,0.7699925387170548,0.5,0.7699925387170548,0.05461045344003175,0.7704280155642024,0.5000000149020072,1.0,6889,771
nslkdd,0.8,Probe,rf,7,4,0.5,0.9977116704805492,0.44,0.5577116704805491,-0.04771167048054925,0.51,0.5577116704805491,0.5,0.5577116704805491,0.2308283752860412,0.56,0.5000000000017499,1.0,1748,250
nslkdd,0.8,R2L,rf,7,4,0.5,0.959731543624161,0.013468013468013467,0.9462635301561475,-0.009731543624161065,0.9365319865319864,0.9630307549770637,0.998315334552899,0.9630307549770637,0.003367003367003367,0.9865319865319865,0.5000000223531926,0.982589107633104,149,297
nslkdd,0.8,Normal,rf,7,5,0.5,0.9983169983169983,0.9751984126984127,0.023118585618585596,-0.048316998316998316,-0.02519841269841272,0.023514586014586003,0.7777778059244156,0.023514586014586003,0.014295201795201794,0.024801587301587324,0.0,0.9831593719849131,10101,1008
nslkdd,0.8,DoS,rf,7,5,0.5,0.9995645231528524,0.2191958495460441,0.7803686736068083,-0.049564523152852424,0.7308041504539559,0.7805138325558575,0.7658298313617706,0.7805138325558575,0.045812239629372115,0.7808041504539559,0.5000000223522254,0.9998140212985414,6889,771
nslkdd,0.8,Probe,rf,7,5,0.5,0.9977116704805492,0.4738955823293173,0.5238160881512319,-0.04771167048054925,0.4761044176706827,0.5238160881512319,0.5,0.5238160881512319,0.2840653230772059,0.5261044176706827,0.500000000001541,1.0,1748,249
nslkdd,0.8,R2L,rf,7,5,0.5,0.959731543624161,0.010135135135135136,0.9495964084890259,-0.009731543624161065,0.9398648648648649,0.9596408489025939,0.926732063293457,0.9596408489025939,-0.0,0.9898648648648649,0.5000000223531926,0.9895331254134769,149,296
nslkdd,0.8,Normal,rf,7,6,0.5,0.9983169983169983,0.9722222222222222,0.026094776094776062,-0.048316998316998316,-0.022222222222222254,0.026193776193776164,0.625269204378128,0.026193776193776164,0.018263455763455762,0.02777777777777779,0.0,0.9962204724409448,10101,1008
nslkdd,0.8,DoS,rf,7,6,0.5,0.9995645231528524,0.23056994818652848,0.7689945749663238,-0.049564523152852424,0.7194300518134715,0.7691397339153732,0.7658298313617706,0.7691397339153732,0.056391995348896676,0.7694300518134716,0.5000000223522254,0.9998112710309343,6889,772
nslkdd,0.8,Probe,rf,7,6,0.5,0.9977116704805492,0.5783132530120482,0.41939841746850104,-0.04771167048054925,0.3716867469879518,0.41939841746850104,0.5,0.41939841746850104,0.19972797367961548,0.42168674698795183,0.5000000000015912,1.0,1748,249
nslkdd,0.8,R2L,rf,7,6,0.5,0.959731543624161,0.016835016835016835,0.9428965267891442,-0.009731543624161065,0.9331649831649831,0.9563193455810906,0.926732063293457,0.9563193455810906,0.003367003367003367,0.9831649831649831,0.5000000223531926,0.9859640831758033,149,297
nslkdd,0.8,Normal,rf,7,7,0.5,0.9983169983169983,0.9632936507936508,0.03502334752334746,-0.048316998316998316,-0.013293650793650857,0.03512234762234756,0.625269204378128,0.03512234762234756,0.020247582747582746,0.03670634920634919,0.0,0.9971812789946561,10101,1008
nslkdd,0.8,DoS,rf,7,7,0.5,0.9995645231528524,0.24093264248704663,0.7586318806658058,-0.049564523152852424,0.7090673575129534,0.758777039614855,0.7658298313617706,0.758777039614855,0.05380132177376715,0.7590673575129534,0.5000000223522254,0.9998086935404333,6889,772
nslkdd,0.8,Probe,rf,7,7,0.5,0.9977116704805492,0.588,0.40971167048054924,-0.04771167048054925,0.362,0.40971167048054924,0.5,0.40971167048054924,0.2388283752860412,0.41200000000000003,0.5000000000015912,1.0,1748,250
nslkdd,0.8,R2L,rf,7,7,0.5,0.959731543624161,0.006734006734006734,0.9529975368901543,-0.009731543624161065,0.9432659932659933,0.9630533523150974,0.926732063293457,0.9630533523150974,-0.0,0.9932659932659933,0.5000000223531926,0.9895584025529118,149,297
nslkdd,0.8,Normal,rf,7,8,0.5,0.9983169983169983,0.9781746031746031,0.02014239514239513,-0.048316998316998316,-0.028174603174603186,0.02014239514239513,0.5,0.02014239514239513,0.014295201795201794,0.02182539682539686,0.0,1.0,10101,1008
nslkdd,0.8,DoS,rf,7,8,0.5,0.9995645231528524,0.24579560155239327,0.753768921600459,-0.049564523152852424,0.7042043984476067,0.7539140805495084,0.7658298313617706,0.7539140805495084,0.05834713720450154,0.7542043984476068,0.5000000223522254,0.9998074595596577,6889,773
nslkdd,0.8,Probe,rf,7,8,0.5,0.9977116704805492,0.5823293172690763,0.4153823532114729,-0.04771167048054925,0.3676706827309236,0.4153823532114729,0.5,0.4153823532114729,0.21177616645069983,0.41767068273092367,0.5000000000015288,1.0,1748,249
nslkdd,0.8,R2L,rf,7,8,0.5,0.959731543624161,0.026936026936026935,0.9327955166881341,-0.009731543624161065,0.923063973063973,0.9462183354800805,0.926732063293457,0.9462183354800805,0.016835016835016835,0.9730639730639731,0.500000000002548,0.9858142478446731,149,297
nslkdd,0.8,Normal,rf,7,9,0.5,0.9983169983169983,0.9761904761904762,0.022126522126522108,-0.048316998316998316,-0.02619047619047621,0.022720522720522718,0.833333358168602,0.022720522720522718,0.01231107481107481,0.023809523809523836,0.0,0.9738562091503261,10101,1008
nslkdd,0.8,DoS,rf,7,9,0.5,0.9995645231528524,0.2266839378238342,0.7728805853290182,-0.049564523152852424,0.7233160621761657,0.7728805853290182,0.5,0.7728805853290182,0.05481743441711161,0.7733160621761658,0.5000000223522254,1.0,6889,772
nslkdd,0.8,Probe,rf,7,9,0.5,0.9977116704805492,0.452,0.5457116704805491,-0.04771167048054925,0.49799999999999994,0.5457116704805491,0.5,0.5457116704805491,0.2485629290617849,0.548,0.5000000000016784,1.0,1748,250
nslkdd,0.8,R2L,rf,7,9,0.5,0.959731543624161,0.016835016835016835,0.9428965267891442,-0.009731543624161065,0.9331649831649831,0.9563193455810906,0.926732063293457,0.9563193455810906,0.003367003367003367,0.9831649831649831,0.500000000002548,0.9859640831758033,149,297
nslkdd,0.8,Normal,rf,7,10,0.5,0.9983169983169983,0.9672619047619048,0.031055093555093505,-0.048316998316998316,-0.01726190476190481,0.031055093555093505,0.5,0.031055093555093505,0.009334884334884334,0.03273809523809523,0.0,1.0,10101,1008
nslkdd,0.8,DoS,rf,7,10,0.5,0.9995645231528524,0.23086900129701687,0.7686955218558356,-0.049564523152852424,0.719130998702983,0.7686955218558356,0.5,0.7686955218558356,0.05071940285637416,0.7691309987029831,0.5000000223522254,1.0,6889,771
nslkdd,0.8,Probe,rf,7,10,0.5,0.9977116704805492,0.5657370517928287,0.43197461868772047,-0.04771167048054925,0.3842629482071712,0.43197461868772047,0.5,0.43197461868772047,0.21785626373225633,0.43426294820717126,0.5000000000015143,1.0,1748,251
nslkdd,0.8,R2L,rf,7,10,0.5,0.959731543624161,0.003367003367003367,0.9563645402571577,-0.009731543624161065,0.9466329966329966,0.9697647617110705,0.998315334552899,0.9697647617110705,-0.0,0.9966329966329966,0.5000000223531926,0.9861819876500058,149,297
nslkdd,0.8,Normal,rf,7,11,0.5,0.9983169983169983,0.9751984126984127,0.023118585618585596,-0.048316998316998316,-0.02519841269841272,0.023514586014586003,0.7777778059244156,0.023514586014586003,0.017388954888954887,0.024801587301587324,0.0,0.9831593719849131,10101,1008
nslkdd,0.8,DoS,rf,7,11,0.5,0.9995645231528524,0.240620957309185,0.7589435658436674,-0.049564523152852424,0.709379042690815,0.7590887247927166,0.7658298313617706,0.7590887247927166,0.05502125085701055,0.759379042690815,0.5000000223522254,0.9998087720917093,6889,773
nslkdd,0.8,Probe,rf,7,11,0.5,0.9977116704805492,0.456,0.5417116704805491,-0.04771167048054925,0.49399999999999994,0.5417116704805491,0.5,0.5417116704805491,0.25082837528604124,0.544,0.5000000000015912,1.0,1748,250
nslkdd,0.8,R2L,rf,7,11,0.5,0.959731543624161,0.016835016835016835,0.9428965267891442,-0.009731543624161065,0.9331649831649831,0.9563193455810906,0.926732063293457,0.9563193455810906,0.003367003367003367,0.9831649831649831,0.5000000223531926,0.9859640831758033,149,297
nslkdd,0.8,Normal,rf,7,12,0.5,0.9983169983169983,0.9702380952380952,0.02807890307890304,-0.048316998316998316,-0.020238095238095277,0.028375903375903344,0.7693072557449341,0.028375903375903344,0.01838101838101838,0.029761904761904767,0.0,0.9895333624073264,10101,1008
nslkdd,0.8,DoS,rf,7,12,0.5,0.9995645231528524,0.23605706874189364,0.7635074544109588,-0.049564523152852424,0.7139429312581063,0.7636526133600079,0.7658298313617706,0.7636526133600079,0.05331343657881255,0.7639429312581063,0.5000000223522254,0.9998099149449506,6889,771
nslkdd,0.8,Probe,rf,7,12,0.5,0.9977116704805492,0.432,0.5657116704805492,-0.04771167048054925,0.518,0.5657116704805492,0.5,0.5657116704805492,0.2308283752860412,0.5680000000000001,0.5000000000015912,1.0,1748,250
nslkdd,0.8,R2L,rf,7,12,0.5,0.959731543624161,0.016835016835016835,0.9428965267891442,-0.009731543624161065,0.9331649831649831,0.9529523422140872,0.926732063293457,0.9529523422140872,-0.0,0.9831649831649831,0.500000000002548,0.98944772473975,149,297
nslkdd,0.8,Normal,rf,7,13,0.5,0.9983169983169983,0.9771825396825397,0.02113445863445862,-0.048316998316998316,-0.027182539682539697,0.021431458931458924,0.7693072557449341,0.021431458931458924,0.021239646239646238,0.022817460317460347,0.0,0.9861418535270904,10101,1008
nslkdd,0.8,DoS,rf,7,13,0.5,0.9995645231528524,0.22538860103626943,0.7741759221165829,-0.049564523152852424,0.7246113989637305,0.7743210810656321,0.7658298313617706,0.7743210810656321,0.048619974623508075,0.7746113989637305,0.5000000223522254,0.9998125339053802,6889,772
nslkdd,0.8,Probe,rf,7,13,0.5,0.9977116704805492,0.46987951807228917,0.5278321524082601,-0.04771167048054925,0.4801204819277108,0.5278321524082601,0.5,0.5278321524082601,0.2680010660490934,0.5301204819277108,0.5000000000015912,1.0,1748,249
nslkdd,0.8,R2L,rf,7,13,0.5,0.959731543624161,0.016891891891891893,0.9428396517322691,-0.009731543624161065,0.9331081081081081,0.9562624705242155,0.926732063293457,0.9562624705242155,0.010135135135135136,0.9831081081081081,0.5000000223531926,0.9859632483698872,149,296
nslkdd,0.8,Normal,rf,7,14,0.5,0.9983169983169983,0.9771825396825397,0.02113445863445862,-0.048316998316998316,-0.027182539682539697,0.02123345873345872,0.625269204378128,0.02123345873345872,0.018263455763455762,0.022817460317460347,0.0,0.9953375424963573,10101,1008
nslkdd,0.8,DoS,rf,7,14,0.5,0.9995645231528524,0.23285899094437257,0.7667055322084798,-0.049564523152852424,0.7171410090556274,0.7667055322084798,0.5,0.7667055322084798,0.053159723480652454,0.7671410090556274,0.5000000223522254,1.0,6889,773
nslkdd,0.8,Probe,rf,7,14,0.5,0.9977116704805492,0.572,0.42571167048054925,-0.04771167048054925,0.378,0.42571167048054925,0.5,0.42571167048054925,0.21882837528604118,0.42800000000000005,0.5000000000015001,1.0,1748,250
nslkdd,0.8,R2L,rf,7,14,0.5,0.959731543624161,0.010135135135135136,0.9495964084890259,-0.009731543624161065,0.9398648648648649,0.9630192272809723,0.926732063293457,0.9630192272809723,-0.0,0.9898648648648649,0.5000000223531926,0.9860617333364725,149,296
nslkdd,0.8,Normal,rf,7,15,0.5,0.9983169983169983,0.9742063492063492,0.024110649110649085,-0.048316998316998316,-0.02420634920634923,0.024704649704649695,0.833333358168602,0.024704649704649695,0.013303138303138302,0.025793650793650813,0.0,0.9759559191851722,10101,1008
nslkdd,0.8,DoS,rf,7,15,0.5,0.9995645231528524,0.22467532467532467,0.7748891984775277,-0.049564523152852424,0.7253246753246753,0.7750343574265769,0.7658298313617706,0.7750343574265769,0.05468288425176217,0.7753246753246753,0.5000000223522254,0.999812706433388,6889,770
nslkdd,0.8,Probe,rf,7,15,0.5,0.9977116704805492,0.444,0.5537116704805491,-0.04771167048054925,0.506,0.5537116704805491,0.5,0.5537116704805491,0.2388283752860412,0.556,0.5000000000015912,1.0,1748,250
nslkdd,0.8,R2L,rf,7,15,0.5,0.959731543624161,0.010101010101010102,0.949630533523151,-0.009731543624161065,0.9398989898989899,0.9630533523150974,0.926732063293457,0.9630533523150974,-0.0,0.98989898989899,0.500000000002548,0.9860622272279318,149,297
nslkdd,0.8,Normal,rf,7,16,0.5,0.9983169983169983,0.9692460317460317,0.029070966570966528,-0.048316998316998316,-0.01924603174603179,0.02916996666996663,0.625269204378128,0.02916996666996663,0.018263455763455762,0.030753968253968256,0.0,0.9966060948879303,10101,1008
nslkdd,0.8,DoS,rf,7,16,0.5,0.9995645231528524,0.240620957309185,0.7589435658436674,-0.049564523152852424,0.709379042690815,0.7590887247927166,0.7658298313617706,0.7590887247927166,0.06093445932610568,0.759379042690815,0.5000000223522254,0.9998087720917093,6889,773
nslkdd,0.8,Probe,rf,7,16,0.5,0.9977116704805492,0.64,0.3577116704805492,-0.04771167048054925,0.30999999999999994,0.3577116704805492,0.5,0.3577116704805492,0.2348283752860412,0.36,0.5000000000015912,1.0,1748,250
nslkdd,0.8,R2L,rf,7,16,0.5,0.959731543624161,0.02364864864864865,0.9360828949755123,-0.009731543624161065,0.9263513513513513,0.9461273353890804,0.926732063293457,0.9461273353890804,0.0034690730999455844,0.9763513513513513,0.5000000223531926,0.9893836273006134,149,296
nslkdd,0.8,Normal,rf,7,17,0.5,0.9983169983169983,0.9722222222222222,0.026094776094776062,-0.048316998316998316,-0.022222222222222254,0.026391776391776367,0.7693072557449341,0.026391776391776367,0.01727139227139227,0.02777777777777779,0.0,0.9887464832760234,10101,1008
nslkdd,0.8,DoS,rf,7,17,0.5,0.9995645231528524,0.2344559585492228,0.7651085646036295,-0.049564523152852424,0.7155440414507772,0.7652537235526788,0.7658298313617706,0.7652537235526788,0.06777080229275928,0.7655440414507773,0.5000000223522254,0.9998103126524163,6889,772
nslkdd,0.8,Probe,rf,7,17,0.5,0.9977116704805492,0.46,0.5377116704805491,-0.04771167048054925,0.48999999999999994,0.5377116704805491,0.5,0.5377116704805491,0.25082837528604124,0.54,0.5000000000015912,1.0,1748,250
nslkdd,0.8,R2L,rf,7,17,0.5,0.959731543624161,0.040268456375838924,0.919463087248322,-0.009731543624161065,0.9097315436241611,0.9328859060402686,0.926732063293457,0.9328859060402686,0.010067114093959731,0.9597315436241611,0.5000000223531926,0.9856115107913667,149,298
nslkdd,0.8,Normal,rf,7,18,0.5,0.9983169983169983,0.9642857142857143,0.03403128403128397,-0.048316998316998316,-0.014285714285714346,0.03403128403128397,0.5,0.03403128403128397,0.016396891396891395,0.0357142857142857,0.0,1.0,10101,1008
nslkdd,0.8,DoS,rf,7,18,0.5,0.9995645231528524,0.23216601815823606,0.7673985049946164,-0.049564523152852424,0.7178339818417638,0.7675436639436655,0.7658298313617706,0.7675436639436655,0.04998419443090443,0.7678339818417639,0.5000000149020072,0.9998108785781603,6889,771
nslkdd,0.8,Probe,rf,7,18,0.5,0.9977116704805492,0.5903614457831325,0.40735022469741666,-0.04771167048054925,0.3596385542168674,0.40735022469741666,0.5,0.40735022469741666,0.2639850017920653,0.40963855421686746,0.5000000000015001,1.0,1748,249
nslkdd,0.8,R2L,rf,7,18,0.5,0.959731543624161,0.016778523489932886,0.9429530201342281,-0.009731543624161065,0.933221476510067,0.953020134228188,0.926732063293457,0.953020134228188,0.013422818791946308,0.9832214765100671,0.5000000223531926,0.9894366197183097,149,298
nslkdd,0.8,Normal,rf,7,19,0.5,0.9983169983169983,0.9761904761904762,0.022126522126522108,-0.048316998316998316,-0.02619047619047621,0.022423522423522413,0.7693072557449341,0.022423522423522413,0.01231107481107481,0.023809523809523836,0.0,0.9867549668874168,10101,1008
nslkdd,0.8,DoS,rf,7,19,0.5,0.9995645231528524,0.22538860103626943,0.7741759221165829,-0.049564523152852424,0.7246113989637305,0.7741759221165829,0.5,0.7741759221165829,0.04806152633506747,0.7746113989637305,0.5000000223522254,1.0,6889,772
nslkdd,0.8,Probe,rf,7,19,0.5,0.9977116704805492,0.592,0.40571167048054924,-0.04771167048054925,0.358,0.40571167048054924,0.5,0.40571167048054924,0.21882837528604118,0.40800000000000003,0.5000000000015001,1.0,1748,250
nslkdd,0.8,R2L,rf,7,19,0.5,0.959731543624161,0.010101010101010102,0.949630533523151,-0.009731543624161065,0.9398989898989899,0.9630533523150974,0.926732063293457,0.9630533523150974,-0.0,0.98989898989899,0.5000000223531926,0.9860622272279318,149,297
nslkdd,0.8,Normal,rf,88,0,0.5,0.9986139986139986,0.9692460317460317,0.029367966867966833,-0.04861399861399862,-0.01924603174603179,0.03066115566115566,0.49863219261169434,0.029367966867966833,0.03066115566115566,0.030753968253968256,0.0,0.9578232207722308,10101,1008
nslkdd,0.8,DoS,rf,88,0,0.5,0.9994193642038032,0.22020725388601037,0.7792121103177928,-0.04941936420380322,0.7297927461139896,0.7792121103177928,0.5,0.7792121103177928,0.042444702337660775,0.7797927461139896,0.5000000230507822,1.0,6889,772
nslkdd,0.8,Probe,rf,88,0,0.5,0.9982837528604119,0.6184738955823293,0.3798098572780826,-0.04828375286041198,0.3315261044176706,0.3803819396579452,0.77272729575634,0.3803819396579452,0.23814939391433007,0.38152610441767065,0.5000000000015001,0.9984960316980952,1748,249
nslkdd,0.8,R2L,rf,88,0,0.5,0.959731543624161,0.010135135135135136,0.9495964084890259,-0.009731543624161065,0.9398648648648649,0.9563078178849992,0.9969021098222584,0.9563078178849992,-0.0,0.9898648648648649,0.5000000000025517,0.9929819569907768,149,296
nslkdd,0.8,Normal,rf,88,1,0.5,0.9986139986139986,0.9702380952380952,0.028375903375903344,-0.04861399861399862,-0.020238095238095277,0.033455845955845956,0.49874746799468994,0.028375903375903344,0.033455845955845956,0.029761904761904767,0.0,0.848159792861105,10101,1008
nslkdd,0.8,DoS,rf,88,1,0.5,0.9994193642038032,0.2191958495460441,0.7802235146577591,-0.04941936420380322,0.7308041504539559,0.7803686736068083,0.7213310450315475,0.7803686736068083,0.049267813365882075,0.7808041504539559,0.5000000230507822,0.9998139867040302,6889,771
nslkdd,0.8,Probe,rf,88,1,0.5,0.9982837528604119,0.6612903225806451,0.3369934302797668,-0.04828375286041198,0.2887096774193548,0.3375655126596294,0.77272729575634,0.3375655126596294,0.2875728943677567,0.33870967741935487,0.5000000000015201,0.998305270063416,1748,248
nslkdd,0.8,R2L,rf,88,1,0.5,0.959731543624161,0.030303030303030304,0.9294285133211307,-0.009731543624161065,0.9196969696969697,0.936139922717104,0.9969021098222584,0.936139922717104,2.2597338033579495e-05,0.9696969696969697,0.5000000000025517,0.9928307625461654,149,297
nslkdd,0.8,Normal,rf,88,2,0.5,0.9986139986139986,0.9632936507936508,0.035320347820347764,-0.04861399861399862,-0.013293650793650857,0.035320347820347764,0.5,0.035320347820347764,0.028481090981090983,0.03670634920634919,0.0,1.0,10101,1008
nslkdd,0.8,DoS,rf,88,2,0.5,0.9994193642038032,0.22568093385214008,0.7737384303516631,-0.04941936420380322,0.7243190661478599,0.7738835893007123,0.7213310450315475,0.7738835893007123,0.04667377964344368,0.77431906614786,0.5000000230507822,0.9998124279270731,6889,771
nslkdd,0.8,Probe,rf,88,2,0.5,0.9982837528604119,0.48,0.518283752860412,-0.04828375286041198,0.47,0.5188558352402746,0.77272729575634,0.5188558352402746,0.27712128146453086,0.52,0.5000000218875766,0.9988974155420307,1748,250
nslkdd,0.8,R2L,rf,88,2,0.5,0.959731543624161,0.016835016835016835,0.9428965267891442,-0.009731543624161065,0.9331649831649831,0.9462409328181141,0.9969021098222584,0.9462409328181141,2.2597338033579495e-05,0.9831649831649831,0.5000000000025517,0.996465587237904,149,297
nslkdd,0.8,Normal,rf,88,3,0.5,0.9986139986139986,0.9742063492063492,0.02440764940764939,-0.04861399861399862,-0.02420634920634923,0.036417598917598916,0.4987303614616394,0.02440764940764939,0.036417598917598916,0.025793650793650813,0.0,0.670215778444809,10101,1008
nslkdd,0.8,DoS,rf,88,3,0.5,0.9994193642038032,0.211139896373057,0.7882794678307462,-0.04941936420380322,0.738860103626943,0.7884246267797954,0.7213310450315475,0.7884246267797954,0.03624724254405724,0.788860103626943,0.5000000230507822,0.9998158873478596,6889,772
nslkdd,0.8,Probe,rf,88,3,0.5,0.9982837528604119,0.606425702811245,0.39185805004916696,-0.04828375286041198,0.343574297188755,0.3924301324290296,0.77272729575634,0.3924301324290296,0.23413332965730196,0.39357429718875503,0.5000000022361395,0.9985422057773148,1748,249
nslkdd,0.8,R2L,rf,88,3,0.5,0.959731543624161,0.013468013468013467,0.9462635301561475,-0.009731543624161065,0.9365319865319864,0.9529749395521208,0.9969021098222584,0.9529749395521208,-0.0,0.9865319865319865,0.5000000000025517,0.9929574125011855,149,297
nslkdd,0.8,Normal,rf,88,4,0.5,0.9986139986139986,0.9742063492063492,0.02440764940764939,-0.04861399861399862,-0.02420634920634923,0.044368544368544365,0.49874746799468994,0.02440764940764939,0.044368544368544365,0.025793650793650813,0.0,0.5501115656377832,10101,1008
nslkdd,0.8,DoS,rf,88,4,0.5,0.9994193642038032,0.2140077821011673,0.7854115821026358,-0.04941936420380322,0.7359922178988326,0.785556741051685,0.7213310450315475,0.785556741051685,0.03990779111947297,0.7859922178988327,0.5000000230507822,0.9998152151952068,6889,771
nslkdd,0.8,Probe,rf,88,4,0.5,0.9982837528604119,0.456,0.5422837528604119,-0.04828375286041198,0.49399999999999994,0.5428558352402746,0.77272729575634,0.5428558352402746,0.2411212814645309,0.544,0.5000000218875766,0.9989461614986426,1748,250
nslkdd,0.8,R2L,rf,88,4,0.5,0.959731543624161,0.013468013468013467,0.9462635301561475,-0.009731543624161065,0.9365319865319864,0.9529749395521208,0.9969021098222584,0.9529749395521208,0.003367003367003367,0.9865319865319865,0.5000000000025517,0.9929574125011855,149,297
nslkdd,0.8,Normal,rf,88,5,0.5,0.9986139986139986,0.9742063492063492,0.02440764940764939,-0.04861399861399862,-0.02420634920634923,0.025698775698775697,0.4556961953639984,0.02440764940764939,0.025698775698775697,0.025793650793650813,0.0,0.9497592295345098,10101,1008
nslkdd,0.8,DoS,rf,88,5,0.5,0.9994193642038032,0.2178988326848249,0.7815205315189783,-0.04941936420380322,0.732101167315175,0.7816656904680275,0.7213310450315475,0.7816656904680275,0.04537676278222449,0.7821011673151751,0.5000000230507822,0.9998142953556497,6889,771
nslkdd,0.8,Probe,rf,88,5,0.5,0.9982837528604119,0.4899598393574297,0.5083239135029822,-0.04828375286041198,0.46004016064257025,0.5088959958828448,0.77272729575634,0.5088959958828448,0.29437429351272365,0.5100401606425703,0.5000000000015001,0.998875836350667,1748,249
nslkdd,0.8,R2L,rf,88,5,0.5,0.959731543624161,0.013513513513513514,0.9462180301106475,-0.009731543624161065,0.9364864864864865,0.9529294395066208,0.9969021098222584,0.9529294395066208,-0.0,0.9864864864864865,0.5000000000025517,0.9929570762348909,149,296
nslkdd,0.8,Normal,rf,88,6,0.5,0.9986139986139986,0.9722222222222222,0.026391776391776367,-0.04861399861399862,-0.022222222222222254,0.026391776391776367,0.5,0.026391776391776367,0.022528710028710028,0.02777777777777779,0.0,1.0,10101,1008
nslkdd,0.8,DoS,rf,88,6,0.5,0.9994193642038032,0.22150259067357514,0.777916773530228,-0.04941936420380322,0.7284974093264248,0.7780619324792772,0.7213310450315475,0.7780619324792772,0.04920061041970491,0.7784974093264249,0.5000000230507822,0.9998134352254111,6889,772
nslkdd,0.8,Probe,rf,88,6,0.5,0.9982837528604119,0.5903614457831325,0.4079223070772794,-0.04828375286041198,0.3596385542168674,0.408494389457142,0.77272729575634,0.408494389457142,0.19798875134404897,0.40963855421686746,0.5000000000015186,0.9985995343029732,1748,249
nslkdd,0.8,R2L,rf,88,6,0.5,0.959731543624161,0.020202020202020204,0.9395295234221408,-0.009731543624161065,0.9297979797979797,0.9462409328181141,0.9969021098222584,0.9462409328181141,0.006734006734006734,0.9797979797979798,0.5000000000025517,0.9929072933084968,149,297
nslkdd,0.8,Normal,rf,88,7,0.5,0.9986139986139986,0.9642857142857143,0.034328284328284275,-0.04861399861399862,-0.014285714285714346,0.03841616341616341,0.49874746799468994,0.034328284328284275,0.03841616341616341,0.0357142857142857,0.0,0.8935896059271973,10101,1008
nslkdd,0.8,DoS,rf,88,7,0.5,0.9994193642038032,0.23056994818652848,0.7688494160172747,-0.04941936420380322,0.7194300518134715,0.7689945749663238,0.7213310450315475,0.7689945749663238,0.04272392648188108,0.7694300518134716,0.5000000230507822,0.9998112354055873,6889,772
nslkdd,0.8,Probe,rf,88,7,0.5,0.9982837528604119,0.632,0.3662837528604119,-0.04828375286041198,0.31799999999999995,0.36685583524027454,0.77272729575634,0.36685583524027454,0.2531212814645309,0.368,0.5000000000015825,0.9984405798547871,1748,250
nslkdd,0.8,R2L,rf,88,7,0.5,0.959731543624161,0.006734006734006734,0.9529975368901543,-0.009731543624161065,0.9432659932659933,0.9597089462861276,0.9969021098222584,0.9597089462861276,-0.0,0.9932659932659933,0.5000000000025517,0.993006828349423,149,297
nslkdd,0.8,Normal,rf,88,8,0.5,0.9986139986139986,0.9781746031746031,0.020439395439395436,-0.04861399861399862,-0.028174603174603186,0.03462940962940963,0.49863219261169434,0.020439395439395436,0.03462940962940963,0.02182539682539686,0.0,0.590232281119714,10101,1008
nslkdd,0.8,DoS,rf,88,8,0.5,0.9994193642038032,0.23415265200517466,0.7652667121986285,-0.04941936420380322,0.7158473479948253,0.7654118711476777,0.7213310450315475,0.7654118711476777,0.04411686553567877,0.7658473479948253,0.5000000230507822,0.9998103518451686,6889,773
nslkdd,0.8,Probe,rf,88,8,0.5,0.9982837528604119,0.5983935742971888,0.3998901785632232,-0.04828375286041198,0.3516064257028112,0.4004622609430858,0.77272729575634,0.4004622609430858,0.2100369441151333,0.40160642570281124,0.500000000001531,0.9985714449633397,1748,249
nslkdd,0.8,R2L,rf,88,8,0.5,0.959731543624161,0.020202020202020204,0.9395295234221408,-0.009731543624161065,0.9297979797979797,0.9428739294511107,0.9969021098222584,0.9428739294511107,0.0033896007050369477,0.9797979797979798,0.5000000000025517,0.996452965847813,149,297
nslkdd,0.8,Normal,rf,88,9,0.5,0.9986139986139986,0.9742063492063492,0.02440764940764939,-0.04861399861399862,-0.02420634920634923,0.032645282645282644,0.49863219261169434,0.02440764940764939,0.032645282645282644,0.025793650793650813,0.0,0.7476623704826884,10101,1008
nslkdd,0.8,DoS,rf,88,9,0.5,0.9994193642038032,0.22020725388601037,0.7792121103177928,-0.04941936420380322,0.7297927461139896,0.779357269266842,0.7213310450315475,0.779357269266842,0.047905273632140144,0.7797927461139896,0.5000000230507822,0.9998137453068401,6889,772
nslkdd,0.8,Probe,rf,88,9,0.5,0.9982837528604119,0.484,0.514283752860412,-0.04828375286041198,0.46599999999999997,0.5148558352402746,0.77272729575634,0.5148558352402746,0.28056292906178487,0.516,0.5000000218875766,0.9988888493813115,1748,250
nslkdd,0.8,R2L,rf,88,9,0.5,0.959731543624161,0.016835016835016835,0.9428965267891442,-0.009731543624161065,0.9331649831649831,0.9496079361851174,0.9969021098222584,0.9496079361851174,-0.0,0.9831649831649831,0.5000000000025517,0.9929324417580847,149,297
nslkdd,0.8,Normal,rf,88,10,0.5,0.9986139986139986,0.9702380952380952,0.028375903375903344,-0.04861399861399862,-0.020238095238095277,0.028495528495528492,0.49874746799468994,0.028375903375903344,0.028495528495528492,0.029761904761904767,0.0,0.9958019687319041,10101,1008
nslkdd,0.8,DoS,rf,88,10,0.5,0.9994193642038032,0.21530479896238652,0.7841145652414167,-0.04941936420380322,0.7346952010376134,0.7842597241904659,0.7213310450315475,0.7842597241904659,0.036016740535815384,0.7846952010376135,0.5000000230507822,0.9998149095961812,6889,771
nslkdd,0.8,Probe,rf,88,10,0.5,0.9982837528604119,0.5936254980079682,0.4046582548524438,-0.04828375286041198,0.3563745019920318,0.4052303372323064,0.77272729575634,0.4052303372323064,0.2361013611458058,0.40637450199203184,0.5000000000015157,0.9985882538218389,1748,251
nslkdd,0.8,R2L,rf,88,10,0.5,0.959731543624161,0.006734006734006734,0.9529975368901543,-0.009731543624161065,0.9432659932659933,0.9597089462861276,0.9969021098222584,0.9597089462861276,-0.0,0.9932659932659933,0.5000000000025517,0.993006828349423,149,297
nslkdd,0.8,Normal,rf,88,11,0.5,0.9986139986139986,0.9751984126984127,0.0234155859155859,-0.04861399861399862,-0.02519841269841272,0.03841616341616341,0.49874746799468994,0.0234155859155859,0.03841616341616341,0.024801587301587324,0.0,0.6095243208418337,10101,1008
nslkdd,0.8,DoS,rf,88,11,0.5,0.9994193642038032,0.23027166882276842,0.7691476953810348,-0.04941936420380322,0.7197283311772316,0.769292854330084,0.7213310450315475,0.769292854330084,0.043958937105988756,0.7697283311772316,0.5000000230507822,0.9998113085956379,6889,773
nslkdd,0.8,Probe,rf,88,11,0.5,0.9982837528604119,0.476,0.522283752860412,-0.04828375286041198,0.474,0.5228558352402746,0.77272729575634,0.5228558352402746,0.26512128146453084,0.524,0.5000000218875766,0.9989058506354821,1748,250
nslkdd,0.8,R2L,rf,88,11,0.5,0.959731543624161,0.016835016835016835,0.9428965267891442,-0.009731543624161065,0.9331649831649831,0.9496079361851174,0.9969021098222584,0.9496079361851174,-0.0,0.9831649831649831,0.5000000000025517,0.9929324417580847,149,297
nslkdd,0.8,Normal,rf,88,12,0.5,0.9986139986139986,0.9692460317460317,0.029367966867966833,-0.04861399861399862,-0.01924603174603179,0.03462940962940963,0.49863219261169434,0.029367966867966833,0.03462940962940963,0.030753968253968256,0.0,0.8480643240023814,10101,1008
nslkdd,0.8,DoS,rf,88,12,0.5,0.9994193642038032,0.23476005188067445,0.7646593123231287,-0.04941936420380322,0.7152399481193255,0.764804471272178,0.7213310450315475,0.764804471272178,0.051580942870445734,0.7652399481193255,0.5000000230507822,0.9998102012285469,6889,771
nslkdd,0.8,Probe,rf,88,12,0.5,0.9982837528604119,0.504,0.49428375286041193,-0.04828375286041198,0.44599999999999995,0.49485583524027454,0.77272729575634,0.49485583524027454,0.2925629290617849,0.496,0.5000000117590699,0.9988439413277105,1748,250
nslkdd,0.8,R2L,rf,88,12,0.5,0.959731543624161,0.020202020202020204,0.9395295234221408,-0.009731543624161065,0.9297979797979797,0.9462409328181141,0.9969021098222584,0.9462409328181141,-0.0,0.9797979797979798,0.5000000000025517,0.9929072933084968,149,297
nslkdd,0.8,Normal,rf,88,13,0.5,0.9986139986139986,0.9751984126984127,0.0234155859155859,-0.04861399861399862,-0.02519841269841272,0.039587664587664585,0.4556961953639984,0.0234155859155859,0.039587664587664585,0.024801587301587324,0.0,0.5914869229967695,10101,1008
nslkdd,0.8,DoS,rf,88,13,0.5,0.9994193642038032,0.23056994818652848,0.7688494160172747,-0.04941936420380322,0.7194300518134715,0.7689945749663238,0.7213310450315475,0.7689945749663238,0.05438195756996398,0.7694300518134716,0.5000000230507822,0.9998112354055873,6889,772
nslkdd,0.8,Probe,rf,88,13,0.5,0.9982837528604119,0.5140562248995983,0.4842275279608136,-0.04828375286041198,0.4359437751004016,0.4847996103406762,0.77272729575634,0.4847996103406762,0.3144546147978642,0.48594377510040165,0.5000000218875766,0.9988199611392826,1748,249
nslkdd,0.8,R2L,rf,88,13,0.5,0.959731543624161,0.010135135135135136,0.9495964084890259,-0.009731543624161065,0.9398648648648649,0.9495964084890259,0.5,0.9495964084890259,0.0033783783783783786,0.9898648648648649,0.5000000000025517,1.0,149,296
nslkdd,0.8,Normal,rf,88,14,0.5,0.9986139986139986,0.9771825396825397,0.021431458931458924,-0.04861399861399862,-0.027182539682539697,0.03145728145728145,0.4987303614616394,0.021431458931458924,0.03145728145728145,0.022817460317460347,0.0,0.6812876999737738,10101,1008
nslkdd,0.8,DoS,rf,88,14,0.5,0.9994193642038032,0.2238033635187581,0.7756160006850451,-0.04941936420380322,0.7261966364812419,0.7757611596340943,0.7213310450315475,0.7757611596340943,0.042823204474876704,0.7761966364812419,0.5000000230507822,0.999812881906697,6889,773
nslkdd,0.8,Probe,rf,88,14,0.5,0.9982837528604119,0.592,0.40628375286041196,-0.04828375286041198,0.358,0.4068558352402746,0.77272729575634,0.4068558352402746,0.2411212814645309,0.40800000000000003,0.5000000000015965,0.9985938941258523,1748,250
nslkdd,0.8,R2L,rf,88,14,0.5,0.959731543624161,0.010135135135135136,0.9495964084890259,-0.009731543624161065,0.9398648648648649,0.9563078178849992,0.9969021098222584,0.9563078178849992,-0.0,0.9898648648648649,0.5000000000025517,0.9929819569907768,149,296
nslkdd,0.8,Normal,rf,88,15,0.5,0.9986139986139986,0.9732142857142857,0.02539971289971288,-0.04861399861399862,-0.023214285714285743,0.02539971289971288,0.5,0.02539971289971288,0.023535211035211036,0.0267857142857143,0.0,1.0,10101,1008
nslkdd,0.8,DoS,rf,88,15,0.5,0.9994193642038032,0.21948051948051947,0.7799388447232837,-0.04941936420380322,0.7305194805194805,0.7800840036723329,0.7213310450315475,0.7800840036723329,0.05063389216386748,0.7805194805194805,0.5000000230507822,0.9998139188236577,6889,770
nslkdd,0.8,Probe,rf,88,15,0.5,0.9982837528604119,0.46,0.5382837528604119,-0.04828375286041198,0.48999999999999994,0.5388558352402746,0.77272729575634,0.5388558352402746,0.2531212814645309,0.54,0.500000000001517,0.9989383387124171,1748,250
nslkdd,0.8,R2L,rf,88,15,0.5,0.959731543624161,0.010101010101010102,0.949630533523151,-0.009731543624161065,0.9398989898989899,0.9563419429191242,0.9969021098222584,0.9563419429191242,0.003367003367003367,0.98989898989899,0.5000000000025517,0.9929822074147585,149,297
nslkdd,0.8,Normal,rf,88,16,0.5,0.9986139986139986,0.9702380952380952,0.028375903375903344,-0.04861399861399862,-0.020238095238095277,0.04534617034617034,0.4987303614616394,0.028375903375903344,0.04534617034617034,0.029761904761904767,0.0,0.6257618484490124,10101,1008
nslkdd,0.8,DoS,rf,88,16,0.5,0.9994193642038032,0.22509702457956016,0.774322339624243,-0.04941936420380322,0.7249029754204398,0.7744674985732922,0.7213310450315475,0.7744674985732922,0.043958937105988756,0.7749029754204398,0.5000000230507822,0.999812569346917,6889,773
nslkdd,0.8,Probe,rf,88,16,0.5,0.9982837528604119,0.66,0.3382837528604119,-0.04828375286041198,0.2899999999999999,0.3388558352402745,0.77272729575634,0.3388558352402745,0.2491212814645309,0.33999999999999997,0.5000000218875766,0.998311723392761,1748,250
nslkdd,0.8,R2L,rf,88,16,0.5,0.959731543624161,0.02702702702702703,0.9327045165971339,-0.009731543624161065,0.922972972972973,0.9394159259931072,0.9969021098222584,0.9394159259931072,-0.0,0.972972972972973,0.5000000000025517,0.9928557636609383,149,296
nslkdd,0.8,Normal,rf,88,17,0.5,0.9986139986139986,0.9702380952380952,0.028375903375903344,-0.04861399861399862,-0.020238095238095277,0.03841616341616341,0.49874746799468994,0.028375903375903344,0.03841616341616341,0.029761904761904767,0.0,0.7386449049715444,10101,1008
nslkdd,0.8,DoS,rf,88,17,0.5,0.9994193642038032,0.22797927461139897,0.7714400895924042,-0.04941936420380322,0.722020725388601,0.7715852485414534,0.7213310450315475,0.7715852485414534,0.06085864150778782,0.772020725388601,0.5000000230507822,0.9998118692013311,6889,772
nslkdd,0.8,Probe,rf,88,17,0.5,0.9982837528604119,0.48,0.518283752860412,-0.04828375286041198,0.47,0.5188558352402746,0.77272729575634,0.5188558352402746,0.27312128146453085,0.52,0.500000000001531,0.9988974155420307,1748,250
nslkdd,0.8,R2L,rf,88,17,0.5,0.959731543624161,0.03691275167785235,0.9228187919463087,-0.009731543624161065,0.9130872483221476,0.9261744966442953,0.9969021098222584,0.9261744966442953,0.003355704697986577,0.9630872483221476,0.5000000000025517,0.9963768115942029,149,298
nslkdd,0.8,Normal,rf,88,18,0.5,0.9986139986139986,0.9642857142857143,0.034328284328284275,-0.04861399861399862,-0.014285714285714346,0.037409662409662404,0.4987303614616394,0.034328284328284275,0.037409662409662404,0.0357142857142857,0.0,0.9176314918954668,10101,1008
nslkdd,0.8,DoS,rf,88,18,0.5,0.9994193642038032,0.2204928664072633,0.7789264977965399,-0.04941936420380322,0.7295071335927367,0.7790716567455891,0.7213310450315475,0.7790716567455891,0.03759466161490931,0.7795071335927367,0.5000000230507822,0.9998136770247097,6889,771
nslkdd,0.8,Probe,rf,88,18,0.5,0.9982837528604119,0.6144578313253012,0.38382592153511075,-0.04828375286041198,0.33554216867469877,0.38439800391497336,0.77272729575634,0.38439800391497336,0.2542136509424425,0.3855421686746988,0.5000000000015001,0.998511744665591,1748,249
nslkdd,0.8,R2L,rf,88,18,0.5,0.959731543624161,0.016778523489932886,0.9429530201342281,-0.009731543624161065,0.933221476510067,0.9463087248322148,0.9969021098222584,0.9463087248322148,0.006711409395973154,0.9832214765100671,0.5000000000025517,0.9964539007092197,149,298
nslkdd,0.8,Normal,rf,88,19,0.5,0.9986139986139986,0.9751984126984127,0.0234155859155859,-0.04861399861399862,-0.02519841269841272,0.027489027489027488,0.4987303614616394,0.0234155859155859,0.027489027489027488,0.024801587301587324,0.0,0.8518157262905157,10101,1008
nslkdd,0.8,DoS,rf,88,19,0.5,0.9994193642038032,0.22020725388601037,0.7792121103177928,-0.04941936420380322,0.7297927461139896,0.779357269266842,0.7213310450315475,0.779357269266842,0.04272392648188108,0.7797927461139896,0.5000000230507822,0.9998137453068401,6889,772
nslkdd,0.8,Probe,rf,88,19,0.5,0.9982837528604119,0.62,0.37828375286041194,-0.04828375286041198,0.32999999999999996,0.37885583524027455,0.77272729575634,0.37885583524027455,0.2331212814645309,0.38,0.500000002049922,0.9984899734235325,1748,250
nslkdd,0.8,R2L,rf,88,19,0.5,0.959731543624161,0.010101010101010102,0.949630533523151,-0.009731543624161065,0.9398989898989899,0.9563419429191242,0.9969021098222584,0.9563419429191242,-0.0,0.98989898989899,0.5000000000025517,0.9929822074147585,149,297
nslkdd,0.8,Normal,rf,91,0,0.5,0.9983169983169983,0.9702380952380952,0.02807890307890304,-0.048316998316998316,-0.020238095238095277,0.02817790317790314,0.789473682641983,0.02817790317790314,0.008148945648945648,0.029761904761904767,0.0,0.9964866051822573,10101,1008
nslkdd,0.8,DoS,rf,91,0,0.5,0.9997096821019016,0.2551813471502591,0.7445283349516425,-0.04970968210190163,0.6948186528497409,0.7445283349516425,0.5,0.7445283349516425,0.07526359887392757,0.7448186528497409,0.5000000221194165,1.0,6889,772
nslkdd,0.8,Probe,rf,91,0,0.5,0.9977116704805492,0.6385542168674698,0.3591574536130794,-0.04771167048054925,0.31144578313253013,0.3591574536130794,0.5,0.3591574536130794,0.3012852324630329,0.3614457831325302,0.5000000149017509,1.0,1748,249
nslkdd,0.8,R2L,rf,91,0,0.5,0.959731543624161,0.010135135135135136,0.9495964084890259,-0.009731543624161065,0.9398648648648649,0.9563078178849992,0.9979221881367266,0.9563078178849992,0.0033783783783783786,0.9898648648648649,0.5000000000025306,0.9929819569907768,149,296
nslkdd,0.8,Normal,rf,91,1,0.5,0.9983169983169983,0.9692460317460317,0.029070966570966528,-0.048316998316998316,-0.01924603174603179,0.029070966570966528,0.5,0.029070966570966528,0.008557321057321056,0.030753968253968256,0.0,1.0,10101,1008
nslkdd,0.8,DoS,rf,91,1,0.5,0.9997096821019016,0.2438391699092088,0.7558705121926927,-0.04970968210190163,0.7061608300907911,0.7558705121926927,0.5,0.7558705121926927,0.07087220947923709,0.7561608300907912,0.5000000221194165,1.0,6889,771
nslkdd,0.8,Probe,rf,91,1,0.5,0.9977116704805492,0.6653225806451613,0.33238908983538795,-0.04771167048054925,0.2846774193548387,0.3469679633867277,0.4992424249649048,0.3329611722152507,0.3469679633867277,0.33467741935483875,0.5000000140057581,0.9579820758981997,1748,248
nslkdd,0.8,R2L,rf,91,1,0.5,0.959731543624161,0.02356902356902357,0.9361625200551374,-0.009731543624161065,0.9264309764309764,0.9462183354800805,0.9988644770346582,0.9462183354800805,-0.0,0.9764309764309764,0.5000000000025306,0.9893726267523224,149,297
nslkdd,0.8,Normal,rf,91,2,0.5,0.9983169983169983,0.9623015873015873,0.03601541101541095,-0.048316998316998316,-0.012301587301587369,0.03601541101541095,0.5,0.03601541101541095,0.017077517077517076,0.037698412698412676,0.0,1.0,10101,1008
nslkdd,0.8,DoS,rf,91,2,0.5,0.9997096821019016,0.25680933852140075,0.7429003435805008,-0.04970968210190163,0.6931906614785992,0.7429003435805008,0.5,0.7429003435805008,0.07476326006289467,0.7431906614785992,0.5000000221194165,1.0,6889,771
nslkdd,0.8,Probe,rf,91,2,0.5,0.9977116704805492,0.512,0.4857116704805492,-0.04771167048054925,0.43799999999999994,0.4857116704805492,0.5,0.4857116704805492,0.3034187643020595,0.488,0.5000000123417712,1.0,1748,250
nslkdd,0.8,R2L,rf,91,2,0.5,0.959731543624161,0.016835016835016835,0.9428965267891442,-0.009731543624161065,0.9331649831649831,0.9529523422140872,0.9988644770346582,0.9529523422140872,-0.0,0.9831649831649831,0.5000000000025306,0.98944772473975,149,297
nslkdd,0.8,Normal,rf,91,3,0.5,0.9983169983169983,0.9742063492063492,0.024110649110649085,-0.048316998316998316,-0.02420634920634923,0.024110649110649085,0.5,0.024110649110649085,0.010133072633072632,0.025793650793650813,0.0,1.0,10101,1008
nslkdd,0.8,DoS,rf,91,3,0.5,0.9997096821019016,0.23575129533678757,0.7639583867651141,-0.04970968210190163,0.7142487046632124,0.7639583867651141,0.5,0.7639583867651141,0.05782139733163254,0.7642487046632125,0.5000000221194165,1.0,6889,772
nslkdd,0.8,Probe,rf,91,3,0.5,0.9977116704805492,0.6345381526104418,0.36317351787010743,-0.04771167048054925,0.3154618473895582,0.36317351787010743,0.5,0.36317351787010743,0.3213655537481735,0.3654618473895582,0.5000000079644553,1.0,1748,249
nslkdd,0.8,R2L,rf,91,3,0.5,0.959731543624161,0.013468013468013467,0.9462635301561475,-0.009731543624161065,0.9365319865319864,0.9529749395521208,0.9979221881367266,0.9529749395521208,-0.0,0.9865319865319865,0.5000000000025306,0.9929574125011855,149,297
nslkdd,0.8,Normal,rf,91,4,0.5,0.9983169983169983,0.9742063492063492,0.024110649110649085,-0.048316998316998316,-0.02420634920634923,0.024110649110649085,0.5,0.024110649110649085,0.022037834537834537,0.025793650793650813,0.0,1.0,10101,1008
nslkdd,0.8,DoS,rf,91,4,0.5,0.9997096821019016,0.24124513618677043,0.7584645459151311,-0.04970968210190163,0.7087548638132295,0.7584645459151311,0.5,0.7584645459151311,0.06498658832978532,0.7587548638132295,0.5000000221194165,1.0,6889,771
nslkdd,0.8,Probe,rf,91,4,0.5,0.9977116704805492,0.492,0.5057116704805492,-0.04771167048054925,0.45799999999999996,0.5057116704805492,0.5,0.5057116704805492,0.28341418764302057,0.508,0.5000000149017509,1.0,1748,250
nslkdd,0.8,R2L,rf,91,4,0.5,0.959731543624161,0.010101010101010102,0.949630533523151,-0.009731543624161065,0.9398989898989899,0.9596863489480939,0.9988644770346582,0.9596863489480939,-0.0,0.98989898989899,0.5000000000025306,0.9895217688196096,149,297
nslkdd,0.8,Normal,rf,91,5,0.5,0.9983169983169983,0.9742063492063492,0.024110649110649085,-0.048316998316998316,-0.02420634920634923,0.024110649110649085,0.5,0.024110649110649085,0.006164818664818664,0.025793650793650813,0.0,1.0,10101,1008
nslkdd,0.8,DoS,rf,91,5,0.5,0.9997096821019016,0.23735408560311283,0.7623555964987887,-0.04970968210190163,0.7126459143968871,0.7623555964987887,0.5,0.7623555964987887,0.06239255460734692,0.7626459143968871,0.5000000221194165,1.0,6889,771
nslkdd,0.8,Probe,rf,91,5,0.5,0.9977116704805492,0.5261044176706827,0.4716072528098665,-0.04771167048054925,0.42389558232931723,0.4716072528098665,0.5,0.4716072528098665,0.3334137465192578,0.4738955823293173,0.5000000149017509,1.0,1748,249
nslkdd,0.8,R2L,rf,91,5,0.5,0.959731543624161,0.010135135135135136,0.9495964084890259,-0.009731543624161065,0.9398648648648649,0.9596408489025939,0.9988644770346582,0.9596408489025939,-0.0,0.9898648648648649,0.5000000000025306,0.9895331254134769,149,296
nslkdd,0.8,Normal,rf,91,6,0.5,0.9983169983169983,0.9722222222222222,0.026094776094776062,-0.048316998316998316,-0.022222222222222254,0.026094776094776062,0.5,0.026094776094776062,0.008148945648945648,0.02777777777777779,0.0,1.0,10101,1008
nslkdd,0.8,DoS,rf,91,6,0.5,0.9997096821019016,0.23963730569948186,0.7600723764024198,-0.04970968210190163,0.7103626943005181,0.7600723764024198,0.5,0.7600723764024198,0.06300274448189161,0.7603626943005182,0.5000000221194165,1.0,6889,772
nslkdd,0.8,Probe,rf,91,6,0.5,0.9977116704805492,0.6224899598393574,0.3752217106411918,-0.04771167048054925,0.32751004016064256,0.37579379302105453,0.7723735123872757,0.37579379302105453,0.27718884692086426,0.3775100401606426,0.5000000079644553,0.998477669428056,1748,249
nslkdd,0.8,R2L,rf,91,6,0.5,0.959731543624161,0.013468013468013467,0.9462635301561475,-0.009731543624161065,0.9365319865319864,0.9529523422140872,0.9988644770346582,0.9529523422140872,-0.0,0.9865319865319865,0.5000000000025306,0.9929809584785751,149,297
nslkdd,0.8,Normal,rf,91,7,0.5,0.9983169983169983,0.9642857142857143,0.03403128403128397,-0.048316998316998316,-0.014285714285714346,0.03403128403128397,0.5,0.03403128403128397,0.015093390093390092,0.0357142857142857,0.0,1.0,10101,1008
nslkdd,0.8,DoS,rf,91,7,0.5,0.9997096821019016,0.266839378238342,0.7328703038635596,-0.04970968210190163,0.6831606217616579,0.7328703038635596,0.5,0.7328703038635596,0.07854678593266881,0.733160621761658,0.5000000221194165,1.0,6889,772
nslkdd,0.8,Probe,rf,91,7,0.5,0.9977116704805492,0.644,0.3537116704805492,-0.04771167048054925,0.30599999999999994,0.3537116704805492,0.5,0.3537116704805492,0.31596796338672767,0.356,0.5000000123417712,1.0,1748,250
nslkdd,0.8,R2L,rf,91,7,0.5,0.959731543624161,0.006734006734006734,0.9529975368901543,-0.009731543624161065,0.9432659932659933,0.9596863489480939,0.9988644770346582,0.9596863489480939,-0.0,0.9932659932659933,0.5000000000025306,0.9930302102710212,149,297
nslkdd,0.8,Normal,rf,91,8,0.5,0.9983169983169983,0.9781746031746031,0.02014239514239513,-0.048316998316998316,-0.028174603174603186,0.020340395340395334,0.8108108043670654,0.020340395340395334,0.012117199617199616,0.02182539682539686,0.0,0.9902656661934697,10101,1008
nslkdd,0.8,DoS,rf,91,8,0.5,0.9997096821019016,0.26390685640362227,0.7358028256982794,-0.04970968210190163,0.6860931435963777,0.7358028256982794,0.5,0.7358028256982794,0.07387106993412638,0.7360931435963778,0.5000000221194165,1.0,6889,773
nslkdd,0.8,Probe,rf,91,8,0.5,0.9977116704805492,0.6265060240963856,0.37120564638416365,-0.04771167048054925,0.3234939759036144,0.37120564638416365,0.5,0.37120564638416365,0.269156718406808,0.37349397590361444,0.5000000138777589,1.0,1748,249
nslkdd,0.8,R2L,rf,91,8,0.5,0.959731543624161,0.016835016835016835,0.9428965267891442,-0.009731543624161065,0.9331649831649831,0.9462409328181141,0.9979221881367266,0.9462409328181141,0.003367003367003367,0.9831649831649831,0.5000000000025306,0.996465587237904,149,297
nslkdd,0.8,Normal,rf,91,9,0.5,0.9983169983169983,0.9751984126984127,0.023118585618585596,-0.048316998316998316,-0.02519841269841272,0.023118585618585596,0.5,0.023118585618585596,0.006164818664818664,0.024801587301587324,0.0,1.0,10101,1008
nslkdd,0.8,DoS,rf,91,9,0.5,0.9997096821019016,0.24093264248704663,0.758777039614855,-0.04970968210190163,0.7090673575129534,0.758777039614855,0.5,0.758777039614855,0.06300274448189161,0.7590673575129534,0.5000000221194165,1.0,6889,772
nslkdd,0.8,Probe,rf,91,9,0.5,0.9977116704805492,0.528,0.4697116704805492,-0.04771167048054925,0.42199999999999993,0.4697116704805492,0.5,0.4697116704805492,0.3234187643020595,0.472,0.50000001374976,1.0,1748,250
nslkdd,0.8,R2L,rf,91,9,0.5,0.959731543624161,0.013468013468013467,0.9462635301561475,-0.009731543624161065,0.9365319865319864,0.9563193455810906,0.9988644770346582,0.9563193455810906,-0.0,0.9865319865319865,0.5000000000025306,0.989484877126654,149,297
nslkdd,0.8,Normal,rf,91,10,0.5,0.9983169983169983,0.9682539682539683,0.030063030063030016,-0.048316998316998316,-0.0182539682539683,0.030063030063030016,0.5,0.030063030063030016,0.008148945648945648,0.031746031746031744,0.0,1.0,10101,1008
nslkdd,0.8,DoS,rf,91,10,0.5,0.9997096821019016,0.24773022049286642,0.7519794616090352,-0.04970968210190163,0.7022697795071335,0.7519794616090352,0.5,0.7519794616090352,0.06656450940887926,0.7522697795071336,0.5000000221194165,1.0,6889,771
nslkdd,0.8,Probe,rf,91,10,0.5,0.9977116704805492,0.601593625498008,0.3961180449825412,-0.04771167048054925,0.34840637450199197,0.3961180449825412,0.5,0.3961180449825412,0.2906930629883213,0.398406374501992,0.5000000123417712,1.0,1748,251
nslkdd,0.8,R2L,rf,91,10,0.5,0.959731543624161,0.003367003367003367,0.9563645402571577,-0.009731543624161065,0.9466329966329966,0.9697873590491041,0.9988644770346582,0.9697873590491041,-0.0,0.9966329966329966,0.5000000000025306,0.9861590082952744,149,297
nslkdd,0.8,Normal,rf,91,11,0.5,0.9983169983169983,0.9751984126984127,0.023118585618585596,-0.048316998316998316,-0.02519841269841272,0.023217585717585698,0.789473682641983,0.023217585717585698,0.012525575025575024,0.024801587301587324,0.0,0.9957359864972904,10101,1008
nslkdd,0.8,DoS,rf,91,11,0.5,0.9997096821019016,0.2613195342820181,0.7383901478198835,-0.04970968210190163,0.6886804657179819,0.7383901478198835,0.5,0.7383901478198835,0.07067757305504378,0.738680465717982,0.5000000221194165,1.0,6889,773
nslkdd,0.8,Probe,rf,91,11,0.5,0.9977116704805492,0.524,0.4737116704805492,-0.04771167048054925,0.42599999999999993,0.4737116704805492,0.5,0.4737116704805492,0.31596796338672767,0.476,0.5000000221204273,1.0,1748,250
nslkdd,0.8,R2L,rf,91,11,0.5,0.959731543624161,0.013468013468013467,0.9462635301561475,-0.009731543624161065,0.9365319865319864,0.9529523422140872,0.9988644770346582,0.9529523422140872,-0.0,0.9865319865319865,0.5000000000025306,0.9929809584785751,149,297
nslkdd,0.8,Normal,rf,91,12,0.5,0.9983169983169983,0.9702380952380952,0.02807890307890304,-0.048316998316998316,-0.020238095238095277,0.028375903375903344,0.8182820975780487,0.028375903375903344,0.012117199617199616,0.029761904761904767,0.0,0.9895333624073264,10101,1008
nslkdd,0.8,DoS,rf,91,12,0.5,0.9997096821019016,0.25551232166018156,0.74419736044172,-0.04970968210190163,0.6944876783398184,0.74419736044172,0.5,0.74419736044172,0.0727686894971005,0.7444876783398184,0.5000000221194165,1.0,6889,771
nslkdd,0.8,Probe,rf,91,12,0.5,0.9977116704805492,0.52,0.4777116704805492,-0.04771167048054925,0.42999999999999994,0.4777116704805492,0.5,0.4777116704805492,0.3119679633867277,0.48,0.5000000149017509,1.0,1748,250
nslkdd,0.8,R2L,rf,91,12,0.5,0.959731543624161,0.016835016835016835,0.9428965267891442,-0.009731543624161065,0.9331649831649831,0.9563193455810906,0.9988644770346582,0.9563193455810906,-0.0,0.9831649831649831,0.5000000000025306,0.9859640831758033,149,297
nslkdd,0.8,Normal,rf,91,13,0.5,0.9983169983169983,0.9761904761904762,0.022126522126522108,-0.048316998316998316,-0.02619047619047621,0.022126522126522108,0.5,0.022126522126522108,0.013109263109263108,0.023809523809523836,0.0,1.0,10101,1008
nslkdd,0.8,DoS,rf,91,13,0.5,0.9997096821019016,0.24740932642487046,0.7523003556770311,-0.04970968210190163,0.7025906735751295,0.7523003556770311,0.5,0.7523003556770311,0.06947942841971544,0.7525906735751295,0.5000000221194165,1.0,6889,772
nslkdd,0.8,Probe,rf,91,13,0.5,0.9977116704805492,0.5341365461847389,0.46357512429581027,-0.04771167048054925,0.415863453815261,0.46357512429581027,0.5,0.46357512429581027,0.32877964949041016,0.46586345381526106,0.5000000221204273,1.0,1748,249
nslkdd,0.8,R2L,rf,91,13,0.5,0.959731543624161,0.013513513513513514,0.9462180301106475,-0.009731543624161065,0.9364864864864865,0.9562624705242155,0.9988644770346582,0.9562624705242155,-0.0,0.9864864864864865,0.5000000000025306,0.9894961470065203,149,296
nslkdd,0.8,Normal,rf,91,14,0.5,0.9983169983169983,0.9771825396825397,0.02113445863445862,-0.048316998316998316,-0.027182539682539697,0.02133039633039635,0.9369712769985199,0.02133039633039635,0.012117199617199616,0.022817460317460347,0.0,0.9908141558692692,10101,1008
nslkdd,0.8,DoS,rf,91,14,0.5,0.9997096821019016,0.25097024579560157,0.7487394363063,-0.04970968210190163,0.6990297542043984,0.7487394363063,0.5,0.7487394363063,0.0686964256909181,0.7490297542043984,0.5000000221194165,1.0,6889,773
nslkdd,0.8,Probe,rf,91,14,0.5,0.9977116704805492,0.608,0.3897116704805492,-0.04771167048054925,0.34199999999999997,0.3897116704805492,0.5,0.3897116704805492,0.2719679633867277,0.392,0.5000000123417712,1.0,1748,250
nslkdd,0.8,R2L,rf,91,14,0.5,0.959731543624161,0.010135135135135136,0.9495964084890259,-0.009731543624161065,0.9398648648648649,0.9563078178849992,0.9979221881367266,0.9563078178849992,-0.0,0.9898648648648649,0.5000000000025306,0.9929819569907768,149,296
nslkdd,0.8,Normal,rf,91,15,0.5,0.9983169983169983,0.9732142857142857,0.025102712602712574,-0.048316998316998316,-0.023214285714285743,0.025102712602712574,0.5,0.025102712602712574,0.007156882156882156,0.0267857142857143,0.0,1.0,10101,1008
nslkdd,0.8,DoS,rf,91,15,0.5,0.9997096821019016,0.24155844155844156,0.7581512405434601,-0.04970968210190163,0.7084415584415584,0.7581512405434601,0.5,0.7581512405434601,0.07096990685319905,0.7584415584415585,0.5000000221194165,1.0,6889,770
nslkdd,0.8,Probe,rf,91,15,0.5,0.9977116704805492,0.504,0.4937116704805492,-0.04771167048054925,0.44599999999999995,0.4937116704805492,0.5,0.4937116704805492,0.2959679633867277,0.496,0.5000000221204273,1.0,1748,250
nslkdd,0.8,R2L,rf,91,15,0.5,0.959731543624161,0.010101010101010102,0.949630533523151,-0.009731543624161065,0.9398989898989899,0.9596863489480939,0.9988644770346582,0.9596863489480939,-0.0,0.98989898989899,0.5000000000025306,0.9895217688196096,149,297
nslkdd,0.8,Normal,rf,91,16,0.5,0.9983169983169983,0.9702380952380952,0.02807890307890304,-0.048316998316998316,-0.020238095238095277,0.02807890307890304,0.5,0.02807890307890304,0.010133072633072632,0.029761904761904767,0.0,1.0,10101,1008
nslkdd,0.8,DoS,rf,91,16,0.5,0.9997096821019016,0.2613195342820181,0.7383901478198835,-0.04970968210190163,0.6886804657179819,0.7383901478198835,0.5,0.7383901478198835,0.07775205311653259,0.738680465717982,0.5000000221194165,1.0,6889,773
nslkdd,0.8,Probe,rf,91,16,0.5,0.9977116704805492,0.688,0.30971167048054926,-0.04771167048054925,0.262,0.31596796338672767,0.4992424249649048,0.30971167048054926,0.31596796338672767,0.31200000000000006,0.5000000123417712,0.9801995973290462,1748,250
nslkdd,0.8,R2L,rf,91,16,0.5,0.959731543624161,0.02364864864864865,0.9360828949755123,-0.009731543624161065,0.9263513513513513,0.9495057137674587,0.9988644770346582,0.9495057137674587,-0.0,0.9763513513513513,0.5000000000025306,0.9858633617498864,149,296
nslkdd,0.8,Normal,rf,91,17,0.5,0.9983169983169983,0.9712301587301587,0.02708683958683955,-0.048316998316998316,-0.021230158730158766,0.02708683958683955,0.5,0.02708683958683955,0.013109263109263108,0.02876984126984128,0.0,1.0,10101,1008
nslkdd,0.8,DoS,rf,91,17,0.5,0.9997096821019016,0.25906735751295334,0.7406423245889482,-0.04970968210190163,0.6909326424870466,0.7406423245889482,0.5,0.7406423245889482,0.08761414344562217,0.7409326424870466,0.5000000221194165,1.0,6889,772
nslkdd,0.8,Probe,rf,91,17,0.5,0.9977116704805492,0.512,0.4857116704805492,-0.04771167048054925,0.43799999999999994,0.4857116704805492,0.5,0.4857116704805492,0.30284668192219677,0.488,0.5000000149018304,1.0,1748,250
nslkdd,0.8,R2L,rf,91,17,0.5,0.959731543624161,0.03355704697986577,0.9261744966442953,-0.009731543624161065,0.9164429530201342,0.9295302013422819,0.9979221881367266,0.9295302013422819,-0.0,0.9664429530201343,0.5000000000025306,0.9963898916967509,149,298
nslkdd,0.8,Normal,rf,91,18,0.5,0.9983169983169983,0.9632936507936508,0.03502334752334746,-0.048316998316998316,-0.013293650793650857,0.03502334752334746,0.5,0.03502334752334746,0.010133072633072632,0.03670634920634919,0.0,1.0,10101,1008
nslkdd,0.8,DoS,rf,91,18,0.5,0.9997096821019016,0.251621271076524,0.7480884110253776,-0.04970968210190163,0.698378728923476,0.7480884110253776,0.5,0.7480884110253776,0.0682781757567987,0.748378728923476,0.5000000221194165,1.0,6889,771
nslkdd,0.8,Probe,rf,91,18,0.5,0.9977116704805492,0.6385542168674698,0.3591574536130794,-0.04771167048054925,0.31144578313253013,0.3591574536130794,0.5,0.3591574536130794,0.3253816180052016,0.3614457831325302,0.5000000008398389,1.0,1748,249
nslkdd,0.8,R2L,rf,91,18,0.5,0.959731543624161,0.013422818791946308,0.9463087248322147,-0.009731543624161065,0.9365771812080537,0.9597315436241611,0.9991163971135393,0.9597315436241611,0.006711409395973154,0.9865771812080537,0.5000000000025306,0.9860139860139859,149,298
nslkdd,0.8,Normal,rf,91,19,0.5,0.9983169983169983,0.9751984126984127,0.023118585618585596,-0.048316998316998316,-0.02519841269841272,0.023118585618585596,0.5,0.023118585618585596,0.008148945648945648,0.024801587301587324,0.0,1.0,10101,1008
nslkdd,0.8,DoS,rf,91,19,0.5,0.9997096821019016,0.2422279792746114,0.7574817028272902,-0.04970968210190163,0.7077720207253886,0.7574817028272902,0.5,0.7574817028272902,0.06429808126945637,0.7577720207253886,0.5000000221194165,1.0,6889,772
nslkdd,0.8,Probe,rf,91,19,0.5,0.9977116704805492,0.632,0.3657116704805492,-0.04771167048054925,0.31799999999999995,0.3657116704805492,0.5,0.3657116704805492,0.2799679633867277,0.368,0.5000000123417712,1.0,1748,250
nslkdd,0.8,R2L,rf,91,19,0.5,0.959731543624161,0.010101010101010102,0.949630533523151,-0.009731543624161065,0.9398989898989899,0.9563419429191242,0.9979221881367266,0.9563419429191242,-0.0,0.98989898989899,0.5000000000025306,0.9929822074147585,149,297
nslkdd,0.8,Normal,xgb,12345,0,0.5,0.9991089991089991,0.9682539682539683,0.03085503085503083,-0.04910899910899913,-0.0182539682539683,0.05283099033099033,0.49989840388298035,0.05283099033099033,0.003972378972378972,0.031746031746031744,0.0,0.584032793285184,10101,1008
nslkdd,0.8,DoS,xgb,12345,0,0.5,0.9994193642038032,0.405440414507772,0.5939789496960312,-0.04941936420380322,0.5445595854922279,0.5939789496960312,0.5,0.5939789496960312,0.2177737731624419,0.594559585492228,0.5000000169389178,1.0,6889,772
nslkdd,0.8,Probe,xgb,12345,0,0.5,0.9988558352402745,0.5783132530120482,0.4205425822282264,-0.04885583524027459,0.3716867469879518,0.4205425822282264,0.5,0.4205425822282264,0.22502596197145563,0.42168674698795183,0.5000000000015001,1.0,1748,249
nslkdd,0.8,R2L,xgb,12345,0,0.5,0.9798657718120806,0.016891891891891893,0.9629738799201887,-0.02986577181208061,0.9331081081081081,0.9696852893161618,0.6506849080324173,0.9696852893161618,-0.0,0.9831081081081081,0.5000000000025042,0.9930787756915379,149,296
nslkdd,0.8,Normal,xgb,12345,1,0.5,0.9991089991089991,0.9692460317460317,0.02986296736296734,-0.04910899910899913,-0.01924603174603179,0.03943503943503944,0.49996644258499146,0.03943503943503944,0.001093126093126093,0.030753968253968256,0.0,0.7572698744769868,10101,1008
nslkdd,0.8,DoS,xgb,12345,1,0.5,0.9994193642038032,0.37094682230869,0.6284725418951131,-0.04941936420380322,0.5790531776913099,0.6284725418951131,0.5,0.6284725418951131,0.18349220801446844,0.62905317769131,0.5000000169389178,1.0,6889,771
nslkdd,0.8,Probe,xgb,12345,1,0.5,0.9988558352402745,0.6290322580645161,0.3698235771757584,-0.04885583524027459,0.32096774193548383,0.3698235771757584,0.5,0.3698235771757584,0.28891082896582265,0.3709677419354839,0.5000000000015001,1.0,1748,248
nslkdd,0.8,R2L,xgb,12345,1,0.5,0.9798657718120806,0.026936026936026935,0.9529297448760536,-0.02986577181208061,0.923063973063973,0.9596411542720268,0.6506849080324173,0.9596411542720268,-0.0,0.9730639730639731,0.5000000000025042,0.9930063343301858,149,297
nslkdd,0.8,Normal,xgb,12345,2,0.5,0.9991089991089991,0.9593253968253969,0.039783602283602226,-0.04910899910899913,-0.009325396825396903,0.049654737154737144,0.4999390244483948,0.049654737154737144,0.00039806289806289805,0.04067460317460314,0.0,0.8012045690550353,10101,1008
nslkdd,0.8,DoS,xgb,12345,2,0.5,0.9994193642038032,0.3981841763942931,0.6012351878095101,-0.04941936420380322,0.5518158236057069,0.6012351878095101,0.5,0.6012351878095101,0.2016504440715372,0.601815823605707,0.5000000169389178,1.0,6889,771
nslkdd,0.8,Probe,xgb,12345,2,0.5,0.9988558352402745,0.408,0.5908558352402746,-0.04885583524027459,0.542,0.5908558352402746,0.5,0.5908558352402746,0.19599542334096112,0.5920000000000001,0.5000000000015001,1.0,1748,250
nslkdd,0.8,R2L,xgb,12345,2,0.5,0.9798657718120806,0.013468013468013467,0.966397758344067,-0.02986577181208061,0.9365319865319864,0.9731091677400402,0.6506849080324173,0.9731091677400402,-0.0,0.9865319865319865,0.5000000000025042,0.993103127975292,149,297
nslkdd,0.8,Normal,xgb,12345,3,0.5,0.9991089991089991,0.9722222222222222,0.026886776886776875,-0.04910899910899913,-0.022222222222222254,0.052630927630927624,0.4999390244483948,0.052630927630927624,0.001093126093126093,0.02777777777777779,0.0,0.5108550826867307,10101,1008
nslkdd,0.8,DoS,xgb,12345,3,0.5,0.9994193642038032,0.3549222797927461,0.6444970844110571,-0.04941936420380322,0.5950777202072539,0.6444970844110571,0.5,0.6444970844110571,0.15732842099404548,0.645077720207254,0.5000000169389178,1.0,6889,772
nslkdd,0.8,Probe,xgb,12345,3,0.5,0.9988558352402745,0.5783132530120482,0.4205425822282264,-0.04885583524027459,0.3716867469879518,0.4205425822282264,0.5,0.4205425822282264,0.24682253039618426,0.42168674698795183,0.5000000000015001,1.0,1748,249
nslkdd,0.8,R2L,xgb,12345,3,0.5,0.9798657718120806,0.013468013468013467,0.966397758344067,-0.02986577181208061,0.9365319865319864,0.9731091677400402,0.6506849080324173,0.9731091677400402,-0.0,0.9865319865319865,0.5000000000025042,0.993103127975292,149,297
nslkdd,0.8,Normal,xgb,12345,4,0.5,0.9991089991089991,0.9742063492063492,0.024902649902649898,-0.04910899910899913,-0.02420634920634923,0.03735191235191235,0.4999611973762512,0.03735191235191235,0.006162756162756162,0.025793650793650813,0.0,0.666703478741027,10101,1008
nslkdd,0.8,DoS,xgb,12345,4,0.5,0.9994193642038032,0.35667963683527887,0.6427397273685242,-0.04941936420380322,0.593320363164721,0.6427397273685242,0.5,0.6427397273685242,0.15895243813376425,0.6433203631647211,0.5000000103906168,1.0,6889,771
nslkdd,0.8,Probe,xgb,12345,4,0.5,0.9988558352402745,0.428,0.5708558352402746,-0.04885583524027459,0.522,0.5708558352402746,0.5,0.5708558352402746,0.1999954233409611,0.5720000000000001,0.5000000000015001,1.0,1748,250
nslkdd,0.8,R2L,xgb,12345,4,0.5,0.9798657718120806,0.010101010101010102,0.9697647617110705,-0.02986577181208061,0.9398989898989899,0.9764761711070437,0.6506849080324173,0.9764761711070437,-0.0,0.98989898989899,0.5000000000025042,0.9931269091918912,149,297
nslkdd,0.8,Normal,xgb,12345,5,0.5,0.9991089991089991,0.9722222222222222,0.026886776886776875,-0.04910899910899913,-0.022222222222222254,0.052630927630927624,0.4999390244483948,0.052630927630927624,9.900009900010165e-05,0.02777777777777779,0.0,0.5108550826867307,10101,1008
nslkdd,0.8,DoS,xgb,12345,5,0.5,0.9994193642038032,0.35797665369649806,0.6414427105073051,-0.04941936420380322,0.5920233463035018,0.6414427105073051,0.5,0.6414427105073051,0.16144292137374214,0.6420233463035019,0.5000000169389178,1.0,6889,771
nslkdd,0.8,Probe,xgb,12345,5,0.5,0.9988558352402745,0.4457831325301205,0.5530727027101541,-0.04885583524027459,0.5042168674698795,0.5530727027101541,0.5,0.5530727027101541,0.24097534301967596,0.5542168674698795,0.5000000000015001,1.0,1748,249
nslkdd,0.8,R2L,xgb,12345,5,0.5,0.9798657718120806,0.02027027027027027,0.9595955015418103,-0.02986577181208061,0.9297297297297297,0.9663069109377834,0.6506849080324173,0.9663069109377834,-0.0,0.9797297297297297,0.5000000000025042,0.993054577877892,149,296
nslkdd,0.8,Normal,xgb,12345,6,0.5,0.9991089991089991,0.9732142857142857,0.025894713394713387,-0.04910899910899913,-0.023214285714285743,0.04072410322410322,0.4999995827674866,0.04072410322410322,0.0012911262911262911,0.0267857142857143,0.0,0.6358571790326664,10101,1008
nslkdd,0.8,DoS,xgb,12345,6,0.5,0.9994193642038032,0.36528497409326427,0.634134390110539,-0.04941936420380322,0.5847150259067357,0.634134390110539,0.5,0.634134390110539,0.17805380959508174,0.6347150259067358,0.5000000169389178,1.0,6889,772
nslkdd,0.8,Probe,xgb,12345,6,0.5,0.9988558352402745,0.5783132530120482,0.4205425822282264,-0.04885583524027459,0.3716867469879518,0.4205425822282264,0.5,0.4205425822282264,0.21469401633995935,0.42168674698795183,0.49999999709114706,1.0,1748,249
nslkdd,0.8,R2L,xgb,12345,6,0.5,0.9798657718120806,0.013468013468013467,0.966397758344067,-0.02986577181208061,0.9365319865319864,0.9731091677400402,0.6506849080324173,0.9731091677400402,-0.0,0.9865319865319865,0.5000000000025042,0.993103127975292,149,297
nslkdd,0.8,Normal,xgb,12345,7,0.5,0.9991089991089991,0.9623015873015873,0.03680741180741176,-0.04910899910899913,-0.012301587301587369,0.03973410223410223,0.4999390244483948,0.03973410223410223,0.000996188496188496,0.037698412698412676,0.0,0.9263431092655063,10101,1008
nslkdd,0.8,DoS,xgb,12345,7,0.5,0.9994193642038032,0.40025906735751293,0.5991602968462902,-0.04941936420380322,0.549740932642487,0.5991602968462902,0.5,0.5991602968462902,0.20482040528679424,0.5997409326424871,0.5000000169389178,1.0,6889,772
nslkdd,0.8,Probe,xgb,12345,7,0.5,0.9988558352402745,0.588,0.4108558352402746,-0.04885583524027459,0.362,0.4108558352402746,0.5,0.4108558352402746,0.2216659038901602,0.41200000000000003,0.5000000000015001,1.0,1748,250
nslkdd,0.8,R2L,xgb,12345,7,0.5,0.9798657718120806,0.006734006734006734,0.9731317650780739,-0.02986577181208061,0.9432659932659933,0.979843174474047,0.6506849080324173,0.979843174474047,-0.0,0.9932659932659933,0.5000000000025042,0.9931505269712414,149,297
nslkdd,0.8,Normal,xgb,12345,8,0.5,0.9991089991089991,0.9781746031746031,0.020934395934395944,-0.04910899910899913,-0.028174603174603186,0.043009355509355515,0.49991342425346375,0.043009355509355515,0.002087252087252087,0.02182539682539686,0.0,0.4867405169519975,10101,1008
nslkdd,0.8,DoS,xgb,12345,8,0.5,0.9994193642038032,0.40103492884864167,0.5983844353551615,-0.04941936420380322,0.5489650711513583,0.5983844353551615,0.5,0.5983844353551615,0.19591538115866888,0.5989650711513583,0.5000000169389178,1.0,6889,773
nslkdd,0.8,Probe,xgb,12345,8,0.5,0.9988558352402745,0.5863453815261044,0.41251045371417017,-0.04885583524027459,0.3636546184738956,0.41251045371417017,0.5,0.41251045371417017,0.21527758631781133,0.4136546184738956,0.5000000000015001,1.0,1748,249
nslkdd,0.8,R2L,xgb,12345,8,0.5,0.9798657718120806,0.016835016835016835,0.9630307549770637,-0.02986577181208061,0.9331649831649831,0.9697421643730368,0.6506849080324173,0.9697421643730368,-0.0,0.9831649831649831,0.5000000000025042,0.9930791816190521,149,297
nslkdd,0.8,Normal,xgb,12345,9,0.5,0.9991089991089991,0.9751984126984127,0.02391058641058641,-0.04910899910899913,-0.02519841269841272,0.04896173646173646,0.49991342425346375,0.04896173646173646,0.000497062997062997,0.024801587301587324,0.0,0.48835250010531195,10101,1008
nslkdd,0.8,DoS,xgb,12345,9,0.5,0.9994193642038032,0.35751295336787564,0.6419064108359276,-0.04941936420380322,0.5924870466321244,0.6419064108359276,0.5,0.6419064108359276,0.16510044171943408,0.6424870466321244,0.5000000169389178,1.0,6889,772
nslkdd,0.8,Probe,xgb,12345,9,0.5,0.9988558352402745,0.456,0.5428558352402746,-0.04885583524027459,0.49399999999999994,0.5428558352402746,0.5,0.5428558352402746,0.2439954233409611,0.544,0.5000000000015001,1.0,1748,250
nslkdd,0.8,R2L,xgb,12345,9,0.5,0.9798657718120806,0.016835016835016835,0.9630307549770637,-0.02986577181208061,0.9331649831649831,0.9697421643730368,0.6506849080324173,0.9697421643730368,-0.0,0.9831649831649831,0.5000000000025042,0.9930791816190521,149,297
nslkdd,0.8,Normal,xgb,12345,10,0.5,0.9991089991089991,0.9662698412698413,0.032839157839157807,-0.04910899910899913,-0.016269841269841323,0.04171616671616671,0.4999995827674866,0.04171616671616671,0.0017902517902517899,0.03373015873015872,0.0,0.7872045881538607,10101,1008
nslkdd,0.8,DoS,xgb,12345,10,0.5,0.9994193642038032,0.3631647211413748,0.6362546430624283,-0.04941936420380322,0.5868352788586251,0.6362546430624283,0.5,0.6362546430624283,0.1731160731247149,0.6368352788586251,0.5000000169389178,1.0,6889,771
nslkdd,0.8,Probe,xgb,12345,10,0.5,0.9988558352402745,0.5737051792828686,0.425150655957406,-0.04885583524027459,0.3762948207171314,0.425150655957406,0.5,0.425150655957406,0.2331178717623784,0.42629482071713143,0.5000000000015001,1.0,1748,251
nslkdd,0.8,R2L,xgb,12345,10,0.5,0.9798657718120806,0.006734006734006734,0.9731317650780739,-0.02986577181208061,0.9432659932659933,0.979843174474047,0.6506849080324173,0.979843174474047,-0.0,0.9932659932659933,0.5000000000025042,0.9931505269712414,149,297
nslkdd,0.8,Normal,xgb,12345,11,0.5,0.9991089991089991,0.9732142857142857,0.025894713394713387,-0.04910899910899913,-0.023214285714285743,0.03437572187572187,0.4999611973762512,0.03437572187572187,0.00021037521037520993,0.0267857142857143,0.0,0.7532849343013139,10101,1008
nslkdd,0.8,DoS,xgb,12345,11,0.5,0.9994193642038032,0.4152652005174644,0.5841541636863388,-0.04941936420380322,0.5347347994825355,0.5841541636863388,0.5,0.5841541636863388,0.2153202970706999,0.5847347994825356,0.5000000169389178,1.0,6889,773
nslkdd,0.8,Probe,xgb,12345,11,0.5,0.9988558352402745,0.428,0.5708558352402746,-0.04885583524027459,0.522,0.5708558352402746,0.5,0.5708558352402746,0.2039954233409611,0.5720000000000001,0.5000000000015001,1.0,1748,250
nslkdd,0.8,R2L,xgb,12345,11,0.5,0.9798657718120806,0.020202020202020204,0.9596637516100603,-0.02986577181208061,0.9297979797979797,0.9663751610060335,0.6506849080324173,0.9663751610060335,-0.0,0.9797979797979798,0.5000000000025042,0.9930550683970537,149,297
nslkdd,0.8,Normal,xgb,12345,12,0.5,0.9991089991089991,0.9682539682539683,0.03085503085503083,-0.04910899910899913,-0.0182539682539683,0.04985479985479986,0.49989840388298035,0.04985479985479986,0.0007981882981882979,0.031746031746031744,0.0,0.6188978983948364,10101,1008
nslkdd,0.8,DoS,xgb,12345,12,0.5,0.9994193642038032,0.4059662775616083,0.5934530866421949,-0.04941936420380322,0.5440337224383917,0.5934530866421949,0.5,0.5934530866421949,0.20683851151641397,0.5940337224383917,0.5000000169389178,1.0,6889,771
nslkdd,0.8,Probe,xgb,12345,12,0.5,0.9988558352402745,0.412,0.5868558352402746,-0.04885583524027459,0.538,0.5868558352402746,0.5,0.5868558352402746,0.1999954233409611,0.5880000000000001,0.5000000000015001,1.0,1748,250
nslkdd,0.8,R2L,xgb,12345,12,0.5,0.9798657718120806,0.016835016835016835,0.9630307549770637,-0.02986577181208061,0.9331649831649831,0.9697421643730368,0.6506849080324173,0.9697421643730368,-0.0,0.9831649831649831,0.5000000000025042,0.9930791816190521,149,297
nslkdd,0.8,Normal,xgb,12345,13,0.5,0.9991089991089991,0.9751984126984127,0.02391058641058641,-0.04910899910899913,-0.02519841269841272,0.04925667425667425,0.4999611973762512,0.04925667425667425,0.003186565686565686,0.024801587301587324,0.0,0.4854283560840801,10101,1008
nslkdd,0.8,DoS,xgb,12345,13,0.5,0.9994193642038032,0.34585492227979275,0.6535644419240104,-0.04941936420380322,0.6041450777202072,0.6535644419240104,0.5,0.6535644419240104,0.14437505311839782,0.6541450777202072,0.5000000169389178,1.0,6889,772
nslkdd,0.8,Probe,xgb,12345,13,0.5,0.9988558352402745,0.4538152610441767,0.5450405741960979,-0.04885583524027459,0.49618473895582327,0.5450405741960979,0.5,0.5450405741960979,0.23695927876264786,0.5461847389558233,0.5000000000015001,1.0,1748,249
nslkdd,0.8,R2L,xgb,12345,13,0.5,0.9798657718120806,0.013513513513513514,0.9663522582985671,-0.02986577181208061,0.9364864864864865,0.9730636676945402,0.6506849080324173,0.9730636676945402,-0.0,0.9864864864864865,0.5000000000025042,0.9931028054804735,149,296
nslkdd,0.8,Normal,xgb,12345,14,0.5,0.9991089991089991,0.9761904761904762,0.02291852291852292,-0.04910899910899913,-0.02619047619047621,0.03437572187572187,0.4999611973762512,0.03437572187572187,0.000299062799062799,0.023809523809523836,0.0,0.6667066658666829,10101,1008
nslkdd,0.8,DoS,xgb,12345,14,0.5,0.9994193642038032,0.3945666235446313,0.6048527406591719,-0.04941936420380322,0.5554333764553687,0.6048527406591719,0.5,0.6048527406591719,0.19677356537232332,0.6054333764553688,0.5000000169389178,1.0,6889,773
nslkdd,0.8,Probe,xgb,12345,14,0.5,0.9988558352402745,0.564,0.4348558352402746,-0.04885583524027459,0.386,0.4348558352402746,0.5,0.4348558352402746,0.21366590389016019,0.43600000000000005,0.5000000000015001,1.0,1748,250
nslkdd,0.8,R2L,xgb,12345,14,0.5,0.9798657718120806,0.013513513513513514,0.9663522582985671,-0.02986577181208061,0.9364864864864865,0.9730636676945402,0.6506849080324173,0.9730636676945402,-0.0,0.9864864864864865,0.5000000000025042,0.9931028054804735,149,296
nslkdd,0.8,Normal,xgb,12345,15,0.5,0.9991089991089991,0.9722222222222222,0.026886776886776875,-0.04910899910899913,-0.022222222222222254,0.03546678546678547,0.49996644258499146,0.03546678546678547,0.002782315282315282,0.02777777777777779,0.0,0.7580832751802741,10101,1008
nslkdd,0.8,DoS,xgb,12345,15,0.5,0.9994193642038032,0.34935064935064936,0.6500687148531539,-0.04941936420380322,0.6006493506493507,0.6500687148531539,0.5,0.6500687148531539,0.15647719967650292,0.6506493506493507,0.5000000169389178,1.0,6889,770
nslkdd,0.8,Probe,xgb,12345,15,0.5,0.9988558352402745,0.42,0.5788558352402746,-0.04885583524027459,0.53,0.5788558352402746,0.5,0.5788558352402746,0.1999954233409611,0.5800000000000001,0.5000000000015001,1.0,1748,250
nslkdd,0.8,R2L,xgb,12345,15,0.5,0.9798657718120806,0.013468013468013467,0.966397758344067,-0.02986577181208061,0.9365319865319864,0.9731091677400402,0.6506849080324173,0.9731091677400402,-0.0,0.9865319865319865,0.5000000000025042,0.993103127975292,149,297
nslkdd,0.8,Normal,xgb,12345,16,0.5,0.9991089991089991,0.9672619047619048,0.03184709434709432,-0.04910899910899913,-0.01726190476190481,0.0556050556050556,0.4999995827674866,0.0556050556050556,0.000299062799062799,0.03273809523809523,0.0,0.5727373887240351,10101,1008
nslkdd,0.8,DoS,xgb,12345,16,0.5,0.9994193642038032,0.3738680465717982,0.625551317632005,-0.04941936420380322,0.5761319534282018,0.625551317632005,0.5,0.625551317632005,0.16960668309547985,0.6261319534282018,0.5000000169389178,1.0,6889,773
nslkdd,0.8,Probe,xgb,12345,16,0.5,0.9988558352402745,0.612,0.38685583524027456,-0.04885583524027459,0.33799999999999997,0.38685583524027456,0.5,0.38685583524027456,0.2176659038901602,0.388,0.5000000000015001,1.0,1748,250
nslkdd,0.8,R2L,xgb,12345,16,0.5,0.9798657718120806,0.02702702702702703,0.9528387447850535,-0.02986577181208061,0.922972972972973,0.9595501541810267,0.6506849080324173,0.9595501541810267,-0.0,0.972972972972973,0.5000000000025042,0.9930056710775046,149,296
nslkdd,0.8,Normal,xgb,12345,17,0.5,0.9991089991089991,0.9682539682539683,0.03085503085503083,-0.04910899910899913,-0.0182539682539683,0.0439024189024189,0.49989840388298035,0.0439024189024189,0.0007961257961257961,0.031746031746031744,0.0,0.7028093582636469,10101,1008
nslkdd,0.8,DoS,xgb,12345,17,0.5,0.9994193642038032,0.3950777202072539,0.6043416439965492,-0.04941936420380322,0.554922279792746,0.6043416439965492,0.5,0.6043416439965492,0.20352506849922947,0.604922279792746,0.5000000169389178,1.0,6889,772
nslkdd,0.8,Probe,xgb,12345,17,0.5,0.9988558352402745,0.428,0.5708558352402746,-0.04885583524027459,0.522,0.5708558352402746,0.5,0.5708558352402746,0.2119954233409611,0.5720000000000001,0.5000000000015001,1.0,1748,250
nslkdd,0.8,R2L,xgb,12345,17,0.5,0.9798657718120806,0.03691275167785235,0.9429530201342282,-0.02986577181208061,0.9130872483221476,0.9496644295302014,0.6506849080324173,0.9496644295302014,-0.0,0.9630872483221476,0.5000000000025042,0.9929328621908128,149,298
nslkdd,0.8,Normal,xgb,12345,18,0.5,0.9991089991089991,0.9632936507936508,0.03581534831534827,-0.04910899910899913,-0.013293650793650857,0.03774997524997524,0.4999390244483948,0.03774997524997524,0.002285252285252285,0.03670634920634919,0.0,0.9487515707807455,10101,1008
nslkdd,0.8,DoS,xgb,12345,18,0.5,0.9994193642038032,0.3657587548638132,0.6336606093399899,-0.04941936420380322,0.5842412451361867,0.6336606093399899,0.5,0.6336606093399899,0.16403695509618052,0.6342412451361867,0.5000000169389178,1.0,6889,771
nslkdd,0.8,Probe,xgb,12345,18,0.5,0.9988558352402745,0.5461847389558233,0.45267109628445124,-0.04885583524027459,0.40381526104417664,0.45267109628445124,0.5,0.45267109628445124,0.21929365057483943,0.4538152610441767,0.5000000000015001,1.0,1748,249
nslkdd,0.8,R2L,xgb,12345,18,0.5,0.9798657718120806,0.006711409395973154,0.9731543624161074,-0.02986577181208061,0.9432885906040268,0.9798657718120806,0.6506849080324173,0.9798657718120806,-0.0,0.9932885906040269,0.5000000000025042,0.9931506849315068,149,298
nslkdd,0.8,Normal,xgb,12345,19,0.5,0.9991089991089991,0.9751984126984127,0.02391058641058641,-0.04910899910899913,-0.02519841269841272,0.05104486354486354,0.49991583824157715,0.05104486354486354,0.001202438702438702,0.024801587301587324,0.0,0.4684229665845085,10101,1008
nslkdd,0.8,DoS,xgb,12345,19,0.5,0.9994193642038032,0.3549222797927461,0.6444970844110571,-0.04941936420380322,0.5950777202072539,0.6444970844110571,0.5,0.6444970844110571,0.15862375778161025,0.645077720207254,0.5000000169389178,1.0,6889,772
nslkdd,0.8,Probe,xgb,12345,19,0.5,0.9988558352402745,0.58,0.4188558352402746,-0.04885583524027459,0.37,0.4188558352402746,0.5,0.4188558352402746,0.2119496567505721,0.42000000000000004,0.49999999709114706,1.0,1748,250
nslkdd,0.8,R2L,xgb,12345,19,0.5,0.9798657718120806,0.013468013468013467,0.966397758344067,-0.02986577181208061,0.9365319865319864,0.9731091677400402,0.6506849080324173,0.9731091677400402,-0.0,0.9865319865319865,0.5000000000025042,0.993103127975292,149,297
nslkdd,0.8,Normal,xgb,1337,0,0.5,0.999009999009999,0.9682539682539683,0.030756030756030728,-0.04900999900999903,-0.0182539682539683,0.031251031251031236,0.7989476919174194,0.031251031251031236,0.003875441375441375,0.031746031746031744,0.0,0.98416050686378,10101,1008
nslkdd,0.8,DoS,xgb,1337,0,0.5,0.9991290463057048,0.3225388601036269,0.6765901862020778,-0.049129046305704804,0.627461139896373,0.6765901862020778,0.5,0.6765901862020778,0.13665850116239975,0.677461139896373,0.5000000200239803,1.0,6889,772
nslkdd,0.8,Probe,xgb,1337,0,0.5,0.9982837528604119,0.5060240963855421,0.4922596564748698,-0.04828375286041198,0.4439759036144578,0.4922596564748698,0.5,0.4922596564748698,0.15671840680801005,0.49397590361445787,0.5000000171146297,1.0,1748,249
nslkdd,0.8,R2L,xgb,1337,0,0.5,0.9798657718120806,0.016891891891891893,0.9629738799201887,-0.02986577181208061,0.9331081081081081,0.9663069109377834,0.8378965854644775,0.9663069109377834,4.5347360783602915e-05,0.9831081081081081,0.5000000000025002,0.996550753202872,149,296
nslkdd,0.8,Normal,xgb,1337,1,0.5,0.999009999009999,0.9692460317460317,0.02976396726396724,-0.04900999900999903,-0.01924603174603179,0.030258967758967747,0.7989476919174194,0.030258967758967747,0.0060348810348810344,0.030753968253968256,0.0,0.9836411969190917,10101,1008
nslkdd,0.8,DoS,xgb,1337,1,0.5,0.9991290463057048,0.29831387808041504,0.7008151682252897,-0.049129046305704804,0.6516861219195849,0.7008151682252897,0.5,0.7008151682252897,0.1135003659097503,0.7016861219195849,0.5000000200239803,1.0,6889,771
nslkdd,0.8,Probe,xgb,1337,1,0.5,0.9982837528604119,0.5645161290322581,0.4337676238281538,-0.04828375286041198,0.38548387096774184,0.4337676238281538,0.5,0.4337676238281538,0.23006016092123716,0.4354838709677419,0.5000000000015825,1.0,1748,248
nslkdd,0.8,R2L,xgb,1337,1,0.5,0.9798657718120806,0.026936026936026935,0.9529297448760536,-0.02986577181208061,0.923063973063973,0.9596411542720268,0.8378965854644775,0.9596411542720268,-0.0,0.9730639730639731,0.5000000000025002,0.9930063343301858,149,297
nslkdd,0.8,Normal,xgb,1337,2,0.5,0.999009999009999,0.9593253968253969,0.039684602184602125,-0.04900999900999903,-0.009325396825396903,0.04017960267960263,0.7989476919174194,0.04017960267960263,-0.0,0.04067460317460314,0.0,0.9876803038858372,10101,1008
nslkdd,0.8,DoS,xgb,1337,2,0.5,0.9991290463057048,0.3216601815823606,0.6774688647233442,-0.049129046305704804,0.6283398184176394,0.6774688647233442,0.5,0.6774688647233442,0.13315725985842955,0.6783398184176395,0.5000000200239803,1.0,6889,771
nslkdd,0.8,Probe,xgb,1337,2,0.5,0.9982837528604119,0.336,0.662283752860412,-0.04828375286041198,0.6139999999999999,0.662283752860412,0.5,0.662283752860412,0.12796338672768878,0.6639999999999999,0.5000000094137227,1.0,1748,250
nslkdd,0.8,R2L,xgb,1337,2,0.5,0.9798657718120806,0.013468013468013467,0.966397758344067,-0.02986577181208061,0.9365319865319864,0.966397758344067,0.5,0.966397758344067,-0.0,0.9865319865319865,0.5000000000025013,1.0,149,297
nslkdd,0.8,Normal,xgb,1337,3,0.5,0.999009999009999,0.9722222222222222,0.026787776787776774,-0.04900999900999903,-0.022222222222222254,0.03127165627165627,0.49972978234291077,0.03127165627165627,0.0007981882981882979,0.02777777777777779,0.0,0.8566152222661915,10101,1008
nslkdd,0.8,DoS,xgb,1337,3,0.5,0.9991290463057048,0.29015544041450775,0.7089736058911971,-0.049129046305704804,0.6598445595854923,0.7089736058911971,0.5,0.7089736058911971,0.10204128831951817,0.7098445595854923,0.5000000200239803,1.0,6889,772
nslkdd,0.8,Probe,xgb,1337,3,0.5,0.9982837528604119,0.5140562248995983,0.4842275279608136,-0.04828375286041198,0.4359437751004016,0.4842275279608136,0.5,0.4842275279608136,0.19286298512126307,0.48594377510040165,0.5000000009328209,1.0,1748,249
nslkdd,0.8,R2L,xgb,1337,3,0.5,0.9798657718120806,0.013468013468013467,0.966397758344067,-0.02986577181208061,0.9365319865319864,0.966397758344067,0.5,0.966397758344067,-0.0,0.9865319865319865,0.5000000000025002,1.0,149,297
nslkdd,0.8,Normal,xgb,1337,4,0.5,0.999009999009999,0.9732142857142857,0.025795713295713285,-0.04900999900999903,-0.023214285714285743,0.026311338811338805,0.49972978234291077,0.026311338811338805,0.007944757944757944,0.0267857142857143,0.0,0.9804029160460922,10101,1008
nslkdd,0.8,DoS,xgb,1337,4,0.5,0.9991290463057048,0.2931258106355383,0.7060032356701664,-0.049129046305704804,0.6568741893644616,0.7060032356701664,0.5,0.7060032356701664,0.10347103099943726,0.7068741893644617,0.5000000200239803,1.0,6889,771
nslkdd,0.8,Probe,xgb,1337,4,0.5,0.9982837528604119,0.396,0.6022837528604119,-0.04828375286041198,0.5539999999999999,0.6022837528604119,0.5,0.6022837528604119,0.1765675057208238,0.604,0.500000009197574,1.0,1748,250
nslkdd,0.8,R2L,xgb,1337,4,0.5,0.9798657718120806,0.010101010101010102,0.9697647617110705,-0.02986577181208061,0.9398989898989899,0.9731091677400402,0.8378965854644775,0.9731091677400402,-0.0,0.98989898989899,0.5000000000025002,0.9965631748833106,149,297
nslkdd,0.8,Normal,xgb,1337,5,0.5,0.999009999009999,0.9722222222222222,0.026787776787776774,-0.04900999900999903,-0.022222222222222254,0.03325578325578325,0.49972978234291077,0.03325578325578325,-0.0,0.02777777777777779,0.0,0.805507318283304,10101,1008
nslkdd,0.8,DoS,xgb,1337,5,0.5,0.9991290463057048,0.2931258106355383,0.7060032356701664,-0.049129046305704804,0.6568741893644616,0.7060032356701664,0.5,0.7060032356701664,0.10736208158309485,0.7068741893644617,0.5000000200239803,1.0,6889,771
nslkdd,0.8,Probe,xgb,1337,5,0.5,0.9982837528604119,0.3654618473895582,0.6328219054708537,-0.04828375286041198,0.5845381526104417,0.6328219054708537,0.5,0.6328219054708537,0.16524220451600452,0.6345381526104418,0.5000000000015032,1.0,1748,249
nslkdd,0.8,R2L,xgb,1337,5,0.5,0.9798657718120806,0.02364864864864865,0.9562171231634319,-0.02986577181208061,0.9263513513513513,0.9562171231634319,0.5,0.9562171231634319,0.0034237257391619815,0.9763513513513513,0.5000000000025002,1.0,149,296
nslkdd,0.8,Normal,xgb,1337,6,0.5,0.999009999009999,0.9732142857142857,0.025795713295713285,-0.04900999900999903,-0.023214285714285743,0.02710540210540211,0.4996322691440582,0.02710540210540211,0.000994125994125994,0.0267857142857143,0.0,0.9516816314107436,10101,1008
nslkdd,0.8,DoS,xgb,1337,6,0.5,0.9991290463057048,0.30310880829015546,0.6960202380155494,-0.049129046305704804,0.6468911917098445,0.6960202380155494,0.5,0.6960202380155494,0.12111445971162256,0.6968911917098446,0.5000000200239803,1.0,6889,772
nslkdd,0.8,Probe,xgb,1337,6,0.5,0.9982837528604119,0.5381526104417671,0.46013114241864483,-0.04828375286041198,0.41184738955823286,0.46013114241864483,0.5,0.46013114241864483,0.18081479235017875,0.4618473895582329,0.5000000009328209,1.0,1748,249
nslkdd,0.8,R2L,xgb,1337,6,0.5,0.9798657718120806,0.010101010101010102,0.9697647617110705,-0.02986577181208061,0.9398989898989899,0.9764761711070437,0.8378965854644775,0.9764761711070437,-0.0,0.98989898989899,0.5000000000025002,0.9931269091918912,149,297
nslkdd,0.8,Normal,xgb,1337,7,0.5,0.999009999009999,0.9623015873015873,0.03670841170841166,-0.04900999900999903,-0.012301587301587369,0.03720341220341217,0.7989476919174194,0.03720341220341217,0.0020666270666270664,0.037698412698412676,0.0,0.9866947555161323,10101,1008
nslkdd,0.8,DoS,xgb,1337,7,0.5,0.9991290463057048,0.3225388601036269,0.6765901862020778,-0.049129046305704804,0.627461139896373,0.6765901862020778,0.5,0.6765901862020778,0.13018181722457592,0.677461139896373,0.5000000200239803,1.0,6889,772
nslkdd,0.8,Probe,xgb,1337,7,0.5,0.9982837528604119,0.56,0.4382837528604119,-0.04828375286041198,0.3899999999999999,0.4382837528604119,0.5,0.4382837528604119,0.20796338672768877,0.43999999999999995,0.5000000000018991,1.0,1748,250
nslkdd,0.8,R2L,xgb,1337,7,0.5,0.9798657718120806,0.006734006734006734,0.9731317650780739,-0.02986577181208061,0.9432659932659933,0.9731317650780739,0.5,0.9731317650780739,-0.0,0.9932659932659933,0.5000000000025002,1.0,149,297
nslkdd,0.8,Normal,xgb,1337,8,0.5,0.999009999009999,0.9781746031746031,0.020835395835395842,-0.04900999900999903,-0.028174603174603186,0.02135102135102135,0.49972978234291077,0.02135102135102135,0.0025843150843150842,0.02182539682539686,0.0,0.9758500772797531,10101,1008
nslkdd,0.8,DoS,xgb,1337,8,0.5,0.9991290463057048,0.32341526520051744,0.6757137811051873,-0.049129046305704804,0.6265847347994825,0.6757137811051873,0.5,0.6757137811051873,0.12648846606050443,0.6765847347994826,0.5000000200239803,1.0,6889,773
nslkdd,0.8,Probe,xgb,1337,8,0.5,0.9982837528604119,0.5261044176706827,0.4721793351897292,-0.04828375286041198,0.42389558232931723,0.4721793351897292,0.5,0.4721793351897292,0.15671840680801005,0.4738955823293173,0.5000000000015032,1.0,1748,249
nslkdd,0.8,R2L,xgb,1337,8,0.5,0.9798657718120806,0.016835016835016835,0.9630307549770637,-0.02986577181208061,0.9331649831649831,0.9630307549770637,0.5,0.9630307549770637,-0.0,0.9831649831649831,0.5000000000025002,1.0,149,297
nslkdd,0.8,Normal,xgb,1337,9,0.5,0.999009999009999,0.9751984126984127,0.023811586311586308,-0.04900999900999903,-0.02519841269841272,0.03613091113091114,0.499977171421051,0.03613091113091114,0.0017902517902517899,0.024801587301587324,0.0,0.659036419682612,10101,1008
nslkdd,0.8,DoS,xgb,1337,9,0.5,0.9991290463057048,0.29922279792746115,0.6999062483782437,-0.049129046305704804,0.6507772020725389,0.6999062483782437,0.5,0.6999062483782437,0.10945642862353967,0.7007772020725389,0.5000000200239803,1.0,6889,772
nslkdd,0.8,Probe,xgb,1337,9,0.5,0.9982837528604119,0.372,0.6262837528604119,-0.04828375286041198,0.578,0.6262837528604119,0.5,0.6262837528604119,0.1628512585812357,0.628,0.5000000000018783,1.0,1748,250
nslkdd,0.8,R2L,xgb,1337,9,0.5,0.9798657718120806,0.016835016835016835,0.9630307549770637,-0.02986577181208061,0.9331649831649831,0.9630307549770637,0.5,0.9630307549770637,-0.0,0.9831649831649831,0.5000000000025013,1.0,149,297
nslkdd,0.8,Normal,xgb,1337,10,0.5,0.999009999009999,0.9662698412698413,0.032740157740157705,-0.04900999900999903,-0.016269841269841323,0.032740157740157705,0.5,0.032740157740157705,0.002287314787314787,0.03373015873015872,0.0,1.0,10101,1008
nslkdd,0.8,DoS,xgb,1337,10,0.5,0.9991290463057048,0.2892347600518807,0.709894286253824,-0.049129046305704804,0.6607652399481192,0.709894286253824,0.5,0.709894286253824,0.10347103099943726,0.7107652399481192,0.5000000200239803,1.0,6889,771
nslkdd,0.8,Probe,xgb,1337,10,0.5,0.9982837528604119,0.5099601593625498,0.48832359349786214,-0.04828375286041198,0.44003984063745016,0.48832359349786214,0.5,0.48832359349786214,0.17911876521374456,0.4900398406374502,0.5000000000015032,1.0,1748,251
nslkdd,0.8,R2L,xgb,1337,10,0.5,0.9798657718120806,0.006734006734006734,0.9731317650780739,-0.02986577181208061,0.9432659932659933,0.979843174474047,0.8378965854644775,0.979843174474047,-0.0,0.9932659932659933,0.5000000000025002,0.9931505269712414,149,297
nslkdd,0.8,Normal,xgb,1337,11,0.5,0.999009999009999,0.9732142857142857,0.025795713295713285,-0.04900999900999903,-0.023214285714285743,0.025795713295713285,0.5,0.025795713295713285,0.001992376992376992,0.0267857142857143,0.0,1.0,10101,1008
nslkdd,0.8,DoS,xgb,1337,11,0.5,0.9991290463057048,0.3350582147477361,0.6640708315579686,-0.049129046305704804,0.6149417852522638,0.6640708315579686,0.5,0.6640708315579686,0.14035180294738392,0.6649417852522639,0.5000000200239803,1.0,6889,773
nslkdd,0.8,Probe,xgb,1337,11,0.5,0.9982837528604119,0.368,0.6302837528604119,-0.04828375286041198,0.582,0.6302837528604119,0.5,0.6302837528604119,0.1548512585812357,0.632,0.500000009197574,1.0,1748,250
nslkdd,0.8,R2L,xgb,1337,11,0.5,0.9798657718120806,0.020202020202020204,0.9596637516100603,-0.02986577181208061,0.9297979797979797,0.9596637516100603,0.5,0.9596637516100603,-0.0,0.9797979797979798,0.5000000000025002,1.0,149,297
nslkdd,0.8,Normal,xgb,1337,12,0.5,0.999009999009999,0.9682539682539683,0.030756030756030728,-0.04900999900999903,-0.0182539682539683,0.031251031251031236,0.7989476919174194,0.031251031251031236,0.001992376992376992,0.031746031746031744,0.0,0.98416050686378,10101,1008
nslkdd,0.8,DoS,xgb,1337,12,0.5,0.9991290463057048,0.32684824902723736,0.6722807972784675,-0.049129046305704804,0.6231517509727627,0.6722807972784675,0.5,0.6722807972784675,0.13719346939113636,0.6731517509727627,0.5000000200239803,1.0,6889,771
nslkdd,0.8,Probe,xgb,1337,12,0.5,0.9982837528604119,0.34,0.658283752860412,-0.04828375286041198,0.6099999999999999,0.658283752860412,0.5,0.658283752860412,0.1308512585812357,0.6599999999999999,0.5000000009328209,1.0,1748,250
nslkdd,0.8,R2L,xgb,1337,12,0.5,0.9798657718120806,0.016835016835016835,0.9630307549770637,-0.02986577181208061,0.9331649831649831,0.9697421643730368,0.8378965854644775,0.9697421643730368,-0.0,0.9831649831649831,0.5000000000025002,0.9930791816190521,149,297
nslkdd,0.8,Normal,xgb,1337,13,0.5,0.999009999009999,0.9751984126984127,0.023811586311586308,-0.04900999900999903,-0.02519841269841272,0.02432721182721182,0.49972978234291077,0.02432721182721182,0.002984440484440484,0.024801587301587324,0.0,0.9788045782111064,10101,1008
nslkdd,0.8,DoS,xgb,1337,13,0.5,0.9991290463057048,0.28886010362694303,0.7102689426787617,-0.049129046305704804,0.6611398963730569,0.7102689426787617,0.5,0.7102689426787617,0.09556460438169433,0.711139896373057,0.5000000200239803,1.0,6889,772
nslkdd,0.8,Probe,xgb,1337,13,0.5,0.9982837528604119,0.3815261044176707,0.6167576484427413,-0.04828375286041198,0.5684738955823292,0.6167576484427413,0.5,0.6167576484427413,0.17557415014750075,0.6184738955823292,0.500000009197574,1.0,1748,249
nslkdd,0.8,R2L,xgb,1337,13,0.5,0.9798657718120806,0.013513513513513514,0.9663522582985671,-0.02986577181208061,0.9364864864864865,0.9663522582985671,0.5,0.9663522582985671,-0.0,0.9864864864864865,0.5000000000025002,1.0,149,296
nslkdd,0.8,Normal,xgb,1337,14,0.5,0.999009999009999,0.9761904761904762,0.02281952281952282,-0.04900999900999903,-0.02619047619047621,0.023314523314523328,0.7989476919174194,0.023314523314523328,2.062502062501973e-06,0.023809523809523836,0.0,0.9787685774946916,10101,1008
nslkdd,0.8,DoS,xgb,1337,14,0.5,0.9991290463057048,0.3169469598965071,0.6821820864091976,-0.049129046305704804,0.6330530401034928,0.6821820864091976,0.5,0.6821820864091976,0.12519480499970237,0.6830530401034929,0.5000000200239803,1.0,6889,773
nslkdd,0.8,Probe,xgb,1337,14,0.5,0.9982837528604119,0.512,0.4862837528604119,-0.04828375286041198,0.43799999999999994,0.4862837528604119,0.5,0.4862837528604119,0.17196338672768877,0.488,0.5000000009328209,1.0,1748,250
nslkdd,0.8,R2L,xgb,1337,14,0.5,0.9798657718120806,0.013513513513513514,0.9663522582985671,-0.02986577181208061,0.9364864864864865,0.9663522582985671,0.5,0.9663522582985671,-0.0,0.9864864864864865,0.5000000000025002,1.0,149,296
nslkdd,0.8,Normal,xgb,1337,15,0.5,0.999009999009999,0.9712301587301587,0.027779840279840262,-0.04900999900999903,-0.021230158730158766,0.027779840279840262,0.5,0.027779840279840262,0.003058690558690562,0.02876984126984128,0.0,1.0,10101,1008
nslkdd,0.8,DoS,xgb,1337,15,0.5,0.9991290463057048,0.2909090909090909,0.7082199553966139,-0.049129046305704804,0.6590909090909091,0.7082199553966139,0.5,0.7082199553966139,0.10197039134475627,0.7090909090909091,0.5000000200239803,1.0,6889,770
nslkdd,0.8,Probe,xgb,1337,15,0.5,0.9982837528604119,0.36,0.638283752860412,-0.04828375286041198,0.59,0.638283752860412,0.5,0.638283752860412,0.14285125858123568,0.64,0.5000000171146297,1.0,1748,250
nslkdd,0.8,R2L,xgb,1337,15,0.5,0.9798657718120806,0.010101010101010102,0.9697647617110705,-0.02986577181208061,0.9398989898989899,0.9731091677400402,0.8378965854644775,0.9731091677400402,-0.0,0.98989898989899,0.5000000000025002,0.9965631748833106,149,297
nslkdd,0.8,Normal,xgb,1337,16,0.5,0.999009999009999,0.9672619047619048,0.031748094248094216,-0.04900999900999903,-0.01726190476190481,0.037422037422037424,0.4997923672199249,0.037422037422037424,0.0007981882981882979,0.03273809523809523,0.0,0.8483796296296288,10101,1008
nslkdd,0.8,DoS,xgb,1337,16,0.5,0.9991290463057048,0.3117723156532988,0.687356730652406,-0.049129046305704804,0.6382276843467012,0.687356730652406,0.5,0.687356730652406,0.11743283863488994,0.6882276843467012,0.5000000200239803,1.0,6889,773
nslkdd,0.8,Probe,xgb,1337,16,0.5,0.9982837528604119,0.576,0.422283752860412,-0.04828375286041198,0.374,0.422283752860412,0.5,0.422283752860412,0.19196338672768878,0.42400000000000004,0.5000000005137621,1.0,1748,250
nslkdd,0.8,R2L,xgb,1337,16,0.5,0.9798657718120806,0.02702702702702703,0.9528387447850535,-0.02986577181208061,0.922972972972973,0.9528387447850535,0.5,0.9528387447850535,-0.0,0.972972972972973,0.5000000000025053,1.0,149,296
nslkdd,0.8,Normal,xgb,1337,17,0.5,0.999009999009999,0.9682539682539683,0.030756030756030728,-0.04900999900999903,-0.0182539682539683,0.031251031251031236,0.7989476919174194,0.031251031251031236,0.003058690558690562,0.031746031746031744,0.0,0.98416050686378,10101,1008
nslkdd,0.8,DoS,xgb,1337,17,0.5,0.9991290463057048,0.32124352331606215,0.6778855229896426,-0.049129046305704804,0.6287564766839377,0.6778855229896426,0.5,0.6778855229896426,0.1318340344335078,0.6787564766839378,0.5000000200239803,1.0,6889,772
nslkdd,0.8,Probe,xgb,1337,17,0.5,0.9982837528604119,0.376,0.6222837528604119,-0.04828375286041198,0.574,0.6222837528604119,0.5,0.6222837528604119,0.16056750572082382,0.624,0.5000000009328209,1.0,1748,250
nslkdd,0.8,R2L,xgb,1337,17,0.5,0.9798657718120806,0.03691275167785235,0.9429530201342282,-0.02986577181208061,0.9130872483221476,0.9429530201342282,0.5,0.9429530201342282,-0.0,0.9630872483221476,0.5000000000025002,1.0,149,298
nslkdd,0.8,Normal,xgb,1337,18,0.5,0.999009999009999,0.9632936507936508,0.03571634821634817,-0.04900999900999903,-0.013293650793650857,0.03621134871134868,0.7989476919174194,0.03621134871134868,0.0035763785763785762,0.03670634920634919,0.0,0.9863302386512498,10101,1008
nslkdd,0.8,DoS,xgb,1337,18,0.5,0.9991290463057048,0.29571984435797666,0.703409201947728,-0.049129046305704804,0.6542801556420232,0.703409201947728,0.5,0.703409201947728,0.10217401413821806,0.7042801556420233,0.5000000200239803,1.0,6889,771
nslkdd,0.8,Probe,xgb,1337,18,0.5,0.9982837528604119,0.4979919678714859,0.500291784988926,-0.04828375286041198,0.45200803212851404,0.500291784988926,0.5,0.500291784988926,0.18483085660720686,0.5020080321285141,0.5000000000015765,1.0,1748,249
nslkdd,0.8,R2L,xgb,1337,18,0.5,0.9798657718120806,0.006711409395973154,0.9731543624161074,-0.02986577181208061,0.9432885906040268,0.9731543624161074,0.5,0.9731543624161074,-0.0,0.9932885906040269,0.5000000000025002,1.0,149,298
nslkdd,0.8,Normal,xgb,1337,19,0.5,0.999009999009999,0.9751984126984127,0.023811586311586308,-0.04900999900999903,-0.02519841269841272,0.03514091014091015,0.49971112608909607,0.03514091014091015,0.003976503976503976,0.024801587301587324,0.0,0.6776030050475406,10101,1008
nslkdd,0.8,DoS,xgb,1337,19,0.5,0.9991290463057048,0.2927461139896373,0.7063829323160675,-0.049129046305704804,0.6572538860103627,0.7063829323160675,0.5,0.7063829323160675,0.10189612937046896,0.7072538860103628,0.5000000200239803,1.0,6889,772
nslkdd,0.8,Probe,xgb,1337,19,0.5,0.9982837528604119,0.548,0.4502837528604119,-0.04828375286041198,0.4019999999999999,0.4502837528604119,0.5,0.4502837528604119,0.19196338672768878,0.45199999999999996,0.5000000009328209,1.0,1748,250
nslkdd,0.8,R2L,xgb,1337,19,0.5,0.9798657718120806,0.013468013468013467,0.966397758344067,-0.02986577181208061,0.9365319865319864,0.9697421643730368,0.8378965854644775,0.9697421643730368,-0.0,0.9865319865319865,0.5000000000025013,0.9965512420189215,149,297
nslkdd,0.8,Normal,xgb,2024,0,0.5,0.9992079992079992,0.9692460317460317,0.029961967461967443,-0.04920799920799923,-0.01924603174603179,0.03484184734184734,0.49995607137680054,0.03484184734184734,0.003675378675378675,0.030753968253968256,0.0,0.8599419878055995,10101,1008
nslkdd,0.8,DoS,xgb,2024,0,0.5,0.9991290463057048,0.38082901554404147,0.6183000307616633,-0.049129046305704804,0.5691709844559585,0.6183000307616633,0.5,0.6183000307616633,0.19422286185756824,0.6191709844559585,0.5000000158329858,1.0,6889,772
nslkdd,0.8,Probe,xgb,2024,0,0.5,0.9982837528604119,0.5180722891566265,0.4802114637037854,-0.04828375286041198,0.43192771084337345,0.4802114637037854,0.5,0.4802114637037854,0.1658947000817917,0.4819277108433735,0.5000000082670046,1.0,1748,249
nslkdd,0.8,R2L,xgb,2024,0,0.5,0.9865771812080537,0.016891891891891893,0.9696852893161618,-0.036577181208053755,0.9331081081081081,0.9696852893161618,0.5,0.9696852893161618,0.006711409395973145,0.9831081081081081,0.5000000000025002,1.0,149,296
nslkdd,0.8,Normal,xgb,2024,1,0.5,0.9992079992079992,0.9702380952380952,0.028969903969903954,-0.04920799920799923,-0.020238095238095277,0.02926690426690426,0.776904970407486,0.02926690426690426,0.001192126192126192,0.029761904761904767,0.0,0.9898520084566593,10101,1008
nslkdd,0.8,DoS,xgb,2024,1,0.5,0.9991290463057048,0.3437094682230869,0.6554195780826179,-0.049129046305704804,0.606290531776913,0.6554195780826179,0.5,0.6554195780826179,0.15601160443188533,0.6562905317769131,0.5000000158329858,1.0,6889,771
nslkdd,0.8,Probe,xgb,2024,1,0.5,0.9982837528604119,0.5685483870967742,0.4297353657636377,-0.04828375286041198,0.3814516129032257,0.4297353657636377,0.5,0.4297353657636377,0.23120432568096255,0.43145161290322576,0.5000000082670046,1.0,1748,248
nslkdd,0.8,R2L,xgb,2024,1,0.5,0.9865771812080537,0.026936026936026935,0.9596411542720268,-0.036577181208053755,0.923063973063973,0.9596411542720268,0.5,0.9596411542720268,0.003344406028969793,0.9730639730639731,0.5000000000025002,1.0,149,297
nslkdd,0.8,Normal,xgb,2024,2,0.5,0.9992079992079992,0.9642857142857143,0.034922284922284885,-0.04920799920799923,-0.014285714285714346,0.03821610071610071,0.49981772899627686,0.03821610071610071,0.0050613800613800615,0.0357142857142857,0.0,0.9138107830967664,10101,1008
nslkdd,0.8,DoS,xgb,2024,2,0.5,0.9991290463057048,0.3735408560311284,0.6255881902745764,-0.049129046305704804,0.5764591439688715,0.6255881902745764,0.5,0.6255881902745764,0.18065492479505005,0.6264591439688716,0.5000000158329858,1.0,6889,771
nslkdd,0.8,Probe,xgb,2024,2,0.5,0.9982837528604119,0.372,0.6262837528604119,-0.04828375286041198,0.578,0.6262837528604119,0.5,0.6262837528604119,0.15310755148741417,0.628,0.5000000082670046,1.0,1748,250
nslkdd,0.8,R2L,xgb,2024,2,0.5,0.9865771812080537,0.020202020202020204,0.9663751610060335,-0.036577181208053755,0.9297979797979797,0.9663751610060335,0.5,0.9663751610060335,0.003367003367003367,0.9797979797979798,0.5000000000025002,1.0,149,297
nslkdd,0.8,Normal,xgb,2024,3,0.5,0.9992079992079992,0.9732142857142857,0.02599371349371349,-0.04920799920799923,-0.023214285714285743,0.03583597333597333,0.4997437000274658,0.03583597333597333,0.001889251889251889,0.0267857142857143,0.0,0.7253525179856114,10101,1008
nslkdd,0.8,DoS,xgb,2024,3,0.5,0.9991290463057048,0.3316062176165803,0.6675228286891244,-0.049129046305704804,0.6183937823834196,0.6675228286891244,0.5,0.6675228286891244,0.1376635200518661,0.6683937823834196,0.5000000158329858,1.0,6889,772
nslkdd,0.8,Probe,xgb,2024,3,0.5,0.9982837528604119,0.5341365461847389,0.464147206675673,-0.04828375286041198,0.415863453815261,0.464147206675673,0.5,0.464147206675673,0.20605534265207281,0.46586345381526106,0.5000000082670046,1.0,1748,249
nslkdd,0.8,R2L,xgb,2024,3,0.5,0.9865771812080537,0.016835016835016835,0.9697421643730368,-0.036577181208053755,0.9331649831649831,0.9697421643730368,0.5,0.9697421643730368,0.003344406028969793,0.9831649831649831,0.5000000000025002,1.0,149,297
nslkdd,0.8,Normal,xgb,2024,4,0.5,0.9992079992079992,0.9742063492063492,0.02500165000165,-0.04920799920799923,-0.02420634920634923,0.030279592779592773,0.49981772899627686,0.030279592779592773,0.008747071247071246,0.025793650793650813,0.0,0.825693072678973,10101,1008
nslkdd,0.8,DoS,xgb,2024,4,0.5,0.9991290463057048,0.3346303501945525,0.6644986961111523,-0.049129046305704804,0.6153696498054475,0.6644986961111523,0.5,0.6644986961111523,0.1391503852360358,0.6653696498054475,0.5000000158329858,1.0,6889,771
nslkdd,0.8,Probe,xgb,2024,4,0.5,0.9982837528604119,0.396,0.6022837528604119,-0.04828375286041198,0.5539999999999999,0.6022837528604119,0.5,0.6022837528604119,0.1634233409610984,0.604,0.5000000158339897,1.0,1748,250
nslkdd,0.8,R2L,xgb,2024,4,0.5,0.9865771812080537,0.013468013468013467,0.9731091677400402,-0.036577181208053755,0.9365319865319864,0.9731091677400402,0.5,0.9731091677400402,-0.0,0.9865319865319865,0.5000000000025002,1.0,149,297
nslkdd,0.8,Normal,xgb,2024,5,0.5,0.9992079992079992,0.9732142857142857,0.02599371349371349,-0.04920799920799923,-0.023214285714285743,0.041786291786291785,0.49995607137680054,0.041786291786291785,0.000992063492063492,0.0267857142857143,0.0,0.6220631786771963,10101,1008
nslkdd,0.8,DoS,xgb,2024,5,0.5,0.9991290463057048,0.33722438391699094,0.6619046623887138,-0.049129046305704804,0.612775616083009,0.6619046623887138,0.5,0.6619046623887138,0.14563546954213177,0.6627756160830091,0.5000000158329858,1.0,6889,771
nslkdd,0.8,Probe,xgb,2024,5,0.5,0.9982837528604119,0.39759036144578314,0.6006933914146289,-0.04828375286041198,0.5524096385542168,0.6006933914146289,0.5,0.6006933914146289,0.19802321413801657,0.6024096385542168,0.5000000158339897,1.0,1748,249
nslkdd,0.8,R2L,xgb,2024,5,0.5,0.9865771812080537,0.02364864864864865,0.962928532559405,-0.036577181208053755,0.9263513513513513,0.962928532559405,0.5,0.962928532559405,0.006711409395973145,0.9763513513513513,0.5000000000025002,1.0,149,296
nslkdd,0.8,Normal,xgb,2024,6,0.5,0.9992079992079992,0.9732142857142857,0.02599371349371349,-0.04920799920799923,-0.023214285714285743,0.0408952908952909,0.4997605085372925,0.0408952908952909,0.0006950631950631951,0.0267857142857143,0.0,0.6356163001815612,10101,1008
nslkdd,0.8,DoS,xgb,2024,6,0.5,0.9991290463057048,0.344559585492228,0.6545694608134768,-0.049129046305704804,0.605440414507772,0.6545694608134768,0.5,0.6545694608134768,0.1605441053808843,0.655440414507772,0.5000000158329858,1.0,6889,772
nslkdd,0.8,Probe,xgb,2024,6,0.5,0.9982837528604119,0.5502008032128514,0.44808294964756057,-0.04828375286041198,0.3997991967871486,0.44808294964756057,0.5,0.44808294964756057,0.18597502136693225,0.44979919678714864,0.5000000158339897,1.0,1748,249
nslkdd,0.8,R2L,xgb,2024,6,0.5,0.9865771812080537,0.026936026936026935,0.9596411542720268,-0.036577181208053755,0.923063973063973,0.9596411542720268,0.5,0.9596411542720268,0.0034121980430705263,0.9730639730639731,0.5000000000025002,1.0,149,297
nslkdd,0.8,Normal,xgb,2024,7,0.5,0.9992079992079992,0.9642857142857143,0.034922284922284885,-0.04920799920799923,-0.014285714285714346,0.035417285417285393,0.8723404258489609,0.035417285417285393,0.005700755700755698,0.0357142857142857,0.0,0.9860237596086648,10101,1008
nslkdd,0.8,DoS,xgb,2024,7,0.5,0.9991290463057048,0.3743523316062176,0.6247767146994871,-0.049129046305704804,0.5756476683937823,0.6247767146994871,0.5,0.6247767146994871,0.18040963404150342,0.6256476683937824,0.5000000158329858,1.0,6889,772
nslkdd,0.8,Probe,xgb,2024,7,0.5,0.9982837528604119,0.556,0.4422837528604119,-0.04828375286041198,0.3939999999999999,0.4422837528604119,0.5,0.4422837528604119,0.2011075514874142,0.44399999999999995,0.5000000082670046,1.0,1748,250
nslkdd,0.8,R2L,xgb,2024,7,0.5,0.9865771812080537,0.010101010101010102,0.9764761711070437,-0.036577181208053755,0.9398989898989899,0.9764761711070437,0.5,0.9764761711070437,0.006711409395973145,0.98989898989899,0.5000000000025002,1.0,149,297
nslkdd,0.8,Normal,xgb,2024,8,0.5,0.9992079992079992,0.9791666666666666,0.020041332541332557,-0.04920799920799923,-0.029166666666666674,0.02988152988152988,0.49995607137680054,0.02988152988152988,0.0026812526812526813,0.02083333333333337,0.0,0.6706929872998348,10101,1008
nslkdd,0.8,DoS,xgb,2024,8,0.5,0.9991290463057048,0.36739974126778785,0.6317293050379169,-0.049129046305704804,0.5826002587322121,0.6317293050379169,0.5,0.6317293050379169,0.1659347062653269,0.6326002587322122,0.5000000158329858,1.0,6889,773
nslkdd,0.8,Probe,xgb,2024,8,0.5,0.9982837528604119,0.5421686746987951,0.4561150781616168,-0.04828375286041198,0.4078313253012048,0.4561150781616168,0.5,0.4561150781616168,0.1739268285958479,0.45783132530120485,0.5000000082670046,1.0,1748,249
nslkdd,0.8,R2L,xgb,2024,8,0.5,0.9865771812080537,0.020202020202020204,0.9663751610060335,-0.036577181208053755,0.9297979797979797,0.9663751610060335,0.5,0.9663751610060335,0.006711409395973145,0.9797979797979798,0.5000000000025002,1.0,149,297
nslkdd,0.8,Normal,xgb,2024,9,0.5,0.9992079992079992,0.9751984126984127,0.02400958650958651,-0.04920799920799923,-0.02519841269841272,0.044764544764544764,0.4997437000274658,0.044764544764544764,0.000497062997062997,0.024801587301587324,0.0,0.5363527460375968,10101,1008
nslkdd,0.8,DoS,xgb,2024,9,0.5,0.9991290463057048,0.33678756476683935,0.6623414815388654,-0.049129046305704804,0.6132124352331606,0.6623414815388654,0.5,0.6623414815388654,0.1428448672021252,0.6632124352331606,0.5000000158329858,1.0,6889,772
nslkdd,0.8,Probe,xgb,2024,9,0.5,0.9982837528604119,0.404,0.5942837528604119,-0.04828375286041198,0.5459999999999999,0.5942837528604119,0.5,0.5942837528604119,0.18510755148741417,0.596,0.5000000124288464,1.0,1748,250
nslkdd,0.8,R2L,xgb,2024,9,0.5,0.9865771812080537,0.016835016835016835,0.9697421643730368,-0.036577181208053755,0.9331649831649831,0.9697421643730368,0.5,0.9697421643730368,0.006711409395973145,0.9831649831649831,0.5000000000025002,1.0,149,297
nslkdd,0.8,Normal,xgb,2024,10,0.5,0.9992079992079992,0.9692460317460317,0.029961967461967443,-0.04920799920799923,-0.01924603174603179,0.03285772035772035,0.49995607137680054,0.03285772035772035,0.003176253176253176,0.030753968253968256,0.0,0.9118699391124219,10101,1008
nslkdd,0.8,DoS,xgb,2024,10,0.5,0.9991290463057048,0.3398184176394293,0.6593106286662754,-0.049129046305704804,0.6101815823605706,0.6593106286662754,0.5,0.6593106286662754,0.15471458757066614,0.6601815823605707,0.5000000158329858,1.0,6889,771
nslkdd,0.8,Probe,xgb,2024,10,0.5,0.9982837528604119,0.5378486055776892,0.4604351472827227,-0.04828375286041198,0.41215139442231075,0.4604351472827227,0.5,0.4604351472827227,0.2041673124435895,0.4621513944223108,0.5000000082670046,1.0,1748,251
nslkdd,0.8,R2L,xgb,2024,10,0.5,0.9865771812080537,0.013468013468013467,0.9731091677400402,-0.036577181208053755,0.9365319865319864,0.9731091677400402,0.5,0.9731091677400402,-0.0,0.9865319865319865,0.5000000000025002,1.0,149,297
nslkdd,0.8,Normal,xgb,2024,11,0.5,0.9992079992079992,0.9742063492063492,0.02500165000165,-0.04920799920799923,-0.02420634920634923,0.031865656865656865,0.49995607137680054,0.031865656865656865,0.0017325017325017303,0.025793650793650813,0.0,0.7845954692556634,10101,1008
nslkdd,0.8,DoS,xgb,2024,11,0.5,0.9991290463057048,0.3816300129366106,0.6174990333690942,-0.049129046305704804,0.5683699870633894,0.6174990333690942,0.5,0.6174990333690942,0.18231682320860618,0.6183699870633894,0.5000000158329858,1.0,6889,773
nslkdd,0.8,Probe,xgb,2024,11,0.5,0.9982837528604119,0.392,0.6062837528604119,-0.04828375286041198,0.5579999999999999,0.6062837528604119,0.5,0.6062837528604119,0.1691075514874142,0.608,0.5000000082670046,1.0,1748,250
nslkdd,0.8,R2L,xgb,2024,11,0.5,0.9865771812080537,0.02356902356902357,0.9630081576390301,-0.036577181208053755,0.9264309764309764,0.9630081576390301,0.5,0.9630081576390301,0.003344406028969793,0.9764309764309764,0.5000000000025002,1.0,149,297
nslkdd,0.8,Normal,xgb,2024,12,0.5,0.9992079992079992,0.9702380952380952,0.028969903969903954,-0.04920799920799923,-0.020238095238095277,0.030875655875655876,0.4997437000274658,0.030875655875655876,0.002481189981189981,0.029761904761904767,0.0,0.9382765531062119,10101,1008
nslkdd,0.8,DoS,xgb,2024,12,0.5,0.9991290463057048,0.3761348897535668,0.622994156552138,-0.049129046305704804,0.5738651102464332,0.622994156552138,0.5,0.622994156552138,0.18324895851748846,0.6238651102464332,0.5000000158329858,1.0,6889,771
nslkdd,0.8,Probe,xgb,2024,12,0.5,0.9982837528604119,0.352,0.646283752860412,-0.04828375286041198,0.598,0.646283752860412,0.5,0.646283752860412,0.12799542334096112,0.648,0.5000000082670046,1.0,1748,250
nslkdd,0.8,R2L,xgb,2024,12,0.5,0.9865771812080537,0.016835016835016835,0.9697421643730368,-0.036577181208053755,0.9331649831649831,0.9697421643730368,0.5,0.9697421643730368,0.003344406028969793,0.9831649831649831,0.5000000000025002,1.0,149,297
nslkdd,0.8,Normal,xgb,2024,13,0.5,0.9992079992079992,0.9751984126984127,0.02400958650958651,-0.04920799920799923,-0.02519841269841272,0.03791910041910042,0.4997605085372925,0.03791910041910042,0.0035887535887535876,0.024801587301587324,0.0,0.6331792221920044,10101,1008
nslkdd,0.8,DoS,xgb,2024,13,0.5,0.9991290463057048,0.3225388601036269,0.6765901862020778,-0.049129046305704804,0.627461139896373,0.6765901862020778,0.5,0.6765901862020778,0.12600548896378322,0.677461139896373,0.5000000158329858,1.0,6889,772
nslkdd,0.8,Probe,xgb,2024,13,0.5,0.9982837528604119,0.39357429718875503,0.6047094556716569,-0.04828375286041198,0.5564257028112449,0.6047094556716569,0.5,0.6047094556716569,0.18016229678439155,0.606425702811245,0.5000000158339897,1.0,1748,249
nslkdd,0.8,R2L,xgb,2024,13,0.5,0.9865771812080537,0.02027027027027027,0.9663069109377834,-0.036577181208053755,0.9297297297297297,0.9663069109377834,0.5,0.9663069109377834,-0.0,0.9797297297297297,0.5000000000025002,1.0,149,296
nslkdd,0.8,Normal,xgb,2024,14,0.5,0.9992079992079992,0.9771825396825397,0.022025459525459534,-0.04920799920799923,-0.027182539682539697,0.028889466389466385,0.49995607137680054,0.028889466389466385,0.000992063492063492,0.022817460317460347,0.0,0.7624045120296998,10101,1008
nslkdd,0.8,DoS,xgb,2024,14,0.5,0.9991290463057048,0.36739974126778785,0.6317293050379169,-0.049129046305704804,0.5826002587322121,0.6317293050379169,0.5,0.6317293050379169,0.1736966726301393,0.6326002587322122,0.5000000158329858,1.0,6889,773
nslkdd,0.8,Probe,xgb,2024,14,0.5,0.9982837528604119,0.528,0.4702837528604119,-0.04828375286041198,0.42199999999999993,0.4702837528604119,0.5,0.4702837528604119,0.18910755148741418,0.472,0.5000000124288464,1.0,1748,250
nslkdd,0.8,R2L,xgb,2024,14,0.5,0.9865771812080537,0.013513513513513514,0.9730636676945402,-0.036577181208053755,0.9364864864864865,0.9730636676945402,0.5,0.9730636676945402,0.006711409395973145,0.9864864864864865,0.5000000000025002,1.0,149,296
nslkdd,0.8,Normal,xgb,2024,15,0.5,0.9992079992079992,0.9732142857142857,0.02599371349371349,-0.04920799920799923,-0.023214285714285743,0.02599371349371349,0.5,0.02599371349371349,0.004708692208692206,0.0267857142857143,0.0,1.0,10101,1008
nslkdd,0.8,DoS,xgb,2024,15,0.5,0.9991290463057048,0.32597402597402597,0.6731550203316787,-0.049129046305704804,0.6240259740259739,0.6731550203316787,0.5,0.6731550203316787,0.1311147264696401,0.674025974025974,0.5000000158329858,1.0,6889,770
nslkdd,0.8,Probe,xgb,2024,15,0.5,0.9982837528604119,0.372,0.6262837528604119,-0.04828375286041198,0.578,0.6262837528604119,0.5,0.6262837528604119,0.14110755148741416,0.628,0.5000000158339897,1.0,1748,250
nslkdd,0.8,R2L,xgb,2024,15,0.5,0.9865771812080537,0.013468013468013467,0.9731091677400402,-0.036577181208053755,0.9365319865319864,0.9731091677400402,0.5,0.9731091677400402,0.006711409395973145,0.9865319865319865,0.5000000000025002,1.0,149,297
nslkdd,0.8,Normal,xgb,2024,16,0.5,0.9992079992079992,0.9692460317460317,0.029961967461967443,-0.04920799920799923,-0.01924603174603179,0.045855608355608354,0.4997605085372925,0.045855608355608354,0.001984126984126984,0.030753968253968256,0.0,0.6533981019205681,10101,1008
nslkdd,0.8,DoS,xgb,2024,16,0.5,0.9991290463057048,0.35575679172056923,0.6433722545851355,-0.049129046305704804,0.5942432082794307,0.6433722545851355,0.5,0.6433722545851355,0.15687907883971242,0.6442432082794307,0.5000000158329858,1.0,6889,773
nslkdd,0.8,Probe,xgb,2024,16,0.5,0.9982837528604119,0.584,0.41428375286041197,-0.04828375286041198,0.366,0.41428375286041197,0.5,0.41428375286041197,0.2011075514874142,0.41600000000000004,0.5000000082670046,1.0,1748,250
nslkdd,0.8,R2L,xgb,2024,16,0.5,0.9865771812080537,0.030405405405405407,0.9561717758026483,-0.036577181208053755,0.9195945945945946,0.9561717758026483,0.5,0.9561717758026483,0.006711409395973145,0.9695945945945946,0.5000000000025002,1.0,149,296
nslkdd,0.8,Normal,xgb,2024,17,0.5,0.9992079992079992,0.9712301587301587,0.027977840477840465,-0.04920799920799923,-0.021230158730158766,0.02827484077484077,0.776904970407486,0.02827484077484077,0.003972378972378972,0.02876984126984128,0.0,0.9894959515646653,10101,1008
nslkdd,0.8,DoS,xgb,2024,17,0.5,0.9991290463057048,0.36917098445595853,0.6299580618497462,-0.049129046305704804,0.5808290155440414,0.6299580618497462,0.5,0.6299580618497462,0.17594298788261228,0.6308290155440415,0.5000000158329858,1.0,6889,772
nslkdd,0.8,Probe,xgb,2024,17,0.5,0.9982837528604119,0.4,0.5982837528604119,-0.04828375286041198,0.5499999999999999,0.5982837528604119,0.5,0.5982837528604119,0.17310755148741416,0.6,0.5000000082670046,1.0,1748,250
nslkdd,0.8,R2L,xgb,2024,17,0.5,0.9865771812080537,0.0436241610738255,0.9429530201342282,-0.036577181208053755,0.9063758389261745,0.9429530201342282,0.5,0.9429530201342282,0.010067114093959734,0.9563758389261745,0.5000000000025002,1.0,149,298
nslkdd,0.8,Normal,xgb,2024,18,0.5,0.9992079992079992,0.9642857142857143,0.034922284922284885,-0.04920799920799923,-0.014285714285714346,0.035417285417285393,0.8723404258489609,0.035417285417285393,0.001988251988251988,0.0357142857142857,0.0,0.9860237596086648,10101,1008
nslkdd,0.8,DoS,xgb,2024,18,0.5,0.9991290463057048,0.3424124513618677,0.656716594943837,-0.049129046305704804,0.6075875486381322,0.656716594943837,0.5,0.656716594943837,0.14433845268091258,0.6575875486381323,0.5000000158329858,1.0,6889,771
nslkdd,0.8,Probe,xgb,2024,18,0.5,0.9982837528604119,0.5341365461847389,0.464147206675673,-0.04828375286041198,0.415863453815261,0.464147206675673,0.5,0.464147206675673,0.21810353542315714,0.46586345381526106,0.5000000082670046,1.0,1748,249
nslkdd,0.8,R2L,xgb,2024,18,0.5,0.9865771812080537,0.013422818791946308,0.9731543624161074,-0.036577181208053755,0.9365771812080537,0.9731543624161074,0.5,0.9731543624161074,0.006711409395973145,0.9865771812080537,0.5000000000025002,1.0,149,298
nslkdd,0.8,Normal,xgb,2024,19,0.5,0.9992079992079992,0.9761904761904762,0.023017523017523023,-0.04920799920799923,-0.02619047619047621,0.038911163911163914,0.4997605085372925,0.038911163911163914,0.0027946902946902937,0.023809523809523836,0.0,0.5915403371143858,10101,1008
nslkdd,0.8,DoS,xgb,2024,19,0.5,0.9991290463057048,0.3316062176165803,0.6675228286891244,-0.049129046305704804,0.6183937823834196,0.6675228286891244,0.5,0.6675228286891244,0.1372280432047185,0.6683937823834196,0.5000000158329858,1.0,6889,772
nslkdd,0.8,Probe,xgb,2024,19,0.5,0.9982837528604119,0.56,0.4382837528604119,-0.04828375286041198,0.3899999999999999,0.4382837528604119,0.5,0.4382837528604119,0.2011075514874142,0.43999999999999995,0.5000000082670046,1.0,1748,250
nslkdd,0.8,R2L,xgb,2024,19,0.5,0.9865771812080537,0.016835016835016835,0.9697421643730368,-0.036577181208053755,0.9331649831649831,0.9697421643730368,0.5,0.9697421643730368,0.003344406028969793,0.9831649831649831,0.5000000000025002,1.0,149,297
nslkdd,0.8,Normal,xgb,3407,0,0.5,0.999009999009999,0.9682539682539683,0.030756030756030728,-0.04900999900999903,-0.0182539682539683,0.0407014157014157,0.4999856948852539,0.0407014157014157,0.001887189387189387,0.031746031746031744,0.0,0.7556501469544941,10101,1008
nslkdd,0.8,DoS,xgb,3407,0,0.5,0.999274205254754,0.39378238341968913,0.6054918218350649,-0.04927420525475401,0.5562176165803108,0.605636980784114,0.7718845456838608,0.605636980784114,0.20642824748021363,0.6062176165803108,0.5000000384177552,0.999760320202275,6889,772
nslkdd,0.8,Probe,xgb,3407,0,0.5,0.9988558352402745,0.606425702811245,0.3924301324290296,-0.04885583524027459,0.343574297188755,0.3924301324290296,0.5,0.3924301324290296,0.26113607749074097,0.39357429718875503,0.5000000062880676,1.0,1748,249
nslkdd,0.8,R2L,xgb,3407,0,0.5,0.9865771812080537,0.016891891891891893,0.9696852893161618,-0.036577181208053755,0.9331081081081081,0.9696852893161618,0.5,0.9696852893161618,0.0033783783783783786,0.9831081081081081,0.5000000000025002,1.0,149,296
nslkdd,0.8,Normal,xgb,3407,1,0.5,0.999009999009999,0.9692460317460317,0.02976396726396724,-0.04900999900999903,-0.01924603174603179,0.031479968979968985,0.4995676577091217,0.031479968979968985,9.900009900010165e-05,0.030753968253968256,0.0,0.9454890912664604,10101,1008
nslkdd,0.8,DoS,xgb,3407,1,0.5,0.999274205254754,0.35019455252918286,0.6490796527255711,-0.04927420525475401,0.5998054474708171,0.6492248116746203,0.7718845456838608,0.6492248116746203,0.15872255606270189,0.6498054474708171,0.5000000367877413,0.9997764118893195,6889,771
nslkdd,0.8,Probe,xgb,3407,1,0.5,0.9988558352402745,0.6411290322580645,0.35772680298221005,-0.04885583524027459,0.30887096774193545,0.35772680298221005,0.5,0.35772680298221005,0.3153096626559386,0.3588709677419355,0.5000000128655919,1.0,1748,248
nslkdd,0.8,R2L,xgb,3407,1,0.5,0.9865771812080537,0.02356902356902357,0.9630081576390301,-0.036577181208053755,0.9264309764309764,0.9630081576390301,0.5,0.9630081576390301,-0.0,0.9764309764309764,0.5000000000025002,1.0,149,297
nslkdd,0.8,Normal,xgb,3407,2,0.5,0.999009999009999,0.9603174603174603,0.038692538692538636,-0.04900999900999903,-0.010317460317460392,0.04665379665379665,0.4999856948852539,0.04665379665379665,0.000893063393063393,0.03968253968253965,0.0,0.8293545534924833,10101,1008
nslkdd,0.8,DoS,xgb,3407,2,0.5,0.999274205254754,0.3748378728923476,0.6244363323624064,-0.04927420525475401,0.5751621271076524,0.6245814913114556,0.7718845456838608,0.6245814913114556,0.18077184270342822,0.6251621271076524,0.5000000367877413,0.9997675900565923,6889,771
nslkdd,0.8,Probe,xgb,3407,2,0.5,0.9988558352402745,0.456,0.5428558352402746,-0.04885583524027459,0.49399999999999994,0.5428558352402746,0.5,0.5428558352402746,0.23885125858123568,0.544,0.5000000244343024,1.0,1748,250
nslkdd,0.8,R2L,xgb,3407,2,0.5,0.9865771812080537,0.013468013468013467,0.9731091677400402,-0.036577181208053755,0.9365319865319864,0.9731091677400402,0.5,0.9731091677400402,-0.0,0.9865319865319865,0.5000000000025002,1.0,149,297
nslkdd,0.8,Normal,xgb,3407,3,0.5,0.999009999009999,0.9732142857142857,0.025795713295713285,-0.04900999900999903,-0.023214285714285743,0.0412974787974788,0.4998833239078522,0.0412974787974788,0.000992063492063492,0.0267857142857143,0.0,0.6246316735753881,10101,1008
nslkdd,0.8,DoS,xgb,3407,3,0.5,0.999274205254754,0.3380829015544041,0.6611913037003498,-0.04927420525475401,0.6119170984455958,0.661336462649399,0.7718845456838608,0.661336462649399,0.14295674488954005,0.6619170984455959,0.5000000367877413,0.9997805066600023,6889,772
nslkdd,0.8,Probe,xgb,3407,3,0.5,0.9988558352402745,0.6024096385542169,0.39644619668605763,-0.04885583524027459,0.34759036144578304,0.39644619668605763,0.5,0.39644619668605763,0.2777724168987162,0.3975903614457831,0.5000000000015055,1.0,1748,249
nslkdd,0.8,R2L,xgb,3407,3,0.5,0.9865771812080537,0.013468013468013467,0.9731091677400402,-0.036577181208053755,0.9365319865319864,0.9731091677400402,0.5,0.9731091677400402,-0.0,0.9865319865319865,0.5000000000025002,1.0,149,297
nslkdd,0.8,Normal,xgb,3407,4,0.5,0.999009999009999,0.9732142857142857,0.025795713295713285,-0.04900999900999903,-0.023214285714285743,0.030881843381843382,0.49981701374053955,0.030881843381843382,0.005676005676005675,0.0267857142857143,0.0,0.8353035463834899,10101,1008
nslkdd,0.8,DoS,xgb,3407,4,0.5,0.999274205254754,0.3411154345006485,0.6581587707541054,-0.04927420525475401,0.6088845654993514,0.6583039297031547,0.7718845456838608,0.6583039297031547,0.14186133686685234,0.6588845654993515,0.5000000367877413,0.9997794955452952,6889,771
nslkdd,0.8,Probe,xgb,3407,4,0.5,0.9988558352402745,0.484,0.5148558352402746,-0.04885583524027459,0.46599999999999997,0.5148558352402746,0.5,0.5148558352402746,0.2588512585812357,0.516,0.5000000367887403,1.0,1748,250
nslkdd,0.8,R2L,xgb,3407,4,0.5,0.9865771812080537,0.013468013468013467,0.9731091677400402,-0.036577181208053755,0.9365319865319864,0.9731091677400402,0.5,0.9731091677400402,-0.0,0.9865319865319865,0.5000000000025002,1.0,149,297
nslkdd,0.8,Normal,xgb,3407,5,0.5,0.999009999009999,0.9722222222222222,0.026787776787776774,-0.04900999900999903,-0.022222222222222254,0.04843992343992345,0.49993228912353516,0.04843992343992345,-0.0,0.02777777777777779,0.0,0.5530103040108997,10101,1008
nslkdd,0.8,DoS,xgb,3407,5,0.5,0.999274205254754,0.3476005188067445,0.6516736864480095,-0.04927420525475401,0.6023994811932555,0.6516736864480095,0.5,0.6516736864480095,0.1535344886178251,0.6523994811932555,0.5000000367877413,1.0,6889,771
nslkdd,0.8,Probe,xgb,3407,5,0.5,0.9988558352402745,0.4939759036144578,0.5048799316258168,-0.04885583524027459,0.45602409638554214,0.5048799316258168,0.5,0.5048799316258168,0.2938366739268286,0.5060240963855422,0.5000000197924026,1.0,1748,249
nslkdd,0.8,R2L,xgb,3407,5,0.5,0.9865771812080537,0.013513513513513514,0.9730636676945402,-0.036577181208053755,0.9364864864864865,0.9730636676945402,0.5,0.9730636676945402,-0.0,0.9864864864864865,0.5000000000025002,1.0,149,296
nslkdd,0.8,Normal,xgb,3407,6,0.5,0.999009999009999,0.9732142857142857,0.025795713295713285,-0.04900999900999903,-0.023214285714285743,0.039412351912351914,0.4999106824398041,0.039412351912351914,0.001885126885126885,0.0267857142857143,0.0,0.6545083468522682,10101,1008
nslkdd,0.8,DoS,xgb,3407,6,0.5,0.999274205254754,0.35103626943005184,0.6482379358247021,-0.04927420525475401,0.5989637305699481,0.6483830947737513,0.7718845456838608,0.6483830947737513,0.167132667006123,0.6489637305699482,0.5000000384177552,0.9997761216320733,6889,772
nslkdd,0.8,Probe,xgb,3407,6,0.5,0.9988558352402745,0.6024096385542169,0.39644619668605763,-0.04885583524027459,0.34759036144578304,0.39644619668605763,0.5,0.39644619668605763,0.24564390284249124,0.3975903614457831,0.5000000165559395,1.0,1748,249
nslkdd,0.8,R2L,xgb,3407,6,0.5,0.9865771812080537,0.010101010101010102,0.9764761711070437,-0.036577181208053755,0.9398989898989899,0.9764761711070437,0.5,0.9764761711070437,-0.0,0.98989898989899,0.5000000000025002,1.0,149,297
nslkdd,0.8,Normal,xgb,3407,7,0.5,0.999009999009999,0.9623015873015873,0.03670841170841166,-0.04900999900999903,-0.012301587301587369,0.037005412005411964,0.8182447999715805,0.037005412005411964,0.002485314985314985,0.037698412698412676,0.0,0.991974138891985,10101,1008
nslkdd,0.8,DoS,xgb,3407,7,0.5,0.999274205254754,0.38212435233160624,0.6171498529231477,-0.04927420525475401,0.5678756476683937,0.6172950118721969,0.7718845456838608,0.6172950118721969,0.18829353245430688,0.6178756476683938,0.5000000367877413,0.9997648467163067,6889,772
nslkdd,0.8,Probe,xgb,3407,7,0.5,0.9988558352402745,0.624,0.37485583524027455,-0.04885583524027459,0.32599999999999996,0.37485583524027455,0.5,0.37485583524027455,0.2725354691075515,0.376,0.5000000098419768,1.0,1748,250
nslkdd,0.8,R2L,xgb,3407,7,0.5,0.9865771812080537,0.006734006734006734,0.979843174474047,-0.036577181208053755,0.9432659932659933,0.979843174474047,0.5,0.979843174474047,-0.0,0.9932659932659933,0.5000000000025002,1.0,149,297
nslkdd,0.8,Normal,xgb,3407,8,0.5,0.999009999009999,0.9781746031746031,0.020835395835395842,-0.04900999900999903,-0.028174603174603186,0.03455103455103456,0.49993228912353516,0.03455103455103456,0.0007961257961257961,0.02182539682539686,0.0,0.6030324737344795,10101,1008
nslkdd,0.8,DoS,xgb,3407,8,0.5,0.999274205254754,0.37257438551099614,0.6266998197437579,-0.04927420525475401,0.5774256144890038,0.626844978692807,0.7718845456838608,0.626844978692807,0.16992253995485987,0.6274256144890038,0.5000000367877413,0.9997684292704205,6889,773
nslkdd,0.8,Probe,xgb,3407,8,0.5,0.9988558352402745,0.5863453815261044,0.41251045371417017,-0.04885583524027459,0.3636546184738956,0.41251045371417017,0.5,0.41251045371417017,0.21753145304329444,0.4136546184738956,0.5000000000015112,1.0,1748,249
nslkdd,0.8,R2L,xgb,3407,8,0.5,0.9865771812080537,0.013468013468013467,0.9731091677400402,-0.036577181208053755,0.9365319865319864,0.9731091677400402,0.5,0.9731091677400402,-0.0,0.9865319865319865,0.5000000000025002,1.0,149,297
nslkdd,0.8,Normal,xgb,3407,9,0.5,0.999009999009999,0.9751984126984127,0.023811586311586308,-0.04900999900999903,-0.02519841269841272,0.039810414810414814,0.49981701374053955,0.039810414810414814,0.0007156882156882146,0.024801587301587324,0.0,0.5981245466791004,10101,1008
nslkdd,0.8,DoS,xgb,3407,9,0.5,0.999274205254754,0.34196891191709844,0.6573052933376555,-0.04927420525475401,0.6080310880829015,0.6574504522867047,0.7718845456838608,0.6574504522867047,0.15202410240249342,0.6580310880829016,0.5000000367877413,0.9997792092947168,6889,772
nslkdd,0.8,Probe,xgb,3407,9,0.5,0.9988558352402745,0.496,0.5028558352402746,-0.04885583524027459,0.45399999999999996,0.5028558352402746,0.5,0.5028558352402746,0.28685125858123567,0.504,0.5000000367887403,1.0,1748,250
nslkdd,0.8,R2L,xgb,3407,9,0.5,0.9865771812080537,0.013468013468013467,0.9731091677400402,-0.036577181208053755,0.9365319865319864,0.9731091677400402,0.5,0.9731091677400402,-0.0,0.9865319865319865,0.5000000000025002,1.0,149,297
nslkdd,0.8,Normal,xgb,3407,10,0.5,0.999009999009999,0.9682539682539683,0.030756030756030728,-0.04900999900999903,-0.0182539682539683,0.0407014157014157,0.4999856948852539,0.0407014157014157,0.0037723162723162723,0.031746031746031744,0.0,0.7556501469544941,10101,1008
nslkdd,0.8,DoS,xgb,3407,10,0.5,0.999274205254754,0.3398184176394293,0.6594557876153246,-0.04927420525475401,0.6101815823605706,0.6594557876153246,0.5,0.6594557876153246,0.1535344886178251,0.6601815823605707,0.5000000367877413,1.0,6889,771
nslkdd,0.8,Probe,xgb,3407,10,0.5,0.9988558352402745,0.5896414342629482,0.4092144009773263,-0.04885583524027459,0.3603585657370517,0.4092144009773263,0.5,0.4092144009773263,0.2593721224940057,0.41035856573705176,0.5000000000015103,1.0,1748,251
nslkdd,0.8,R2L,xgb,3407,10,0.5,0.9865771812080537,0.003367003367003367,0.9832101778410504,-0.036577181208053755,0.9466329966329966,0.9832101778410504,0.5,0.9832101778410504,-0.0,0.9966329966329966,0.5000000000025002,1.0,149,297
nslkdd,0.8,Normal,xgb,3407,11,0.5,0.999009999009999,0.9732142857142857,0.025795713295713285,-0.04900999900999903,-0.023214285714285743,0.039709352209352206,0.4999856948852539,0.039709352209352206,-0.0,0.0267857142857143,0.0,0.649613047317301,10101,1008
nslkdd,0.8,DoS,xgb,3407,11,0.5,0.999274205254754,0.39197930142302717,0.6072949038317268,-0.04927420525475401,0.5580206985769728,0.607440062780776,0.7718845456838608,0.607440062780776,0.190621116927693,0.6080206985769728,0.5000000371604634,0.9997610316507859,6889,773
nslkdd,0.8,Probe,xgb,3407,11,0.5,0.9988558352402745,0.46,0.5388558352402746,-0.04885583524027459,0.48999999999999994,0.5388558352402746,0.5,0.5388558352402746,0.2405354691075515,0.54,0.5000000291403883,1.0,1748,250
nslkdd,0.8,R2L,xgb,3407,11,0.5,0.9865771812080537,0.016835016835016835,0.9697421643730368,-0.036577181208053755,0.9331649831649831,0.9697421643730368,0.5,0.9697421643730368,-0.0,0.9831649831649831,0.5000000000025002,1.0,149,297
nslkdd,0.8,Normal,xgb,3407,12,0.5,0.999009999009999,0.9682539682539683,0.030756030756030728,-0.04900999900999903,-0.0182539682539683,0.041198478698478695,0.49987444281578064,0.041198478698478695,0.0005011880011880012,0.031746031746031744,0.0,0.746533166458072,10101,1008
nslkdd,0.8,DoS,xgb,3407,12,0.5,0.999274205254754,0.3852140077821012,0.6140601974726527,-0.04927420525475401,0.5647859922178988,0.614205356421702,0.7718845456838608,0.614205356421702,0.1872569270095242,0.6147859922178989,0.5000000367877413,0.9997636638177579,6889,771
nslkdd,0.8,Probe,xgb,3407,12,0.5,0.9988558352402745,0.464,0.5348558352402746,-0.04885583524027459,0.48599999999999993,0.5348558352402746,0.5,0.5348558352402746,0.2474233409610984,0.536,0.5000000216539631,1.0,1748,250
nslkdd,0.8,R2L,xgb,3407,12,0.5,0.9865771812080537,0.016835016835016835,0.9697421643730368,-0.036577181208053755,0.9331649831649831,0.9697421643730368,0.5,0.9697421643730368,-0.0,0.9831649831649831,0.5000000000025002,1.0,149,297
nslkdd,0.8,Normal,xgb,3407,13,0.5,0.999009999009999,0.9751984126984127,0.023811586311586308,-0.04900999900999903,-0.02519841269841272,0.03822228822228822,0.49987444281578064,0.03822228822228822,0.005676005676005675,0.024801587301587324,0.0,0.622976473127563,10101,1008
nslkdd,0.8,DoS,xgb,3407,13,0.5,0.999274205254754,0.32512953367875647,0.6741446715759976,-0.04927420525475401,0.6248704663212434,0.6742898305250467,0.7718845456838608,0.6742898305250467,0.12741270343876285,0.6748704663212435,0.5000000367877413,0.9997847232117737,6889,772
nslkdd,0.8,Probe,xgb,3407,13,0.5,0.9988558352402745,0.4779116465863454,0.5209441886539292,-0.04885583524027459,0.47208835341365457,0.5209441886539292,0.5,0.5209441886539292,0.26916820600479724,0.5220883534136547,0.5000000209093389,1.0,1748,249
nslkdd,0.8,R2L,xgb,3407,13,0.5,0.9865771812080537,0.013513513513513514,0.9730636676945402,-0.036577181208053755,0.9364864864864865,0.9730636676945402,0.5,0.9730636676945402,-0.0,0.9864864864864865,0.5000000000025002,1.0,149,296
nslkdd,0.8,Normal,xgb,3407,14,0.5,0.999009999009999,0.9761904761904762,0.02281952281952282,-0.04900999900999903,-0.02619047619047621,0.034353034353034356,0.4998833239078522,0.034353034353034356,0.000893063393063393,0.023809523809523836,0.0,0.664265129682997,10101,1008
nslkdd,0.8,DoS,xgb,3407,14,0.5,0.999274205254754,0.37904269081500647,0.6202315144397474,-0.04927420525475401,0.5709573091849935,0.6203766733887968,0.7718845456838608,0.6203766733887968,0.18285915056288057,0.6209573091849936,0.5000000367877413,0.9997660148176488,6889,773
nslkdd,0.8,Probe,xgb,3407,14,0.5,0.9988558352402745,0.576,0.4228558352402746,-0.04885583524027459,0.374,0.4228558352402746,0.5,0.4228558352402746,0.2365354691075515,0.42400000000000004,0.5000000208162609,1.0,1748,250
nslkdd,0.8,R2L,xgb,3407,14,0.5,0.9865771812080537,0.010135135135135136,0.9764420460729186,-0.036577181208053755,0.9398648648648649,0.9764420460729186,0.5,0.9764420460729186,-0.0,0.9898648648648649,0.5000000000025002,1.0,149,296
nslkdd,0.8,Normal,xgb,3407,15,0.5,0.999009999009999,0.9722222222222222,0.026787776787776774,-0.04900999900999903,-0.022222222222222254,0.026886776886776875,0.757464274764061,0.026886776886776875,0.0026998151998151986,0.02777777777777779,0.0,0.9963178889229825,10101,1008
nslkdd,0.8,DoS,xgb,3407,15,0.5,0.999274205254754,0.33636363636363636,0.6629105688911177,-0.04927420525475401,0.6136363636363635,0.6630557278401668,0.7718845456838608,0.6630557278401668,0.14465918752462517,0.6636363636363636,0.5000000367877413,0.9997810757935507,6889,770
nslkdd,0.8,Probe,xgb,3407,15,0.5,0.9988558352402745,0.46,0.5388558352402746,-0.04885583524027459,0.48999999999999994,0.5388558352402746,0.5,0.5388558352402746,0.23485125858123568,0.54,0.5000000367887403,1.0,1748,250
nslkdd,0.8,R2L,xgb,3407,15,0.5,0.9865771812080537,0.006734006734006734,0.979843174474047,-0.036577181208053755,0.9432659932659933,0.979843174474047,0.5,0.979843174474047,-0.0,0.9932659932659933,0.5000000000025002,1.0,149,297
nslkdd,0.8,Normal,xgb,3407,16,0.5,0.999009999009999,0.9682539682539683,0.030756030756030728,-0.04900999900999903,-0.0182539682539683,0.04863792363792364,0.4999856948852539,0.04863792363792364,0.001885126885126885,0.031746031746031744,0.0,0.6323467051140694,10101,1008
nslkdd,0.8,DoS,xgb,3407,16,0.5,0.999274205254754,0.35834411384217335,0.6409300914125806,-0.04927420525475401,0.5916558861578266,0.6410752503616298,0.7718845456838608,0.6410752503616298,0.1569859293468392,0.6416558861578266,0.5000000367877413,0.9997735695630625,6889,773
nslkdd,0.8,Probe,xgb,3407,16,0.5,0.9988558352402745,0.652,0.3468558352402745,-0.04885583524027459,0.29799999999999993,0.3468558352402745,0.5,0.3468558352402745,0.2685354691075515,0.348,0.5000000367887403,1.0,1748,250
nslkdd,0.8,R2L,xgb,3407,16,0.5,0.9865771812080537,0.02364864864864865,0.962928532559405,-0.036577181208053755,0.9263513513513513,0.962928532559405,0.5,0.962928532559405,-0.0,0.9763513513513513,0.5000000000025002,1.0,149,296
nslkdd,0.8,Normal,xgb,3407,17,0.5,0.999009999009999,0.9682539682539683,0.030756030756030728,-0.04900999900999903,-0.0182539682539683,0.03514916014916015,0.49971428513526917,0.03514916014916015,0.0007981882981882979,0.031746031746031744,0.0,0.8750146696397129,10101,1008
nslkdd,0.8,DoS,xgb,3407,17,0.5,0.999274205254754,0.37823834196891193,0.621035863285842,-0.04927420525475401,0.571761658031088,0.6211810222348912,0.7718845456838608,0.6211810222348912,0.18958886924187165,0.6217616580310881,0.5000000367877413,0.9997663177981083,6889,772
nslkdd,0.8,Probe,xgb,3407,17,0.5,0.9988558352402745,0.476,0.5228558352402746,-0.04885583524027459,0.474,0.5228558352402746,0.5,0.5228558352402746,0.2548512585812357,0.524,0.5000000208162609,1.0,1748,250
nslkdd,0.8,R2L,xgb,3407,17,0.5,0.9865771812080537,0.03355704697986577,0.953020134228188,-0.036577181208053755,0.9164429530201342,0.953020134228188,0.5,0.953020134228188,0.0033557046979865793,0.9664429530201343,0.5000000000025002,1.0,149,298
nslkdd,0.8,Normal,xgb,3407,18,0.5,0.999009999009999,0.9632936507936508,0.03571634821634817,-0.04900999900999903,-0.013293650793650857,0.036013348513348475,0.8182447999715805,0.036013348513348475,0.0007981882981882979,0.03670634920634919,0.0,0.9917530496535133,10101,1008
nslkdd,0.8,DoS,xgb,3407,18,0.5,0.999274205254754,0.34889753566796367,0.6503766695867903,-0.04927420525475401,0.6011024643320363,0.6505218285358395,0.7718845456838608,0.6505218285358395,0.14964343803416752,0.6511024643320363,0.5000000367877413,0.9997768576815079,6889,771
nslkdd,0.8,Probe,xgb,3407,18,0.5,0.9988558352402745,0.6024096385542169,0.39644619668605763,-0.04885583524027459,0.34759036144578304,0.39644619668605763,0.5,0.39644619668605763,0.2858045454127724,0.3975903614457831,0.5000000197924026,1.0,1748,249
nslkdd,0.8,R2L,xgb,3407,18,0.5,0.9865771812080537,0.006711409395973154,0.9798657718120806,-0.036577181208053755,0.9432885906040268,0.9798657718120806,0.5,0.9798657718120806,-0.0,0.9932885906040269,0.5000000000025002,1.0,149,298
nslkdd,0.8,Normal,xgb,3407,19,0.5,0.999009999009999,0.9751984126984127,0.023811586311586308,-0.04900999900999903,-0.02519841269841272,0.04169347919347919,0.4999856948852539,0.04169347919347919,0.0017077517077517066,0.024801587301587324,0.0,0.5711105614642592,10101,1008
nslkdd,0.8,DoS,xgb,3407,19,0.5,0.999274205254754,0.33549222797927464,0.6637819772754794,-0.04927420525475401,0.6145077720207253,0.6639271362245285,0.7718845456838608,0.6639271362245285,0.14166140810197528,0.6645077720207253,0.5000000367877413,0.9997813631328966,6889,772
nslkdd,0.8,Probe,xgb,3407,19,0.5,0.9988558352402745,0.608,0.39085583524027456,-0.04885583524027459,0.34199999999999997,0.39085583524027456,0.5,0.39085583524027456,0.2485354691075515,0.392,0.5000000000015108,1.0,1748,250
nslkdd,0.8,R2L,xgb,3407,19,0.5,0.9865771812080537,0.010101010101010102,0.9764761711070437,-0.036577181208053755,0.9398989898989899,0.9764761711070437,0.5,0.9764761711070437,-0.0,0.98989898989899,0.5000000000025002,1.0,149,297
nslkdd,0.8,Normal,xgb,42,0,0.5,0.9992079992079992,0.9682539682539683,0.03095403095403093,-0.04920799920799923,-0.0182539682539683,0.033486783486783495,0.4993865191936493,0.033486783486783495,0.004372504372504372,0.031746031746031744,0.0,0.9243656072924357,10101,1008
nslkdd,0.8,DoS,xgb,42,0,0.5,0.9994193642038032,0.38082901554404147,0.6185903486597617,-0.04941936420380322,0.5691709844559585,0.6185903486597617,0.5,0.6185903486597617,0.19422286185756824,0.6191709844559585,0.5000000620498659,1.0,6889,772
nslkdd,0.8,Probe,xgb,42,0,0.5,0.9988558352402745,0.5140562248995983,0.4847996103406762,-0.04885583524027459,0.4359437751004016,0.4847996103406762,0.5,0.4847996103406762,0.15269085495299276,0.48594377510040165,0.5000000000015046,1.0,1748,249
nslkdd,0.8,R2L,xgb,42,0,0.5,0.9798657718120806,0.006756756756756757,0.9731090150553238,-0.02986577181208061,0.9432432432432432,0.9731090150553238,0.5,0.9731090150553238,-0.0,0.9932432432432432,0.5000000000025002,1.0,149,296
nslkdd,0.8,Normal,xgb,42,1,0.5,0.9992079992079992,0.9692460317460317,0.029961967461967443,-0.04920799920799923,-0.01924603174603179,0.030159967659967646,0.6666667014360428,0.030159967659967646,0.0007961257961257961,0.030753968253968256,0.0,0.9934349996580727,10101,1008
nslkdd,0.8,DoS,xgb,42,1,0.5,0.9994193642038032,0.3437094682230869,0.6557098959807163,-0.04941936420380322,0.606290531776913,0.6557098959807163,0.5,0.6557098959807163,0.16010429604593426,0.6562905317769131,0.5000000576261128,1.0,6889,771
nslkdd,0.8,Probe,xgb,42,1,0.5,0.9988558352402745,0.5725806451612904,0.4262751900789842,-0.04885583524027459,0.3774193548387096,0.4262751900789842,0.5,0.4262751900789842,0.23003247951575995,0.42741935483870963,0.5000000000015046,1.0,1748,248
nslkdd,0.8,R2L,xgb,42,1,0.5,0.9798657718120806,0.02356902356902357,0.956296748243057,-0.02986577181208061,0.9264309764309764,0.956296748243057,0.5,0.956296748243057,-0.0,0.9764309764309764,0.5000000000025002,1.0,149,297
nslkdd,0.8,Normal,xgb,42,2,0.5,0.9992079992079992,0.9593253968253969,0.03988260238260233,-0.04920799920799923,-0.009325396825396903,0.04008060258060253,0.6666667014360428,0.04008060258060253,-0.0,0.04067460317460314,0.0,0.9950599495703184,10101,1008
nslkdd,0.8,DoS,xgb,42,2,0.5,0.9994193642038032,0.3722438391699092,0.627175525033894,-0.04941936420380322,0.5777561608300907,0.627175525033894,0.5,0.627175525033894,0.18474761640909898,0.6277561608300908,0.5000000620498659,1.0,6889,771
nslkdd,0.8,Probe,xgb,42,2,0.5,0.9988558352402745,0.336,0.6628558352402745,-0.04885583524027459,0.6139999999999999,0.6628558352402745,0.5,0.6628558352402745,0.1228512585812357,0.6639999999999999,0.5000000076209081,1.0,1748,250
nslkdd,0.8,R2L,xgb,42,2,0.5,0.9798657718120806,0.010101010101010102,0.9697647617110705,-0.02986577181208061,0.9398989898989899,0.9697647617110705,0.5,0.9697647617110705,-0.0,0.98989898989899,0.5000000000025002,1.0,149,297
nslkdd,0.8,Normal,xgb,42,3,0.5,0.9992079992079992,0.9722222222222222,0.026985776985776977,-0.04920799920799923,-0.022222222222222254,0.03547091047091048,0.4993865191936493,0.03547091047091048,0.0004042504042504041,0.02777777777777779,0.0,0.7607861379230139,10101,1008
nslkdd,0.8,DoS,xgb,42,3,0.5,0.9994193642038032,0.3380829015544041,0.661336462649399,-0.04941936420380322,0.6119170984455958,0.661336462649399,0.5,0.661336462649399,0.14953327261226693,0.6619170984455959,0.5000000620498659,1.0,6889,772
nslkdd,0.8,Probe,xgb,42,3,0.5,0.9988558352402745,0.5100401606425703,0.48881567459770425,-0.04885583524027459,0.43995983935742966,0.48881567459770425,0.5,0.48881567459770425,0.18481936900921767,0.4899598393574297,0.5000000000015046,1.0,1748,249
nslkdd,0.8,R2L,xgb,42,3,0.5,0.9798657718120806,0.013468013468013467,0.966397758344067,-0.02986577181208061,0.9365319865319864,0.9697421643730368,0.8500311151146889,0.9697421643730368,0.003344406028969793,0.9865319865319865,0.5000000000025002,0.9965512420189215,149,297
nslkdd,0.8,Normal,xgb,42,4,0.5,0.9992079992079992,0.9742063492063492,0.02500165000165,-0.04920799920799923,-0.02420634920634923,0.026342276342276344,0.49995389580726624,0.026342276342276344,0.007447694947694947,0.025793650793650813,0.0,0.9491074224866896,10101,1008
nslkdd,0.8,DoS,xgb,42,4,0.5,0.9994193642038032,0.3359273670557717,0.6634919971480315,-0.04941936420380322,0.6140726329442283,0.6634919971480315,0.5,0.6634919971480315,0.1471341274337423,0.6640726329442284,0.5000000465666119,1.0,6889,771
nslkdd,0.8,Probe,xgb,42,4,0.5,0.9988558352402745,0.384,0.6148558352402745,-0.04885583524027459,0.566,0.6148558352402745,0.5,0.6148558352402745,0.1628512585812357,0.616,0.5000000009621723,1.0,1748,250
nslkdd,0.8,R2L,xgb,42,4,0.5,0.9798657718120806,0.010101010101010102,0.9697647617110705,-0.02986577181208061,0.9398989898989899,0.9731091677400402,0.8500311151146889,0.9731091677400402,-0.0,0.98989898989899,0.5000000000025002,0.9965631748833106,149,297
nslkdd,0.8,Normal,xgb,42,5,0.5,0.9992079992079992,0.9732142857142857,0.02599371349371349,-0.04920799920799923,-0.023214285714285743,0.036262911262911264,0.49995389580726624,0.036262911262911264,0.001396313896313896,0.0267857142857143,0.0,0.7168126493004208,10101,1008
nslkdd,0.8,DoS,xgb,42,5,0.5,0.9994193642038032,0.3411154345006485,0.6583039297031547,-0.04941936420380322,0.6088845654993514,0.6583039297031547,0.5,0.6583039297031547,0.15491622860105747,0.6588845654993515,0.5000000620498659,1.0,6889,771
nslkdd,0.8,Probe,xgb,42,5,0.5,0.9988558352402745,0.357429718875502,0.6414261163647725,-0.04885583524027459,0.5925702811244979,0.6414261163647725,0.5,0.6414261163647725,0.15606591124222288,0.642570281124498,0.5000000000015046,1.0,1748,249
nslkdd,0.8,R2L,xgb,42,5,0.5,0.9798657718120806,0.016891891891891893,0.9629738799201887,-0.02986577181208061,0.9331081081081081,0.9629738799201887,0.5,0.9629738799201887,4.5347360783602915e-05,0.9831081081081081,0.5000000000025002,1.0,149,296
nslkdd,0.8,Normal,xgb,42,6,0.5,0.9992079992079992,0.9732142857142857,0.02599371349371349,-0.04920799920799923,-0.023214285714285743,0.02693833943833944,0.4996376931667328,0.02693833943833944,0.000497062997062997,0.0267857142857143,0.0,0.9649337722992112,10101,1008
nslkdd,0.8,DoS,xgb,42,6,0.5,0.9994193642038032,0.344559585492228,0.6548597787115752,-0.04941936420380322,0.605440414507772,0.6548597787115752,0.5,0.6548597787115752,0.1605441053808843,0.655440414507772,0.5000000620498659,1.0,6889,772
nslkdd,0.8,Probe,xgb,42,6,0.5,0.9988558352402745,0.5381526104417671,0.46070322479850745,-0.04885583524027459,0.41184738955823286,0.46070322479850745,0.5,0.46070322479850745,0.1687551119811052,0.4618473895582329,0.5000000138549654,1.0,1748,249
nslkdd,0.8,R2L,xgb,42,6,0.5,0.9798657718120806,0.013468013468013467,0.966397758344067,-0.02986577181208061,0.9365319865319864,0.9697421643730368,0.8500311151146889,0.9697421643730368,-0.0,0.9865319865319865,0.5000000000025002,0.9965512420189215,149,297
nslkdd,0.8,Normal,xgb,42,7,0.5,0.9992079992079992,0.9623015873015873,0.03690641190641186,-0.04920799920799923,-0.012301587301587369,0.037104412104412066,0.6666667014360428,0.037104412104412066,-0.0,0.037698412698412676,0.0,0.994663702056698,10101,1008
nslkdd,0.8,DoS,xgb,42,7,0.5,0.9994193642038032,0.3743523316062176,0.6250670325975856,-0.04941936420380322,0.5756476683937823,0.6250670325975856,0.5,0.6250670325975856,0.18126949398192058,0.6256476683937824,0.5000000465666119,1.0,6889,772
nslkdd,0.8,Probe,xgb,42,7,0.5,0.9988558352402745,0.548,0.4508558352402745,-0.04885583524027459,0.4019999999999999,0.4508558352402745,0.5,0.4508558352402745,0.1799679633867277,0.45199999999999996,0.5000000000015046,1.0,1748,250
nslkdd,0.8,R2L,xgb,42,7,0.5,0.9798657718120806,0.006734006734006734,0.9731317650780739,-0.02986577181208061,0.9432659932659933,0.9764761711070437,0.8500311151146889,0.9764761711070437,-0.0,0.9932659932659933,0.5000000000025002,0.9965750254558918,149,297
nslkdd,0.8,Normal,xgb,42,8,0.5,0.9992079992079992,0.9781746031746031,0.021033396033396046,-0.04920799920799923,-0.028174603174603186,0.02257408507408508,0.4993865191936493,0.02257408507408508,0.003479440979440979,0.02182539682539686,0.0,0.9317496573777985,10101,1008
nslkdd,0.8,DoS,xgb,42,8,0.5,0.9994193642038032,0.36869340232858994,0.6307259618752132,-0.04941936420380322,0.58130659767141,0.6307259618752132,0.5,0.6307259618752132,0.17133112634142925,0.6313065976714101,0.5000000495701216,1.0,6889,773
nslkdd,0.8,Probe,xgb,42,8,0.5,0.9988558352402745,0.5301204819277109,0.46873535331256366,-0.04885583524027459,0.41987951807228907,0.46873535331256366,0.5,0.46873535331256366,0.16072298346704897,0.4698795180722891,0.5000000000015883,1.0,1748,249
nslkdd,0.8,R2L,xgb,42,8,0.5,0.9798657718120806,0.013468013468013467,0.966397758344067,-0.02986577181208061,0.9365319865319864,0.9697421643730368,0.8500311151146889,0.9697421643730368,-0.0,0.9865319865319865,0.5000000000025002,0.9965512420189215,149,297
nslkdd,0.8,Normal,xgb,42,9,0.5,0.9992079992079992,0.9751984126984127,0.02400958650958651,-0.04920799920799923,-0.02519841269841272,0.035569910569910566,0.49947336316108704,0.035569910569910566,0.0014953139953139951,0.024801587301587324,0.0,0.6749971007769919,10101,1008
nslkdd,0.8,DoS,xgb,42,9,0.5,0.9994193642038032,0.3393782383419689,0.6600411258618343,-0.04941936420380322,0.6106217616580311,0.6600411258618343,0.5,0.6600411258618343,0.14759073750523663,0.6606217616580311,0.5000000620498659,1.0,6889,772
nslkdd,0.8,Probe,xgb,42,9,0.5,0.9988558352402745,0.368,0.6308558352402746,-0.04885583524027459,0.582,0.6308558352402746,0.5,0.6308558352402746,0.1548512585812357,0.632,0.5000000000015046,1.0,1748,250
nslkdd,0.8,R2L,xgb,42,9,0.5,0.9798657718120806,0.016835016835016835,0.9630307549770637,-0.02986577181208061,0.9331649831649831,0.9697421643730368,0.8500311151146889,0.9697421643730368,-0.0,0.9831649831649831,0.5000000000025002,0.9930791816190521,149,297
nslkdd,0.8,Normal,xgb,42,10,0.5,0.9992079992079992,0.9662698412698413,0.03293815793815791,-0.04920799920799923,-0.016269841269841323,0.03527084777084777,0.49995389580726624,0.03527084777084777,0.000794063294063294,0.03373015873015872,0.0,0.9338635167534054,10101,1008
nslkdd,0.8,DoS,xgb,42,10,0.5,0.9994193642038032,0.33852140077821014,0.660897963425593,-0.04941936420380322,0.6114785992217898,0.660897963425593,0.5,0.660897963425593,0.15298209386229933,0.6614785992217899,0.5000000620498659,1.0,6889,771
nslkdd,0.8,Probe,xgb,42,10,0.5,0.9988558352402745,0.5139442231075697,0.48491161213270484,-0.04885583524027459,0.43605577689243025,0.48491161213270484,0.5,0.48491161213270484,0.17515521438274365,0.4860557768924303,0.5000000000015046,1.0,1748,251
nslkdd,0.8,R2L,xgb,42,10,0.5,0.9798657718120806,0.006734006734006734,0.9731317650780739,-0.02986577181208061,0.9432659932659933,0.979843174474047,0.8500311151146889,0.979843174474047,-0.0,0.9932659932659933,0.5000000000025002,0.9931505269712414,149,297
nslkdd,0.8,Normal,xgb,42,11,0.5,0.9992079992079992,0.9751984126984127,0.02400958650958651,-0.04920799920799923,-0.02519841269841272,0.02535021285021285,0.49995389580726624,0.02535021285021285,0.002487377487377487,0.024801587301587324,0.0,0.9471157757708895,10101,1008
nslkdd,0.8,DoS,xgb,42,11,0.5,0.9994193642038032,0.3868046571798189,0.6126147070239842,-0.04941936420380322,0.563195342820181,0.6126147070239842,0.5,0.6126147070239842,0.18944238119265824,0.6131953428201811,0.500000057090566,1.0,6889,773
nslkdd,0.8,Probe,xgb,42,11,0.5,0.9988558352402745,0.364,0.6348558352402746,-0.04885583524027459,0.586,0.6348558352402746,0.5,0.6348558352402746,0.14342334096109838,0.636,0.5000000138549654,1.0,1748,250
nslkdd,0.8,R2L,xgb,42,11,0.5,0.9798657718120806,0.020202020202020204,0.9596637516100603,-0.02986577181208061,0.9297979797979797,0.9663751610060335,0.8500311151146889,0.9663751610060335,0.003344406028969793,0.9797979797979798,0.5000000000025002,0.9930550683970537,149,297
nslkdd,0.8,Normal,xgb,42,12,0.5,0.9992079992079992,0.9692460317460317,0.029961967461967443,-0.04920799920799923,-0.01924603174603179,0.03150265650265651,0.4993865191936493,0.03150265650265651,0.002487377487377487,0.030753968253968256,0.0,0.9510933612675125,10101,1008
nslkdd,0.8,DoS,xgb,42,12,0.5,0.9994193642038032,0.38002594033722437,0.6193934238665788,-0.04941936420380322,0.5699740596627756,0.6193934238665788,0.5,0.6193934238665788,0.18993568385397575,0.6199740596627756,0.5000000620498659,1.0,6889,771
nslkdd,0.8,Probe,xgb,42,12,0.5,0.9988558352402745,0.348,0.6508558352402746,-0.04885583524027459,0.602,0.6508558352402746,0.5,0.6508558352402746,0.1354233409610984,0.652,0.5000000000015046,1.0,1748,250
nslkdd,0.8,R2L,xgb,42,12,0.5,0.9798657718120806,0.016835016835016835,0.9630307549770637,-0.02986577181208061,0.9331649831649831,0.9697421643730368,0.8500311151146889,0.9697421643730368,-0.0,0.9831649831649831,0.5000000000025002,0.9930791816190521,149,297
nslkdd,0.8,Normal,xgb,42,13,0.5,0.9992079992079992,0.9761904761904762,0.023017523017523023,-0.04920799920799923,-0.02619047619047621,0.02594627594627595,0.4996376931667328,0.02594627594627595,0.003376315876315876,0.023809523809523836,0.0,0.8871224165341812,10101,1008
nslkdd,0.8,DoS,xgb,42,13,0.5,0.9994193642038032,0.3238341968911917,0.6755851673126114,-0.04941936420380322,0.6261658031088082,0.6755851673126114,0.5,0.6755851673126114,0.1301032207987954,0.6761658031088082,0.5000000620498659,1.0,6889,772
nslkdd,0.8,Probe,xgb,42,13,0.5,0.9988558352402745,0.3815261044176707,0.6173297308226038,-0.04885583524027459,0.5684738955823292,0.6173297308226038,0.5,0.6173297308226038,0.17557415014750075,0.6184738955823292,0.5000000000017275,1.0,1748,249
nslkdd,0.8,R2L,xgb,42,13,0.5,0.9798657718120806,0.006756756756756757,0.9731090150553238,-0.02986577181208061,0.9432432432432432,0.9764420460729186,0.8500311151146889,0.9764420460729186,-0.0,0.9932432432432432,0.5000000000025002,0.9965865552072448,149,296
nslkdd,0.8,Normal,xgb,42,14,0.5,0.9992079992079992,0.9761904761904762,0.023017523017523023,-0.04920799920799923,-0.02619047619047621,0.02535021285021285,0.49995389580726624,0.02535021285021285,-0.0,0.023809523809523836,0.0,0.9079814498413475,10101,1008
nslkdd,0.8,DoS,xgb,42,14,0.5,0.9994193642038032,0.36739974126778785,0.6320196229360153,-0.04941936420380322,0.5826002587322121,0.6320196229360153,0.5,0.6320196229360153,0.1739184484630334,0.6326002587322122,0.5000000505014455,1.0,6889,773
nslkdd,0.8,Probe,xgb,42,14,0.5,0.9988558352402745,0.512,0.48685583524027454,-0.04885583524027459,0.43799999999999994,0.48685583524027454,0.5,0.48685583524027454,0.1679679633867277,0.488,0.5000000000015046,1.0,1748,250
nslkdd,0.8,R2L,xgb,42,14,0.5,0.9798657718120806,0.013513513513513514,0.9663522582985671,-0.02986577181208061,0.9364864864864865,0.9663522582985671,0.5,0.9663522582985671,-0.0,0.9864864864864865,0.5000000000025002,1.0,149,296
nslkdd,0.8,Normal,xgb,42,15,0.5,0.9992079992079992,0.9722222222222222,0.026985776985776977,-0.04920799920799923,-0.022222222222222254,0.02718377718377718,0.6666667014360428,0.02718377718377718,0.002388377388377388,0.02777777777777779,0.0,0.9927162367223064,10101,1008
nslkdd,0.8,DoS,xgb,42,15,0.5,0.9994193642038032,0.32987012987012987,0.6695492343336733,-0.04941936420380322,0.6201298701298701,0.6695492343336733,0.5,0.6695492343336733,0.13953394551449422,0.6701298701298701,0.5000000620498659,1.0,6889,770
nslkdd,0.8,Probe,xgb,42,15,0.5,0.9988558352402745,0.364,0.6348558352402746,-0.04885583524027459,0.586,0.6348558352402746,0.5,0.6348558352402746,0.14285125858123568,0.636,0.5000000084067722,1.0,1748,250
nslkdd,0.8,R2L,xgb,42,15,0.5,0.9798657718120806,0.010101010101010102,0.9697647617110705,-0.02986577181208061,0.9398989898989899,0.9697647617110705,0.5,0.9697647617110705,-0.0,0.98989898989899,0.5000000000025002,1.0,149,297
nslkdd,0.8,Normal,xgb,42,16,0.5,0.9992079992079992,0.9672619047619048,0.03194609444609442,-0.04920799920799923,-0.01726190476190481,0.03675997425997426,0.49960923194885254,0.03675997425997426,0.0005032505032505031,0.03273809523809523,0.0,0.8690456152162929,10101,1008
nslkdd,0.8,DoS,xgb,42,16,0.5,0.9994193642038032,0.35834411384217335,0.6410752503616298,-0.04941936420380322,0.5916558861578266,0.6410752503616298,0.5,0.6410752503616298,0.16356915997661683,0.6416558861578266,0.5000000465666119,1.0,6889,773
nslkdd,0.8,Probe,xgb,42,16,0.5,0.9988558352402745,0.576,0.4228558352402746,-0.04885583524027459,0.374,0.4228558352402746,0.5,0.4228558352402746,0.1839679633867277,0.42400000000000004,0.5000000000015046,1.0,1748,250
nslkdd,0.8,R2L,xgb,42,16,0.5,0.9798657718120806,0.02364864864864865,0.9562171231634319,-0.02986577181208061,0.9263513513513513,0.9595501541810267,0.8500311151146889,0.9595501541810267,-0.0,0.9763513513513513,0.5000000000025002,0.9965264650283553,149,296
nslkdd,0.8,Normal,xgb,42,17,0.5,0.9992079992079992,0.9682539682539683,0.03095403095403093,-0.04920799920799923,-0.0182539682539683,0.031152031152031134,0.6666667014360428,0.031152031152031134,0.001489126489126489,0.031746031746031744,0.0,0.99364406779661,10101,1008
nslkdd,0.8,DoS,xgb,42,17,0.5,0.9994193642038032,0.36917098445595853,0.6302483797478446,-0.04941936420380322,0.5808290155440414,0.6302483797478446,0.5,0.6302483797478446,0.18126949398192058,0.6308290155440415,0.5000000620498659,1.0,6889,772
nslkdd,0.8,Probe,xgb,42,17,0.5,0.9988558352402745,0.372,0.6268558352402746,-0.04885583524027459,0.578,0.6268558352402746,0.5,0.6268558352402746,0.1548512585812357,0.628,0.5000000000015046,1.0,1748,250
nslkdd,0.8,R2L,xgb,42,17,0.5,0.9798657718120806,0.03355704697986577,0.9463087248322148,-0.02986577181208061,0.9164429530201342,0.9463087248322148,0.5,0.9463087248322148,-0.0,0.9664429530201343,0.5000000000025002,1.0,149,298
nslkdd,0.8,Normal,xgb,42,18,0.5,0.9992079992079992,0.9632936507936508,0.035914348414348374,-0.04920799920799923,-0.013293650793650857,0.03611234861234858,0.6666667014360428,0.03611234861234858,0.002487377487377487,0.03670634920634919,0.0,0.9945171054886057,10101,1008
nslkdd,0.8,DoS,xgb,42,18,0.5,0.9994193642038032,0.3437094682230869,0.6557098959807163,-0.04941936420380322,0.606290531776913,0.6557098959807163,0.5,0.6557098959807163,0.1484311442949615,0.6562905317769131,0.5000000620498659,1.0,6889,771
nslkdd,0.8,Probe,xgb,42,18,0.5,0.9988558352402745,0.4859437751004016,0.5129120601398729,-0.04885583524027459,0.46405622489959836,0.5129120601398729,0.5,0.5129120601398729,0.1647390477240771,0.5140562248995983,0.5000000000015046,1.0,1748,249
nslkdd,0.8,R2L,xgb,42,18,0.5,0.9798657718120806,0.006711409395973154,0.9731543624161074,-0.02986577181208061,0.9432885906040268,0.9731543624161074,0.5,0.9731543624161074,-0.0,0.9932885906040269,0.5000000000025002,1.0,149,298
nslkdd,0.8,Normal,xgb,42,19,0.5,0.9992079992079992,0.9751984126984127,0.02400958650958651,-0.04920799920799923,-0.02519841269841272,0.03646297396297397,0.4993865191936493,0.03646297396297397,0.003479440979440979,0.024801587301587324,0.0,0.6584648452966797,10101,1008
nslkdd,0.8,DoS,xgb,42,19,0.5,0.9994193642038032,0.327720207253886,0.6716991569499171,-0.04941936420380322,0.6222797927461139,0.6716991569499171,0.5,0.6716991569499171,0.13463736962958897,0.6722797927461139,0.5000000465666119,1.0,6889,772
nslkdd,0.8,Probe,xgb,42,19,0.5,0.9988558352402745,0.536,0.4628558352402745,-0.04885583524027459,0.4139999999999999,0.4628558352402745,0.5,0.4628558352402745,0.1799679633867277,0.46399999999999997,0.5000000000015046,1.0,1748,250
nslkdd,0.8,R2L,xgb,42,19,0.5,0.9798657718120806,0.010101010101010102,0.9697647617110705,-0.02986577181208061,0.9398989898989899,0.9697647617110705,0.5,0.9697647617110705,-0.0,0.98989898989899,0.5000000000025002,1.0,149,297
nslkdd,0.8,Normal,xgb,512,0,0.5,0.9992079992079992,0.9682539682539683,0.03095403095403093,-0.04920799920799923,-0.0182539682539683,0.031152031152031134,0.8206045031547546,0.031152031152031134,0.002483252483252483,0.031746031746031744,0.0,0.99364406779661,10101,1008
nslkdd,0.8,DoS,xgb,512,0,0.5,0.9991290463057048,0.44041450777202074,0.558714538533684,-0.049129046305704804,0.5095854922279792,0.558714538533684,0.5,0.558714538533684,0.25306037183254526,0.5595854922279793,0.5000000001751224,1.0,6889,772
nslkdd,0.8,Probe,xgb,512,0,0.5,0.9988558352402745,0.5100401606425703,0.48881567459770425,-0.04885583524027459,0.43995983935742966,0.48881567459770425,0.5,0.48881567459770425,0.1601623886851755,0.4899598393574297,0.5000000000015032,1.0,1748,249
nslkdd,0.8,R2L,xgb,512,0,0.5,0.9865771812080537,0.016891891891891893,0.9696852893161618,-0.036577181208053755,0.9331081081081081,0.9696852893161618,0.5,0.9696852893161618,4.5347360783602915e-05,0.9831081081081081,0.5000000000025091,1.0,149,296
nslkdd,0.8,Normal,xgb,512,1,0.5,0.9992079992079992,0.9692460317460317,0.029961967461967443,-0.04920799920799923,-0.01924603174603179,0.030159967659967646,0.8206045031547546,0.030159967659967646,0.0060431310431310475,0.030753968253968256,0.0,0.9934349996580727,10101,1008
nslkdd,0.8,DoS,xgb,512,1,0.5,0.9991290463057048,0.3981841763942931,0.6009448699114117,-0.049129046305704804,0.5518158236057069,0.6009448699114117,0.5,0.6009448699114117,0.2101677536643221,0.601815823605707,0.5000000000015001,1.0,6889,771
nslkdd,0.8,Probe,xgb,512,1,0.5,0.9988558352402745,0.5806451612903226,0.4182106739499519,-0.04885583524027459,0.36935483870967734,0.4182106739499519,0.5,0.4182106739499519,0.24793312172436704,0.4193548387096774,0.5000000000015055,1.0,1748,248
nslkdd,0.8,R2L,xgb,512,1,0.5,0.9865771812080537,0.026936026936026935,0.9596411542720268,-0.036577181208053755,0.923063973063973,0.9596411542720268,0.5,0.9596411542720268,-0.0,0.9730639730639731,0.5000000000025091,1.0,149,297
nslkdd,0.8,Normal,xgb,512,2,0.5,0.9992079992079992,0.9593253968253969,0.03988260238260233,-0.04920799920799923,-0.009325396825396903,0.04008060258060253,0.8206045031547546,0.04008060258060253,-0.0,0.04067460317460314,0.0,0.9950599495703184,10101,1008
nslkdd,0.8,DoS,xgb,512,2,0.5,0.9991290463057048,0.4383916990920882,0.5607373472136166,-0.049129046305704804,0.5116083009079118,0.5607373472136166,0.5,0.5607373472136166,0.24129615833358278,0.5616083009079118,0.5000000001751224,1.0,6889,771
nslkdd,0.8,Probe,xgb,512,2,0.5,0.9988558352402745,0.344,0.6548558352402746,-0.04885583524027459,0.606,0.6548558352402746,0.5,0.6548558352402746,0.1308512585812357,0.656,0.500000000001503,1.0,1748,250
nslkdd,0.8,R2L,xgb,512,2,0.5,0.9865771812080537,0.013468013468013467,0.9731091677400402,-0.036577181208053755,0.9365319865319864,0.9731091677400402,0.5,0.9731091677400402,-0.0,0.9865319865319865,0.5000000000025091,1.0,149,297
nslkdd,0.8,Normal,xgb,512,3,0.5,0.9992079992079992,0.9732142857142857,0.02599371349371349,-0.04920799920799923,-0.023214285714285743,0.030570405570405572,0.49954384565353394,0.030570405570405572,0.001491188991188991,0.0267857142857143,0.0,0.8502901092969908,10101,1008
nslkdd,0.8,DoS,xgb,512,3,0.5,0.9991290463057048,0.38341968911917096,0.6157093571865337,-0.049129046305704804,0.5665803108808289,0.6157093571865337,0.5,0.6157093571865337,0.18785805560715926,0.616580310880829,0.5000000001751224,1.0,6889,772
nslkdd,0.8,Probe,xgb,512,3,0.5,0.9988558352402745,0.5261044176706827,0.4727514175695918,-0.04885583524027459,0.42389558232931723,0.4727514175695918,0.5,0.4727514175695918,0.19630696699842848,0.4738955823293173,0.5000000000015055,1.0,1748,249
nslkdd,0.8,R2L,xgb,512,3,0.5,0.9865771812080537,0.013468013468013467,0.9731091677400402,-0.036577181208053755,0.9365319865319864,0.9731091677400402,0.5,0.9731091677400402,-0.0,0.9865319865319865,0.5000000000025091,1.0,149,297
nslkdd,0.8,Normal,xgb,512,4,0.5,0.9992079992079992,0.9742063492063492,0.02500165000165,-0.04920799920799923,-0.02420634920634923,0.02559565059565061,0.9159043729305267,0.02559565059565061,0.007447694947694947,0.025793650793650813,0.0,0.9767929089443991,10101,1008
nslkdd,0.8,DoS,xgb,512,4,0.5,0.9991290463057048,0.3942931258106355,0.6048359204950693,-0.049129046305704804,0.5557068741893645,0.6048359204950693,0.5,0.6048359204950693,0.19244499445440097,0.6057068741893645,0.5000000001751224,1.0,6889,771
nslkdd,0.8,Probe,xgb,512,4,0.5,0.9988558352402745,0.38,0.6188558352402745,-0.04885583524027459,0.57,0.6188558352402745,0.5,0.6188558352402745,0.1588512585812357,0.62,0.5000000001761213,1.0,1748,250
nslkdd,0.8,R2L,xgb,512,4,0.5,0.9865771812080537,0.010101010101010102,0.9764761711070437,-0.036577181208053755,0.9398989898989899,0.9764761711070437,0.5,0.9764761711070437,-0.0,0.98989898989899,0.5000000000025091,1.0,149,297
nslkdd,0.8,Normal,xgb,512,5,0.5,0.9992079992079992,0.9722222222222222,0.026985776985776977,-0.04920799920799923,-0.022222222222222254,0.033546596046596044,0.49954384565353394,0.033546596046596044,-0.0,0.02777777777777779,0.0,0.8044266830617889,10101,1008
nslkdd,0.8,DoS,xgb,512,5,0.5,0.9991290463057048,0.3942931258106355,0.6048359204950693,-0.049129046305704804,0.5557068741893645,0.6048359204950693,0.5,0.6048359204950693,0.20022709562171614,0.6057068741893645,0.5000000001751224,1.0,6889,771
nslkdd,0.8,Probe,xgb,512,5,0.5,0.9988558352402745,0.3253012048192771,0.6735546304209974,-0.04885583524027459,0.6246987951807228,0.6735546304209974,0.5,0.6735546304209974,0.12401781037192247,0.6746987951807228,0.5000000000015001,1.0,1748,249
nslkdd,0.8,R2L,xgb,512,5,0.5,0.9865771812080537,0.02364864864864865,0.962928532559405,-0.036577181208053755,0.9263513513513513,0.962928532559405,0.5,0.962928532559405,4.5347360783602915e-05,0.9763513513513513,0.5000000000025091,1.0,149,296
nslkdd,0.8,Normal,xgb,512,6,0.5,0.9992079992079992,0.9732142857142857,0.02599371349371349,-0.04920799920799923,-0.023214285714285743,0.026602151602151604,0.49954384565353394,0.026602151602151604,0.0004001254001253999,0.0267857142857143,0.0,0.9771282369359588,10101,1008
nslkdd,0.8,DoS,xgb,512,6,0.5,0.9991290463057048,0.4015544041450777,0.5975746421606271,-0.049129046305704804,0.5484455958549223,0.5975746421606271,0.5,0.5975746421606271,0.21894613850871367,0.5984455958549223,0.5000000001751224,1.0,6889,772
nslkdd,0.8,Probe,xgb,512,6,0.5,0.9988558352402745,0.5341365461847389,0.4647192890555356,-0.04885583524027459,0.415863453815261,0.4647192890555356,0.5,0.4647192890555356,0.1641784529422036,0.46586345381526106,0.5000000000015055,1.0,1748,249
nslkdd,0.8,R2L,xgb,512,6,0.5,0.9865771812080537,0.010101010101010102,0.9764761711070437,-0.036577181208053755,0.9398989898989899,0.9764761711070437,0.5,0.9764761711070437,-0.0,0.98989898989899,0.5000000000025091,1.0,149,297
nslkdd,0.8,Normal,xgb,512,7,0.5,0.9992079992079992,0.9623015873015873,0.03690641190641186,-0.04920799920799923,-0.012301587301587369,0.03720341220341217,0.8593234866857529,0.03720341220341217,0.002846252846252846,0.037698412698412676,0.0,0.9920168533096794,10101,1008
nslkdd,0.8,DoS,xgb,512,7,0.5,0.9991290463057048,0.42875647668393785,0.570372569621767,-0.049129046305704804,0.5212435233160622,0.570372569621767,0.5,0.570372569621767,0.23449017995949087,0.5712435233160622,0.5000000001751224,1.0,6889,772
nslkdd,0.8,Probe,xgb,512,7,0.5,0.9988558352402745,0.564,0.4348558352402746,-0.04885583524027459,0.386,0.4348558352402746,0.5,0.4348558352402746,0.21139130434782608,0.43600000000000005,0.5000000000015001,1.0,1748,250
nslkdd,0.8,R2L,xgb,512,7,0.5,0.9865771812080537,0.006734006734006734,0.979843174474047,-0.036577181208053755,0.9432659932659933,0.979843174474047,0.5,0.979843174474047,-0.0,0.9932659932659933,0.5000000000025091,1.0,149,297
nslkdd,0.8,Normal,xgb,512,8,0.5,0.9992079992079992,0.9781746031746031,0.021033396033396046,-0.04920799920799923,-0.028174603174603186,0.02164183414183414,0.49954384565353394,0.02164183414183414,0.001491188991188991,0.02182539682539686,0.0,0.9718860192509299,10101,1008
nslkdd,0.8,DoS,xgb,512,8,0.5,0.9991290463057048,0.4372574385510996,0.5618716077546051,-0.049129046305704804,0.5127425614489003,0.5618716077546051,0.5,0.5618716077546051,0.23028913296540954,0.5627425614489003,0.5000000001751224,1.0,6889,773
nslkdd,0.8,Probe,xgb,512,8,0.5,0.9988558352402745,0.5180722891566265,0.48078354608364804,-0.04885583524027459,0.43192771084337345,0.48078354608364804,0.5,0.48078354608364804,0.15041401303153115,0.4819277108433735,0.5000000000015001,1.0,1748,249
nslkdd,0.8,R2L,xgb,512,8,0.5,0.9865771812080537,0.016835016835016835,0.9697421643730368,-0.036577181208053755,0.9331649831649831,0.9697421643730368,0.5,0.9697421643730368,-0.0,0.9831649831649831,0.5000000000025091,1.0,149,297
nslkdd,0.8,Normal,xgb,512,9,0.5,0.9992079992079992,0.9751984126984127,0.02400958650958651,-0.04920799920799923,-0.02519841269841272,0.03751485001485001,0.49954384565353394,0.03751485001485001,0.001491188991188991,0.024801587301587324,0.0,0.6400021991313432,10101,1008
nslkdd,0.8,DoS,xgb,512,9,0.5,0.9991290463057048,0.39248704663212436,0.6066419996735803,-0.049129046305704804,0.5575129533678755,0.6066419996735803,0.5,0.6066419996735803,0.2021067602703717,0.6075129533678756,0.5000000001751224,1.0,6889,772
nslkdd,0.8,Probe,xgb,512,9,0.5,0.9988558352402745,0.36,0.6388558352402746,-0.04885583524027459,0.59,0.6388558352402746,0.5,0.6388558352402746,0.14685125858123568,0.64,0.5000000000015001,1.0,1748,250
nslkdd,0.8,R2L,xgb,512,9,0.5,0.9865771812080537,0.016835016835016835,0.9697421643730368,-0.036577181208053755,0.9331649831649831,0.9697421643730368,0.5,0.9697421643730368,-0.0,0.9831649831649831,0.5000000000025091,1.0,149,297
nslkdd,0.8,Normal,xgb,512,10,0.5,0.9992079992079992,0.9672619047619048,0.03194609444609442,-0.04920799920799923,-0.01726190476190481,0.032243094743094725,0.8593234866857529,0.032243094743094725,0.002483252483252483,0.03273809523809523,0.0,0.990788716177317,10101,1008
nslkdd,0.8,DoS,xgb,512,10,0.5,0.9991290463057048,0.39040207522697795,0.6087269710787269,-0.049129046305704804,0.5595979247730221,0.6087269710787269,0.5,0.6087269710787269,0.20108863563578772,0.6095979247730221,0.5000000001751224,1.0,6889,771
nslkdd,0.8,Probe,xgb,512,10,0.5,0.9988558352402745,0.5139442231075697,0.48491161213270484,-0.04885583524027459,0.43605577689243025,0.48491161213270484,0.5,0.48491161213270484,0.18253074657890178,0.4860557768924303,0.5000000000015001,1.0,1748,251
nslkdd,0.8,R2L,xgb,512,10,0.5,0.9865771812080537,0.006734006734006734,0.979843174474047,-0.036577181208053755,0.9432659932659933,0.979843174474047,0.5,0.979843174474047,-0.0,0.9932659932659933,0.5000000000025091,1.0,149,297
nslkdd,0.8,Normal,xgb,512,11,0.5,0.9992079992079992,0.9732142857142857,0.02599371349371349,-0.04920799920799923,-0.023214285714285743,0.02609271359271359,0.7910958454012871,0.02609271359271359,-0.0,0.0267857142857143,0.0,0.996205833530946,10101,1008
nslkdd,0.8,DoS,xgb,512,11,0.5,0.9991290463057048,0.44372574385511,0.5554033024505948,-0.049129046305704804,0.50627425614489,0.5554033024505948,0.5,0.5554033024505948,0.2423675593597758,0.55627425614489,0.5000000001751224,1.0,6889,773
nslkdd,0.8,Probe,xgb,512,11,0.5,0.9988558352402745,0.352,0.6468558352402746,-0.04885583524027459,0.598,0.6468558352402746,0.5,0.6468558352402746,0.12739130434782608,0.648,0.5000000000015055,1.0,1748,250
nslkdd,0.8,R2L,xgb,512,11,0.5,0.9865771812080537,0.020202020202020204,0.9663751610060335,-0.036577181208053755,0.9297979797979797,0.9663751610060335,0.5,0.9663751610060335,-0.0,0.9797979797979798,0.5000000000025091,1.0,149,297
nslkdd,0.8,Normal,xgb,512,12,0.5,0.9992079992079992,0.9682539682539683,0.03095403095403093,-0.04920799920799923,-0.0182539682539683,0.031053031053031033,0.7910958454012871,0.031053031053031033,0.000596063096063096,0.031746031746031744,0.0,0.9968119022316684,10101,1008
nslkdd,0.8,DoS,xgb,512,12,0.5,0.9991290463057048,0.44357976653696496,0.5555492797687398,-0.049129046305704804,0.506420233463035,0.5555492797687398,0.5,0.5555492797687398,0.24562268576438803,0.556420233463035,0.5000000001751224,1.0,6889,771
nslkdd,0.8,Probe,xgb,512,12,0.5,0.9988558352402745,0.348,0.6508558352402746,-0.04885583524027459,0.602,0.6508558352402746,0.5,0.6508558352402746,0.1308512585812357,0.652,0.500000000001503,1.0,1748,250
nslkdd,0.8,R2L,xgb,512,12,0.5,0.9865771812080537,0.016835016835016835,0.9697421643730368,-0.036577181208053755,0.9331649831649831,0.9697421643730368,0.5,0.9697421643730368,-0.0,0.9831649831649831,0.5000000000025091,1.0,149,297
nslkdd,0.8,Normal,xgb,512,13,0.5,0.9992079992079992,0.9751984126984127,0.02400958650958651,-0.04920799920799923,-0.02519841269841272,0.024108586608586613,0.7910958454012871,0.024108586608586613,0.0020748770748770795,0.024801587301587324,0.0,0.9958935751561296,10101,1008
nslkdd,0.8,DoS,xgb,512,13,0.5,0.9991290463057048,0.37823834196891193,0.6208907043367928,-0.049129046305704804,0.571761658031088,0.6208907043367928,0.5,0.6208907043367928,0.1787906980942059,0.6217616580310881,0.5000000001751224,1.0,6889,772
nslkdd,0.8,Probe,xgb,512,13,0.5,0.9988558352402745,0.3614457831325301,0.6374100521077444,-0.04885583524027459,0.5885542168674698,0.6374100521077444,0.5,0.6374100521077444,0.14811419591409114,0.6385542168674698,0.5000000000015055,1.0,1748,249
nslkdd,0.8,R2L,xgb,512,13,0.5,0.9865771812080537,0.013513513513513514,0.9730636676945402,-0.036577181208053755,0.9364864864864865,0.9730636676945402,0.5,0.9730636676945402,-0.0,0.9864864864864865,0.5000000000025091,1.0,149,296
nslkdd,0.8,Normal,xgb,512,14,0.5,0.9992079992079992,0.9761904761904762,0.023017523017523023,-0.04920799920799923,-0.02619047619047621,0.023314523314523328,0.8593234866857529,0.023314523314523328,-0.0,0.023809523809523836,0.0,0.987261146496815,10101,1008
nslkdd,0.8,DoS,xgb,512,14,0.5,0.9991290463057048,0.4346701164294955,0.5644589298762093,-0.049129046305704804,0.5153298835705045,0.5644589298762093,0.5,0.5644589298762093,0.2371929151165675,0.5653298835705045,0.5000000001751224,1.0,6889,773
nslkdd,0.8,Probe,xgb,512,14,0.5,0.9988558352402745,0.496,0.5028558352402746,-0.04885583524027459,0.45399999999999996,0.5028558352402746,0.5,0.5028558352402746,0.15539130434782608,0.504,0.5000000000015001,1.0,1748,250
nslkdd,0.8,R2L,xgb,512,14,0.5,0.9865771812080537,0.013513513513513514,0.9730636676945402,-0.036577181208053755,0.9364864864864865,0.9730636676945402,0.5,0.9730636676945402,-0.0,0.9864864864864865,0.5000000000025091,1.0,149,296
nslkdd,0.8,Normal,xgb,512,15,0.5,0.9992079992079992,0.9732142857142857,0.02599371349371349,-0.04920799920799923,-0.023214285714285743,0.02619171369171369,0.8206045031547546,0.02619171369171369,0.006814506814506814,0.0267857142857143,0.0,0.9924403496338292,10101,1008
nslkdd,0.8,DoS,xgb,512,15,0.5,0.9991290463057048,0.37792207792207794,0.6212069683836268,-0.049129046305704804,0.572077922077922,0.6212069683836268,0.5,0.6212069683836268,0.18621762908306674,0.622077922077922,0.5000000001751224,1.0,6889,770
nslkdd,0.8,Probe,xgb,512,15,0.5,0.9988558352402745,0.368,0.6308558352402746,-0.04885583524027459,0.582,0.6308558352402746,0.5,0.6308558352402746,0.1519954233409611,0.632,0.5000000000015055,1.0,1748,250
nslkdd,0.8,R2L,xgb,512,15,0.5,0.9865771812080537,0.010101010101010102,0.9764761711070437,-0.036577181208053755,0.9398989898989899,0.9764761711070437,0.5,0.9764761711070437,-0.0,0.98989898989899,0.5000000000025091,1.0,149,297
nslkdd,0.8,Normal,xgb,512,16,0.5,0.9992079992079992,0.9682539682539683,0.03095403095403093,-0.04920799920799923,-0.0182539682539683,0.03553072303072303,0.49954384565353394,0.03553072303072303,0.0007961257961257961,0.031746031746031744,0.0,0.8711905729378295,10101,1008
nslkdd,0.8,DoS,xgb,512,16,0.5,0.9991290463057048,0.4036222509702458,0.5955067953354589,-0.049129046305704804,0.5463777490297541,0.5955067953354589,0.5,0.5955067953354589,0.19967674435330748,0.5963777490297542,0.5000000001751224,1.0,6889,773
nslkdd,0.8,Probe,xgb,512,16,0.5,0.9988558352402745,0.56,0.4388558352402745,-0.04885583524027459,0.3899999999999999,0.4388558352402745,0.5,0.4388558352402745,0.17539130434782607,0.43999999999999995,0.5000000000015001,1.0,1748,250
nslkdd,0.8,R2L,xgb,512,16,0.5,0.9865771812080537,0.02702702702702703,0.9595501541810267,-0.036577181208053755,0.922972972972973,0.9595501541810267,0.5,0.9595501541810267,-0.0,0.972972972972973,0.5000000000025091,1.0,149,296
nslkdd,0.8,Normal,xgb,512,17,0.5,0.9992079992079992,0.9682539682539683,0.03095403095403093,-0.04920799920799923,-0.0182539682539683,0.031152031152031134,0.8206045031547546,0.031152031152031134,0.001588126588126588,0.031746031746031744,0.0,0.99364406779661,10101,1008
nslkdd,0.8,DoS,xgb,512,17,0.5,0.9991290463057048,0.44041450777202074,0.558714538533684,-0.049129046305704804,0.5095854922279792,0.558714538533684,0.5,0.558714538533684,0.2487388846227033,0.5595854922279793,0.5000000001751224,1.0,6889,772
nslkdd,0.8,Probe,xgb,512,17,0.5,0.9988558352402745,0.38,0.6188558352402745,-0.04885583524027459,0.57,0.6188558352402745,0.5,0.6188558352402745,0.16513958810068652,0.62,0.5000000000015055,1.0,1748,250
nslkdd,0.8,R2L,xgb,512,17,0.5,0.9865771812080537,0.03691275167785235,0.9496644295302014,-0.036577181208053755,0.9130872483221476,0.9496644295302014,0.5,0.9496644295302014,-0.0,0.9630872483221476,0.5000000000025091,1.0,149,298
nslkdd,0.8,Normal,xgb,512,18,0.5,0.9992079992079992,0.9632936507936508,0.035914348414348374,-0.04920799920799923,-0.013293650793650857,0.03621134871134868,0.8593234866857529,0.03621134871134868,0.0013901263901263902,0.03670634920634919,0.0,0.9917981431907499,10101,1008
nslkdd,0.8,DoS,xgb,512,18,0.5,0.9991290463057048,0.4033722438391699,0.5957568024665348,-0.049129046305704804,0.54662775616083,0.5957568024665348,0.5,0.5957568024665348,0.20411814620537375,0.5966277561608301,0.5000000001751224,1.0,6889,771
nslkdd,0.8,Probe,xgb,512,18,0.5,0.9988558352402745,0.4859437751004016,0.5129120601398729,-0.04885583524027459,0.46405622489959836,0.5129120601398729,0.5,0.5129120601398729,0.1681945171992317,0.5140562248995983,0.5000000000015001,1.0,1748,249
nslkdd,0.8,R2L,xgb,512,18,0.5,0.9865771812080537,0.006711409395973154,0.9798657718120806,-0.036577181208053755,0.9432885906040268,0.9798657718120806,0.5,0.9798657718120806,-0.0,0.9932885906040269,0.5000000000025091,1.0,149,298
nslkdd,0.8,Normal,xgb,512,19,0.5,0.9992079992079992,0.9751984126984127,0.02400958650958651,-0.04920799920799923,-0.02519841269841272,0.033546596046596044,0.49954384565353394,0.033546596046596044,0.0022089397089397073,0.024801587301587324,0.0,0.7157085766984324,10101,1008
nslkdd,0.8,DoS,xgb,512,19,0.5,0.9991290463057048,0.38082901554404147,0.6183000307616633,-0.049129046305704804,0.5691709844559585,0.6183000307616633,0.5,0.6183000307616633,0.18526738203202975,0.6191709844559585,0.5000000001751224,1.0,6889,772
nslkdd,0.8,Probe,xgb,512,19,0.5,0.9988558352402745,0.536,0.4628558352402745,-0.04885583524027459,0.4139999999999999,0.4628558352402745,0.5,0.4628558352402745,0.18281922196796338,0.46399999999999997,0.5000000000015001,1.0,1748,250
nslkdd,0.8,R2L,xgb,512,19,0.5,0.9865771812080537,0.013468013468013467,0.9731091677400402,-0.036577181208053755,0.9365319865319864,0.9731091677400402,0.5,0.9731091677400402,-0.0,0.9865319865319865,0.5000000000025091,1.0,149,297
nslkdd,0.8,Normal,xgb,6021,0,0.5,0.999009999009999,0.9682539682539683,0.030756030756030728,-0.04900999900999903,-0.0182539682539683,0.03987435237435238,0.49956512451171875,0.031152031152031134,0.03987435237435238,0.031746031746031744,0.0,0.7713236435110943,10101,1008
nslkdd,0.8,DoS,xgb,6021,0,0.5,0.9994193642038032,0.40803108808290156,0.5913882761209016,-0.04941936420380322,0.5419689119170984,0.5913882761209016,0.5,0.5913882761209016,0.21837659646639493,0.5919689119170984,0.5000000391160488,1.0,6889,772
nslkdd,0.8,Probe,xgb,6021,0,0.5,0.9988558352402745,0.5542168674698795,0.444638967770395,-0.04885583524027459,0.39578313253012043,0.444638967770395,0.5,0.444638967770395,0.20435058311047394,0.4457831325301205,0.5000000367188933,1.0,1748,249
nslkdd,0.8,R2L,xgb,6021,0,0.5,0.9798657718120806,0.016891891891891893,0.9629738799201887,-0.02986577181208061,0.9331081081081081,0.9663069109377834,0.7747411727905273,0.9663069109377834,-0.0,0.9831081081081081,0.5000000000025053,0.996550753202872,149,296
nslkdd,0.8,Normal,xgb,6021,1,0.5,0.999009999009999,0.9692460317460317,0.02976396726396724,-0.04900999900999903,-0.01924603174603179,0.030159967659967646,0.8372365087270737,0.030159967659967646,0.027969590469590473,0.030753968253968256,0.0,0.9868699993161454,10101,1008
nslkdd,0.8,DoS,xgb,6021,1,0.5,0.9994193642038032,0.377431906614786,0.6219874575890172,-0.04941936420380322,0.572568093385214,0.6219874575890172,0.5,0.6219874575890172,0.1886991028197926,0.622568093385214,0.5000000391160488,1.0,6889,771
nslkdd,0.8,Probe,xgb,6021,1,0.5,0.9988558352402745,0.6209677419354839,0.3778880933047907,-0.04885583524027459,0.3290322580645161,0.3778880933047907,0.5,0.3778880933047907,0.2859673728500775,0.3790322580645161,0.50000003911705,1.0,1748,248
nslkdd,0.8,R2L,xgb,6021,1,0.5,0.9798657718120806,0.026936026936026935,0.9529297448760536,-0.02986577181208061,0.923063973063973,0.9596411542720268,0.7747411727905273,0.9596411542720268,-0.0,0.9730639730639731,0.5000000000025053,0.9930063343301858,149,297
nslkdd,0.8,Normal,xgb,6021,2,0.5,0.999009999009999,0.9593253968253969,0.039684602184602125,-0.04900999900999903,-0.009325396825396903,0.04008060258060253,0.8372365087270737,0.04008060258060253,0.013088638088638083,0.04067460317460314,0.0,0.9901198991406368,10101,1008
nslkdd,0.8,DoS,xgb,6021,2,0.5,0.9994193642038032,0.4098573281452659,0.5895620360585373,-0.04941936420380322,0.5401426718547341,0.5895620360585373,0.5,0.5895620360585373,0.21651709270159256,0.5901426718547341,0.5000000391160488,1.0,6889,771
nslkdd,0.8,Probe,xgb,6021,2,0.5,0.9988558352402745,0.424,0.5748558352402746,-0.04885583524027459,0.526,0.5748558352402746,0.5,0.5748558352402746,0.2039954233409611,0.5760000000000001,0.50000003911705,1.0,1748,250
nslkdd,0.8,R2L,xgb,6021,2,0.5,0.9798657718120806,0.013468013468013467,0.966397758344067,-0.02986577181208061,0.9365319865319864,0.9697421643730368,0.7747411727905273,0.9697421643730368,-0.0,0.9865319865319865,0.5000000000025053,0.9965512420189215,149,297
nslkdd,0.8,Normal,xgb,6021,3,0.5,0.999009999009999,0.9732142857142857,0.025795713295713285,-0.04900999900999903,-0.023214285714285743,0.027969590469590473,0.49956512451171875,0.02619171369171369,0.027969590469590473,0.0267857142857143,0.0,0.9222771182066214,10101,1008
nslkdd,0.8,DoS,xgb,6021,3,0.5,0.9994193642038032,0.3639896373056995,0.6354297268981037,-0.04941936420380322,0.5860103626943005,0.6354297268981037,0.5,0.6354297268981037,0.16829393859851668,0.6360103626943006,0.5000000391160488,1.0,6889,772
nslkdd,0.8,Probe,xgb,6021,3,0.5,0.9988558352402745,0.5742971887550201,0.42455864648525443,-0.04885583524027459,0.37570281124497984,0.42455864648525443,0.5,0.42455864648525443,0.24852728993778317,0.4257028112449799,0.50000003911705,1.0,1748,249
nslkdd,0.8,R2L,xgb,6021,3,0.5,0.9798657718120806,0.013468013468013467,0.966397758344067,-0.02986577181208061,0.9365319865319864,0.9731091677400402,0.7747411727905273,0.9731091677400402,-0.0,0.9865319865319865,0.5000000000025053,0.993103127975292,149,297
nslkdd,0.8,Normal,xgb,6021,4,0.5,0.999009999009999,0.9742063492063492,0.024803649803649797,-0.04900999900999903,-0.02420634920634923,0.03590609840609841,0.49956512451171875,0.025199650199650203,0.03590609840609841,0.025793650793650813,0.0,0.690792119018898,10101,1008
nslkdd,0.8,DoS,xgb,6021,4,0.5,0.9994193642038032,0.36835278858625164,0.6310665756175515,-0.04941936420380322,0.5816472114137483,0.6310665756175515,0.5,0.6310665756175515,0.1698244856977015,0.6316472114137484,0.5000000391160488,1.0,6889,771
nslkdd,0.8,Probe,xgb,6021,4,0.5,0.9988558352402745,0.436,0.5628558352402746,-0.04885583524027459,0.514,0.5628558352402746,0.5,0.5628558352402746,0.2039954233409611,0.5640000000000001,0.50000003911705,1.0,1748,250
nslkdd,0.8,R2L,xgb,6021,4,0.5,0.9798657718120806,0.010101010101010102,0.9697647617110705,-0.02986577181208061,0.9398989898989899,0.9731091677400402,0.7747411727905273,0.9731091677400402,-0.0,0.98989898989899,0.5000000000025053,0.9965631748833106,149,297
nslkdd,0.8,Normal,xgb,6021,5,0.5,0.999009999009999,0.9722222222222222,0.026787776787776774,-0.04900999900999903,-0.022222222222222254,0.02718377718377718,0.8372365087270737,0.02718377718377718,0.024001336501336505,0.02777777777777779,0.0,0.9854324734446127,10101,1008
nslkdd,0.8,DoS,xgb,6021,5,0.5,0.9994193642038032,0.37094682230869,0.6284725418951131,-0.04941936420380322,0.5790531776913099,0.6284725418951131,0.5,0.6284725418951131,0.1763095700037975,0.62905317769131,0.5000000391160488,1.0,6889,771
nslkdd,0.8,Probe,xgb,6021,5,0.5,0.9988558352402745,0.44176706827309237,0.5570887669671822,-0.04885583524027459,0.5082329317269076,0.5570887669671822,0.5,0.5570887669671822,0.23647909716669885,0.5582329317269077,0.50000003911705,1.0,1748,249
nslkdd,0.8,R2L,xgb,6021,5,0.5,0.9798657718120806,0.02027027027027027,0.9595955015418103,-0.02986577181208061,0.9297297297297297,0.962928532559405,0.7747411727905273,0.962928532559405,-0.0,0.9797297297297297,0.5000000000025053,0.9965386517224328,149,296
nslkdd,0.8,Normal,xgb,6021,6,0.5,0.999009999009999,0.9732142857142857,0.025795713295713285,-0.04900999900999903,-0.023214285714285743,0.02697752697752697,0.49956512451171875,0.02619171369171369,0.02697752697752697,0.0267857142857143,0.0,0.9561926605504586,10101,1008
nslkdd,0.8,DoS,xgb,6021,6,0.5,0.9994193642038032,0.3743523316062176,0.6250670325975856,-0.04941936420380322,0.5756476683937823,0.6250670325975856,0.5,0.6250670325975856,0.18772399041198817,0.6256476683937824,0.5000000391160488,1.0,6889,772
nslkdd,0.8,Probe,xgb,6021,6,0.5,0.9988558352402745,0.5742971887550201,0.42455864648525443,-0.04885583524027459,0.37570281124497984,0.42455864648525443,0.5,0.42455864648525443,0.21639877588155826,0.4257028112449799,0.50000003911705,1.0,1748,249
nslkdd,0.8,R2L,xgb,6021,6,0.5,0.9798657718120806,0.013468013468013467,0.966397758344067,-0.02986577181208061,0.9365319865319864,0.9731091677400402,0.7747411727905273,0.9731091677400402,-0.0,0.9865319865319865,0.5000000000025053,0.993103127975292,149,297
nslkdd,0.8,Normal,xgb,6021,7,0.5,0.999009999009999,0.9623015873015873,0.03670841170841166,-0.04900999900999903,-0.012301587301587369,0.037104412104412066,0.8372365087270737,0.037104412104412066,0.027969590469590473,0.037698412698412676,0.0,0.989327404113396,10101,1008
nslkdd,0.8,DoS,xgb,6021,7,0.5,0.9994193642038032,0.4106217616580311,0.5887976025457721,-0.04941936420380322,0.5393782383419689,0.5887976025457721,0.5,0.5887976025457721,0.21449058610370064,0.5893782383419689,0.5000000391160488,1.0,6889,772
nslkdd,0.8,Probe,xgb,6021,7,0.5,0.9988558352402745,0.596,0.4028558352402746,-0.04885583524027459,0.354,0.4028558352402746,0.5,0.4028558352402746,0.23938672768878722,0.404,0.5000000331216579,1.0,1748,250
nslkdd,0.8,R2L,xgb,6021,7,0.5,0.9798657718120806,0.010101010101010102,0.9697647617110705,-0.02986577181208061,0.9398989898989899,0.9764761711070437,0.7747411727905273,0.9764761711070437,-0.0,0.98989898989899,0.5000000000025053,0.9931269091918912,149,297
nslkdd,0.8,Normal,xgb,6021,8,0.5,0.999009999009999,0.9781746031746031,0.020835395835395842,-0.04900999900999903,-0.028174603174603186,0.025985463485463482,0.49956512451171875,0.02123139623139625,0.025985463485463482,0.02182539682539686,0.0,0.8018096674339237,10101,1008
nslkdd,0.8,DoS,xgb,6021,8,0.5,0.9994193642038032,0.4152652005174644,0.5841541636863388,-0.04941936420380322,0.5347347994825355,0.5841541636863388,0.5,0.5841541636863388,0.21161001179862454,0.5847347994825356,0.5000000391160488,1.0,6889,773
nslkdd,0.8,Probe,xgb,6021,8,0.5,0.9988558352402745,0.5783132530120482,0.4205425822282264,-0.04885583524027459,0.3716867469879518,0.4205425822282264,0.5,0.4205425822282264,0.20435058311047394,0.42168674698795183,0.50000003911705,1.0,1748,249
nslkdd,0.8,R2L,xgb,6021,8,0.5,0.9798657718120806,0.016835016835016835,0.9630307549770637,-0.02986577181208061,0.9331649831649831,0.9697421643730368,0.7747411727905273,0.9697421643730368,-0.0,0.9831649831649831,0.5000000000025053,0.9930791816190521,149,297
nslkdd,0.8,Normal,xgb,6021,9,0.5,0.999009999009999,0.9751984126984127,0.023811586311586308,-0.04900999900999903,-0.02519841269841272,0.024207586707586715,0.8372365087270737,0.024207586707586715,0.020033082533082537,0.024801587301587324,0.0,0.9836414756752146,10101,1008
nslkdd,0.8,DoS,xgb,6021,9,0.5,0.9994193642038032,0.37305699481865284,0.6263623693851503,-0.04941936420380322,0.5769430051813471,0.6263623693851503,0.5,0.6263623693851503,0.1769258192643224,0.6269430051813472,0.5000000391160488,1.0,6889,772
nslkdd,0.8,Probe,xgb,6021,9,0.5,0.9988558352402745,0.46,0.5388558352402746,-0.04885583524027459,0.48999999999999994,0.5388558352402746,0.5,0.5388558352402746,0.242279176201373,0.54,0.50000003911705,1.0,1748,250
nslkdd,0.8,R2L,xgb,6021,9,0.5,0.9798657718120806,0.016835016835016835,0.9630307549770637,-0.02986577181208061,0.9331649831649831,0.9697421643730368,0.7747411727905273,0.9697421643730368,-0.0,0.9831649831649831,0.5000000000025053,0.9930791816190521,149,297
nslkdd,0.8,Normal,xgb,6021,10,0.5,0.999009999009999,0.9672619047619048,0.031748094248094216,-0.04900999900999903,-0.01726190476190481,0.03214409464409462,0.8372365087270737,0.03214409464409462,0.025985463485463482,0.03273809523809523,0.0,0.9876804619826753,10101,1008
nslkdd,0.8,DoS,xgb,6021,10,0.5,0.9994193642038032,0.37094682230869,0.6284725418951131,-0.04941936420380322,0.5790531776913099,0.6284725418951131,0.5,0.6284725418951131,0.18235917746274583,0.62905317769131,0.5000000391160488,1.0,6889,771
nslkdd,0.8,Probe,xgb,6021,10,0.5,0.9988558352402745,0.5816733067729084,0.41718252846736614,-0.04885583524027459,0.36832669322709155,0.41718252846736614,0.5,0.41718252846736614,0.2422711898401816,0.4183266932270916,0.500000036119354,1.0,1748,251
nslkdd,0.8,R2L,xgb,6021,10,0.5,0.9798657718120806,0.006734006734006734,0.9731317650780739,-0.02986577181208061,0.9432659932659933,0.979843174474047,0.7747411727905273,0.979843174474047,-0.0,0.9932659932659933,0.5000000000025053,0.9931505269712414,149,297
nslkdd,0.8,Normal,xgb,6021,11,0.5,0.999009999009999,0.9732142857142857,0.025795713295713285,-0.04900999900999903,-0.023214285714285743,0.02619171369171369,0.8372365087270737,0.02619171369171369,0.024001336501336505,0.0267857142857143,0.0,0.9848806992676584,10101,1008
nslkdd,0.8,DoS,xgb,6021,11,0.5,0.9994193642038032,0.4204398447606727,0.5789795194431304,-0.04941936420380322,0.5295601552393272,0.5789795194431304,0.5,0.5789795194431304,0.2198074550105846,0.5795601552393272,0.5000000391160488,1.0,6889,773
nslkdd,0.8,Probe,xgb,6021,11,0.5,0.9988558352402745,0.428,0.5708558352402746,-0.04885583524027459,0.522,0.5708558352402746,0.5,0.5708558352402746,0.2039954233409611,0.5720000000000001,0.50000003911705,1.0,1748,250
nslkdd,0.8,R2L,xgb,6021,11,0.5,0.9798657718120806,0.020202020202020204,0.9596637516100603,-0.02986577181208061,0.9297979797979797,0.9663751610060335,0.7747411727905273,0.9663751610060335,0.003367003367003367,0.9797979797979798,0.5000000000025053,0.9930550683970537,149,297
nslkdd,0.8,Normal,xgb,6021,12,0.5,0.999009999009999,0.9682539682539683,0.030756030756030728,-0.04900999900999903,-0.0182539682539683,0.031152031152031134,0.8372365087270737,0.031152031152031134,0.025985463485463482,0.031746031746031744,0.0,0.98728813559322,10101,1008
nslkdd,0.8,DoS,xgb,6021,12,0.5,0.9994193642038032,0.41245136186770426,0.5869680023360989,-0.04941936420380322,0.5375486381322957,0.5869680023360989,0.5,0.5869680023360989,0.21651709270159256,0.5875486381322957,0.5000000391160488,1.0,6889,771
nslkdd,0.8,Probe,xgb,6021,12,0.5,0.9988558352402745,0.436,0.5628558352402746,-0.04885583524027459,0.514,0.5628558352402746,0.5,0.5628558352402746,0.2119954233409611,0.5640000000000001,0.50000003911705,1.0,1748,250
nslkdd,0.8,R2L,xgb,6021,12,0.5,0.9798657718120806,0.016835016835016835,0.9630307549770637,-0.02986577181208061,0.9331649831649831,0.9697421643730368,0.7747411727905273,0.9697421643730368,-0.0,0.9831649831649831,0.5000000000025053,0.9930791816190521,149,297
nslkdd,0.8,Normal,xgb,6021,13,0.5,0.999009999009999,0.9751984126984127,0.023811586311586308,-0.04900999900999903,-0.02519841269841272,0.03491403491403491,0.49956512451171875,0.024207586707586715,0.03491403491403491,0.024801587301587324,0.0,0.6820061436672968,10101,1008
nslkdd,0.8,DoS,xgb,6021,13,0.5,0.9994193642038032,0.36139896373056996,0.6380204004732333,-0.04941936420380322,0.5886010362694301,0.6380204004732333,0.5,0.6380204004732333,0.16311259144825763,0.6386010362694301,0.5000000391160488,1.0,6889,772
nslkdd,0.8,Probe,xgb,6021,13,0.5,0.9988558352402745,0.44176706827309237,0.5570887669671822,-0.04885583524027459,0.5082329317269076,0.5570887669671822,0.5,0.5570887669671822,0.22721090310900352,0.5582329317269077,0.50000003911705,1.0,1748,249
nslkdd,0.8,R2L,xgb,6021,13,0.5,0.9798657718120806,0.013513513513513514,0.9663522582985671,-0.02986577181208061,0.9364864864864865,0.9730636676945402,0.7747411727905273,0.9730636676945402,-0.0,0.9864864864864865,0.5000000000025053,0.9931028054804735,149,296
nslkdd,0.8,Normal,xgb,6021,14,0.5,0.999009999009999,0.9761904761904762,0.02281952281952282,-0.04900999900999903,-0.02619047619047621,0.024001336501336505,0.49956512451171875,0.023215523215523226,0.024001336501336505,0.023809523809523836,0.0,0.9507605052848671,10101,1008
nslkdd,0.8,DoS,xgb,6021,14,0.5,0.9994193642038032,0.40620957309184996,0.5932097911119532,-0.04941936420380322,0.5437904269081499,0.5932097911119532,0.5,0.5932097911119532,0.20945816652416804,0.59379042690815,0.5000000391160488,1.0,6889,773
nslkdd,0.8,Probe,xgb,6021,14,0.5,0.9988558352402745,0.568,0.4308558352402746,-0.04885583524027459,0.382,0.4308558352402746,0.5,0.4308558352402746,0.2233867276887872,0.43200000000000005,0.50000003911705,1.0,1748,250
nslkdd,0.8,R2L,xgb,6021,14,0.5,0.9798657718120806,0.013513513513513514,0.9663522582985671,-0.02986577181208061,0.9364864864864865,0.9730636676945402,0.7747411727905273,0.9730636676945402,-0.0,0.9864864864864865,0.5000000000025053,0.9931028054804735,149,296
nslkdd,0.8,Normal,xgb,6021,15,0.5,0.999009999009999,0.9732142857142857,0.025795713295713285,-0.04900999900999903,-0.023214285714285743,0.03193784443784444,0.49956512451171875,0.02619171369171369,0.03193784443784444,0.0267857142857143,0.0,0.8076848563125602,10101,1008
nslkdd,0.8,DoS,xgb,6021,15,0.5,0.9994193642038032,0.35454545454545455,0.6448739096583487,-0.04941936420380322,0.5954545454545455,0.6448739096583487,0.5,0.6448739096583487,0.16096939785428682,0.6454545454545455,0.5000000391160488,1.0,6889,770
nslkdd,0.8,Probe,xgb,6021,15,0.5,0.9988558352402745,0.432,0.5668558352402746,-0.04885583524027459,0.518,0.5668558352402746,0.5,0.5668558352402746,0.20342334096109838,0.5680000000000001,0.50000003911705,1.0,1748,250
nslkdd,0.8,R2L,xgb,6021,15,0.5,0.9798657718120806,0.013468013468013467,0.966397758344067,-0.02986577181208061,0.9365319865319864,0.9697421643730368,0.7747411727905273,0.9697421643730368,-0.0,0.9865319865319865,0.5000000000025053,0.9965512420189215,149,297
nslkdd,0.8,Normal,xgb,6021,16,0.5,0.999009999009999,0.9682539682539683,0.030756030756030728,-0.04900999900999903,-0.0182539682539683,0.031152031152031134,0.8372365087270737,0.031152031152031134,0.02995371745371745,0.031746031746031744,0.0,0.98728813559322,10101,1008
nslkdd,0.8,DoS,xgb,6021,16,0.5,0.9994193642038032,0.38421733505821476,0.6152020291455884,-0.04941936420380322,0.5657826649417852,0.6152020291455884,0.5,0.6152020291455884,0.18229128424732458,0.6157826649417852,0.5000000391160488,1.0,6889,773
nslkdd,0.8,Probe,xgb,6021,16,0.5,0.9988558352402745,0.62,0.37885583524027455,-0.04885583524027459,0.32999999999999996,0.37885583524027455,0.5,0.37885583524027455,0.2313867276887872,0.38,0.5000000364191235,1.0,1748,250
nslkdd,0.8,R2L,xgb,6021,16,0.5,0.9798657718120806,0.02702702702702703,0.9528387447850535,-0.02986577181208061,0.922972972972973,0.9595501541810267,0.7747411727905273,0.9595501541810267,-0.0,0.972972972972973,0.5000000000025053,0.9930056710775046,149,296
nslkdd,0.8,Normal,xgb,6021,17,0.5,0.999009999009999,0.9682539682539683,0.030756030756030728,-0.04900999900999903,-0.0182539682539683,0.038882288882288875,0.49956512451171875,0.031152031152031134,0.038882288882288875,0.031746031746031744,0.0,0.7910036070443448,10101,1008
nslkdd,0.8,DoS,xgb,6021,17,0.5,0.9994193642038032,0.4106217616580311,0.5887976025457721,-0.04941936420380322,0.5393782383419689,0.5887976025457721,0.5,0.5887976025457721,0.21823143751734572,0.5893782383419689,0.5000000391160488,1.0,6889,772
nslkdd,0.8,Probe,xgb,6021,17,0.5,0.9988558352402745,0.448,0.5508558352402746,-0.04885583524027459,0.502,0.5508558352402746,0.5,0.5508558352402746,0.2274233409610984,0.552,0.50000003911705,1.0,1748,250
nslkdd,0.8,R2L,xgb,6021,17,0.5,0.9798657718120806,0.03691275167785235,0.9429530201342282,-0.02986577181208061,0.9130872483221476,0.9496644295302014,0.7747411727905273,0.9496644295302014,-0.0,0.9630872483221476,0.5000000000025053,0.9929328621908128,149,298
nslkdd,0.8,Normal,xgb,6021,18,0.5,0.999009999009999,0.9632936507936508,0.03571634821634817,-0.04900999900999903,-0.013293650793650857,0.03611234861234858,0.8372365087270737,0.03611234861234858,0.03094578094578094,0.03670634920634919,0.0,0.9890342109772114,10101,1008
nslkdd,0.8,DoS,xgb,6021,18,0.5,0.9994193642038032,0.38261997405966275,0.6167993901441404,-0.04941936420380322,0.5673800259403372,0.6167993901441404,0.5,0.6167993901441404,0.18149763744867428,0.6173800259403373,0.5000000391160488,1.0,6889,771
nslkdd,0.8,Probe,xgb,6021,18,0.5,0.9988558352402745,0.5742971887550201,0.42455864648525443,-0.04885583524027459,0.37570281124497984,0.42455864648525443,0.5,0.42455864648525443,0.2565594184518394,0.4257028112449799,0.5000000331216579,1.0,1748,249
nslkdd,0.8,R2L,xgb,6021,18,0.5,0.9798657718120806,0.006711409395973154,0.9731543624161074,-0.02986577181208061,0.9432885906040268,0.9798657718120806,0.7747411727905273,0.9798657718120806,-0.0,0.9932885906040269,0.5000000000025053,0.9931506849315068,149,298
nslkdd,0.8,Normal,xgb,6021,19,0.5,0.999009999009999,0.9751984126984127,0.023811586311586308,-0.04900999900999903,-0.02519841269841272,0.024207586707586715,0.8372365087270737,0.024207586707586715,0.01705689205689205,0.024801587301587324,0.0,0.9836414756752146,10101,1008
nslkdd,0.8,DoS,xgb,6021,19,0.5,0.9994193642038032,0.3626943005181347,0.6367250636856685,-0.04941936420380322,0.5873056994818653,0.6367250636856685,0.5,0.6367250636856685,0.16641796601475506,0.6373056994818653,0.5000000391160488,1.0,6889,772
nslkdd,0.8,Probe,xgb,6021,19,0.5,0.9988558352402745,0.592,0.4068558352402746,-0.04885583524027459,0.358,0.4068558352402746,0.5,0.4068558352402746,0.2273867276887872,0.40800000000000003,0.50000003911705,1.0,1748,250
nslkdd,0.8,R2L,xgb,6021,19,0.5,0.9798657718120806,0.013468013468013467,0.966397758344067,-0.02986577181208061,0.9365319865319864,0.9697421643730368,0.7747411727905273,0.9697421643730368,-0.0,0.9865319865319865,0.5000000000025053,0.9965512420189215,149,297
nslkdd,0.8,Normal,xgb,7,0,0.5,0.9991089991089991,0.9682539682539683,0.03085503085503083,-0.04910899910899913,-0.0182539682539683,0.0410953535953536,0.4995754063129425,0.0410953535953536,0.003279378279378279,0.031746031746031744,0.0,0.7508155583437884,10101,1008
nslkdd,0.8,DoS,xgb,7,0,0.5,0.999274205254754,0.39766839378238344,0.6016058114723706,-0.04927420525475401,0.5523316062176165,0.6016058114723706,0.5,0.6016058114723706,0.20975580955446732,0.6023316062176165,0.5000000724108409,1.0,6889,772
nslkdd,0.8,Probe,xgb,7,0,0.5,0.9982837528604119,0.6024096385542169,0.395874114306195,-0.04828375286041198,0.34759036144578304,0.395874114306195,0.5,0.395874114306195,0.24736014998207934,0.3975903614457831,0.5000000000015021,1.0,1748,249
nslkdd,0.8,R2L,xgb,7,0,0.5,0.9865771812080537,0.02027027027027027,0.9663069109377834,-0.036577181208053755,0.9297297297297297,0.9663069109377834,0.5,0.9663069109377834,0.0034237257391619815,0.9797297297297297,0.5000000000025002,1.0,149,296
nslkdd,0.8,Normal,xgb,7,1,0.5,0.9991089991089991,0.9692460317460317,0.02986296736296734,-0.04910899910899913,-0.01924603174603179,0.031368593868593864,0.4999818503856659,0.031368593868593864,0.00020006270006269996,0.030753968253968256,0.0,0.9520021040173576,10101,1008
nslkdd,0.8,DoS,xgb,7,1,0.5,0.999274205254754,0.3631647211413748,0.6361094841133792,-0.04927420525475401,0.5868352788586251,0.6361094841133792,0.5,0.6361094841133792,0.17761600054524035,0.6368352788586251,0.5000000676377938,1.0,6889,771
nslkdd,0.8,Probe,xgb,7,1,0.5,0.9982837528604119,0.6451612903225806,0.3531224625378313,-0.04828375286041198,0.30483870967741933,0.3531224625378313,0.5,0.3531224625378313,0.30089687753746214,0.3548387096774194,0.5000000000015015,1.0,1748,248
nslkdd,0.8,R2L,xgb,7,1,0.5,0.9865771812080537,0.026936026936026935,0.9596411542720268,-0.036577181208053755,0.923063973063973,0.9596411542720268,0.5,0.9596411542720268,-0.0,0.9730639730639731,0.5000000000025002,1.0,149,297
nslkdd,0.8,Normal,xgb,7,2,0.5,0.9991089991089991,0.9593253968253969,0.039783602283602226,-0.04910899910899913,-0.009325396825396903,0.04982386232386232,0.4997541904449463,0.04982386232386232,-0.0,0.04067460317460314,0.0,0.7984849112058605,10101,1008
nslkdd,0.8,DoS,xgb,7,2,0.5,0.999274205254754,0.39299610894941633,0.6062780963053376,-0.04927420525475401,0.5570038910505837,0.6062780963053376,0.5,0.6062780963053376,0.20225932090840507,0.6070038910505837,0.5000000724108409,1.0,6889,771
nslkdd,0.8,Probe,xgb,7,2,0.5,0.9982837528604119,0.444,0.5542837528604119,-0.04828375286041198,0.506,0.5542837528604119,0.5,0.5542837528604119,0.2217070938215103,0.556,0.5000000000015021,1.0,1748,250
nslkdd,0.8,R2L,xgb,7,2,0.5,0.9865771812080537,0.020202020202020204,0.9663751610060335,-0.036577181208053755,0.9297979797979797,0.9663751610060335,0.5,0.9663751610060335,0.003367003367003367,0.9797979797979798,0.5000000000025002,1.0,149,297
nslkdd,0.8,Normal,xgb,7,3,0.5,0.9991089991089991,0.9722222222222222,0.026886776886776875,-0.04910899910899913,-0.022222222222222254,0.04386941886941887,0.49991679191589355,0.04386941886941887,-0.0,0.02777777777777779,0.0,0.6128819934179592,10101,1008
nslkdd,0.8,DoS,xgb,7,3,0.5,0.999274205254754,0.35621761658031087,0.643056588674443,-0.04927420525475401,0.5937823834196891,0.643056588674443,0.5,0.643056588674443,0.16182834841457094,0.6437823834196892,0.5000000724108409,1.0,6889,772
nslkdd,0.8,Probe,xgb,7,3,0.5,0.9982837528604119,0.6024096385542169,0.395874114306195,-0.04828375286041198,0.34759036144578304,0.395874114306195,0.5,0.395874114306195,0.27145653552424803,0.3975903614457831,0.5000000000015001,1.0,1748,249
nslkdd,0.8,R2L,xgb,7,3,0.5,0.9865771812080537,0.016835016835016835,0.9697421643730368,-0.036577181208053755,0.9331649831649831,0.9697421643730368,0.5,0.9697421643730368,0.003367003367003367,0.9831649831649831,0.5000000000025002,1.0,149,297
nslkdd,0.8,Normal,xgb,7,4,0.5,0.9991089991089991,0.9742063492063492,0.024902649902649898,-0.04910899910899913,-0.02420634920634923,0.03147171897171897,0.49971190094947815,0.03147171897171897,0.00695063195063195,0.025793650793650813,0.0,0.7912707254734909,10101,1008
nslkdd,0.8,DoS,xgb,7,4,0.5,0.999274205254754,0.3476005188067445,0.6516736864480095,-0.04927420525475401,0.6023994811932555,0.6516736864480095,0.5,0.6516736864480095,0.15037864645963725,0.6523994811932555,0.5000000676377938,1.0,6889,771
nslkdd,0.8,Probe,xgb,7,4,0.5,0.9982837528604119,0.448,0.5502837528604119,-0.04828375286041198,0.502,0.5502837528604119,0.5,0.5502837528604119,0.2257070938215103,0.552,0.5000000000015847,1.0,1748,250
nslkdd,0.8,R2L,xgb,7,4,0.5,0.9865771812080537,0.013468013468013467,0.9731091677400402,-0.036577181208053755,0.9365319865319864,0.9731091677400402,0.5,0.9731091677400402,0.003367003367003367,0.9865319865319865,0.5000000000025002,1.0,149,297
nslkdd,0.8,Normal,xgb,7,5,0.5,0.9991089991089991,0.9722222222222222,0.026886776886776875,-0.04910899910899913,-0.022222222222222254,0.04922573672573672,0.4999818503856659,0.04922573672573672,-0.0,0.02777777777777779,0.0,0.5461934889177523,10101,1008
nslkdd,0.8,DoS,xgb,7,5,0.5,0.999274205254754,0.35019455252918286,0.6490796527255711,-0.04927420525475401,0.5998054474708171,0.6490796527255711,0.5,0.6490796527255711,0.15816074762695242,0.6498054474708171,0.5000000676377938,1.0,6889,771
nslkdd,0.8,Probe,xgb,7,5,0.5,0.9982837528604119,0.4738955823293173,0.5243881705310947,-0.04828375286041198,0.4761044176706827,0.5243881705310947,0.5,0.5243881705310947,0.26794362805914734,0.5261044176706827,0.5000000000015021,1.0,1748,249
nslkdd,0.8,R2L,xgb,7,5,0.5,0.9865771812080537,0.02364864864864865,0.962928532559405,-0.036577181208053755,0.9263513513513513,0.962928532559405,0.5,0.962928532559405,0.00680210411754036,0.9763513513513513,0.5000000000025002,1.0,149,296
nslkdd,0.8,Normal,xgb,7,6,0.5,0.9991089991089991,0.9732142857142857,0.025894713394713387,-0.04910899910899913,-0.023214285714285743,0.03831303831303831,0.4999818503856659,0.03831303831303831,0.0004001254001253999,0.0267857142857143,0.0,0.6758720930232557,10101,1008
nslkdd,0.8,DoS,xgb,7,6,0.5,0.999274205254754,0.35751295336787564,0.6417612518868783,-0.04927420525475401,0.5924870466321244,0.6417612518868783,0.5,0.6417612518868783,0.17348637950265383,0.6424870466321244,0.5000000676377938,1.0,6889,772
nslkdd,0.8,Probe,xgb,7,6,0.5,0.9982837528604119,0.5943775100401606,0.40390624282025134,-0.04828375286041198,0.35562248995983936,0.40390624282025134,0.5,0.40390624282025134,0.22727982869693875,0.4056224899598394,0.5000000000015001,1.0,1748,249
nslkdd,0.8,R2L,xgb,7,6,0.5,0.9865771812080537,0.020202020202020204,0.9663751610060335,-0.036577181208053755,0.9297979797979797,0.9663751610060335,0.5,0.9663751610060335,0.010101010101010102,0.9797979797979798,0.5000000000025002,1.0,149,297
nslkdd,0.8,Normal,xgb,7,7,0.5,0.9991089991089991,0.9623015873015873,0.03680741180741176,-0.04910899910899913,-0.012301587301587369,0.037005412005411964,0.8531824946403503,0.037005412005411964,0.00020212520212520204,0.037698412698412676,0.0,0.99464942592799,10101,1008
nslkdd,0.8,DoS,xgb,7,7,0.5,0.999274205254754,0.39248704663212436,0.6067871586226297,-0.04927420525475401,0.5575129533678755,0.6067871586226297,0.5,0.6067871586226297,0.1980977784663844,0.6075129533678756,0.5000000676377938,1.0,6889,772
nslkdd,0.8,Probe,xgb,7,7,0.5,0.9982837528604119,0.604,0.39428375286041195,-0.04828375286041198,0.346,0.39428375286041195,0.5,0.39428375286041195,0.23025171624713958,0.396,0.5000000000015001,1.0,1748,250
nslkdd,0.8,R2L,xgb,7,7,0.5,0.9865771812080537,0.006734006734006734,0.979843174474047,-0.036577181208053755,0.9432659932659933,0.979843174474047,0.5,0.979843174474047,-0.0,0.9932659932659933,0.5000000000025002,1.0,149,297
nslkdd,0.8,Normal,xgb,7,8,0.5,0.9991089991089991,0.9781746031746031,0.020934395934395944,-0.04910899910899913,-0.028174603174603186,0.03494084744084744,0.49991679191589355,0.03494084744084744,0.003376315876315876,0.02182539682539686,0.0,0.59913818546721,10101,1008
nslkdd,0.8,DoS,xgb,7,8,0.5,0.999274205254754,0.39197930142302717,0.6072949038317268,-0.04927420525475401,0.5580206985769728,0.6072949038317268,0.5,0.6072949038317268,0.1900660200927778,0.6080206985769728,0.500000048126545,1.0,6889,773
nslkdd,0.8,Probe,xgb,7,8,0.5,0.9982837528604119,0.5903614457831325,0.4079223070772794,-0.04828375286041198,0.3596385542168674,0.4079223070772794,0.5,0.4079223070772794,0.22326376443991064,0.40963855421686746,0.5000000000015001,1.0,1748,249
nslkdd,0.8,R2L,xgb,7,8,0.5,0.9865771812080537,0.020202020202020204,0.9663751610060335,-0.036577181208053755,0.9297979797979797,0.9663751610060335,0.5,0.9663751610060335,0.003367003367003367,0.9797979797979798,0.5000000000025002,1.0,149,297
nslkdd,0.8,Normal,xgb,7,9,0.5,0.9991089991089991,0.9751984126984127,0.02391058641058641,-0.04910899910899913,-0.02519841269841272,0.041885291885291887,0.49991679191589355,0.041885291885291887,0.002683315183315183,0.024801587301587324,0.0,0.5708587748670474,10101,1008
nslkdd,0.8,DoS,xgb,7,9,0.5,0.999274205254754,0.3536269430051813,0.6456472622495726,-0.04927420525475401,0.5963730569948187,0.6456472622495726,0.5,0.6456472622495726,0.1644190219897005,0.6463730569948187,0.5000000676377938,1.0,6889,772
nslkdd,0.8,Probe,xgb,7,9,0.5,0.9982837528604119,0.488,0.5102837528604119,-0.04828375286041198,0.46199999999999997,0.5102837528604119,0.5,0.5102837528604119,0.2737070938215103,0.512,0.5000000000015021,1.0,1748,250
nslkdd,0.8,R2L,xgb,7,9,0.5,0.9865771812080537,0.016835016835016835,0.9697421643730368,-0.036577181208053755,0.9331649831649831,0.9697421643730368,0.5,0.9697421643730368,-0.0,0.9831649831649831,0.5000000000025002,1.0,149,297
nslkdd,0.8,Normal,xgb,7,10,0.5,0.9991089991089991,0.9662698412698413,0.032839157839157807,-0.04910899910899913,-0.016269841269841323,0.03831303831303831,0.4999818503856659,0.03831303831303831,0.0004001254001253999,0.03373015873015872,0.0,0.857127476313522,10101,1008
nslkdd,0.8,DoS,xgb,7,10,0.5,0.999274205254754,0.36057068741893644,0.6387035178358176,-0.04927420525475401,0.5894293125810635,0.6387035178358176,0.5,0.6387035178358176,0.17242793310036356,0.6394293125810635,0.5000000676377938,1.0,6889,771
nslkdd,0.8,Probe,xgb,7,10,0.5,0.9982837528604119,0.5896414342629482,0.4086423185974637,-0.04828375286041198,0.3603585657370517,0.4086423185974637,0.5,0.4086423185974637,0.24913617839853397,0.41035856573705176,0.5000000000015001,1.0,1748,251
nslkdd,0.8,R2L,xgb,7,10,0.5,0.9865771812080537,0.006734006734006734,0.979843174474047,-0.036577181208053755,0.9432659932659933,0.979843174474047,0.5,0.979843174474047,-0.0,0.9932659932659933,0.5000000000025002,1.0,149,297
nslkdd,0.8,Normal,xgb,7,11,0.5,0.9991089991089991,0.9732142857142857,0.025894713394713387,-0.04910899910899913,-0.023214285714285743,0.03623403623403623,0.49963411688804626,0.03623403623403623,0.000998250998250998,0.0267857142857143,0.0,0.7146516393442621,10101,1008
nslkdd,0.8,DoS,xgb,7,11,0.5,0.999274205254754,0.4023285899094437,0.5969456153453103,-0.04927420525475401,0.5476714100905562,0.5969456153453103,0.5,0.5969456153453103,0.2055899528224026,0.5976714100905562,0.5000000676377938,1.0,6889,773
nslkdd,0.8,Probe,xgb,7,11,0.5,0.9982837528604119,0.452,0.5462837528604119,-0.04828375286041198,0.49799999999999994,0.5462837528604119,0.5,0.5462837528604119,0.22225171624713957,0.548,0.5000000000015021,1.0,1748,250
nslkdd,0.8,R2L,xgb,7,11,0.5,0.9865771812080537,0.026936026936026935,0.9596411542720268,-0.036577181208053755,0.923063973063973,0.9596411542720268,0.5,0.9596411542720268,0.006756604072040313,0.9730639730639731,0.5000000000025002,1.0,149,297
nslkdd,0.8,Normal,xgb,7,12,0.5,0.9991089991089991,0.9682539682539683,0.03085503085503083,-0.04910899910899913,-0.0182539682539683,0.03890910140910141,0.49991679191589355,0.03890910140910141,0.0009054384054384048,0.031746031746031744,0.0,0.7930029154518944,10101,1008
nslkdd,0.8,DoS,xgb,7,12,0.5,0.999274205254754,0.3942931258106355,0.6049810794441184,-0.04927420525475401,0.5557068741893645,0.6049810794441184,0.5,0.6049810794441184,0.19966528718596668,0.6057068741893645,0.5000000700243175,1.0,6889,771
nslkdd,0.8,Probe,xgb,7,12,0.5,0.9982837528604119,0.46,0.5382837528604119,-0.04828375286041198,0.48999999999999994,0.5382837528604119,0.5,0.5382837528604119,0.2417070938215103,0.54,0.5000000000015021,1.0,1748,250
nslkdd,0.8,R2L,xgb,7,12,0.5,0.9865771812080537,0.016835016835016835,0.9697421643730368,-0.036577181208053755,0.9331649831649831,0.9697421643730368,0.5,0.9697421643730368,-0.0,0.9831649831649831,0.5000000000025002,1.0,149,297
nslkdd,0.8,Normal,xgb,7,13,0.5,0.9991089991089991,0.9751984126984127,0.02391058641058641,-0.04910899910899913,-0.02519841269841272,0.0393051018051018,0.4999818503856659,0.0393051018051018,0.0018975018975018968,0.024801587301587324,0.0,0.6083328960486961,10101,1008
nslkdd,0.8,DoS,xgb,7,13,0.5,0.999274205254754,0.34067357512953367,0.6586006301252203,-0.04927420525475401,0.6093264248704663,0.6586006301252203,0.5,0.6586006301252203,0.1436936333886642,0.6593264248704663,0.500000069785665,1.0,6889,772
nslkdd,0.8,Probe,xgb,7,13,0.5,0.9982837528604119,0.4779116465863454,0.5203721062740665,-0.04828375286041198,0.47208835341365457,0.5203721062740665,0.5,0.5203721062740665,0.26679946329942195,0.5220883534136547,0.5000000000015923,1.0,1748,249
nslkdd,0.8,R2L,xgb,7,13,0.5,0.9865771812080537,0.02027027027027027,0.9663069109377834,-0.036577181208053755,0.9297297297297297,0.9663069109377834,0.5,0.9663069109377834,0.006756756756756757,0.9797297297297297,0.5000000000025002,1.0,149,296
nslkdd,0.8,Normal,xgb,7,14,0.5,0.9991089991089991,0.9761904761904762,0.02291852291852292,-0.04910899910899913,-0.02619047619047621,0.03097259347259347,0.49991679191589355,0.03097259347259347,-0.0,0.023809523809523836,0.0,0.7399613771059467,10101,1008
nslkdd,0.8,DoS,xgb,7,14,0.5,0.999274205254754,0.3906856403622251,0.6085885648925289,-0.04927420525475401,0.5593143596377749,0.6085885648925289,0.5,0.6085885648925289,0.19524066433598605,0.6093143596377749,0.5000000724108409,1.0,6889,773
nslkdd,0.8,Probe,xgb,7,14,0.5,0.9982837528604119,0.572,0.426283752860412,-0.04828375286041198,0.378,0.426283752860412,0.5,0.426283752860412,0.23025171624713958,0.42800000000000005,0.5000000000015001,1.0,1748,250
nslkdd,0.8,R2L,xgb,7,14,0.5,0.9865771812080537,0.016891891891891893,0.9696852893161618,-0.036577181208053755,0.9331081081081081,0.9696852893161618,0.5,0.9696852893161618,0.0033783783783783786,0.9831081081081081,0.5000000000025002,1.0,149,296
nslkdd,0.8,Normal,xgb,7,15,0.5,0.9991089991089991,0.9722222222222222,0.026886776886776875,-0.04910899910899913,-0.022222222222222254,0.02708477708477708,0.8531824946403503,0.02708477708477708,0.0018975018975018968,0.02777777777777779,0.0,0.9926896131586961,10101,1008
nslkdd,0.8,DoS,xgb,7,15,0.5,0.999274205254754,0.34025974025974026,0.6590144649950137,-0.04927420525475401,0.6097402597402597,0.6590144649950137,0.5,0.6590144649950137,0.150587516707418,0.6597402597402597,0.5000000724108409,1.0,6889,770
nslkdd,0.8,Probe,xgb,7,15,0.5,0.9982837528604119,0.444,0.5542837528604119,-0.04828375286041198,0.506,0.5542837528604119,0.5,0.5542837528604119,0.2137070938215103,0.556,0.5000000009619527,1.0,1748,250
nslkdd,0.8,R2L,xgb,7,15,0.5,0.9865771812080537,0.016835016835016835,0.9697421643730368,-0.036577181208053755,0.9331649831649831,0.9697421643730368,0.5,0.9697421643730368,0.006734006734006734,0.9831649831649831,0.5000000000025002,1.0,149,297
nslkdd,0.8,Normal,xgb,7,16,0.5,0.9991089991089991,0.9672619047619048,0.03184709434709432,-0.04910899910899913,-0.01726190476190481,0.04922573672573672,0.4999818503856659,0.04922573672573672,0.0004001254001253999,0.03273809523809523,0.0,0.6469602379855025,10101,1008
nslkdd,0.8,DoS,xgb,7,16,0.5,0.999274205254754,0.36998706338939197,0.629287141865362,-0.04927420525475401,0.5800129366106079,0.629287141865362,0.5,0.629287141865362,0.16936744311994467,0.630012936610608,0.5000000676377938,1.0,6889,773
nslkdd,0.8,Probe,xgb,7,16,0.5,0.9982837528604119,0.632,0.3662837528604119,-0.04828375286041198,0.31799999999999995,0.3662837528604119,0.5,0.3662837528604119,0.2462517162471396,0.368,0.5000000000015001,1.0,1748,250
nslkdd,0.8,R2L,xgb,7,16,0.5,0.9865771812080537,0.02702702702702703,0.9595501541810267,-0.036577181208053755,0.922972972972973,0.9595501541810267,0.5,0.9595501541810267,4.5347360783602915e-05,0.972972972972973,0.5000000000025002,1.0,149,296
nslkdd,0.8,Normal,xgb,7,17,0.5,0.9991089991089991,0.9682539682539683,0.03085503085503083,-0.04910899910899913,-0.0182539682539683,0.035932910932910934,0.49991679191589355,0.035932910932910934,0.001588126588126588,0.031746031746031744,0.0,0.8586844219951778,10101,1008
nslkdd,0.8,DoS,xgb,7,17,0.5,0.999274205254754,0.3911917098445596,0.6080824954101944,-0.04927420525475401,0.5588082901554403,0.6080824954101944,0.5,0.6080824954101944,0.20068845204151395,0.6088082901554404,0.5000000724108409,1.0,6889,772
nslkdd,0.8,Probe,xgb,7,17,0.5,0.9982837528604119,0.472,0.526283752860412,-0.04828375286041198,0.478,0.526283752860412,0.5,0.526283752860412,0.2497070938215103,0.528,0.5000000000015021,1.0,1748,250
nslkdd,0.8,R2L,xgb,7,17,0.5,0.9865771812080537,0.040268456375838924,0.9463087248322148,-0.036577181208053755,0.9097315436241611,0.9463087248322148,0.5,0.9463087248322148,0.003355704697986577,0.9597315436241611,0.5000000000025002,1.0,149,298
nslkdd,0.8,Normal,xgb,7,18,0.5,0.9991089991089991,0.9632936507936508,0.03581534831534827,-0.04910899910899913,-0.013293650793650857,0.036013348513348475,0.8531824946403503,0.036013348513348475,0.002683315183315183,0.03670634920634919,0.0,0.9945020331023422,10101,1008
nslkdd,0.8,DoS,xgb,7,18,0.5,0.999274205254754,0.35797665369649806,0.641297551558256,-0.04927420525475401,0.5920233463035018,0.641297551558256,0.5,0.641297551558256,0.15945776448817162,0.6420233463035019,0.5000000724108409,1.0,6889,771
nslkdd,0.8,Probe,xgb,7,18,0.5,0.9982837528604119,0.5823293172690763,0.4159544355913356,-0.04828375286041198,0.3676706827309236,0.4159544355913356,0.5,0.4159544355913356,0.26342440701019176,0.41767068273092367,0.5000000000015012,1.0,1748,249
nslkdd,0.8,R2L,xgb,7,18,0.5,0.9865771812080537,0.013422818791946308,0.9731543624161074,-0.036577181208053755,0.9365771812080537,0.9731543624161074,0.5,0.9731543624161074,0.006711409395973154,0.9865771812080537,0.5000000000025002,1.0,149,298
nslkdd,0.8,Normal,xgb,7,19,0.5,0.9991089991089991,0.9751984126984127,0.02391058641058641,-0.04910899910899913,-0.02519841269841272,0.04317848067848067,0.49963411688804626,0.04317848067848067,0.003675378675378675,0.024801587301587324,0.0,0.5537616431812754,10101,1008
nslkdd,0.8,DoS,xgb,7,19,0.5,0.999274205254754,0.3432642487046632,0.6560099565500908,-0.04927420525475401,0.6067357512953367,0.6560099565500908,0.5,0.6560099565500908,0.15017031732648803,0.6567357512953368,0.5000000676377938,1.0,6889,772
nslkdd,0.8,Probe,xgb,7,19,0.5,0.9982837528604119,0.604,0.39428375286041195,-0.04828375286041198,0.346,0.39428375286041195,0.5,0.39428375286041195,0.2422517162471396,0.396,0.5000000000015001,1.0,1748,250
nslkdd,0.8,R2L,xgb,7,19,0.5,0.9865771812080537,0.016835016835016835,0.9697421643730368,-0.036577181208053755,0.9331649831649831,0.9697421643730368,0.5,0.9697421643730368,0.003367003367003367,0.9831649831649831,0.5000000000025002,1.0,149,297
nslkdd,0.8,Normal,xgb,88,0,0.5,0.9991089991089991,0.9682539682539683,0.03085503085503083,-0.04910899910899913,-0.0182539682539683,0.031053031053031033,0.7784496545791626,0.031053031053031033,0.002683315183315183,0.031746031746031744,0.0,0.9936238044633366,10101,1008
nslkdd,0.8,DoS,xgb,88,0,0.5,0.9994193642038032,0.4183937823834197,0.5810255818203836,-0.04941936420380322,0.5316062176165803,0.5810255818203836,0.5,0.5810255818203836,0.2324912359344363,0.5816062176165804,0.5000000168225147,1.0,6889,772
nslkdd,0.8,Probe,xgb,88,0,0.5,0.9988558352402745,0.5542168674698795,0.444638967770395,-0.04885583524027459,0.39578313253012043,0.444638967770395,0.5,0.444638967770395,0.19746261935614312,0.4457831325301205,0.5000000025161295,1.0,1748,249
nslkdd,0.8,R2L,xgb,88,0,0.5,0.9731543624161074,0.016891891891891893,0.9562624705242155,-0.023154362416107466,0.9331081081081081,0.9629738799201887,0.7737768292427063,0.9629738799201887,-0.0,0.9831081081081081,0.5000000000025058,0.9930305384850839,149,296
nslkdd,0.8,Normal,xgb,88,1,0.5,0.9991089991089991,0.9692460317460317,0.02986296736296734,-0.04910899910899913,-0.01924603174603179,0.029961967461967443,0.7544910162687302,0.029961967461967443,0.000497062997062997,0.030753968253968256,0.0,0.996695807806154,10101,1008
nslkdd,0.8,DoS,xgb,88,1,0.5,0.9994193642038032,0.383916990920882,0.6155023732829212,-0.04941936420380322,0.566083009079118,0.6155023732829212,0.5,0.6155023732829212,0.19778763452855067,0.6160830090791181,0.5000000168225147,1.0,6889,771
nslkdd,0.8,Probe,xgb,88,1,0.5,0.9988558352402745,0.5887096774193549,0.4101461578209197,-0.04885583524027459,0.3612903225806451,0.4101461578209197,0.5,0.4101461578209197,0.2548534730936739,0.41129032258064513,0.5000000168235161,1.0,1748,248
nslkdd,0.8,R2L,xgb,88,1,0.5,0.9731543624161074,0.026936026936026935,0.9462183354800805,-0.023154362416107466,0.923063973063973,0.9562741509050234,0.9316113069653511,0.9562741509050234,-0.0,0.9730639730639731,0.5000000000025058,0.9894843801691952,149,297
nslkdd,0.8,Normal,xgb,88,2,0.5,0.9991089991089991,0.9593253968253969,0.039783602283602226,-0.04910899910899913,-0.009325396825396903,0.042867042867042876,0.49954211711883545,0.042867042867042876,0.000299062799062799,0.04067460317460314,0.0,0.928069668976134,10101,1008
nslkdd,0.8,DoS,xgb,88,2,0.5,0.9994193642038032,0.41245136186770426,0.5869680023360989,-0.04941936420380322,0.5375486381322957,0.5869680023360989,0.5,0.5869680023360989,0.219836921169277,0.5875486381322957,0.5000000168225147,1.0,6889,771
nslkdd,0.8,Probe,xgb,88,2,0.5,0.9988558352402745,0.388,0.6108558352402745,-0.04885583524027459,0.5619999999999999,0.6108558352402745,0.5,0.6108558352402745,0.17542334096109838,0.612,0.5000000168235161,1.0,1748,250
nslkdd,0.8,R2L,xgb,88,2,0.5,0.9731543624161074,0.013468013468013467,0.9596863489480939,-0.023154362416107466,0.9365319865319864,0.966397758344067,0.7737768292427063,0.966397758344067,-0.0,0.9865319865319865,0.5000000000025058,0.9930552307908151,149,297
nslkdd,0.8,Normal,xgb,88,3,0.5,0.9991089991089991,0.9722222222222222,0.026886776886776875,-0.04910899910899913,-0.022222222222222254,0.03889878889878891,0.49954211711883545,0.03889878889878891,0.000299062799062799,0.02777777777777779,0.0,0.6911983032873802,10101,1008
nslkdd,0.8,DoS,xgb,88,3,0.5,0.9994193642038032,0.36658031088082904,0.6328390533229742,-0.04941936420380322,0.583419689119171,0.6328390533229742,0.5,0.6328390533229742,0.172905743706457,0.633419689119171,0.5000000168225147,1.0,6889,772
nslkdd,0.8,Probe,xgb,88,3,0.5,0.9988558352402745,0.5261044176706827,0.4727514175695918,-0.04885583524027459,0.42389558232931723,0.4727514175695918,0.5,0.4727514175695918,0.19746261935614312,0.4738955823293173,0.5000000168235161,1.0,1748,249
nslkdd,0.8,R2L,xgb,88,3,0.5,0.9731543624161074,0.013468013468013467,0.9596863489480939,-0.023154362416107466,0.9365319865319864,0.966397758344067,0.7737768292427063,0.966397758344067,-0.0,0.9865319865319865,0.5000000000025058,0.9930552307908151,149,297
nslkdd,0.8,Normal,xgb,88,4,0.5,0.9991089991089991,0.9742063492063492,0.024902649902649898,-0.04910899910899913,-0.02420634920634923,0.026789839289839287,0.49999648332595825,0.026789839289839287,0.008547008547008546,0.025793650793650813,0.0,0.9295557779659711,10101,1008
nslkdd,0.8,DoS,xgb,88,4,0.5,0.9994193642038032,0.36964980544747084,0.6297695587563323,-0.04941936420380322,0.5803501945525291,0.6297695587563323,0.5,0.6297695587563323,0.17184729730416673,0.6303501945525292,0.5000000168225147,1.0,6889,771
nslkdd,0.8,Probe,xgb,88,4,0.5,0.9988558352402745,0.376,0.6228558352402745,-0.04885583524027459,0.574,0.6228558352402745,0.5,0.6228558352402745,0.1548512585812357,0.624,0.5000000168235161,1.0,1748,250
nslkdd,0.8,R2L,xgb,88,4,0.5,0.9731543624161074,0.010101010101010102,0.9630533523150974,-0.023154362416107466,0.9398989898989899,0.9697647617110705,0.7737768292427063,0.9697647617110705,-0.0,0.98989898989899,0.5000000000025058,0.9930793428871024,149,297
nslkdd,0.8,Normal,xgb,88,5,0.5,0.9991089991089991,0.9732142857142857,0.025894713394713387,-0.04910899910899913,-0.023214285714285743,0.0381047256047256,0.4995623230934143,0.0381047256047256,0.000992063492063492,0.0267857142857143,0.0,0.6795669824086602,10101,1008
nslkdd,0.8,DoS,xgb,88,5,0.5,0.9994193642038032,0.3761348897535668,0.6232844744502364,-0.04941936420380322,0.5738651102464332,0.6232844744502364,0.5,0.6232844744502364,0.1835204490551395,0.6238651102464332,0.5000000168225147,1.0,6889,771
nslkdd,0.8,Probe,xgb,88,5,0.5,0.9988558352402745,0.39759036144578314,0.6012654737944914,-0.04885583524027459,0.5524096385542168,0.6012654737944914,0.5,0.6012654737944914,0.19794280095209213,0.6024096385542168,0.5000000168235161,1.0,1748,249
nslkdd,0.8,R2L,xgb,88,5,0.5,0.9731543624161074,0.02027027027027027,0.9528840921458371,-0.023154362416107466,0.9297297297297297,0.9595955015418103,0.7737768292427063,0.9595955015418103,-0.0,0.9797297297297297,0.5000000000025058,0.9930060016067294,149,296
nslkdd,0.8,Normal,xgb,88,6,0.5,0.9991089991089991,0.9732142857142857,0.025894713394713387,-0.04910899910899913,-0.023214285714285743,0.029176154176154177,0.4995623230934143,0.029176154176154177,-0.0,0.0267857142857143,0.0,0.8875300438286439,10101,1008
nslkdd,0.8,DoS,xgb,88,6,0.5,0.9994193642038032,0.38341968911917096,0.6159996750846322,-0.04941936420380322,0.5665803108808289,0.6159996750846322,0.5,0.6159996750846322,0.2012579940838327,0.616580310880829,0.5000000168225147,1.0,6889,772
nslkdd,0.8,Probe,xgb,88,6,0.5,0.9988558352402745,0.5662650602409639,0.43259077499931065,-0.04885583524027459,0.38373493975903605,0.43259077499931065,0.5,0.43259077499931065,0.20147868361317123,0.4337349397590361,0.5000000168235161,1.0,1748,249
nslkdd,0.8,R2L,xgb,88,6,0.5,0.9731543624161074,0.013468013468013467,0.9596863489480939,-0.023154362416107466,0.9365319865319864,0.966397758344067,0.7737768292427063,0.966397758344067,-0.0,0.9865319865319865,0.5000000000025058,0.9930552307908151,149,297
nslkdd,0.8,Normal,xgb,88,7,0.5,0.9991089991089991,0.9623015873015873,0.03680741180741176,-0.04910899910899913,-0.012301587301587369,0.03690641190641186,0.7544910162687302,0.03690641190641186,0.0006971256971256971,0.037698412698412676,0.0,0.9973175366044483,10101,1008
nslkdd,0.8,DoS,xgb,88,7,0.5,0.9994193642038032,0.41580310880829013,0.5836162553955131,-0.04941936420380322,0.5341968911917099,0.5836162553955131,0.5,0.5836162553955131,0.22083320484635338,0.5841968911917099,0.5000000168225147,1.0,6889,772
nslkdd,0.8,Probe,xgb,88,7,0.5,0.9988558352402745,0.568,0.4308558352402746,-0.04885583524027459,0.382,0.4308558352402746,0.5,0.4308558352402746,0.20853089244851258,0.43200000000000005,0.5000000168235161,1.0,1748,250
nslkdd,0.8,R2L,xgb,88,7,0.5,0.9731543624161074,0.006734006734006734,0.9664203556821007,-0.023154362416107466,0.9432659932659933,0.9731317650780739,0.7737768292427063,0.9731317650780739,-0.0,0.9932659932659933,0.5000000000025058,0.9931032881292959,149,297
nslkdd,0.8,Normal,xgb,88,8,0.5,0.9991089991089991,0.9781746031746031,0.020934395934395944,-0.04910899910899913,-0.028174603174603186,0.028773966273966264,0.49999648332595825,0.028773966273966264,0.0016912516912516908,0.02182539682539686,0.0,0.727546412443553,10101,1008
nslkdd,0.8,DoS,xgb,88,8,0.5,0.9994193642038032,0.4217335058214748,0.5776858583823283,-0.04941936420380322,0.5282664941785251,0.5776858583823283,0.5,0.5776858583823283,0.21923958869502855,0.5782664941785252,0.5000000168225147,1.0,6889,773
nslkdd,0.8,Probe,xgb,88,8,0.5,0.9988558352402745,0.5502008032128514,0.4486550320274232,-0.04885583524027459,0.3997991967871486,0.4486550320274232,0.5,0.4486550320274232,0.18139836232803067,0.44979919678714864,0.5000000168235161,1.0,1748,249
nslkdd,0.8,R2L,xgb,88,8,0.5,0.9731543624161074,0.016835016835016835,0.9563193455810906,-0.023154362416107466,0.9331649831649831,0.9630307549770637,0.7737768292427063,0.9630307549770637,-0.0,0.9831649831649831,0.5000000000025058,0.9930309500903396,149,297
nslkdd,0.8,Normal,xgb,88,9,0.5,0.9991089991089991,0.9751984126984127,0.02391058641058641,-0.04910899910899913,-0.02519841269841272,0.03790672540672541,0.49954211711883545,0.03790672540672541,0.0006991881991881988,0.024801587301587324,0.0,0.6307742532237879,10101,1008
nslkdd,0.8,DoS,xgb,88,9,0.5,0.9994193642038032,0.3756476683937824,0.6237716958100208,-0.04941936420380322,0.5743523316062176,0.6237716958100208,0.5,0.6237716958100208,0.1858591115821047,0.6243523316062176,0.5000000168225147,1.0,6889,772
nslkdd,0.8,Probe,xgb,88,9,0.5,0.9988558352402745,0.4,0.5988558352402745,-0.04885583524027459,0.5499999999999999,0.5988558352402745,0.5,0.5988558352402745,0.1908512585812357,0.6,0.5000000168235161,1.0,1748,250
nslkdd,0.8,R2L,xgb,88,9,0.5,0.9731543624161074,0.016835016835016835,0.9563193455810906,-0.023154362416107466,0.9331649831649831,0.9630307549770637,0.7737768292427063,0.9630307549770637,-0.0,0.9831649831649831,0.5000000000025058,0.9930309500903396,149,297
nslkdd,0.8,Normal,xgb,88,10,0.5,0.9991089991089991,0.9662698412698413,0.032839157839157807,-0.04910899910899913,-0.016269841269841323,0.03293815793815791,0.7544910162687302,0.03293815793815791,0.001602564102564102,0.03373015873015872,0.0,0.9969943644333124,10101,1008
nslkdd,0.8,DoS,xgb,88,10,0.5,0.9994193642038032,0.38132295719844356,0.6180964070053596,-0.04941936420380322,0.5686770428015564,0.6180964070053596,0.5,0.6180964070053596,0.19389658394489306,0.6186770428015564,0.5000000168225147,1.0,6889,771
nslkdd,0.8,Probe,xgb,88,10,0.5,0.9988558352402745,0.5298804780876494,0.46897535715262517,-0.04885583524027459,0.4201195219123506,0.46897535715262517,0.5,0.46897535715262517,0.19560658965966796,0.4701195219123506,0.5000000168235161,1.0,1748,251
nslkdd,0.8,R2L,xgb,88,10,0.5,0.9731543624161074,0.006734006734006734,0.9664203556821007,-0.023154362416107466,0.9432659932659933,0.9764761711070437,0.9316113069653511,0.9764761711070437,-0.0,0.9932659932659933,0.5000000000025058,0.989701934647783,149,297
nslkdd,0.8,Normal,xgb,88,11,0.5,0.9991089991089991,0.9742063492063492,0.024902649902649898,-0.04910899910899913,-0.02420634920634923,0.025997838497838502,0.49990156292915344,0.025997838497838502,0.001602564102564102,0.025793650793650813,0.0,0.9578738595795316,10101,1008
nslkdd,0.8,DoS,xgb,88,11,0.5,0.9994193642038032,0.4230271668822768,0.5763921973215264,-0.04941936420380322,0.5269728331177231,0.5763921973215264,0.5,0.5763921973215264,0.2257078939990389,0.5769728331177232,0.5000000168225147,1.0,6889,773
nslkdd,0.8,Probe,xgb,88,11,0.5,0.9988558352402745,0.412,0.5868558352402746,-0.04885583524027459,0.538,0.5868558352402746,0.5,0.5868558352402746,0.1914233409610984,0.5880000000000001,0.5000000168235161,1.0,1748,250
nslkdd,0.8,R2L,xgb,88,11,0.5,0.9731543624161074,0.016835016835016835,0.9563193455810906,-0.023154362416107466,0.9331649831649831,0.9596637516100603,0.7737768292427063,0.9596637516100603,-0.0,0.9831649831649831,0.5000000000025058,0.9965150230761985,149,297
nslkdd,0.8,Normal,xgb,88,12,0.5,0.9991089991089991,0.9682539682539683,0.03085503085503083,-0.04910899910899913,-0.0182539682539683,0.033734283734283735,0.49999648332595825,0.033734283734283735,0.000596063096063096,0.031746031746031744,0.0,0.9146490584494978,10101,1008
nslkdd,0.8,DoS,xgb,88,12,0.5,0.9994193642038032,0.42282749675745784,0.5765918674463453,-0.04941936420380322,0.5271725032425421,0.5765918674463453,0.5,0.5765918674463453,0.22761902233659217,0.5771725032425421,0.5000000168225147,1.0,6889,771
nslkdd,0.8,Probe,xgb,88,12,0.5,0.9988558352402745,0.364,0.6348558352402746,-0.04885583524027459,0.586,0.6348558352402746,0.5,0.6348558352402746,0.1531395881006865,0.636,0.5000000168235161,1.0,1748,250
nslkdd,0.8,R2L,xgb,88,12,0.5,0.9731543624161074,0.016835016835016835,0.9563193455810906,-0.023154362416107466,0.9331649831649831,0.9663751610060335,0.9316113069653511,0.9663751610060335,-0.0,0.9831649831649831,0.5000000000025058,0.9895942943996259,149,297
nslkdd,0.8,Normal,xgb,88,13,0.5,0.9991089991089991,0.9761904761904762,0.02291852291852292,-0.04910899910899913,-0.02619047619047621,0.03175015675015675,0.49999648332595825,0.03175015675015675,0.004578754578754578,0.023809523809523836,0.0,0.7218396777965441,10101,1008
nslkdd,0.8,DoS,xgb,88,13,0.5,0.9994193642038032,0.3601036269430052,0.639315737260798,-0.04941936420380322,0.5898963730569948,0.639315737260798,0.5,0.639315737260798,0.16383838619350366,0.6398963730569949,0.5000000168225147,1.0,6889,772
nslkdd,0.8,Probe,xgb,88,13,0.5,0.9988558352402745,0.41767068273092367,0.5811851525093509,-0.04885583524027459,0.5323293172690763,0.5811851525093509,0.5,0.5811851525093509,0.21171872846075376,0.5823293172690763,0.5000000168235161,1.0,1748,249
nslkdd,0.8,R2L,xgb,88,13,0.5,0.9731543624161074,0.013513513513513514,0.9596408489025939,-0.023154362416107466,0.9364864864864865,0.9663522582985671,0.7737768292427063,0.9663522582985671,-0.0,0.9864864864864865,0.5000000000025058,0.9930549038010323,149,296
nslkdd,0.8,Normal,xgb,88,14,0.5,0.9991089991089991,0.9761904761904762,0.02291852291852292,-0.04910899910899913,-0.02619047619047621,0.023017523017523023,0.7544910162687302,0.023017523017523023,-0.0,0.023809523809523836,0.0,0.9956989247311827,10101,1008
nslkdd,0.8,DoS,xgb,88,14,0.5,0.9994193642038032,0.4178525226390686,0.5815668415647346,-0.04941936420380322,0.5321474773609314,0.5815668415647346,0.5,0.5815668415647346,0.2218269108166327,0.5821474773609314,0.5000000168225147,1.0,6889,773
nslkdd,0.8,Probe,xgb,88,14,0.5,0.9988558352402745,0.524,0.4748558352402745,-0.04885583524027459,0.42599999999999993,0.4748558352402745,0.5,0.4748558352402745,0.1805308924485126,0.476,0.5000000168235161,1.0,1748,250
nslkdd,0.8,R2L,xgb,88,14,0.5,0.9731543624161074,0.013513513513513514,0.9596408489025939,-0.023154362416107466,0.9364864864864865,0.9663522582985671,0.7737768292427063,0.9663522582985671,-0.0,0.9864864864864865,0.5000000000025058,0.9930549038010323,149,296
nslkdd,0.8,Normal,xgb,88,15,0.5,0.9991089991089991,0.9722222222222222,0.026886776886776875,-0.04910899910899913,-0.022222222222222254,0.02708477708477708,0.7784496545791626,0.02708477708477708,0.0033598158598158595,0.02777777777777779,0.0,0.9926896131586961,10101,1008
nslkdd,0.8,DoS,xgb,88,15,0.5,0.9994193642038032,0.36103896103896105,0.6383804031648421,-0.04941936420380322,0.5889610389610389,0.6383804031648421,0.5,0.6383804031648421,0.17078610169044195,0.638961038961039,0.5000000168225147,1.0,6889,770
nslkdd,0.8,Probe,xgb,88,15,0.5,0.9988558352402745,0.396,0.6028558352402745,-0.04885583524027459,0.5539999999999999,0.6028558352402745,0.5,0.6028558352402745,0.17942334096109838,0.604,0.5000000168235161,1.0,1748,250
nslkdd,0.8,R2L,xgb,88,15,0.5,0.9731543624161074,0.013468013468013467,0.9596863489480939,-0.023154362416107466,0.9365319865319864,0.9697421643730368,0.9316113069653511,0.9697421643730368,-0.0,0.9865319865319865,0.5000000000025058,0.9896304236379736,149,297
nslkdd,0.8,Normal,xgb,88,16,0.5,0.9991089991089991,0.9672619047619048,0.03184709434709432,-0.04910899910899913,-0.01726190476190481,0.03790466290466291,0.4996698796749115,0.03790466290466291,-0.0,0.03273809523809523,0.0,0.8401893568396986,10101,1008
nslkdd,0.8,DoS,xgb,88,16,0.5,0.9994193642038032,0.3868046571798189,0.6126147070239842,-0.04941936420380322,0.563195342820181,0.6126147070239842,0.5,0.6126147070239842,0.18689806217497681,0.6131953428201811,0.5000000168225147,1.0,6889,773
nslkdd,0.8,Probe,xgb,88,16,0.5,0.9988558352402745,0.588,0.4108558352402746,-0.04885583524027459,0.362,0.4108558352402746,0.5,0.4108558352402746,0.20053089244851258,0.41200000000000003,0.5000000000016038,1.0,1748,250
nslkdd,0.8,R2L,xgb,88,16,0.5,0.9731543624161074,0.02702702702702703,0.9461273353890804,-0.023154362416107466,0.922972972972973,0.9528387447850535,0.7737768292427063,0.9528387447850535,-0.0,0.972972972972973,0.5000000000025058,0.9929564058633163,149,296
nslkdd,0.8,Normal,xgb,88,17,0.5,0.9991089991089991,0.9682539682539683,0.03085503085503083,-0.04910899910899913,-0.0182539682539683,0.03116028116028116,0.4995623230934143,0.03116028116028116,0.001588126588126588,0.031746031746031744,0.0,0.9902038655017201,10101,1008
nslkdd,0.8,DoS,xgb,88,17,0.5,0.9994193642038032,0.41580310880829013,0.5836162553955131,-0.04941936420380322,0.5341968911917099,0.5836162553955131,0.5,0.5836162553955131,0.22990056235930675,0.5841968911917099,0.5000000168225147,1.0,6889,772
nslkdd,0.8,Probe,xgb,88,17,0.5,0.9988558352402745,0.404,0.5948558352402745,-0.04885583524027459,0.5459999999999999,0.5948558352402745,0.5,0.5948558352402745,0.1891395881006865,0.596,0.5000000168235161,1.0,1748,250
nslkdd,0.8,R2L,xgb,88,17,0.5,0.9731543624161074,0.03691275167785235,0.9362416107382551,-0.023154362416107466,0.9130872483221476,0.9429530201342282,0.7737768292427063,0.9429530201342282,-0.0,0.9630872483221476,0.5000000000025058,0.9928825622775801,149,298
nslkdd,0.8,Normal,xgb,88,18,0.5,0.9991089991089991,0.9632936507936508,0.03581534831534827,-0.04910899910899913,-0.013293650793650857,0.036013348513348475,0.7784496545791626,0.036013348513348475,0.001489126489126489,0.03670634920634919,0.0,0.9945020331023422,10101,1008
nslkdd,0.8,DoS,xgb,88,18,0.5,0.9994193642038032,0.3852140077821012,0.614205356421702,-0.04941936420380322,0.5647859922178988,0.614205356421702,0.5,0.614205356421702,0.1861144827775779,0.6147859922178989,0.5000000168225147,1.0,6889,771
nslkdd,0.8,Probe,xgb,88,18,0.5,0.9988558352402745,0.5100401606425703,0.48881567459770425,-0.04885583524027459,0.43995983935742966,0.48881567459770425,0.5,0.48881567459770425,0.18943049084208688,0.4899598393574297,0.5000000000015983,1.0,1748,249
nslkdd,0.8,R2L,xgb,88,18,0.5,0.9731543624161074,0.006711409395973154,0.9664429530201343,-0.023154362416107466,0.9432885906040268,0.9731543624161074,0.7737768292427063,0.9731543624161074,-0.0,0.9932885906040269,0.5000000000025058,0.993103448275862,149,298
nslkdd,0.8,Normal,xgb,88,19,0.5,0.9991089991089991,0.9751984126984127,0.02391058641058641,-0.04910899910899913,-0.02519841269841272,0.0377025377025377,0.49999648332595825,0.0377025377025377,0.002683315183315183,0.024801587301587324,0.0,0.6341903719912473,10101,1008
nslkdd,0.8,DoS,xgb,88,19,0.5,0.9994193642038032,0.36528497409326427,0.634134390110539,-0.04941936420380322,0.5847150259067357,0.634134390110539,0.5,0.634134390110539,0.172905743706457,0.6347150259067358,0.5000000168225147,1.0,6889,772
nslkdd,0.8,Probe,xgb,88,19,0.5,0.9988558352402745,0.56,0.4388558352402745,-0.04885583524027459,0.3899999999999999,0.4388558352402745,0.5,0.4388558352402745,0.1965308924485126,0.43999999999999995,0.5000000000015983,1.0,1748,250
nslkdd,0.8,R2L,xgb,88,19,0.5,0.9731543624161074,0.013468013468013467,0.9596863489480939,-0.023154362416107466,0.9365319865319864,0.966397758344067,0.7737768292427063,0.966397758344067,-0.0,0.9865319865319865,0.5000000000025058,0.9930552307908151,149,297
nslkdd,0.8,Normal,xgb,91,0,0.5,0.9991089991089991,0.9682539682539683,0.03085503085503083,-0.04910899910899913,-0.0182539682539683,0.03841410091410091,0.49977853894233704,0.03841410091410091,0.003477378477378477,0.031746031746031744,0.0,0.8032214765100665,10101,1008
nslkdd,0.8,DoS,xgb,91,0,0.5,0.9994193642038032,0.4119170984455959,0.5875022657582073,-0.04941936420380322,0.5380829015544041,0.5875022657582073,0.5,0.5875022657582073,0.22484218665034067,0.5880829015544041,0.5000000081495739,1.0,6889,772
nslkdd,0.8,Probe,xgb,91,0,0.5,0.9988558352402745,0.6024096385542169,0.39644619668605763,-0.04885583524027459,0.34759036144578304,0.39644619668605763,0.5,0.39644619668605763,0.2513991894350859,0.3975903614457831,0.5000000081505767,1.0,1748,249
nslkdd,0.8,R2L,xgb,91,0,0.5,0.9798657718120806,0.013513513513513514,0.9663522582985671,-0.02986577181208061,0.9364864864864865,0.9663522582985671,0.5,0.9663522582985671,-0.0,0.9864864864864865,0.5000000000025002,1.0,149,296
nslkdd,0.8,Normal,xgb,91,1,0.5,0.9991089991089991,0.9692460317460317,0.02986296736296734,-0.04910899910899913,-0.01924603174603179,0.030279592779592773,0.49972888827323914,0.030279592779592773,0.001192126192126192,0.030753968253968256,0.0,0.98624071929705,10101,1008
nslkdd,0.8,DoS,xgb,91,1,0.5,0.9994193642038032,0.3748378728923476,0.6245814913114556,-0.04941936420380322,0.5751621271076524,0.6245814913114556,0.5,0.6245814913114556,0.18753783122739895,0.6251621271076524,0.5000000081495739,1.0,6889,771
nslkdd,0.8,Probe,xgb,91,1,0.5,0.9988558352402745,0.6451612903225806,0.3536945449176939,-0.04885583524027459,0.30483870967741933,0.3536945449176939,0.5,0.3536945449176939,0.3067007455525208,0.3548387096774194,0.5000000081505767,1.0,1748,248
nslkdd,0.8,R2L,xgb,91,1,0.5,0.9798657718120806,0.02356902356902357,0.956296748243057,-0.02986577181208061,0.9264309764309764,0.956296748243057,0.5,0.956296748243057,-0.0,0.9764309764309764,0.5000000000025002,1.0,149,297
nslkdd,0.8,Normal,xgb,91,2,0.5,0.9991089991089991,0.9593253968253969,0.039783602283602226,-0.04910899910899913,-0.009325396825396903,0.04327335577335577,0.4999340772628784,0.04327335577335577,-0.0,0.04067460317460314,0.0,0.9193556074543623,10101,1008
nslkdd,0.8,DoS,xgb,91,2,0.5,0.9994193642038032,0.39948119325551235,0.5999381709482908,-0.04941936420380322,0.5505188067444876,0.5999381709482908,0.5,0.5999381709482908,0.2031020335620293,0.6005188067444877,0.5000000081495739,1.0,6889,771
nslkdd,0.8,Probe,xgb,91,2,0.5,0.9988558352402745,0.464,0.5348558352402746,-0.04885583524027459,0.48599999999999993,0.5348558352402746,0.5,0.5348558352402746,0.2457070938215103,0.536,0.5000000081505767,1.0,1748,250
nslkdd,0.8,R2L,xgb,91,2,0.5,0.9798657718120806,0.013468013468013467,0.966397758344067,-0.02986577181208061,0.9365319865319864,0.966397758344067,0.5,0.966397758344067,-0.0,0.9865319865319865,0.5000000000025002,1.0,149,297
nslkdd,0.8,Normal,xgb,91,3,0.5,0.9991089991089991,0.9732142857142857,0.025894713394713387,-0.04910899910899913,-0.023214285714285743,0.04139029139029139,0.49977853894233704,0.04139029139029139,0.001194188694188694,0.0267857142857143,0.0,0.625622882200518,10101,1008
nslkdd,0.8,DoS,xgb,91,3,0.5,0.9994193642038032,0.3601036269430052,0.639315737260798,-0.04941936420380322,0.5898963730569948,0.639315737260798,0.5,0.639315737260798,0.16266602084723186,0.6398963730569949,0.5000000081495739,1.0,6889,772
nslkdd,0.8,Probe,xgb,91,3,0.5,0.9988558352402745,0.6024096385542169,0.39644619668605763,-0.04885583524027459,0.34759036144578304,0.39644619668605763,0.5,0.39644619668605763,0.27376784023967726,0.3975903614457831,0.5000000081505767,1.0,1748,249
nslkdd,0.8,R2L,xgb,91,3,0.5,0.9798657718120806,0.020202020202020204,0.9596637516100603,-0.02986577181208061,0.9297979797979797,0.9596637516100603,0.5,0.9596637516100603,0.003367003367003367,0.9797979797979798,0.5000000000025002,1.0,149,297
nslkdd,0.8,Normal,xgb,91,4,0.5,0.9991089991089991,0.9742063492063492,0.024902649902649898,-0.04910899910899913,-0.02420634920634923,0.030776655776655774,0.49956777691841125,0.030776655776655774,0.004778817278817278,0.025793650793650813,0.0,0.8091408658356788,10101,1008
nslkdd,0.8,DoS,xgb,91,4,0.5,0.9994193642038032,0.36057068741893644,0.6388486767848667,-0.04941936420380322,0.5894293125810635,0.6388486767848667,0.5,0.6388486767848667,0.15900346028057663,0.6394293125810635,0.5000000081495739,1.0,6889,771
nslkdd,0.8,Probe,xgb,91,4,0.5,0.9988558352402745,0.464,0.5348558352402746,-0.04885583524027459,0.48599999999999993,0.5348558352402746,0.5,0.5348558352402746,0.2417070938215103,0.536,0.5000000112940342,1.0,1748,250
nslkdd,0.8,R2L,xgb,91,4,0.5,0.9798657718120806,0.013468013468013467,0.966397758344067,-0.02986577181208061,0.9365319865319864,0.9697421643730368,0.9508887231349945,0.9697421643730368,-0.0,0.9865319865319865,0.5000000000025002,0.9965512420189215,149,297
nslkdd,0.8,Normal,xgb,91,5,0.5,0.9991089991089991,0.9722222222222222,0.026886776886776875,-0.04910899910899913,-0.022222222222222254,0.04823367323367323,0.4999340772628784,0.04823367323367323,-0.0,0.02777777777777779,0.0,0.5574275207389034,10101,1008
nslkdd,0.8,DoS,xgb,91,5,0.5,0.9994193642038032,0.3657587548638132,0.6336606093399899,-0.04941936420380322,0.5842412451361867,0.6336606093399899,0.5,0.6336606093399899,0.1693795951703302,0.6342412451361867,0.5000000081495739,1.0,6889,771
nslkdd,0.8,Probe,xgb,91,5,0.5,0.9988558352402745,0.4738955823293173,0.5249602529109573,-0.04885583524027459,0.4761044176706827,0.5249602529109573,0.5,0.5249602529109573,0.26975177598264916,0.5261044176706827,0.5000000081505767,1.0,1748,249
nslkdd,0.8,R2L,xgb,91,5,0.5,0.9798657718120806,0.02027027027027027,0.9595955015418103,-0.02986577181208061,0.9297297297297297,0.9595955015418103,0.5,0.9595955015418103,-0.0,0.9797297297297297,0.5000000000025002,1.0,149,296
nslkdd,0.8,Normal,xgb,91,6,0.5,0.9991089991089991,0.9732142857142857,0.025894713394713387,-0.04910899910899913,-0.023214285714285743,0.031966719466719466,0.49964654445648193,0.031966719466719466,0.000893063393063393,0.0267857142857143,0.0,0.8100522614362214,10101,1008
nslkdd,0.8,DoS,xgb,91,6,0.5,0.9994193642038032,0.36787564766839376,0.6315437165354094,-0.04941936420380322,0.5821243523316062,0.6315437165354094,0.5,0.6315437165354094,0.1808007358731386,0.6321243523316062,0.5000000081495739,1.0,6889,772
nslkdd,0.8,Probe,xgb,91,6,0.5,0.9988558352402745,0.6024096385542169,0.39644619668605763,-0.04885583524027459,0.34759036144578304,0.39644619668605763,0.5,0.39644619668605763,0.24163932618345235,0.3975903614457831,0.5000000081505767,1.0,1748,249
nslkdd,0.8,R2L,xgb,91,6,0.5,0.9798657718120806,0.016835016835016835,0.9630307549770637,-0.02986577181208061,0.9331649831649831,0.9630307549770637,0.5,0.9630307549770637,0.003367003367003367,0.9831649831649831,0.5000000000025002,1.0,149,297
nslkdd,0.8,Normal,xgb,91,7,0.5,0.9991089991089991,0.9623015873015873,0.03680741180741176,-0.04910899910899913,-0.012301587301587369,0.037005412005411964,0.834135465323925,0.037005412005411964,0.0013942513942513941,0.037698412698412676,0.0,0.99464942592799,10101,1008
nslkdd,0.8,DoS,xgb,91,7,0.5,0.9994193642038032,0.405440414507772,0.5939789496960312,-0.04941936420380322,0.5445595854922279,0.5939789496960312,0.5,0.5939789496960312,0.21059348198712824,0.594559585492228,0.5000000081495739,1.0,6889,772
nslkdd,0.8,Probe,xgb,91,7,0.5,0.9988558352402745,0.612,0.38685583524027456,-0.04885583524027459,0.33799999999999997,0.38685583524027456,0.5,0.38685583524027456,0.25253089244851257,0.388,0.5000000081505767,1.0,1748,250
nslkdd,0.8,R2L,xgb,91,7,0.5,0.9798657718120806,0.006734006734006734,0.9731317650780739,-0.02986577181208061,0.9432659932659933,0.9731317650780739,0.5,0.9731317650780739,-0.0,0.9932659932659933,0.5000000000025002,1.0,149,297
nslkdd,0.8,Normal,xgb,91,8,0.5,0.9991089991089991,0.9781746031746031,0.020934395934395944,-0.04910899910899913,-0.028174603174603186,0.031669719169719175,0.4995301067829132,0.031669719169719175,0.002184189684189684,0.02182539682539686,0.0,0.6610224682513841,10101,1008
nslkdd,0.8,DoS,xgb,91,8,0.5,0.9994193642038032,0.4049159120310479,0.5945034521727552,-0.04941936420380322,0.545084087968952,0.5945034521727552,0.5,0.5945034521727552,0.19995429277076512,0.5950840879689521,0.5000000081495739,1.0,6889,773
nslkdd,0.8,Probe,xgb,91,8,0.5,0.9988558352402745,0.5983935742971888,0.4004622609430858,-0.04885583524027459,0.3516064257028112,0.4004622609430858,0.5,0.4004622609430858,0.22155900489831176,0.40160642570281124,0.5000000081505767,1.0,1748,249
nslkdd,0.8,R2L,xgb,91,8,0.5,0.9798657718120806,0.016835016835016835,0.9630307549770637,-0.02986577181208061,0.9331649831649831,0.9630307549770637,0.5,0.9630307549770637,-0.0,0.9831649831649831,0.5000000000025002,1.0,149,297
nslkdd,0.8,Normal,xgb,91,9,0.5,0.9991089991089991,0.9751984126984127,0.02391058641058641,-0.04910899910899913,-0.02519841269841272,0.045855608355608354,0.49964654445648193,0.045855608355608354,0.0014932514932514932,0.024801587301587324,0.0,0.521432105428867,10101,1008
nslkdd,0.8,DoS,xgb,91,9,0.5,0.9994193642038032,0.36658031088082904,0.6328390533229742,-0.04941936420380322,0.583419689119171,0.6328390533229742,0.5,0.6328390533229742,0.17547422977383031,0.633419689119171,0.5000000081495739,1.0,6889,772
nslkdd,0.8,Probe,xgb,91,9,0.5,0.9988558352402745,0.508,0.49085583524027454,-0.04885583524027459,0.44199999999999995,0.49085583524027454,0.5,0.49085583524027454,0.28570709382151027,0.492,0.5000000081505767,1.0,1748,250
nslkdd,0.8,R2L,xgb,91,9,0.5,0.9798657718120806,0.016835016835016835,0.9630307549770637,-0.02986577181208061,0.9331649831649831,0.9630307549770637,0.5,0.9630307549770637,-0.0,0.9831649831649831,0.5000000000025002,1.0,149,297
nslkdd,0.8,Normal,xgb,91,10,0.5,0.9991089991089991,0.9672619047619048,0.03184709434709432,-0.04910899910899913,-0.01726190476190481,0.03236065736065736,0.4999340772628784,0.03236065736065736,0.0027946902946902937,0.03273809523809523,0.0,0.984130019120458,10101,1008
nslkdd,0.8,DoS,xgb,91,10,0.5,0.9994193642038032,0.3670557717250324,0.6323635924787707,-0.04941936420380322,0.5829442282749675,0.6323635924787707,0.5,0.6323635924787707,0.17586467947642617,0.6329442282749675,0.5000000081495739,1.0,6889,771
nslkdd,0.8,Probe,xgb,91,10,0.5,0.9988558352402745,0.5776892430278885,0.42116659221238606,-0.04885583524027459,0.37231075697211147,0.42116659221238606,0.5,0.42116659221238606,0.23943129085488707,0.4223107569721115,0.5000000000015055,1.0,1748,251
nslkdd,0.8,R2L,xgb,91,10,0.5,0.9798657718120806,0.006734006734006734,0.9731317650780739,-0.02986577181208061,0.9432659932659933,0.9731317650780739,0.5,0.9731317650780739,-0.0,0.9932659932659933,0.5000000000025002,1.0,149,297
nslkdd,0.8,Normal,xgb,91,11,0.5,0.9991089991089991,0.9732142857142857,0.025894713394713387,-0.04910899910899913,-0.023214285714285743,0.03831303831303831,0.4999340772628784,0.03831303831303831,-0.0,0.0267857142857143,0.0,0.6758720930232557,10101,1008
nslkdd,0.8,DoS,xgb,91,11,0.5,0.9994193642038032,0.4152652005174644,0.5841541636863388,-0.04941936420380322,0.5347347994825355,0.5841541636863388,0.5,0.5841541636863388,0.2141845644395879,0.5847347994825356,0.5000000081495739,1.0,6889,773
nslkdd,0.8,Probe,xgb,91,11,0.5,0.9988558352402745,0.488,0.5108558352402746,-0.04885583524027459,0.46199999999999997,0.5108558352402746,0.5,0.5108558352402746,0.26342334096109843,0.512,0.5000000081505767,1.0,1748,250
nslkdd,0.8,R2L,xgb,91,11,0.5,0.9798657718120806,0.02356902356902357,0.956296748243057,-0.02986577181208061,0.9264309764309764,0.956296748243057,0.5,0.956296748243057,0.003367003367003367,0.9764309764309764,0.5000000000025002,1.0,149,297
nslkdd,0.8,Normal,xgb,91,12,0.5,0.9991089991089991,0.9682539682539683,0.03085503085503083,-0.04910899910899913,-0.0182539682539683,0.037320974820974816,0.4999340772628784,0.037320974820974816,0.0008105633105633097,0.031746031746031744,0.0,0.8267477203647411,10101,1008
nslkdd,0.8,DoS,xgb,91,12,0.5,0.9994193642038032,0.4098573281452659,0.5895620360585373,-0.04941936420380322,0.5401426718547341,0.5895620360585373,0.5,0.5895620360585373,0.21218115159056367,0.5901426718547341,0.5000000081495739,1.0,6889,771
nslkdd,0.8,Probe,xgb,91,12,0.5,0.9988558352402745,0.468,0.5308558352402746,-0.04885583524027459,0.48199999999999993,0.5308558352402746,0.5,0.5308558352402746,0.2497070938215103,0.532,0.5000000081505767,1.0,1748,250
nslkdd,0.8,R2L,xgb,91,12,0.5,0.9798657718120806,0.016835016835016835,0.9630307549770637,-0.02986577181208061,0.9331649831649831,0.9663751610060335,0.9508887231349945,0.9663751610060335,-0.0,0.9831649831649831,0.5000000000025002,0.9965392260025722,149,297
nslkdd,0.8,Normal,xgb,91,13,0.5,0.9991089991089991,0.9751984126984127,0.02391058641058641,-0.04910899910899913,-0.02519841269841272,0.037721100221100215,0.49956777691841125,0.037721100221100215,0.0037867537867537857,0.024801587301587324,0.0,0.6338782874952158,10101,1008
nslkdd,0.8,DoS,xgb,91,13,0.5,0.9994193642038032,0.3484455958549223,0.6509737683488809,-0.04941936420380322,0.6015544041450777,0.6509737683488809,0.5,0.6509737683488809,0.14841731618401943,0.6515544041450777,0.5000000081495739,1.0,6889,772
nslkdd,0.8,Probe,xgb,91,13,0.5,0.9988558352402745,0.4779116465863454,0.5209441886539292,-0.04885583524027459,0.47208835341365457,0.5209441886539292,0.5,0.5209441886539292,0.2617196474685929,0.5220883534136547,0.5000000081505767,1.0,1748,249
nslkdd,0.8,R2L,xgb,91,13,0.5,0.9798657718120806,0.013513513513513514,0.9663522582985671,-0.02986577181208061,0.9364864864864865,0.9663522582985671,0.5,0.9663522582985671,-0.0,0.9864864864864865,0.5000000000025002,1.0,149,296
nslkdd,0.8,Normal,xgb,91,14,0.5,0.9991089991089991,0.9761904761904762,0.02291852291852292,-0.04910899910899913,-0.02619047619047621,0.02938446688446688,0.4999340772628784,0.02938446688446688,-0.0,0.023809523809523836,0.0,0.7799536744577809,10101,1008
nslkdd,0.8,DoS,xgb,91,14,0.5,0.9994193642038032,0.4023285899094437,0.5970907742943594,-0.04941936420380322,0.5476714100905562,0.5970907742943594,0.5,0.5970907742943594,0.2051289370139734,0.5976714100905562,0.5000000081495739,1.0,6889,773
nslkdd,0.8,Probe,xgb,91,14,0.5,0.9988558352402745,0.596,0.4028558352402746,-0.04885583524027459,0.354,0.4028558352402746,0.5,0.4028558352402746,0.24853089244851256,0.404,0.5000000081505767,1.0,1748,250
nslkdd,0.8,R2L,xgb,91,14,0.5,0.9798657718120806,0.013513513513513514,0.9663522582985671,-0.02986577181208061,0.9364864864864865,0.9663522582985671,0.5,0.9663522582985671,-0.0,0.9864864864864865,0.5000000000025002,1.0,149,296
nslkdd,0.8,Normal,xgb,91,15,0.5,0.9991089991089991,0.9732142857142857,0.025894713394713387,-0.04910899910899913,-0.023214285714285743,0.02609271359271359,0.834135465323925,0.02609271359271359,0.00577088077088077,0.0267857142857143,0.0,0.9924116670618921,10101,1008
nslkdd,0.8,DoS,xgb,91,15,0.5,0.9994193642038032,0.35584415584415585,0.6435752083596473,-0.04941936420380322,0.5941558441558441,0.6435752083596473,0.5,0.6435752083596473,0.1644222956605015,0.6441558441558441,0.5000000081495739,1.0,6889,770
nslkdd,0.8,Probe,xgb,91,15,0.5,0.9988558352402745,0.46,0.5388558352402746,-0.04885583524027459,0.48999999999999994,0.5388558352402746,0.5,0.5388558352402746,0.23370709382151028,0.54,0.5000000081505767,1.0,1748,250
nslkdd,0.8,R2L,xgb,91,15,0.5,0.9798657718120806,0.010101010101010102,0.9697647617110705,-0.02986577181208061,0.9398989898989899,0.9697647617110705,0.5,0.9697647617110705,-0.0,0.98989898989899,0.5000000000025002,1.0,149,297
nslkdd,0.8,Normal,xgb,91,16,0.5,0.9991089991089991,0.9682539682539683,0.03085503085503083,-0.04910899910899913,-0.0182539682539683,0.04426541926541926,0.4999340772628784,0.04426541926541926,0.0008105633105633097,0.031746031746031744,0.0,0.6970459416643364,10101,1008
nslkdd,0.8,DoS,xgb,91,16,0.5,0.9994193642038032,0.37645536869340235,0.6229639955104008,-0.04941936420380322,0.5735446313065976,0.6229639955104008,0.5,0.6229639955104008,0.17278741049392166,0.6235446313065977,0.5000000081495739,1.0,6889,773
nslkdd,0.8,Probe,xgb,91,16,0.5,0.9988558352402745,0.66,0.3388558352402745,-0.04885583524027459,0.2899999999999999,0.3388558352402745,0.5,0.3388558352402745,0.2645308924485126,0.33999999999999997,0.5000000081505767,1.0,1748,250
nslkdd,0.8,R2L,xgb,91,16,0.5,0.9798657718120806,0.02364864864864865,0.9562171231634319,-0.02986577181208061,0.9263513513513513,0.9562171231634319,0.5,0.9562171231634319,-0.0,0.9763513513513513,0.5000000000025002,1.0,149,296
nslkdd,0.8,Normal,xgb,91,17,0.5,0.9991089991089991,0.9682539682539683,0.03085503085503083,-0.04910899910899913,-0.0182539682539683,0.03791910041910042,0.49964654445648193,0.03791910041910042,0.001194188694188694,0.031746031746031744,0.0,0.8137068262170241,10101,1008
nslkdd,0.8,DoS,xgb,91,17,0.5,0.9994193642038032,0.4028497409326425,0.5965696232711607,-0.04941936420380322,0.5471502590673575,0.5965696232711607,0.5,0.5965696232711607,0.20670747162443395,0.5971502590673575,0.5000000081495739,1.0,6889,772
nslkdd,0.8,Probe,xgb,91,17,0.5,0.9988558352402745,0.456,0.5428558352402746,-0.04885583524027459,0.49399999999999994,0.5428558352402746,0.5,0.5428558352402746,0.22970709382151028,0.544,0.5000000081505767,1.0,1748,250
nslkdd,0.8,R2L,xgb,91,17,0.5,0.9798657718120806,0.03691275167785235,0.9429530201342282,-0.02986577181208061,0.9130872483221476,0.9429530201342282,0.5,0.9429530201342282,-0.0,0.9630872483221476,0.5000000000025002,1.0,149,298
nslkdd,0.8,Normal,xgb,91,18,0.5,0.9991089991089991,0.9632936507936508,0.03581534831534827,-0.04910899910899913,-0.013293650793650857,0.036013348513348475,0.834135465323925,0.036013348513348475,0.002485314985314985,0.03670634920634919,0.0,0.9945020331023422,10101,1008
nslkdd,0.8,DoS,xgb,91,18,0.5,0.9994193642038032,0.37094682230869,0.6284725418951131,-0.04941936420380322,0.5790531776913099,0.6284725418951131,0.5,0.6284725418951131,0.1706766120315494,0.62905317769131,0.5000000081495739,1.0,6889,771
nslkdd,0.8,Probe,xgb,91,18,0.5,0.9988558352402745,0.6024096385542169,0.39644619668605763,-0.04885583524027459,0.34759036144578304,0.39644619668605763,0.5,0.39644619668605763,0.2817999687537335,0.3975903614457831,0.5000000081505767,1.0,1748,249
nslkdd,0.8,R2L,xgb,91,18,0.5,0.9798657718120806,0.006711409395973154,0.9731543624161074,-0.02986577181208061,0.9432885906040268,0.9731543624161074,0.5,0.9731543624161074,-0.0,0.9932885906040269,0.5000000000025002,1.0,149,298
nslkdd,0.8,Normal,xgb,91,19,0.5,0.9991089991089991,0.9751984126984127,0.02391058641058641,-0.04910899910899913,-0.02519841269841272,0.040297165297165295,0.4999340772628784,0.040297165297165295,0.0014932514932514932,0.024801587301587324,0.0,0.5933565359811649,10101,1008
nslkdd,0.8,DoS,xgb,91,19,0.5,0.9994193642038032,0.3536269430051813,0.6457924211986219,-0.04941936420380322,0.5963730569948187,0.6457924211986219,0.5,0.6457924211986219,0.1574846736969728,0.6463730569948187,0.5000000081495739,1.0,6889,772
nslkdd,0.8,Probe,xgb,91,19,0.5,0.9988558352402745,0.616,0.38285583524027456,-0.04885583524027459,0.33399999999999996,0.38285583524027456,0.5,0.38285583524027456,0.2542425629290618,0.384,0.5000000057408021,1.0,1748,250
nslkdd,0.8,R2L,xgb,91,19,0.5,0.9798657718120806,0.013468013468013467,0.966397758344067,-0.02986577181208061,0.9365319865319864,0.966397758344067,0.5,0.966397758344067,0.003367003367003367,0.9865319865319865,0.5000000000025002,1.0,149,297
ugr16,,background,mlp,12345,0,0.5,0.9851333333333333,0.986395,-0.0012616666666667165,-0.03513333333333335,-0.036395000000000066,0.0936983333333333,0.43207118062482547,0.0936983333333333,0.0013366666666666527,0.013604999999999978,0.0,0.013465198598339176,30000,200000
ugr16,,dos,mlp,12345,0,0.5,1.0,1.0,0.0,-0.050000000000000044,-0.050000000000000044,0.019273333333333337,0.4868835417659823,0.0062333333333333685,0.019273333333333337,0.0,0.0,0.0,7500,50000
ugr16,,nerisbotnet,mlp,12345,0,0.8779262653936123,0.9757333333333333,0.9709,0.004833333333333356,-0.025733333333333386,-0.02090000000000003,0.10525999999999996,0.4994534665833854,0.10525999999999996,0.00021333333333328763,0.029100000000000015,0.0,0.04591804420799314,7500,50000
ugr16,,scan11,mlp,12345,0,0.7969351195663257,0.9626666666666667,0.68778,0.2748866666666667,-0.012666666666666715,0.26222,0.3076266666666667,0.7941027457325225,0.3076266666666667,0.008113333333333334,0.31222000000000005,0.1889213012739881,0.8935722954230236,7500,50000
ugr16,,scan44,mlp,12345,0,0.8491840440184912,0.9606666666666667,0.85938,0.10128666666666664,-0.010666666666666713,0.09061999999999992,0.14138666666666666,0.8354799614649717,0.14138666666666666,2e-05,0.14061999999999997,0.08958654001468591,0.7163806110901545,7500,50000
ugr16,,background,mlp,1337,0,0.5,0.9853333333333333,0.98726,-0.0019266666666667431,-0.03533333333333333,-0.03726000000000007,0.09371500000000002,0.4815431111026785,0.09371500000000002,0.0020566666666665956,0.012739999999999974,0.0,0.0205587863913647,30000,200000
ugr16,,dos,mlp,1337,0,0.5,1.0,1.0,0.0,-0.050000000000000044,-0.050000000000000044,0.009093333333333342,0.49796097817876595,0.009093333333333342,0.008860000000000003,0.0,0.0,0.0,7500,50000
ugr16,,nerisbotnet,mlp,1337,0,0.8801746935251361,0.9673333333333334,0.95762,0.009713333333333352,-0.017333333333333423,-0.007620000000000071,0.10464666666666661,0.4993462874975098,0.10464666666666661,0.00011333333333329865,0.04237999999999997,0.0,0.09282028413072584,7500,50000
ugr16,,scan11,mlp,1337,0,0.8476696906375214,0.9733333333333334,0.78396,0.1893733333333334,-0.023333333333333428,0.16603999999999997,0.35222,0.7639392327776342,0.35222,0.00025333333333332764,0.21604,0.13692676467783949,0.5376563889992999,7500,50000
ugr16,,scan44,mlp,1337,0,0.8105846924133329,0.9517333333333333,0.82956,0.12217333333333336,-0.0017333333333333645,0.12043999999999999,0.1241066666666667,0.8076579317082018,0.1241066666666667,0.027613333333333323,0.17044000000000004,0.14551487403505592,0.984422002578427,7500,50000
ugr16,,background,mlp,2024,0,0.5,0.9816666666666667,0.985675,-0.0040083333333332805,-0.03166666666666673,-0.03567500000000001,0.09112166666666668,0.48215482173265967,0.09112166666666668,0.0040083333333332805,0.014325000000000032,0.0,0.043988806174893785,30000,200000
ugr16,,dos,mlp,2024,0,0.5,1.0,1.0,0.0,-0.050000000000000044,-0.050000000000000044,0.01972000000000001,0.4809997164447475,0.01972000000000001,0.00436666666666663,0.0,0.0,0.0,7500,50000
ugr16,,nerisbotnet,mlp,2024,0,0.8800024717366267,0.9724,0.96534,0.007060000000000066,-0.022400000000000087,-0.01534000000000002,0.10714666666666672,0.49928749860504246,0.10714666666666672,0.0004933333333333456,0.034660000000000024,0.0,0.06589099054255906,7500,50000
ugr16,,scan11,mlp,2024,0,0.8172677288826316,0.9504,0.64054,0.30986,-0.00040000000000006697,0.30945999999999996,0.3185933333333334,0.7914897351900132,0.3185933333333334,0.00010666666666669933,0.35946,0.16883336993655418,0.9725878340203812,7500,50000
ugr16,,scan44,mlp,2024,0,0.8410454771595807,0.9550666666666666,0.90036,0.05470666666666657,-0.005066666666666664,0.049639999999999906,0.10794666666666675,0.8137917240081998,0.10794666666666675,0.027613333333333333,0.09963999999999995,0.0038935872403613736,0.5067934782608683,7500,50000
ugr16,,background,mlp,3407,0,0.5,0.9862666666666666,0.98784,-0.0015733333333334265,-0.03626666666666667,-0.037840000000000096,0.08927166666666667,0.4044242527929037,0.08927166666666667,0.0016049999999999676,0.012159999999999949,0.0,0.017624106192708697,30000,200000
ugr16,,dos,mlp,3407,0,0.5,1.0,1.0,0.0,-0.050000000000000044,-0.050000000000000044,0.02012,0.4989279124945748,0.02012,0.004493333333333333,0.0,0.0,0.0,7500,50000
ugr16,,nerisbotnet,mlp,3407,0,0.8752006420545746,0.9756,0.96772,0.007879999999999998,-0.025600000000000067,-0.01772000000000007,0.10935333333333336,0.49922680412371134,0.10935333333333336,5.3333333333349664e-05,0.032279999999999975,0.0,0.07205998902639758,7500,50000
ugr16,,scan11,mlp,3407,0,0.8270118724341802,0.9545333333333333,0.7248,0.22973333333333334,-0.004533333333333389,0.22519999999999996,0.3088133333333333,0.7971180456559958,0.3088133333333333,0.0028400000000000005,0.2752,0.12682833104890656,0.7439229739648549,7500,50000
ugr16,,scan44,mlp,3407,0,0.8913600667660515,0.9625333333333334,0.88248,0.08005333333333331,-0.012533333333333396,0.06751999999999991,0.1563,0.827739160790739,0.1563,0.024553333333333316,0.11751999999999996,0.04101206790250611,0.512177436553636,7500,50000
ugr16,,background,mlp,42,0,0.5,0.9865666666666667,0.987005,-0.00043833333333331836,-0.03656666666666675,-0.037005000000000066,0.09164666666666668,0.47257479579489936,0.09164666666666668,0.0005249999999999977,0.012994999999999979,0.0,0.004782861715283171,30000,200000
ugr16,,dos,mlp,42,0,0.5,1.0,1.0,0.0,-0.050000000000000044,-0.050000000000000044,0.014879999999999999,0.48483914047557086,0.01038,0.014879999999999999,0.0,0.0,0.0,7500,50000
ugr16,,nerisbotnet,mlp,42,0,0.8838636949014445,0.9593333333333334,0.9556,0.0037333333333333663,-0.009333333333333416,-0.005600000000000049,0.10452,0.4993946731234867,0.10452,0.0007333333333333332,0.044399999999999995,0.0,0.035718841688991254,7500,50000
ugr16,,scan11,mlp,42,0,0.8017131306037282,0.9541333333333334,0.7239,0.2302333333333334,-0.004133333333333433,0.22609999999999997,0.2727866666666666,0.787331054792308,0.2727866666666666,0.03423999999999999,0.2761,0.1839111912071617,0.8440050833374069,7500,50000
ugr16,,scan44,mlp,42,0,0.8540157401419973,0.9502666666666667,0.8376,0.11266666666666669,-0.0002666666666667483,0.11239999999999994,0.12770000000000004,0.8088964003682427,0.12770000000000004,2e-05,0.1624,0.11177979568652396,0.8822761681023231,7500,50000
ugr16,,background,mlp,512,0,0.5,0.987,0.987615,-0.0006150000000000322,-0.03700000000000003,-0.037615000000000065,0.09251666666666666,0.39298083583468024,0.09251666666666666,0.0006300000000000194,0.01238499999999998,0.0,0.00664745090974634,30000,200000
ugr16,,dos,mlp,512,0,0.5,1.0,0.99988,0.00012000000000000899,-0.050000000000000044,-0.049880000000000035,0.018320000000000003,0.49555470707257704,0.018320000000000003,0.013000000000000012,0.00012000000000000899,0.0,0.006550218340611843,7500,50000
ugr16,,nerisbotnet,mlp,512,0,0.8740051441094092,0.9734666666666667,0.9677,0.005766666666666698,-0.023466666666666747,-0.01770000000000005,0.10197333333333336,0.8172826652785007,0.10197333333333336,0.0009866666666666665,0.032299999999999995,0.0,0.056550732217573514,7500,50000
ugr16,,scan11,mlp,512,0,0.8119348672024289,0.9524,0.57492,0.37748000000000004,-0.0024000000000000687,0.37507999999999997,0.38648000000000005,0.8135420974460087,0.38648000000000005,0.00346,0.42508,0.1743025298771017,0.97671289588077,7500,50000
ugr16,,scan44,mlp,512,0,0.8502521812453185,0.9569333333333333,0.83076,0.12617333333333325,-0.006933333333333347,0.1192399999999999,0.14191333333333334,0.8499640542655097,0.14191333333333334,0.051820000000000005,0.16923999999999995,0.14666167730389978,0.8890872363414284,7500,50000
ugr16,,background,mlp,6021,0,0.49986666518684786,0.9654333333333334,0.955765,0.00966833333333339,-0.01543333333333341,-0.00576500000000002,0.09021333333333334,0.422231349387375,0.09021333333333334,0.0010350000000000081,0.044235000000000024,0.0,0.10717188885604555,30000,200000
ugr16,,dos,mlp,6021,0,0.5,1.0,1.0,0.0,-0.050000000000000044,-0.050000000000000044,0.02006000000000001,0.4981440612956616,0.02006000000000001,0.008440000000000003,0.0,0.0,0.0,7500,50000
ugr16,,nerisbotnet,mlp,6021,0,0.8782620480951472,0.9513333333333334,0.93648,0.014853333333333385,-0.0013333333333334085,0.013519999999999976,0.10819333333333336,0.4993410806277705,0.10819333333333336,0.0007866666666667133,0.06352000000000002,0.0012385025891008539,0.13728510690738846,7500,50000
ugr16,,scan11,mlp,6021,0,0.8224334972830804,0.9501333333333334,0.57442,0.37571333333333334,-0.00013333333333342967,0.3755799999999999,0.38337999999999994,0.8606209422405707,0.38337999999999994,6.666666666665932e-05,0.42557999999999996,0.16364450413044007,0.9800024344862366,7500,50000
ugr16,,scan44,mlp,6021,0,0.8341353604835606,0.9610666666666666,0.86568,0.09538666666666662,-0.011066666666666669,0.08431999999999995,0.13885333333333327,0.8203762134872177,0.13885333333333327,0.0001866666666666683,0.13432,0.10982768554568201,0.6869598617246014,7500,50000
ugr16,,background,mlp,7,0,0.5,0.9865333333333334,0.987835,-0.0013016666666666454,-0.03653333333333342,-0.03783500000000006,0.09395666666666666,0.4267056472148984,0.09395666666666666,0.001443333333333352,0.012164999999999981,0.0,0.013853904282115644,30000,200000
ugr16,,dos,mlp,7,0,0.5,1.0,1.0,0.0,-0.050000000000000044,-0.050000000000000044,0.010313333333333332,0.48294260986471726,0.010113333333333363,0.010313333333333332,0.0,0.0,0.0,7500,50000
ugr16,,nerisbotnet,mlp,7,0,0.8726619711740287,0.9762666666666666,0.96962,0.006646666666666579,-0.02626666666666666,-0.019620000000000082,0.10235333333333341,0.8157978080657061,0.10235333333333341,0.0003666666666666666,0.030379999999999963,0.0,0.06493844851169062,7500,50000
ugr16,,scan11,mlp,7,0,0.7836071335558514,0.9501333333333334,0.6186,0.33153333333333335,-0.00013333333333342967,0.3313999999999999,0.33892,0.7825767703105199,0.33892,0.030939999999999995,0.38139999999999996,0.19309272627211493,0.9782052795153232,7500,50000
ugr16,,scan44,mlp,7,0,0.8248193254664526,0.9530666666666666,0.82626,0.12680666666666662,-0.003066666666666662,0.12373999999999996,0.13036666666666663,0.8242782851252748,0.13036666666666663,-0.0,0.17374,0.17067190613200012,0.9726924060342623,7500,50000
ugr16,,background,mlp,88,0,0.5,0.9879,0.98913,-0.0012299999999999534,-0.037900000000000045,-0.03913,0.09356333333333333,0.466279968531643,0.09356333333333333,0.0012750000000000261,0.010870000000000046,0.0,0.013146175496098401,30000,200000
ugr16,,dos,mlp,88,0,0.5,0.9997333333333334,1.0,-0.0002666666666666373,-0.04973333333333341,-0.050000000000000044,0.01278,0.48818236375613155,0.01278,0.004233333333333333,0.0,0.0,0.020865936358891807,7500,50000
ugr16,,nerisbotnet,mlp,88,0,0.885985438409981,0.9518666666666666,0.94054,0.011326666666666596,-0.0018666666666666831,0.009459999999999913,0.10326000000000002,0.7587247743345024,0.10326000000000002,0.0005066666666666553,0.05945999999999996,0.00034494301215926004,0.10969074827296721,7500,50000
ugr16,,scan11,mlp,88,0,0.7731828179138818,0.9518666666666666,0.56268,0.3891866666666667,-0.0018666666666666831,0.38732,0.39147333333333334,0.7822178362301633,0.39147333333333334,0.0004666666666667263,0.43732000000000004,0.20947591847151392,0.9941588188212054,7500,50000
ugr16,,scan44,mlp,88,0,0.8655047850205702,0.9588,0.86472,0.09407999999999994,-0.00880000000000003,0.08527999999999991,0.16033333333333333,0.8568361840309222,0.16033333333333333,0.029079999999999995,0.13527999999999996,0.10951425433235862,0.5867775467775465,7500,50000
ugr16,,background,mlp,91,0,0.5,0.9842,0.986075,-0.001875000000000071,-0.03420000000000001,-0.03607500000000008,0.09142833333333333,0.40768760848944435,0.09142833333333333,0.0019100000000000783,0.013924999999999965,0.0,0.020507865905901573,30000,200000
ugr16,,dos,mlp,91,0,0.5,1.0,1.0,0.0,-0.050000000000000044,-0.050000000000000044,0.015766666666666665,0.49264431013495275,0.015766666666666665,0.007186666666666666,0.0,0.0,0.0,7500,50000
ugr16,,nerisbotnet,mlp,91,0,0.8828544617020478,0.9584,0.94928,0.009120000000000017,-0.008400000000000074,0.0007199999999999429,0.10376666666666667,0.5,0.10376666666666667,0.00034666666666666656,0.05071999999999999,0.0005034518905719931,0.08788949566334742,7500,50000
ugr16,,scan11,mlp,91,0,0.8131245983106415,0.9513333333333334,0.72558,0.22575333333333336,-0.0013333333333334085,0.22441999999999995,0.29190666666666665,0.726993214964298,0.29190666666666665,0.018886666666666663,0.27442,0.16763691813627968,0.773375051386288,7500,50000
ugr16,,scan44,mlp,91,0,0.8191049155616201,0.9501333333333334,0.83456,0.11557333333333342,-0.00013333333333342967,0.11543999999999999,0.12190666666666661,0.8517643309555313,0.12190666666666661,0.023486666666666656,0.16544000000000003,0.1737774372723705,0.9480476867548956,7500,50000
ugr16,,background,rf,12345,0,0.5,0.9955,0.99758,-0.0020799999999999708,-0.045500000000000096,-0.04758000000000007,0.05821333333333334,0.4999128628957277,0.05821333333333334,0.006494999999999997,0.0024199999999999777,0.0,0.03573064590013692,30000,200000
ugr16,,dos,rf,12345,0,0.5,1.0,1.0,0.0,-0.050000000000000044,-0.050000000000000044,0.0032733333333333347,0.4998263888888889,0.0032733333333333347,0.00286,0.0,0.0,0.0,7500,50000
ugr16,,nerisbotnet,rf,12345,0,0.5,0.9921333333333333,0.98874,0.0033933333333333593,-0.042133333333333356,-0.03874,0.07933999999999997,0.49566724436741766,0.003406666666666669,0.07933999999999997,0.011260000000000048,0.0,0.04276951516679305,7500,50000
ugr16,,scan11,rf,12345,0,0.5,0.9972,0.39226,0.60494,-0.04720000000000002,0.5577399999999999,0.60494,0.5,0.60494,0.0010733333333333333,0.60774,0.49980962202192214,1.0,7500,50000
ugr16,,scan44,rf,12345,0,0.5,0.9966666666666667,0.7367,0.2599666666666667,-0.046666666666666745,0.21329999999999993,0.26004000000000005,0.8137269712427869,0.26004000000000005,0.13787999999999997,0.2633,0.5,0.9997179921037788,7500,50000
ugr16,,background,rf,1337,0,0.5,0.9946333333333334,0.99696,-0.002326666666666588,-0.044633333333333414,-0.04696,0.06661333333333336,0.4998522896218561,0.06661333333333336,0.005581666666666665,0.0030400000000000427,0.0,0.03492794235388191,30000,200000
ugr16,,dos,rf,1337,0,0.5,1.0,1.0,0.0,-0.050000000000000044,-0.050000000000000044,0.004786666666666668,0.4990925589836661,0.004786666666666668,0.0035800000000000003,0.0,0.0,0.0,7500,50000
ugr16,,nerisbotnet,rf,1337,0,0.5,0.9928,0.98964,0.0031600000000000517,-0.04280000000000006,-0.03964000000000001,0.08485999999999999,0.49789841452170996,0.003466666666666729,0.08485999999999999,0.010360000000000036,0.0,0.0372378034409622,7500,50000
ugr16,,scan11,rf,1337,0,0.5,0.9973333333333333,0.39284,0.6044933333333333,-0.04733333333333334,0.5571599999999999,0.6046,0.7548732648213556,0.6046,0.006313333333333334,0.6071599999999999,0.49975344135119293,0.9998235748153048,7500,50000
ugr16,,scan44,rf,1337,0,0.5,0.996,0.73588,0.26012,-0.04600000000000004,0.21411999999999998,0.26050666666666666,0.7902912621359222,0.26050666666666666,0.14304666666666666,0.26412,0.5,0.9985157129695977,7500,50000
ugr16,,background,rf,2024,0,0.5,0.9954666666666667,0.99745,-0.001983333333333226,-0.045466666666666766,-0.04744999999999999,0.046131666666666654,0.4968487008597545,0.046131666666666654,0.004953333333333334,0.0025500000000000522,0.0,0.04299288269084634,30000,200000
ugr16,,dos,rf,2024,0,0.5,1.0,1.0,0.0,-0.050000000000000044,-0.050000000000000044,0.005913333333333333,0.4979035639412998,0.005913333333333333,0.0036866666666666667,0.0,0.0,0.0,7500,50000
ugr16,,nerisbotnet,rf,2024,0,0.5,0.9918666666666667,0.98846,0.003406666666666669,-0.04186666666666672,-0.03846000000000005,0.07789333333333331,0.49668104227807675,0.003406666666666669,0.07789333333333331,0.011539999999999995,0.0,0.043735022252653244,7500,50000
ugr16,,scan11,rf,2024,0,0.5,0.9966666666666667,0.3927,0.6039666666666668,-0.046666666666666745,0.5572999999999999,0.6039666666666668,0.5,0.6039666666666668,0.0024000000000000002,0.6073,0.49983321859467067,1.0,7500,50000
ugr16,,scan44,rf,2024,0,0.5,0.9965333333333334,0.736,0.2605333333333334,-0.046533333333333426,0.21399999999999997,0.26073999999999997,0.7638864155211074,0.26073999999999997,0.11034666666666668,0.264,0.5,0.999207384111887,7500,50000
ugr16,,background,rf,3407,0,0.5,0.9955,0.997235,-0.001734999999999931,-0.045500000000000096,-0.04723500000000003,0.03559499999999999,0.4984682150169355,0.03559499999999999,0.0043900000000000015,0.0027650000000000174,0.0,0.04874280095518842,30000,200000
ugr16,,dos,rf,3407,0,0.5,1.0,1.0,0.0,-0.050000000000000044,-0.050000000000000044,0.006833333333333334,0.4985141158989599,0.006833333333333334,0.0033333333333333335,0.0,0.0,0.0,7500,50000
ugr16,,nerisbotnet,rf,3407,0,0.5,0.992,0.9887,0.0032999999999999696,-0.04200000000000004,-0.03870000000000007,0.08472666666666662,0.4962686567164179,0.003486666666666749,0.08472666666666662,0.011299999999999977,0.0,0.03894877645762811,7500,50000
ugr16,,scan11,rf,3407,0,0.5,0.9974666666666666,0.39322,0.6042466666666666,-0.04746666666666666,0.5567799999999999,0.60438,0.5758183558954346,0.60438,0.0019400000000000003,0.60678,0.4998014392811575,0.9997793882435994,7500,50000
ugr16,,scan44,rf,3407,0,0.5,0.9965333333333334,0.73632,0.2602133333333334,-0.046533333333333426,0.21367999999999998,0.2602133333333334,0.5,0.2602133333333334,0.10568666666666666,0.26368,0.5,1.0,7500,50000
ugr16,,background,rf,42,0,0.5,0.9951333333333333,0.997135,-0.0020016666666666794,-0.04513333333333336,-0.04713500000000004,0.076965,0.49970987885323265,0.076965,0.006513333333333333,0.0028650000000000064,0.0,0.02600749258320898,30000,200000
ugr16,,dos,rf,42,0,0.5,1.0,1.0,0.0,-0.050000000000000044,-0.050000000000000044,0.0028133333333333335,0.4959016393442623,0.0012799999999999999,0.0028133333333333335,0.0,0.0,0.0,7500,50000
ugr16,,nerisbotnet,rf,42,0,0.5,0.9925333333333334,0.98932,0.0032133333333334013,-0.04253333333333342,-0.03932000000000002,0.09301999999999999,0.4958678811147871,0.003346666666666609,0.09301999999999999,0.010680000000000023,0.0,0.0345445423923178,7500,50000
ugr16,,scan11,rf,42,0,0.5,0.9968,0.39258,0.60422,-0.046800000000000064,0.55742,0.6043666666666667,0.7580814809620644,0.6043666666666667,0.0016533333333333335,0.6074200000000001,0.4998017068641064,0.9997573217141911,7500,50000
ugr16,,scan44,rf,42,0,0.5,0.9965333333333334,0.73624,0.2602933333333334,-0.046533333333333426,0.21375999999999995,0.2602933333333334,0.5,0.2602933333333334,0.14431333333333335,0.26376,0.5,1.0,7500,50000
ugr16,,background,rf,512,0,0.5,0.9952,0.99714,-0.0019400000000000528,-0.04520000000000002,-0.04714000000000007,0.03549166666666667,0.49937645098967215,0.03549166666666667,0.006623333333333332,0.0028599999999999737,0.0,0.05466071847851756,30000,200000
ugr16,,dos,rf,512,0,0.5,1.0,1.0,0.0,-0.050000000000000044,-0.050000000000000044,0.0035133333333333336,0.49819819819819816,0.0,0.0035133333333333336,0.0,0.0,0.0,7500,50000
ugr16,,nerisbotnet,rf,512,0,0.5,0.9921333333333333,0.9891,0.0030333333333333323,-0.042133333333333356,-0.039100000000000024,0.07926666666666671,0.49818650252269703,0.0035133333333333683,0.07926666666666671,0.01090000000000002,0.0,0.03826745164003361,7500,50000
ugr16,,scan11,rf,512,0,0.5,0.9961333333333333,0.3907,0.6054333333333333,-0.04613333333333336,0.5592999999999999,0.6054333333333333,0.5,0.6054333333333333,0.00034,0.6093,0.499786384361974,1.0,7500,50000
ugr16,,scan44,rf,512,0,0.5,0.9972,0.7373,0.2599,-0.04720000000000002,0.2127,0.2599,0.5,0.2599,0.14562,0.26270000000000004,0.5,1.0,7500,50000
ugr16,,background,rf,6021,0,0.5,0.9951,0.997115,-0.002014999999999989,-0.04510000000000003,-0.04711500000000002,0.067685,0.49987593052109186,0.067685,0.008018333333333336,0.0028850000000000264,0.0,0.02977025928935494,30000,200000
ugr16,,dos,rf,6021,0,0.5,1.0,1.0,0.0,-0.050000000000000044,-0.050000000000000044,0.00244,0.49539160645222113,0.0015000000000000013,0.00244,0.0,0.0,0.0,7500,50000
ugr16,,nerisbotnet,rf,6021,0,0.5,0.9924,0.9891,0.0032999999999999696,-0.04239999999999999,-0.039100000000000024,0.08524666666666669,0.49914751726475076,0.0034399999999999986,0.08524666666666669,0.01090000000000002,0.0,0.03871119105341325,7500,50000
ugr16,,scan11,rf,6021,0,0.5,0.9976,0.39148,0.60612,-0.04760000000000009,0.5585199999999999,0.6063666666666667,0.7551652445098973,0.6063666666666667,7.999999999999999e-05,0.60852,0.4998731535071006,0.9995932054312571,7500,50000
ugr16,,scan44,rf,6021,0,0.5,0.9972,0.73602,0.26117999999999997,-0.04720000000000002,0.21397999999999995,0.26117999999999997,0.5,0.26117999999999997,0.10697333333333331,0.26398,0.49987082095367497,1.0,7500,50000
ugr16,,background,rf,7,0,0.5,0.9951333333333333,0.997345,-0.002211666666666723,-0.04513333333333336,-0.04734500000000008,0.05736666666666668,0.49987635984938233,0.05736666666666668,0.006183333333333336,0.002654999999999963,0.0,0.03855316676351056,30000,200000
ugr16,,dos,rf,7,0,0.5,1.0,1.0,0.0,-0.050000000000000044,-0.050000000000000044,0.0060799999999999995,0.4992144661349442,0.004326666666666668,0.0060799999999999995,0.0,0.0,0.0,7500,50000
ugr16,,nerisbotnet,rf,7,0,0.5,0.9926666666666667,0.9893,0.00336666666666674,-0.04266666666666674,-0.0393,0.08142666666666665,0.4993322985845354,0.0036000000000000476,0.08142666666666665,0.010700000000000043,0.0,0.04134599639757746,7500,50000
ugr16,,scan11,rf,7,0,0.5,0.9965333333333334,0.39104,0.6054933333333334,-0.046533333333333426,0.5589599999999999,0.6054933333333334,0.5,0.6054933333333334,0.00052,0.60896,0.4998063914903955,1.0,7500,50000
ugr16,,scan44,rf,7,0,0.5,0.9962666666666666,0.73694,0.2593266666666666,-0.04626666666666668,0.21305999999999992,0.25958000000000003,0.7797389475748623,0.25958000000000003,0.13141999999999998,0.26305999999999996,0.5,0.9990240645144717,7500,50000
ugr16,,background,rf,88,0,0.5,0.9953666666666666,0.99719,-0.001823333333333399,-0.045366666666666666,-0.047190000000000065,0.03156000000000003,0.49945335176947375,0.03156000000000003,0.005860000000000001,0.002809999999999979,0.0,0.05777355302070333,30000,200000
ugr16,,dos,rf,88,0,0.5,1.0,1.0,0.0,-0.050000000000000044,-0.050000000000000044,0.007946666666666666,0.49874055415617125,0.004266666666666667,0.007946666666666666,0.0,0.0,0.0,7500,50000
ugr16,,nerisbotnet,rf,88,0,0.5,0.9921333333333333,0.98894,0.0031933333333332703,-0.042133333333333356,-0.038940000000000086,0.08659999999999995,0.49648872936449456,0.0033800000000000496,0.08659999999999995,0.011059999999999959,0.0,0.036874518860661336,7500,50000
ugr16,,scan11,rf,88,0,0.5,0.9969333333333333,0.39508,0.6018533333333334,-0.04693333333333338,0.55492,0.6019466666666666,0.8055857253685027,0.6019466666666666,0.0041266666666666665,0.60492,0.49985220639839123,0.9998449475036549,7500,50000
ugr16,,scan44,rf,88,0,0.5,0.9965333333333334,0.73622,0.2603133333333334,-0.046533333333333426,0.21377999999999997,0.2603133333333334,0.5,0.2603133333333334,0.07261333333333334,0.26378,0.5,1.0,7500,50000
ugr16,,background,rf,91,0,0.5,0.9953,0.997465,-0.0021650000000000835,-0.04530000000000001,-0.04746500000000009,0.03382166666666667,0.4976726627384742,0.03382166666666667,0.006073333333333333,0.002534999999999954,0.0,0.06401222096289608,30000,200000
ugr16,,dos,rf,91,0,0.5,1.0,1.0,0.0,-0.050000000000000044,-0.050000000000000044,0.003413333333333334,0.49907149489322195,0.003413333333333334,0.00276,0.0,0.0,0.0,7500,50000
ugr16,,nerisbotnet,rf,91,0,0.5,0.992,0.98904,0.0029599999999999627,-0.04200000000000004,-0.039040000000000075,0.08323333333333333,0.49567301187919577,0.0032599999999999296,0.08323333333333333,0.01095999999999997,0.0,0.03556267521025186,7500,50000
ugr16,,scan11,rf,91,0,0.5,0.9966666666666667,0.39238,0.6042866666666666,-0.046666666666666745,0.55762,0.6044266666666667,0.7551984214866048,0.6044266666666667,0.0019533333333333334,0.60762,0.4998619841170815,0.999768375540457,7500,50000
ugr16,,scan44,rf,91,0,0.5,0.9964,0.73656,0.25983999999999996,-0.0464,0.21343999999999996,0.25993333333333335,0.7516500572750009,0.25993333333333335,0.10619999999999999,0.26344,0.5,0.9996409335727108,7500,50000
ugr16,,background,xgb,12345,0,0.5,0.9956,0.997135,-0.001534999999999953,-0.045600000000000085,-0.04713500000000004,0.008665000000000006,0.498888438620645,0.0005483333333333334,0.008665000000000006,0.0028650000000000064,0.0,0.1771494518176517,30000,200000
ugr16,,dos,xgb,12345,0,0.5,1.0,1.0,0.0,-0.050000000000000044,-0.050000000000000044,0.004226666666666667,0.4954128440366972,0.0,0.004226666666666667,0.0,0.0,0.0,7500,50000
ugr16,,nerisbotnet,xgb,12345,0,0.5,0.992,0.9899,0.0020999999999999908,-0.04200000000000004,-0.03990000000000005,0.07694666666666661,0.49917680174199375,0.002586666666666626,0.07694666666666661,0.010099999999999998,0.0,0.027291630566626136,7500,50000
ugr16,,scan11,xgb,12345,0,0.5,0.9873333333333333,0.43014,0.5571933333333332,-0.03733333333333333,0.51986,0.5586666666666666,0.8185959696009463,0.5586666666666666,-0.0,0.56986,0.49986222099752,0.9973627684964199,7500,50000
ugr16,,scan44,xgb,12345,0,0.8318026787420452,0.9661333333333333,0.82108,0.14505333333333326,-0.016133333333333333,0.12891999999999992,0.17384,0.8372972344809797,0.17384,0.07815333333333334,0.17891999999999997,0.16819732125795483,0.8344071176560818,7500,50000
ugr16,,background,xgb,1337,0,0.5,0.9956,0.997135,-0.001534999999999953,-0.045600000000000085,-0.04713500000000004,0.008665000000000006,0.498888438620645,0.0005483333333333334,0.008665000000000006,0.0028650000000000064,0.0,0.1771494518176517,30000,200000
ugr16,,dos,xgb,1337,0,0.5,1.0,1.0,0.0,-0.050000000000000044,-0.050000000000000044,0.004226666666666667,0.4954128440366972,0.0,0.004226666666666667,0.0,0.0,0.0,7500,50000
ugr16,,nerisbotnet,xgb,1337,0,0.5,0.992,0.9899,0.0020999999999999908,-0.04200000000000004,-0.03990000000000005,0.07694666666666661,0.49917680174199375,0.002586666666666626,0.07694666666666661,0.010099999999999998,0.0,0.027291630566626136,7500,50000
ugr16,,scan11,xgb,1337,0,0.5,0.9873333333333333,0.43014,0.5571933333333332,-0.03733333333333333,0.51986,0.5586666666666666,0.8185959696009463,0.5586666666666666,-0.0,0.56986,0.49986222099752,0.9973627684964199,7500,50000
ugr16,,scan44,xgb,1337,0,0.8318026787420452,0.9661333333333333,0.82108,0.14505333333333326,-0.016133333333333333,0.12891999999999992,0.17384,0.8372972344809797,0.17384,0.07815333333333334,0.17891999999999997,0.16819732125795483,0.8344071176560818,7500,50000
ugr16,,background,xgb,2024,0,0.5,0.9956,0.997135,-0.001534999999999953,-0.045600000000000085,-0.04713500000000004,0.008665000000000006,0.498888438620645,0.0005483333333333334,0.008665000000000006,0.0028650000000000064,0.0,0.1771494518176517,30000,200000
ugr16,,dos,xgb,2024,0,0.5,1.0,1.0,0.0,-0.050000000000000044,-0.050000000000000044,0.004226666666666667,0.4954128440366972,0.0,0.004226666666666667,0.0,0.0,0.0,7500,50000
ugr16,,nerisbotnet,xgb,2024,0,0.5,0.992,0.9899,0.0020999999999999908,-0.04200000000000004,-0.03990000000000005,0.07694666666666661,0.49917680174199375,0.002586666666666626,0.07694666666666661,0.010099999999999998,0.0,0.027291630566626136,7500,50000
ugr16,,scan11,xgb,2024,0,0.5,0.9873333333333333,0.43014,0.5571933333333332,-0.03733333333333333,0.51986,0.5586666666666666,0.8185959696009463,0.5586666666666666,-0.0,0.56986,0.49986222099752,0.9973627684964199,7500,50000
ugr16,,scan44,xgb,2024,0,0.8318026787420452,0.9661333333333333,0.82108,0.14505333333333326,-0.016133333333333333,0.12891999999999992,0.17384,0.8372972344809797,0.17384,0.07815333333333334,0.17891999999999997,0.16819732125795483,0.8344071176560818,7500,50000
ugr16,,background,xgb,3407,0,0.5,0.9956,0.997135,-0.001534999999999953,-0.045600000000000085,-0.04713500000000004,0.008665000000000006,0.498888438620645,0.0005483333333333334,0.008665000000000006,0.0028650000000000064,0.0,0.1771494518176517,30000,200000
ugr16,,dos,xgb,3407,0,0.5,1.0,1.0,0.0,-0.050000000000000044,-0.050000000000000044,0.004226666666666667,0.4954128440366972,0.0,0.004226666666666667,0.0,0.0,0.0,7500,50000
ugr16,,nerisbotnet,xgb,3407,0,0.5,0.992,0.9899,0.0020999999999999908,-0.04200000000000004,-0.03990000000000005,0.07694666666666661,0.49917680174199375,0.002586666666666626,0.07694666666666661,0.010099999999999998,0.0,0.027291630566626136,7500,50000
ugr16,,scan11,xgb,3407,0,0.5,0.9873333333333333,0.43014,0.5571933333333332,-0.03733333333333333,0.51986,0.5586666666666666,0.8185959696009463,0.5586666666666666,-0.0,0.56986,0.49986222099752,0.9973627684964199,7500,50000
ugr16,,scan44,xgb,3407,0,0.8318026787420452,0.9661333333333333,0.82108,0.14505333333333326,-0.016133333333333333,0.12891999999999992,0.17384,0.8372972344809797,0.17384,0.07815333333333334,0.17891999999999997,0.16819732125795483,0.8344071176560818,7500,50000
ugr16,,background,xgb,42,0,0.5,0.9956,0.997135,-0.001534999999999953,-0.045600000000000085,-0.04713500000000004,0.008665000000000006,0.498888438620645,0.0005483333333333334,0.008665000000000006,0.0028650000000000064,0.0,0.1771494518176517,30000,200000
ugr16,,dos,xgb,42,0,0.5,1.0,1.0,0.0,-0.050000000000000044,-0.050000000000000044,0.004226666666666667,0.4954128440366972,0.0,0.004226666666666667,0.0,0.0,0.0,7500,50000
ugr16,,nerisbotnet,xgb,42,0,0.5,0.992,0.9899,0.0020999999999999908,-0.04200000000000004,-0.03990000000000005,0.07694666666666661,0.49917680174199375,0.002586666666666626,0.07694666666666661,0.010099999999999998,0.0,0.027291630566626136,7500,50000
ugr16,,scan11,xgb,42,0,0.5,0.9873333333333333,0.43014,0.5571933333333332,-0.03733333333333333,0.51986,0.5586666666666666,0.8185959696009463,0.5586666666666666,-0.0,0.56986,0.49986222099752,0.9973627684964199,7500,50000
ugr16,,scan44,xgb,42,0,0.8318026787420452,0.9661333333333333,0.82108,0.14505333333333326,-0.016133333333333333,0.12891999999999992,0.17384,0.8372972344809797,0.17384,0.07815333333333334,0.17891999999999997,0.16819732125795483,0.8344071176560818,7500,50000
ugr16,,background,xgb,512,0,0.5,0.9956,0.997135,-0.001534999999999953,-0.045600000000000085,-0.04713500000000004,0.008665000000000006,0.498888438620645,0.0005483333333333334,0.008665000000000006,0.0028650000000000064,0.0,0.1771494518176517,30000,200000
ugr16,,dos,xgb,512,0,0.5,1.0,1.0,0.0,-0.050000000000000044,-0.050000000000000044,0.004226666666666667,0.4954128440366972,0.0,0.004226666666666667,0.0,0.0,0.0,7500,50000
ugr16,,nerisbotnet,xgb,512,0,0.5,0.992,0.9899,0.0020999999999999908,-0.04200000000000004,-0.03990000000000005,0.07694666666666661,0.49917680174199375,0.002586666666666626,0.07694666666666661,0.010099999999999998,0.0,0.027291630566626136,7500,50000
ugr16,,scan11,xgb,512,0,0.5,0.9873333333333333,0.43014,0.5571933333333332,-0.03733333333333333,0.51986,0.5586666666666666,0.8185959696009463,0.5586666666666666,-0.0,0.56986,0.49986222099752,0.9973627684964199,7500,50000
ugr16,,scan44,xgb,512,0,0.8318026787420452,0.9661333333333333,0.82108,0.14505333333333326,-0.016133333333333333,0.12891999999999992,0.17384,0.8372972344809797,0.17384,0.07815333333333334,0.17891999999999997,0.16819732125795483,0.8344071176560818,7500,50000
ugr16,,background,xgb,6021,0,0.5,0.9956,0.997135,-0.001534999999999953,-0.045600000000000085,-0.04713500000000004,0.008665000000000006,0.498888438620645,0.0005483333333333334,0.008665000000000006,0.0028650000000000064,0.0,0.1771494518176517,30000,200000
ugr16,,dos,xgb,6021,0,0.5,1.0,1.0,0.0,-0.050000000000000044,-0.050000000000000044,0.004226666666666667,0.4954128440366972,0.0,0.004226666666666667,0.0,0.0,0.0,7500,50000
ugr16,,nerisbotnet,xgb,6021,0,0.5,0.992,0.9899,0.0020999999999999908,-0.04200000000000004,-0.03990000000000005,0.07694666666666661,0.49917680174199375,0.002586666666666626,0.07694666666666661,0.010099999999999998,0.0,0.027291630566626136,7500,50000
ugr16,,scan11,xgb,6021,0,0.5,0.9873333333333333,0.43014,0.5571933333333332,-0.03733333333333333,0.51986,0.5586666666666666,0.8185959696009463,0.5586666666666666,-0.0,0.56986,0.49986222099752,0.9973627684964199,7500,50000
ugr16,,scan44,xgb,6021,0,0.8318026787420452,0.9661333333333333,0.82108,0.14505333333333326,-0.016133333333333333,0.12891999999999992,0.17384,0.8372972344809797,0.17384,0.07815333333333334,0.17891999999999997,0.16819732125795483,0.8344071176560818,7500,50000
ugr16,,background,xgb,7,0,0.5,0.9956,0.997135,-0.001534999999999953,-0.045600000000000085,-0.04713500000000004,0.008665000000000006,0.498888438620645,0.0005483333333333334,0.008665000000000006,0.0028650000000000064,0.0,0.1771494518176517,30000,200000
ugr16,,dos,xgb,7,0,0.5,1.0,1.0,0.0,-0.050000000000000044,-0.050000000000000044,0.004226666666666667,0.4954128440366972,0.0,0.004226666666666667,0.0,0.0,0.0,7500,50000
ugr16,,nerisbotnet,xgb,7,0,0.5,0.992,0.9899,0.0020999999999999908,-0.04200000000000004,-0.03990000000000005,0.07694666666666661,0.49917680174199375,0.002586666666666626,0.07694666666666661,0.010099999999999998,0.0,0.027291630566626136,7500,50000
ugr16,,scan11,xgb,7,0,0.5,0.9873333333333333,0.43014,0.5571933333333332,-0.03733333333333333,0.51986,0.5586666666666666,0.8185959696009463,0.5586666666666666,-0.0,0.56986,0.49986222099752,0.9973627684964199,7500,50000
ugr16,,scan44,xgb,7,0,0.8318026787420452,0.9661333333333333,0.82108,0.14505333333333326,-0.016133333333333333,0.12891999999999992,0.17384,0.8372972344809797,0.17384,0.07815333333333334,0.17891999999999997,0.16819732125795483,0.8344071176560818,7500,50000
ugr16,,background,xgb,88,0,0.5,0.9956,0.997135,-0.001534999999999953,-0.045600000000000085,-0.04713500000000004,0.008665000000000006,0.498888438620645,0.0005483333333333334,0.008665000000000006,0.0028650000000000064,0.0,0.1771494518176517,30000,200000
ugr16,,dos,xgb,88,0,0.5,1.0,1.0,0.0,-0.050000000000000044,-0.050000000000000044,0.004226666666666667,0.4954128440366972,0.0,0.004226666666666667,0.0,0.0,0.0,7500,50000
ugr16,,nerisbotnet,xgb,88,0,0.5,0.992,0.9899,0.0020999999999999908,-0.04200000000000004,-0.03990000000000005,0.07694666666666661,0.49917680174199375,0.002586666666666626,0.07694666666666661,0.010099999999999998,0.0,0.027291630566626136,7500,50000
ugr16,,scan11,xgb,88,0,0.5,0.9873333333333333,0.43014,0.5571933333333332,-0.03733333333333333,0.51986,0.5586666666666666,0.8185959696009463,0.5586666666666666,-0.0,0.56986,0.49986222099752,0.9973627684964199,7500,50000
ugr16,,scan44,xgb,88,0,0.8318026787420452,0.9661333333333333,0.82108,0.14505333333333326,-0.016133333333333333,0.12891999999999992,0.17384,0.8372972344809797,0.17384,0.07815333333333334,0.17891999999999997,0.16819732125795483,0.8344071176560818,7500,50000
ugr16,,background,xgb,91,0,0.5,0.9956,0.997135,-0.001534999999999953,-0.045600000000000085,-0.04713500000000004,0.008665000000000006,0.498888438620645,0.0005483333333333334,0.008665000000000006,0.0028650000000000064,0.0,0.1771494518176517,30000,200000
ugr16,,dos,xgb,91,0,0.5,1.0,1.0,0.0,-0.050000000000000044,-0.050000000000000044,0.004226666666666667,0.4954128440366972,0.0,0.004226666666666667,0.0,0.0,0.0,7500,50000
ugr16,,nerisbotnet,xgb,91,0,0.5,0.992,0.9899,0.0020999999999999908,-0.04200000000000004,-0.03990000000000005,0.07694666666666661,0.49917680174199375,0.002586666666666626,0.07694666666666661,0.010099999999999998,0.0,0.027291630566626136,7500,50000
ugr16,,scan11,xgb,91,0,0.5,0.9873333333333333,0.43014,0.5571933333333332,-0.03733333333333333,0.51986,0.5586666666666666,0.8185959696009463,0.5586666666666666,-0.0,0.56986,0.49986222099752,0.9973627684964199,7500,50000
ugr16,,scan44,xgb,91,0,0.8318026787420452,0.9661333333333333,0.82108,0.14505333333333326,-0.016133333333333333,0.12891999999999992,0.17384,0.8372972344809797,0.17384,0.07815333333333334,0.17891999999999997,0.16819732125795483,0.8344071176560818,7500,50000
ciciot2023,0.8,Benign,mlp,12345,0,0.9461524970829487,0.9501508175900937,0.945332211942809,0.004818605647284646,-0.00015081759009372142,0.004667788057190925,0.034337221749190294,0.4158528447151184,0.034337221749190294,0.008693424710905617,0.05466778805719097,0.009526601247489608,0.14033184404030222,6299,2378
ciciot2023,0.8,BruteForce,mlp,12345,0,0.9909461224451661,0.9511305616338439,0.9593639575971732,-0.008233395963329282,-0.0011305616338439517,-0.009363957597173234,0.03302508034938778,0.8782557398080826,0.03302508034938778,0.012723167686015002,0.04063604240282681,-0.0007121623493731022,0.24930737113201037,1371,566
ciciot2023,0.8,DDoS,mlp,12345,0,0.4999828338623047,0.9869151235469361,0.9872022203376764,-0.00028709679074023775,-0.03691512354693616,-0.037202220337676395,0.003333117181349571,0.4996316432952881,0.003333117181349571,0.0024103306765523858,0.01279777966232365,0.0,0.08613462267293974,68476,25942
ciciot2023,0.8,DoS,mlp,12345,0,0.49995940923690796,0.9840967677969462,0.9825605252359458,0.0015362425610003783,-0.03409676779694626,-0.03256052523594588,0.01374475367400474,0.4996335208415985,0.01374475367400474,0.005368333765806144,0.017439474764054164,0.0,0.11176937742477352,25215,9748
ciciot2023,0.8,Mirai,mlp,12345,0,0.4999539852142334,0.9940906452804306,0.9930148086057557,0.0010758366746748127,-0.04409064528043061,-0.043014808605755794,0.00255062496547577,0.4996740520000458,0.0018222235214955945,0.00255062496547577,0.00698519139424425,0.0,0.4217933601516897,18953,7158
ciciot2023,0.8,Recon,mlp,12345,0,0.6980104297399521,0.9500759054435046,0.9486257682940972,0.0014501371494074489,-7.590544350466466e-05,0.0013742317059027842,0.010938296209571818,0.31573107838630676,0.010938296209571818,0.002130835225467753,0.05137423170590283,0.00561933368444445,0.13257431702557768,23055,8623
ciciot2023,0.8,Spoofing,mlp,12345,0,0.8816153705120087,0.9501391650099403,0.9534981147884374,-0.0033589497784970446,-0.0001391650099403785,-0.003498114788437423,0.007485560037346128,0.499893456697464,0.007478947013353443,0.007485560037346128,0.04650188521156262,-0.0071295801550149696,0.44872391133581774,12575,4774
ciciot2023,0.8,Web,mlp,12345,0,0.9695341847836971,0.9508196721311475,0.9605425400739828,-0.009722867942835278,-0.0008196721311475308,-0.010542540073982809,0.1285567013286283,0.34083399176597595,0.0070823599395895,0.1285567013286283,0.039457459926017235,-0.00511002354323864,0.07563096938821418,2135,811
ciciot2023,0.8,Benign,mlp,12345,1,0.9461524970829487,0.9501508175900937,0.9412737799834574,0.008877037606636273,-0.00015081759009372142,0.008726220016542552,0.033135355290945745,0.43359464406967163,0.033135355290945745,0.0008711191438608434,0.058726220016542596,0.010470421984791756,0.26790229133477644,6299,2418
ciciot2023,0.8,BruteForce,mlp,12345,1,0.9909461224451661,0.9511305616338439,0.9627329192546584,-0.011602357620814518,-0.0011305616338439517,-0.01273291925465847,0.058582618662535,0.9333531036973,0.006822784294004958,0.058582618662535,0.037267080745341574,-0.0010754250921308772,0.19805119480318667,1371,483
ciciot2023,0.8,DDoS,mlp,12345,1,0.4999828338623047,0.9869151235469361,0.9870320339637205,-0.00011691041678441039,-0.03691512354693616,-0.03703203396372057,0.004150539611598836,0.49998271465301514,0.0031810912731590757,0.004150539611598836,0.012967966036279477,0.0,0.028167522231976758,68476,25910
ciciot2023,0.8,DoS,mlp,12345,1,0.49995940923690796,0.9840967677969462,0.9805744125326371,0.003522355264309107,-0.03409676779694626,-0.030574412532637152,0.01624131684225849,0.4996335506439209,0.01624131684225849,0.0033267321401482253,0.019425587467362893,0.0,0.21687621136386218,25215,9575
ciciot2023,0.8,Mirai,mlp,12345,1,0.4999539852142334,0.9940906452804306,0.9949098913193012,-0.0008192460388706246,-0.04409064528043061,-0.04490989131930123,0.007667946073087933,0.4999539256095886,0.007667946073087933,0.0012510692054692463,0.005090108680698813,0.0,0.10684034956191453,18953,7269
ciciot2023,0.8,Recon,mlp,12345,1,0.6980104297399521,0.9500759054435046,0.9444888635065677,0.005587041936936932,-7.590544350466466e-05,0.005511136493432267,0.006701576853998359,0.2983337640762329,0.006701576853998359,0.003276102969818284,0.05551113649343231,0.021325111389159934,0.8336906460460178,23055,8755
ciciot2023,0.8,Spoofing,mlp,12345,1,0.8816153705120087,0.9501391650099403,0.9520820255283532,-0.001942860518412859,-0.0001391650099403785,-0.0020820255283532374,0.01386846113109999,0.40381965041160583,0.01368460507097613,0.01386846113109999,0.04791797447164681,-0.006309000402689446,0.1400920044442421,12575,4779
ciciot2023,0.8,Web,mlp,12345,1,0.9695341847836971,0.9508196721311475,0.9704069050554871,-0.019587232924339615,-0.0008196721311475308,-0.020406905055487146,0.08379454629985245,0.31659188866615295,0.003527030265927711,0.08379454629985245,0.0295930949445129,-0.0062961215153336525,0.23375307569836565,2135,811
ciciot2023,0.8,Benign,mlp,12345,2,0.9461524970829487,0.9501508175900937,0.9434436531210725,0.0067071644690211984,-0.00015081759009372142,0.006556346878927477,0.021093911542472255,0.4143121838569641,0.021093911542472255,0.0032278482570131523,0.05655634687892752,0.008004695735871703,0.3179668434427835,6299,2387
ciciot2023,0.8,BruteForce,mlp,12345,2,0.9909461224451661,0.9511305616338439,0.9645522388059702,-0.013421677172126278,-0.0011305616338439517,-0.01455223880597023,0.0444522464265108,0.7019955888390541,0.0444522464265108,0.02821369084555342,0.035447761194029814,-0.000808096257969737,0.301934733361906,1371,536
ciciot2023,0.8,DDoS,mlp,12345,2,0.4999828338623047,0.9869151235469361,0.9875009585154513,-0.0005858349685151643,-0.03691512354693616,-0.03750095851545132,0.00566352451875024,0.49994826316833496,0.00566352451875024,0.002044582494857679,0.012499041484548723,0.0,0.10343999863965264,68476,26082
ciciot2023,0.8,DoS,mlp,12345,2,0.49995940923690796,0.9840967677969462,0.9817409766454352,0.0023557911515109664,-0.03409676779694626,-0.03174097664543529,0.011336834434058196,0.49963366985321045,0.011336834434058196,0.0016106705264660182,0.018259023354564752,0.0,0.20779973150473843,25215,9420
ciciot2023,0.8,Mirai,mlp,12345,2,0.4999539852142334,0.9940906452804306,0.9962676251036771,-0.0021769798232464943,-0.04409064528043061,-0.0462676251036771,0.003061507110388939,0.49989745020866394,0.003061507110388939,0.0022096917390969084,0.003732374896322943,0.0,0.7110810933148305,18953,7234
ciciot2023,0.8,Recon,mlp,12345,2,0.6980104297399521,0.9500759054435046,0.9449665949496093,0.005109310493895292,-7.590544350466466e-05,0.005033405050390627,0.012602820828354455,0.3876853883266449,0.012602820828354455,0.0012363241701365268,0.05503340505039067,0.023353494703769684,0.40541007156113096,23055,8831
ciciot2023,0.8,Spoofing,mlp,12345,2,0.8816153705120087,0.9501391650099403,0.9525430942753778,-0.002403929265437421,-0.0001391650099403785,-0.0025430942753777996,0.015469980711601855,0.3385339081287384,0.011116818983946897,0.015469980711601855,0.047456905724622245,-0.006868670880795569,0.15539316501116077,12575,4699
ciciot2023,0.8,Web,mlp,12345,2,0.9695341847836971,0.9508196721311475,0.9654747225647349,-0.014655050433587391,-0.0008196721311475308,-0.015474722564734922,0.1291775556819724,0.3555060923099518,0.004243756082206951,0.1291775556819724,0.03452527743526512,-0.008374848403036594,0.1134488909951762,2135,811
ciciot2023,0.8,Benign,mlp,12345,3,0.9461524970829487,0.9501508175900937,0.9414279606669517,0.008722856923142008,-0.00015081759009372142,0.008572039333048287,0.019360891245385203,0.6373678743839264,0.019360891245385203,0.008318943654472326,0.05857203933304833,0.008975950255990073,0.4505400506921994,6299,2339
ciciot2023,0.8,BruteForce,mlp,12345,3,0.9909461224451661,0.9511305616338439,0.9654545454545455,-0.014323983820701547,-0.0011305616338439517,-0.015454545454545499,0.04330216829122735,0.911529716104269,0.0051919633976526824,0.04330216829122735,0.034545454545454546,-0.0012660545064135942,0.3307913757197111,1371,550
ciciot2023,0.8,DDoS,mlp,12345,3,0.4999828338623047,0.9869151235469361,0.9872309235398503,-0.0003157999929142008,-0.03691512354693616,-0.03723092353985036,0.0041002788817323665,0.4999827742576599,0.0041002788817323665,0.0019262314526517083,0.012769076460149686,0.0,0.07701914967812516,68476,25922
ciciot2023,0.8,DoS,mlp,12345,3,0.49995940923690796,0.9840967677969462,0.9827768385460693,0.0013199292508768723,-0.03409676779694626,-0.03277683854606939,0.007007985760331015,0.4995041787624359,0.004279213137264648,0.007007985760331015,0.017223161453930658,0.0,0.1883464516078764,25215,9464
ciciot2023,0.8,Mirai,mlp,12345,3,0.4999539852142334,0.9940906452804306,0.9957708049113233,-0.0016801596308927413,-0.04409064528043061,-0.04577080491132335,0.0025788859913324774,0.499551922082901,0.0025788859913324774,0.0016801596308927413,0.004229195088676696,0.0,0.6515059744942909,18953,7330
ciciot2023,0.8,Recon,mlp,12345,3,0.6980104297399521,0.9500759054435046,0.9507058287795993,-0.0006299233360946843,-7.590544350466466e-05,-0.000705828779599349,0.011706888848595581,0.3297104835510254,0.011706888848595581,0.0036425872794091374,0.049294171220400695,-0.003126494586467632,0.05380791978479006,23055,8784
ciciot2023,0.8,Spoofing,mlp,12345,3,0.8816153705120087,0.9501391650099403,0.954375,-0.004235834990059639,-0.0001391650099403785,-0.004375000000000018,0.014237491716368456,0.3563838303089142,0.0028909874088800525,0.014237491716368456,0.04562500000000003,-0.010091111063957103,0.2975127272727271,12575,4800
ciciot2023,0.8,Web,mlp,12345,3,0.9695341847836971,0.9508196721311475,0.9469790382244143,0.0038406339067331707,-0.0008196721311475308,0.00302096177558564,0.10091337782308249,0.34553104639053345,0.006834018198251801,0.10091337782308249,0.053020961775585684,0.0018917182460427284,0.038058719166713696,2135,811
ciciot2023,0.8,Benign,mlp,12345,4,0.9461524970829487,0.9501508175900937,0.9522448979591837,-0.002094080369089979,-0.00015081759009372142,-0.0022448979591837004,0.01990954184499638,0.5834170579910278,0.01990954184499638,0.006729153639547625,0.047755102040816344,-0.0020801581442356776,0.10517973670078491,6299,2450
ciciot2023,0.8,BruteForce,mlp,12345,4,0.9909461224451661,0.9511305616338439,0.9544592030360531,-0.0033286414022092314,-0.0011305616338439517,-0.004459203036053183,0.0394454386540386,0.8855501562356949,0.02846715025390406,0.0394454386540386,0.04554079696394686,-0.0004333804361522642,0.08438596491228094,1371,527
ciciot2023,0.8,DDoS,mlp,12345,4,0.4999828338623047,0.9869151235469361,0.9873182802350757,-0.00040315668813961647,-0.03691512354693616,-0.037318280235075774,0.003357524330649758,0.49963825941085815,0.0030208023105378623,0.003357524330649758,0.01268171976492427,0.0,0.1200755820171812,68476,25864
ciciot2023,0.8,DoS,mlp,12345,4,0.49995940923690796,0.9840967677969462,0.9823834196891191,0.001713348107827084,-0.03409676779694626,-0.032383419689119175,0.012583450717610911,0.4996333718299866,0.012583450717610911,0.002509383036456425,0.01761658031088087,0.0,0.13615884436446377,25215,9650
ciciot2023,0.8,Mirai,mlp,12345,4,0.4999539852142334,0.9940906452804306,0.9941365349713807,-4.5889690950096096e-05,-0.04409064528043061,-0.0441365349713807,0.005377321575486052,0.4999539256095886,0.0020007315980553053,0.005377321575486052,0.005863465028619341,0.0,0.008533930936787644,18953,7163
ciciot2023,0.8,Recon,mlp,12345,4,0.6980104297399521,0.9500759054435046,0.9472070844686649,0.0028688209748397586,-7.590544350466466e-05,0.002792915531335094,0.014229980788742935,0.3868284821510315,0.014229980788742935,0.001491265703326472,0.05279291553133514,0.014920752868056164,0.2016039949336564,23055,8808
ciciot2023,0.8,Spoofing,mlp,12345,4,0.8816153705120087,0.9501391650099403,0.9481700867357732,0.0019690782741671464,-0.0001391650099403785,0.001829913264226768,0.01499218776614697,0.49869266152381897,0.01499218776614697,0.006281565945978507,0.05182991326422681,0.004191172122955278,0.1313402890146169,12575,4727
ciciot2023,0.8,Web,mlp,12345,4,0.9695341847836971,0.9508196721311475,0.9605425400739828,-0.009722867942835278,-0.0008196721311475308,-0.010542540073982809,0.10142969762949144,0.3400344252586365,0.003899542877934259,0.10142969762949144,0.039457459926017235,-0.004918105900287628,0.0958581970573506,2135,811
ciciot2023,0.8,Benign,mlp,1337,0,0.93495406024158,0.9501508175900937,0.9465937762825904,0.003557041307503228,-0.00015081759009372142,0.0034062237174095067,0.01951489222727626,0.39679497480392456,0.01951489222727626,0.008173497575475919,0.05340622371740955,0.006894626282155536,0.18227317199997128,6299,2378
ciciot2023,0.8,BruteForce,mlp,1337,0,0.9907653434202075,0.9511305616338439,0.9257950530035336,0.02533550863031031,-0.0011305616338439517,0.02420494699646636,0.03782155863636716,0.9276519827544689,0.03782155863636716,0.010524674414229107,0.0742049469964664,0.0033412633347325027,0.6698695015162347,1371,566
ciciot2023,0.8,DDoS,mlp,1337,0,0.49997103214263916,0.9888282025819265,0.9883971937398812,0.00043100884204527734,-0.03882820258192654,-0.038397193739881263,0.0035089543957849134,0.499970942735672,0.002967796085025648,0.0035089543957849134,0.011602806260118781,0.0,0.12283113242025066,68476,25942
ciciot2023,0.8,DoS,mlp,1337,0,0.49997973442077637,0.959865159627206,0.9606073040623717,-0.0007421444351657369,-0.009865159627206022,-0.010607304062371758,0.014121334528797103,0.4969482421875,0.014121334528797103,0.0007421444351657369,0.039392695937628286,0.0,0.05255483705540081,25215,9748
ciciot2023,0.8,Mirai,mlp,1337,0,0.49996262788772583,0.993668548514747,0.992735400949986,0.0009331475647609278,-0.043668548514746997,-0.04273540094998607,0.004206741498031019,0.49996238946914673,0.0011796507786124132,0.004206741498031019,0.007264599050013976,0.0,0.22182194109091108,18953,7158
ciciot2023,0.8,Recon,mlp,1337,0,0.6972324848175049,0.9500759054435046,0.9505972399396961,-0.0005213344961915167,-7.590544350466466e-05,-0.0005972399396961814,0.007335070679045375,0.49804988503456116,0.007335070679045375,0.0041801325546639845,0.04940276006030386,-0.003885367512702964,0.07107422941142894,23055,8623
ciciot2023,0.8,Spoofing,mlp,1337,0,0.8813613578677177,0.9501391650099403,0.9543359865940511,-0.0041968215841107215,-0.0001391650099403785,-0.0043359865940511,0.01782558107575738,0.49995970726013184,0.0038187964796058196,0.01782558107575738,0.045664013405948944,-0.009771757200360276,0.23543813614123127,12575,4774
ciciot2023,0.8,Web,mlp,1337,0,0.9739069864153862,0.9508196721311475,0.9531442663378545,-0.0023245942067070535,-0.0008196721311475308,-0.0031442663378545843,0.08744574743644906,0.36789220571517944,0.01209077756954291,0.08744574743644906,0.04685573366214546,-0.0063685281202197075,0.02658327334209643,2135,811
ciciot2023,0.8,Benign,mlp,1337,1,0.93495406024158,0.9501508175900937,0.9387923904052936,0.011358427184800068,-0.00015081759009372142,0.011207609594706347,0.0341639166798306,0.44176018238067627,0.0341639166798306,0.0022305850010196325,0.06120760959470639,0.015188627224415607,0.33246853079658045,6299,2418
ciciot2023,0.8,BruteForce,mlp,1337,1,0.9907653434202075,0.9511305616338439,0.9420289855072463,0.009101576126597566,-0.0011305616338439517,0.007971014492753614,0.08676171448505199,0.8448270745575428,0.01867884438524714,0.08676171448505199,0.05797101449275366,0.0011994684115052001,0.10490313821732579,1371,483
ciciot2023,0.8,DDoS,mlp,1337,1,0.49997103214263916,0.9888282025819265,0.9881898880741027,0.0006383145078238117,-0.03882820258192654,-0.03818988807410273,0.004713918365930714,0.4999709725379944,0.003263510907561981,0.004713918365930714,0.011810111925897315,0.0,0.13541059863003868,68476,25910
ciciot2023,0.8,DoS,mlp,1337,1,0.49997973442077637,0.959865159627206,0.9570757180156658,0.0027894416115401555,-0.009865159627206022,-0.007075718015665866,0.015720096983177,0.4990137815475464,0.015720096983177,0.0016695478933392155,0.04292428198433418,0.0,0.1774443004089161,25215,9575
ciciot2023,0.8,Mirai,mlp,1337,1,0.49996262788772583,0.993668548514747,0.9949098913193012,-0.0012413428045542352,-0.043668548514746997,-0.04490989131930123,0.008504496395377661,0.4999625086784363,0.008504496395377661,0.0013261512137274778,0.005090108680698813,0.0,0.14596311725511768,18953,7269
ciciot2023,0.8,Recon,mlp,1337,1,0.6972324848175049,0.9500759054435046,0.9458595088520845,0.004216396591420146,-7.590544350466466e-05,0.0041404911479154816,0.008553875277268252,0.4999024569988251,0.008553875277268252,0.006451238137490822,0.054140491147915526,0.019641172885894287,0.49292238368557156,23055,8755
ciciot2023,0.8,Spoofing,mlp,1337,1,0.8813613578677177,0.9501391650099403,0.9560577526679221,-0.005918587657981811,-0.0001391650099403785,-0.006057752667922189,0.01391152561508957,0.49991223216056824,0.01391152561508957,0.01203677287603111,0.043942247332077855,-0.013430725783109887,0.4254449024312639,12575,4779
ciciot2023,0.8,Web,mlp,1337,1,0.9739069864153862,0.9508196721311475,0.9556103575832305,-0.004790685452083054,-0.0008196721311475308,-0.005610357583230585,0.06961885318094008,0.39814072847366333,0.023820593305746235,0.06961885318094008,0.04438964241676946,-0.003714960068464279,0.06881304751791897,2135,811
ciciot2023,0.8,Benign,mlp,1337,2,0.93495406024158,0.9501508175900937,0.9421868454126519,0.007963972177441825,-0.00015081759009372142,0.007813154587348103,0.01650231019972251,0.2913116216659546,0.01650231019972251,0.006577140704933648,0.05781315458734815,0.01027877479791639,0.4825974109719342,6299,2387
ciciot2023,0.8,BruteForce,mlp,1337,2,0.9907653434202075,0.9511305616338439,0.960820895522388,-0.009690333888544123,-0.0011305616338439517,-0.010820895522388074,0.048620409985085544,0.9640255719423294,0.030003157081115228,0.048620409985085544,0.03917910447761197,-0.0009696906199678779,0.19930588597497761,1371,536
ciciot2023,0.8,DDoS,mlp,1337,2,0.49997103214263916,0.9888282025819265,0.9880760677862127,0.000752134795713788,-0.03882820258192654,-0.03807606778621275,0.004660557556483869,0.49997052550315857,0.004660557556483869,0.0017958444037696475,0.011923932213787292,0.0,0.16138300763336821,68476,26082
ciciot2023,0.8,DoS,mlp,1337,2,0.49997973442077637,0.959865159627206,0.9545647558386412,0.005300403788564778,-0.009865159627206022,-0.0045647558386412435,0.014410022848092341,0.4988788962364197,0.014410022848092341,0.0008479938768628011,0.0454352441613588,0.0,0.36782757698864216,25215,9420
ciciot2023,0.8,Mirai,mlp,1337,2,0.49996262788772583,0.993668548514747,0.995576444567321,-0.0019078960525740207,-0.043668548514746997,-0.04557644456732102,0.0034160357181153914,0.49983859062194824,0.0034160357181153914,0.002373251318348535,0.004423555432679027,0.0,0.558511739926009,18953,7234
ciciot2023,0.8,Recon,mlp,1337,2,0.6972324848175049,0.9500759054435046,0.9501755180613747,-9.96126178700596e-05,-7.590544350466466e-05,-0.00017551806137472425,0.007151239002232357,0.3609914779663086,0.007151239002232357,0.002943240724443741,0.04982448193862532,-0.0003206580877304077,0.01392942087923004,23055,8831
ciciot2023,0.8,Spoofing,mlp,1337,2,0.8813613578677177,0.9501391650099403,0.955735262821877,-0.005596097811936707,-0.0001391650099403785,-0.005735262821877085,0.015585770332252086,0.3631936311721802,0.013379742824178587,0.015585770332252086,0.04426473717812296,-0.013141356408596039,0.35905173069030405,12575,4699
ciciot2023,0.8,Web,mlp,1337,2,0.9739069864153862,0.9508196721311475,0.9556103575832305,-0.004790685452083054,-0.0008196721311475308,-0.005610357583230585,0.09097277770237688,0.37429726123809814,0.003938815525401606,0.09097277770237688,0.04438964241676946,-0.005980863235890865,0.05266064830686033,2135,811
ciciot2023,0.8,Benign,mlp,1337,3,0.93495406024158,0.9501508175900937,0.9444206926036768,0.005730124986416896,-0.00015081759009372142,0.005579307396323174,0.014932709515500187,0.4769643545150757,0.01323011090273285,0.014932709515500187,0.05557930739632322,0.007909829914569788,0.3837297565099631,6299,2339
ciciot2023,0.8,BruteForce,mlp,1337,3,0.9907653434202075,0.9511305616338439,0.9527272727272728,-0.0015967110934288486,-0.0011305616338439517,-0.0027272727272728003,0.05527087063192093,0.8198165893554688,0.025974404880312968,0.05527087063192093,0.047272727272727244,-0.0009932760847732869,0.028888835568779518,1371,550
ciciot2023,0.8,DDoS,mlp,1337,3,0.49997103214263916,0.9888282025819265,0.9878867371344804,0.0009414654474461104,-0.03882820258192654,-0.03788673713448043,0.007897533857577077,0.4999709129333496,0.007897533857577077,0.001896170071412552,0.012113262865519614,0.0,0.11921005524311196,68476,25922
ciciot2023,0.8,DoS,mlp,1337,3,0.49997973442077637,0.959865159627206,0.959530853761623,0.0003343058655830289,-0.009865159627206022,-0.009530853761622993,0.005898285731718245,0.49823492765426636,0.004528141667207275,0.005898285731718245,0.04046914623837705,0.0,0.056678479271576654,25215,9464
ciciot2023,0.8,Mirai,mlp,1337,3,0.49996262788772583,0.993668548514747,0.9954979536152797,-0.001829405100532755,-0.043668548514746997,-0.04549795361527975,0.002994763595939089,0.4997939169406891,0.002994763595939089,0.002201172729352996,0.004502046384720293,0.0,0.6108679506500732,18953,7330
ciciot2023,0.8,Recon,mlp,1337,3,0.6972324848175049,0.9500759054435046,0.9544626593806922,-0.004386753937187571,-7.590544350466466e-05,-0.0044626593806922354,0.010702356446274264,0.3829340636730194,0.010702356446274264,0.008866893494174577,0.04553734061930781,-0.015406612679361942,0.4098867346839958,23055,8784
ciciot2023,0.8,Spoofing,mlp,1337,3,0.8813613578677177,0.9501391650099403,0.95875,-0.008610834990059657,-0.0001391650099403785,-0.008750000000000036,0.02133407886017233,0.4661121368408203,0.0012586978131212713,0.02133407886017233,0.04125000000000001,-0.013750023022294,0.4036187850666875,12575,4800
ciciot2023,0.8,Web,mlp,1337,3,0.9739069864153862,0.9508196721311475,0.9519112207151664,-0.001091548584018942,-0.0008196721311475308,-0.0019112207151664728,0.08892713480047473,0.38084372878074646,0.0017187558656298618,0.08892713480047473,0.04808877928483357,-0.004091434180736542,0.012274640203668351,2135,811
ciciot2023,0.8,Benign,mlp,1337,4,0.93495406024158,0.9501508175900937,0.9493877551020408,0.0007630624880529124,-0.00015081759009372142,0.000612244897959191,0.014081081869166151,0.2856200337409973,0.014081081869166151,0.009827928631366833,0.050612244897959235,0.0004083581268786718,0.05419061512054821,6299,2450
ciciot2023,0.8,BruteForce,mlp,1337,4,0.9907653434202075,0.9511305616338439,0.9354838709677419,0.015646690666102026,-0.0011305616338439517,0.014516129032258074,0.032551483217695965,0.8810680843889713,0.02515096530600658,0.032551483217695965,0.06451612903225812,0.0013985652942209992,0.480675198775459,1371,527
ciciot2023,0.8,DDoS,mlp,1337,4,0.49997103214263916,0.9888282025819265,0.9884008660686668,0.0004273365132596574,-0.03882820258192654,-0.03840086606866688,0.0035532372715964197,0.4962534010410309,0.0011547662026374361,0.0035532372715964197,0.011599133931333161,0.0,0.12026681040291494,68476,25864
ciciot2023,0.8,DoS,mlp,1337,4,0.49997973442077637,0.959865159627206,0.9593782383419689,0.0004869212852370852,-0.009865159627206022,-0.009378238341968936,0.011310378414033095,0.498313844203949,0.011310378414033095,0.001561678374271347,0.04062176165803111,0.0,0.04305083945139702,25215,9650
ciciot2023,0.8,Mirai,mlp,1337,4,0.49996262788772583,0.993668548514747,0.9941365349713807,-0.00046798645663370664,-0.043668548514746997,-0.0441365349713807,0.00681931119809593,0.49990198016166687,0.002163916222984681,0.00681931119809593,0.005863465028619341,0.0,0.06862664615810121,18953,7163
ciciot2023,0.8,Recon,mlp,1337,4,0.6972324848175049,0.9500759054435046,0.9498183469573115,0.0002575584861931324,-7.590544350466466e-05,0.00018165304268846771,0.009154376721463964,0.3921450674533844,0.009154376721463964,0.004693964261507144,0.05018165304268851,0.004516810178756048,0.02813501061074355,23055,8808
ciciot2023,0.8,Spoofing,mlp,1337,4,0.8813613578677177,0.9501391650099403,0.953035752062619,-0.0028965870526787008,-0.0001391650099403785,-0.0030357520626190793,0.017373735164641524,0.4975890517234802,0.017373735164641524,0.008819887949645056,0.046964247937380965,-0.00791782811284103,0.16672218295198507,12575,4727
ciciot2023,0.8,Web,mlp,1337,4,0.9739069864153862,0.9508196721311475,0.9482120838471023,0.0026075882840451703,-0.0008196721311475308,0.0017879161528976395,0.08110841272087255,0.3739434778690338,0.017523686315503717,0.08110841272087255,0.051787916152897684,0.00033847056329250336,0.032149418248621824,2135,811
ciciot2023,0.8,Benign,mlp,2024,0,0.9370981231331825,0.9501508175900937,0.9432296047098402,0.006921212880253491,-0.00015081759009372142,0.00677039529015977,0.016085229062351325,0.4034753441810608,0.016085229062351325,0.009184377992101256,0.056770395290159814,0.013614625204354525,0.430283762414867,6299,2378
ciciot2023,0.8,BruteForce,mlp,2024,0,0.9918562900274992,0.9511305616338439,0.9452296819787986,0.005900879655045266,-0.0011305616338439517,0.004770318021201314,0.04955888379429524,0.8670075982809067,0.04955888379429524,0.009966674656501584,0.05477031802120136,0.0001357623841613531,0.11906805002990242,1371,566
ciciot2023,0.8,DDoS,mlp,2024,0,0.4999851584434509,0.9855131724983937,0.985159201295197,0.0003539712031966902,-0.0355131724983937,-0.03515920129519701,0.004540799401491241,0.49970513582229614,0.004540799401491241,0.0020957300132593004,0.014840798704803038,0.0,0.07795349935089463,68476,25942
ciciot2023,0.8,DoS,mlp,2024,0,0.4999873638153076,0.9785445171524886,0.9783545342634387,0.00018998288904992222,-0.028544517152488624,-0.028354534263438702,0.00891295873135678,0.49839022755622864,0.00891295873135678,0.0024206636223512643,0.021645465736561342,0.0,0.021315356076040307,25215,9748
ciciot2023,0.8,Mirai,mlp,2024,0,0.4999767541885376,0.9941434073761409,0.9932942162615256,0.0008491911146153441,-0.044143407376140975,-0.04329421626152563,0.00132368142267249,0.49996626377105713,0.00132368142267249,0.0006762806310759428,0.0067057837384744134,0.0,0.6415373820846121,18953,7158
ciciot2023,0.8,Recon,mlp,2024,0,0.7058076411485672,0.9500759054435046,0.9553519656731996,-0.005276060229694957,-7.590544350466466e-05,-0.005351965673199621,0.006505813674639538,0.4997771084308624,0.004078494384888498,0.006505813674639538,0.04464803432680042,-0.02937272489070919,0.8109762273490384,23055,8623
ciciot2023,0.8,Spoofing,mlp,2024,0,0.8881870210170746,0.9501391650099403,0.9568496020108923,-0.006710437000951974,-0.0001391650099403785,-0.006849602010892353,0.020187163570733135,0.4828028976917267,0.0026340490779662206,0.020187163570733135,0.04315039798910769,-0.018677130341530068,0.33241108774095457,12575,4774
ciciot2023,0.8,Web,mlp,2024,0,0.9713908974081278,0.9508196721311475,0.9543773119605425,-0.003557639829395054,-0.0008196721311475308,-0.004377311960542585,0.07362524076154284,0.2873793840408325,0.03894171765854168,0.07362524076154284,0.04562268803945746,-0.000950520858168602,0.04832092625567806,2135,811
ciciot2023,0.8,Benign,mlp,2024,1,0.9370981231331825,0.9501508175900937,0.9445822994210091,0.0055685181690845464,-0.00015081759009372142,0.005417700578990825,0.022057868625936283,0.8392288573086262,0.022057868625936283,0.012416467959846605,0.05541770057899087,0.008654912933707237,0.2524504186472904,6299,2418
ciciot2023,0.8,BruteForce,mlp,2024,1,0.9918562900274992,0.9511305616338439,0.9585921325051759,-0.007461570871332035,-0.0011305616338439517,-0.008592132505175987,0.05451431833317477,0.9297677651047707,0.01402612229365155,0.05451431833317477,0.04140786749482406,-0.0038006435148417728,0.1368735976065812,1371,483
ciciot2023,0.8,DDoS,mlp,2024,1,0.4999851584434509,0.9855131724983937,0.9852566576611347,0.00025651483725896984,-0.0355131724983937,-0.03525665766113473,0.003815800802649927,0.49998509883880615,0.0016861164528843842,0.003815800802649927,0.014743342338865317,0.0,0.06722437845309696,68476,25910
ciciot2023,0.8,DoS,mlp,2024,1,0.4999873638153076,0.9785445171524886,0.9756657963446476,0.0028787208078410176,-0.028544517152488624,-0.025665796344647607,0.01111328217020302,0.49952515959739685,0.01111328217020302,0.0026878816072119227,0.024334203655352438,0.0,0.25903425862428436,25215,9575
ciciot2023,0.8,Mirai,mlp,2024,1,0.4999767541885376,0.9941434073761409,0.9949098913193012,-0.0007664839431602566,-0.044143407376140975,-0.04490989131930123,0.0029539950600190436,0.49997615814208984,0.0029539950600190436,0.0009458271624218639,0.005090108680698813,0.0,0.25947367127801335,18953,7269
ciciot2023,0.8,Recon,mlp,2024,1,0.7058076411485672,0.9500759054435046,0.9472301541976014,0.0028457512459032497,-7.590544350466466e-05,0.002769845802398585,0.00906198409905734,0.49924060702323914,0.00906198409905734,0.004164946609806597,0.05276984580239863,0.016486323624849253,0.31403180747131026,23055,8755
ciciot2023,0.8,Spoofing,mlp,2024,1,0.8881870210170746,0.9501391650099403,0.9585687382297552,-0.008429573219814857,-0.0001391650099403785,-0.008568738229755235,0.012847376922811321,0.43826887011528015,0.009766918472425556,0.012847376922811321,0.04143126177024481,-0.017704777792096338,0.6561318524754748,12575,4779
ciciot2023,0.8,Web,mlp,2024,1,0.9713908974081278,0.9508196721311475,0.9642416769420469,-0.01342200481089939,-0.0008196721311475308,-0.014241676942046921,0.07175690231217713,0.5262994766235352,0.07175690231217713,0.04723979705281878,0.03575832305795312,-0.0024438751861453056,0.1870482751959832,2135,811
ciciot2023,0.8,Benign,mlp,2024,2,0.9370981231331825,0.9501508175900937,0.9426057813154587,0.007545036274634986,-0.00015081759009372142,0.007394218684541265,0.01705399670770516,0.352142333984375,0.01705399670770516,0.009517207464654343,0.05739421868454131,0.008021740615367867,0.4424204134639047,6299,2387
ciciot2023,0.8,BruteForce,mlp,2024,2,0.9918562900274992,0.9511305616338439,0.9589552238805971,-0.007824662246753156,-0.0011305616338439517,-0.008955223880597107,0.05014860054214701,0.6174615100026131,0.05014860054214701,0.04048820449176438,0.04104477611940294,-0.003730788128450513,0.1560295234994041,1371,536
ciciot2023,0.8,DDoS,mlp,2024,2,0.4999851584434509,0.9855131724983937,0.9851621808143547,0.0003509916840389593,-0.0355131724983937,-0.03516218081435474,0.00424205377532938,0.4999745786190033,0.00424205377532938,0.00134467528502126,0.014837819185645307,0.0,0.08274097940017418,68476,26082
ciciot2023,0.8,DoS,mlp,2024,2,0.4999873638153076,0.9785445171524886,0.9762208067940552,0.002323710358433373,-0.028544517152488624,-0.02622080679405525,0.010411164621200397,0.49952539801597595,0.010411164621200397,0.0005319854348147335,0.023779193205944793,0.0,0.22319408471378596,25215,9420
ciciot2023,0.8,Mirai,mlp,2024,2,0.4999767541885376,0.9941434073761409,0.995576444567321,-0.0014330371911800421,-0.044143407376140975,-0.04557644456732102,0.0020313552721054474,0.499506413936615,0.0020313552721054474,0.001925831080684559,0.004423555432679027,0.0,0.7054586712912784,18953,7234
ciciot2023,0.8,Recon,mlp,2024,2,0.7058076411485672,0.9500759054435046,0.9491563809308119,0.0009195245126927265,-7.590544350466466e-05,0.0008436190691880618,0.007766012067709327,0.4995450973510742,0.007766012067709327,0.0018588084830893914,0.050843619069188106,0.005099795758724213,0.11840369351421194,23055,8831
ciciot2023,0.8,Spoofing,mlp,2024,2,0.8881870210170746,0.9501391650099403,0.9563736965311769,-0.0062345315212365415,-0.0001391650099403785,-0.00637369653117692,0.019716220658597905,0.4199700951576233,0.0023306680453562944,0.019716220658597905,0.043626303468823124,-0.012912240624428195,0.31621331639528844,12575,4699
ciciot2023,0.8,Web,mlp,2024,2,0.9713908974081278,0.9508196721311475,0.9642416769420469,-0.01342200481089939,-0.0008196721311475308,-0.014241676942046921,0.06694369284169369,0.2995947599411011,0.03834049962893124,0.06694369284169369,0.03575832305795312,-0.002491649240255356,0.20049692870453562,2135,811
ciciot2023,0.8,Benign,mlp,2024,3,0.9370981231331825,0.9501508175900937,0.9495510902094912,0.0005997273806024328,-0.00015081759009372142,0.0004489097905087114,0.020823761801533336,0.5910095423460007,0.020823761801533336,0.01296547339062687,0.050448909790508756,0.00019545685499899879,0.028800146021564294,6299,2339
ciciot2023,0.8,BruteForce,mlp,2024,3,0.9918562900274992,0.9511305616338439,0.9527272727272728,-0.0015967110934288486,-0.0011305616338439517,-0.0027272727272728003,0.025064650885219808,0.9860529685392976,0.024783502420263892,0.025064650885219808,0.047272727272727244,-0.0020057852845639657,0.06370370370370496,1371,550
ciciot2023,0.8,DDoS,mlp,2024,3,0.4999851584434509,0.9855131724983937,0.9842990509991513,0.001214121499242382,-0.0355131724983937,-0.034299050999151315,0.003567838637932974,0.49998199939727783,0.003567838637932974,0.0018438961688184846,0.01570094900084873,0.0,0.34029607906981546,68476,25922
ciciot2023,0.8,DoS,mlp,2024,3,0.4999873638153076,0.9785445171524886,0.9774936601859678,0.0010508569665207412,-0.028544517152488624,-0.027493660185967883,0.015462319906789812,0.49838805198669434,0.015462319906789812,0.0027305703494327482,0.02250633981403216,0.0,0.06796243855097636,25215,9464
ciciot2023,0.8,Mirai,mlp,2024,3,0.4999767541885376,0.9941434073761409,0.9956343792633015,-0.0014909718871605193,-0.044143407376140975,-0.045634379263301494,0.0022214137952653625,0.4999766945838928,0.0022214137952653625,0.0016198395269291233,0.00436562073669855,0.0,0.671181519777324,18953,7330
ciciot2023,0.8,Recon,mlp,2024,3,0.7058076411485672,0.9500759054435046,0.9537795992714025,-0.003703693827897925,-7.590544350466466e-05,-0.0037795992714025894,0.010625754758459505,0.49988439679145813,0.01054293131298048,0.010625754758459505,0.046220400728597455,-0.02476184666156689,0.3485581882970991,23055,8784
ciciot2023,0.8,Spoofing,mlp,2024,3,0.8881870210170746,0.9501391650099403,0.9614583333333333,-0.01131916832339297,-0.0001391650099403785,-0.011458333333333348,0.026576789264413536,0.3677092492580414,0.0016273194168323394,0.026576789264413536,0.038541666666666696,-0.020177121832966827,0.4259042810167215,12575,4800
ciciot2023,0.8,Web,mlp,2024,3,0.9713908974081278,0.9508196721311475,0.9519112207151664,-0.001091548584018942,-0.0008196721311475308,-0.0019112207151664728,0.05769151912953331,0.27345213294029236,0.05240068496117495,0.05769151912953331,0.04808877928483357,-0.0008440818637609482,0.01892043406879468,2135,811
ciciot2023,0.8,Benign,mlp,2024,4,0.9370981231331825,0.9501508175900937,0.9485714285714286,0.001579389018665056,-0.00015081759009372142,0.0014285714285713347,0.012944587900249882,0.5910095423460007,0.012944587900249882,0.007152479661494696,0.05142857142857138,0.0009341146796941757,0.12201153337871556,6299,2450
ciciot2023,0.8,BruteForce,mlp,2024,4,0.9918562900274992,0.9511305616338439,0.9468690702087287,0.004261491425115227,-0.0011305616338439517,0.0031309297912712752,0.03006711260773104,0.8615437746047974,0.03006711260773104,0.009004632416953484,0.05313092979127132,4.620915278796822e-05,0.14173264592156037,1371,527
ciciot2023,0.8,DDoS,mlp,2024,4,0.4999851584434509,0.9855131724983937,0.9860037117228581,-0.0004905392244644036,-0.0355131724983937,-0.0360037117228581,0.005236248861632986,0.4999850392341614,0.0005002350949333458,0.005236248861632986,0.013996288277141944,0.0,0.09368141916605223,68476,25864
ciciot2023,0.8,DoS,mlp,2024,4,0.4999873638153076,0.9785445171524886,0.9798963730569948,-0.0013518559045062606,-0.028544517152488624,-0.029896373056994885,0.007545451089541855,0.49127936363220215,0.007545451089541855,0.0036341761370349834,0.02010362694300516,0.0,0.17916170795672637,25215,9650
ciciot2023,0.8,Mirai,mlp,2024,4,0.4999767541885376,0.9941434073761409,0.9942761412815859,-0.00013273390544499275,-0.044143407376140975,-0.04427614128158597,0.0026476215561011523,0.4999755024909973,0.0026476215561011523,0.000798974139273434,0.0057238587184140766,0.0,0.05013326211184604,18953,7163
ciciot2023,0.8,Recon,mlp,2024,4,0.7058076411485672,0.9500759054435046,0.95311080835604,-0.0030349029125353866,-7.590544350466466e-05,-0.0031108083560400512,0.011862537576001475,0.3719617426395416,0.011862537576001475,0.006082363167806859,0.04688919164395999,-0.015203648060560848,0.2558392665221269,23055,8808
ciciot2023,0.8,Spoofing,mlp,2024,4,0.8881870210170746,0.9501391650099403,0.9553628093928496,-0.005223644382909232,-0.0001391650099403785,-0.00536280939284961,0.016062928542558863,0.49510103464126587,0.016062928542558863,0.006774180388370077,0.044637190607150434,-0.010125979036092803,0.32519875619624045,12575,4727
ciciot2023,0.8,Web,mlp,2024,4,0.9713908974081278,0.9508196721311475,0.9704069050554871,-0.019587232924339615,-0.0008196721311475308,-0.020406905055487146,0.0637181378989711,0.5243297070264816,0.0637181378989711,0.0534194636395926,0.0295930949445129,-0.006141010206192732,0.307404352515705,2135,811
ciciot2023,0.8,Benign,mlp,3407,0,0.9505629222840071,0.9501508175900937,0.9457527333894029,0.004398084200690766,-0.00015081759009372142,0.004247266610597045,0.03017586862480076,0.3844251334667206,0.03017586862480076,0.004339201851763064,0.05424726661059709,0.009483253397047475,0.14574838773907225,6299,2378
ciciot2023,0.8,BruteForce,mlp,3407,0,0.9922989928163588,0.9511305616338439,0.9487632508833922,0.002367310750451712,-0.0011305616338439517,0.0012367491166077604,0.032748013495088824,0.9220102224498987,0.032748013495088824,0.025746598521107333,0.051236749116607805,1.5381956472992897e-06,0.07228868251219984,1371,566
ciciot2023,0.8,DDoS,mlp,3407,0,0.49998313188552856,0.9907996962439395,0.9914039010099452,-0.0006042047660057559,-0.04079969624393953,-0.04140390100994529,0.004283254440411222,0.49986860156059265,0.004283254440411222,0.004273129493591155,0.008596098990054757,0.0,0.1410620766082129,68476,25942
ciciot2023,0.8,DoS,mlp,3407,0,0.4999692142009735,0.9514574657941701,0.9513746409519902,8.282484217991826e-05,-0.0014574657941701652,-0.001374640951990247,0.009914757704179045,0.49936798214912415,0.00491218280278323,0.009914757704179045,0.0486253590480098,0.0,0.008353693015110979,25215,9748
ciciot2023,0.8,Mirai,mlp,3407,0,0.49996721744537354,0.9956207460560333,0.99399273540095,0.001628010655083334,-0.04562074605603339,-0.043992735400950056,0.0039353904182058835,0.4999651610851288,0.0039353904182058835,0.002863268761167076,0.0060072645990499884,0.0,0.4136846620228172,18953,7158
ciciot2023,0.8,Recon,mlp,3407,0,0.7029947489500046,0.9500759054435046,0.955815841354517,-0.005739935911012406,-7.590544350466466e-05,-0.005815841354517071,0.006261838808331532,0.6802946329116821,0.0046727300982707665,0.006261838808331532,0.044184158645482974,-0.026988030225038595,0.9166534123132135,23055,8623
ciciot2023,0.8,Spoofing,mlp,3407,0,0.8851992711424828,0.9501391650099403,0.9570590699622957,-0.0069199049523553935,-0.0001391650099403785,-0.007059069962295772,0.012948700757332787,0.4997482895851135,0.008294381178367671,0.012948700757332787,0.04294093003770427,-0.011045174486935205,0.5344092107802155,12575,4774
ciciot2023,0.8,Web,mlp,3407,0,0.9746853485703468,0.9508196721311475,0.9519112207151664,-0.001091548584018942,-0.0008196721311475308,-0.0019112207151664728,0.16211460105054334,0.39315828680992126,0.013419694655165904,0.16211460105054334,0.04808877928483357,-0.010730261914432049,0.006733191069437503,2135,811
ciciot2023,0.8,Benign,mlp,3407,1,0.9505629222840071,0.9501508175900937,0.9433416046319272,0.0068092129581664995,-0.00015081759009372142,0.006658395368072778,0.021459417390159108,0.4536495506763458,0.021459417390159108,0.010051091912524096,0.05665839536807282,0.011379201803356387,0.31730651556687084,6299,2418
ciciot2023,0.8,BruteForce,mlp,3407,1,0.9922989928163588,0.9511305616338439,0.9523809523809523,-0.0012503907471084208,-0.0011305616338439517,-0.0023809523809523725,0.05493111524887756,0.8183625973761082,0.00926920097313022,0.05493111524887756,0.04761904761904767,-0.0004920463543385267,0.022762886597937237,1371,483
ciciot2023,0.8,DDoS,mlp,3407,1,0.49998313188552856,0.9907996962439395,0.9914318795831725,-0.0006321833392329834,-0.04079969624393953,-0.041431879583172515,0.007629445156409509,0.49998027086257935,0.002516443965504128,0.007629445156409509,0.00856812041682753,0.0,0.08286098481249127,68476,25910
ciciot2023,0.8,DoS,mlp,3407,1,0.4999692142009735,0.9514574657941701,0.9467362924281985,0.004721173365971665,-0.0014574657941701652,0.0032637075718014996,0.006124706117468182,0.49996793270111084,0.006124706117468182,0.00519306289668639,0.053263707571801544,2.9802322387695312e-08,0.7708408004273835,25215,9575
ciciot2023,0.8,Mirai,mlp,3407,1,0.49996721744537354,0.9956207460560333,0.9957353143486036,-0.00011456829257028289,-0.04562074605603339,-0.04573531434860367,0.009902862506645807,0.4999668598175049,0.009902862506645807,0.0008289724397857468,0.004264685651396372,0.0,0.011569209659671247,18953,7269
ciciot2023,0.8,Recon,mlp,3407,1,0.7029947489500046,0.9500759054435046,0.9491719017704169,0.0009040036730877388,-7.590544350466466e-05,0.0008280982295830741,0.007362475028985516,0.29411378502845764,0.007362475028985516,0.004166804457000239,0.05082809822958312,0.004635533690451998,0.12278529564158026,23055,8755
ciciot2023,0.8,Spoofing,mlp,3407,1,0.8851992711424828,0.9501391650099403,0.9531282695124503,-0.0029891045025099983,-0.0001391650099403785,-0.0031282695124503768,0.00950568611765279,0.499961793422699,0.00950568611765279,0.008962787410294465,0.04687173048754967,-0.0033494181931019718,0.31445436610398925,12575,4779
ciciot2023,0.8,Web,mlp,3407,1,0.9746853485703468,0.9508196721311475,0.967940813810111,-0.017121141678963503,-0.0008196721311475308,-0.017940813810111034,0.11999064386927985,0.37149736285209656,0.002285321559239613,0.11999064386927985,0.03205918618988901,-0.012598391622304916,0.14268730566706192,2135,811
ciciot2023,0.8,Benign,mlp,3407,2,0.9505629222840071,0.9501508175900937,0.9488898198575618,0.0012609977325318544,-0.00015081759009372142,0.001110180142438133,0.013980514259616383,0.3809577226638794,0.013980514259616383,0.01079742610144252,0.05111018014243818,0.0005892794579267502,0.09019680600550779,6299,2387
ciciot2023,0.8,BruteForce,mlp,3407,2,0.9922989928163588,0.9511305616338439,0.9589552238805971,-0.007824662246753156,-0.0011305616338439517,-0.008955223880597107,0.03738147337709702,0.736323282122612,0.03738147337709702,0.025677139466779852,0.04104477611940294,-0.005837395670823753,0.2093192573716795,1371,536
ciciot2023,0.8,DDoS,mlp,3407,2,0.49998313188552856,0.9907996962439395,0.9911816578483245,-0.00038196160438497273,-0.04079969624393953,-0.041181657848324504,0.0031788300715275275,0.4999534487724304,0.0031788300715275275,0.0015244623020033224,0.00881834215167554,0.0,0.12015791841349613,68476,26082
ciciot2023,0.8,DoS,mlp,3407,2,0.4999692142009735,0.9514574657941701,0.9466029723991507,0.004854493395019421,-0.0014574657941701652,0.003397027600849256,0.007177003881270766,0.48927217721939087,0.007177003881270766,0.0044209606302991755,0.0533970276008493,2.9802322387695312e-08,0.676395537097004,25215,9420
ciciot2023,0.8,Mirai,mlp,3407,2,0.49996721744537354,0.9956207460560333,0.9965440973182195,-0.0009233512621861228,-0.04562074605603339,-0.04654409731821951,0.005182566697554208,0.4999651610851288,0.005182566697554208,0.0015723162870725504,0.0034559026817805316,0.0,0.17816485847097288,18953,7234
ciciot2023,0.8,Recon,mlp,3407,2,0.7029947489500046,0.9500759054435046,0.9471181066696863,0.0029577987738182987,-7.590544350466466e-05,0.002881893330313634,0.012139340473702909,0.3539060652256012,0.012139340473702909,0.001188985951556032,0.05288189333031368,0.013232588768005371,0.24365399258927534,23055,8831
ciciot2023,0.8,Spoofing,mlp,3407,2,0.8851992711424828,0.9501391650099403,0.9576505639497765,-0.007511398939836211,-0.0001391650099403785,-0.00765056394977659,0.018216607991971556,0.499961793422699,0.018216607991971556,0.008616968121046065,0.042349436050223455,-0.011530810594558849,0.4123379579308422,12575,4699
ciciot2023,0.8,Web,mlp,3407,2,0.9746853485703468,0.9508196721311475,0.9654747225647349,-0.014655050433587391,-0.0008196721311475308,-0.015474722564734922,0.1710421978821647,0.39609843492507935,0.0038233077387329617,0.1710421978821647,0.03452527743526512,-0.014145901426672935,0.08568090573580928,2135,811
ciciot2023,0.8,Benign,mlp,3407,3,0.9505629222840071,0.9501508175900937,0.9478409576742197,0.0023098599158739574,-0.00015081759009372142,0.002159042325780236,0.028515353692887824,0.38438108563423157,0.028515353692887824,0.002570017798382951,0.05215904232578028,0.002671418525278524,0.0810040773385207,6299,2339
ciciot2023,0.8,BruteForce,mlp,3407,3,0.9922989928163588,0.9511305616338439,0.9581818181818181,-0.007051256547974227,-0.0011305616338439517,-0.008181818181818179,0.03934619720177701,0.9800123237073421,0.020810291094755073,0.03934619720177701,0.041818181818181865,-0.005404662434011831,0.17921062388351391,1371,550
ciciot2023,0.8,DDoS,mlp,3407,3,0.49998313188552856,0.9907996962439395,0.9899699097291875,0.0008297865147519623,-0.04079969624393953,-0.03996990972918757,0.005148613215526732,0.49996131658554077,0.005148613215526732,0.0019998300067200075,0.010030090270812475,0.0,0.16116699391004274,68476,25922
ciciot2023,0.8,DoS,mlp,3407,3,0.4999692142009735,0.9514574657941701,0.952134404057481,-0.0006769382633108334,-0.0014574657941701652,-0.0021344040574809986,0.006245909020127671,0.49973034858703613,0.006245909020127671,0.003588986784657855,0.047865595942519046,0.0,0.10838106368974876,25215,9464
ciciot2023,0.8,Mirai,mlp,3407,3,0.49996721744537354,0.9956207460560333,0.9968622100954979,-0.0012414640394645682,-0.04562074605603339,-0.04686221009549796,0.0037065984075348585,0.4999648928642273,0.0037065984075348585,0.0017577479841892618,0.0031377899045020863,0.0,0.33493351665529547,18953,7330
ciciot2023,0.8,Recon,mlp,3407,3,0.7029947489500046,0.9500759054435046,0.9553734061930783,-0.0052975007495736914,-7.590544350466466e-05,-0.005373406193078356,0.010384972736850462,0.34781524538993835,0.010384972736850462,0.0073300304688361795,0.04462659380692169,-0.02733122408390032,0.5101121479862747,23055,8784
ciciot2023,0.8,Spoofing,mlp,3407,3,0.8851992711424828,0.9501391650099403,0.9589583333333334,-0.008819168323393023,-0.0001391650099403785,-0.008958333333333401,0.022905897945659393,0.45075294375419617,0.0001288104705102766,0.022905897945659393,0.04104166666666664,-0.021778398938476995,0.38501735859974145,12575,4800
ciciot2023,0.8,Web,mlp,3407,3,0.9746853485703468,0.9508196721311475,0.9482120838471023,0.0026075882840451703,-0.0008196721311475308,0.0017879161528976395,0.15365538829386335,0.38961926102638245,0.013075481450893323,0.15365538829386335,0.051787916152897684,0.00026353728026151657,0.01697036669523233,2135,811
ciciot2023,0.8,Benign,mlp,3407,4,0.9505629222840071,0.9501508175900937,0.9526530612244898,-0.0025022436343961063,-0.00015081759009372142,-0.0026530612244898277,0.01745745194410514,0.3691388666629791,0.01745745194410514,0.007038953381003132,0.04734693877551022,-0.006413617730140819,0.1433338406090265,6299,2450
ciciot2023,0.8,BruteForce,mlp,3407,4,0.9922989928163588,0.9511305616338439,0.9582542694497154,-0.007123707815871461,-0.0011305616338439517,-0.008254269449715412,0.030649797859427536,0.6853387504816055,0.030649797859427536,0.014949129224641089,0.04174573055028463,-0.002531930338591337,0.23242266877398957,1371,527
ciciot2023,0.8,DDoS,mlp,3407,4,0.49998313188552856,0.9907996962439395,0.9913393133312712,-0.0005396170873317452,-0.04079969624393953,-0.04133931333127128,0.0065247223150578515,0.49998050928115845,0.0003570713778860979,0.0065247223150578515,0.008660686668728768,0.0,0.08270345637337068,68476,25864
ciciot2023,0.8,DoS,mlp,3407,4,0.4999692142009735,0.9514574657941701,0.9489119170984456,0.002545548695724542,-0.0014574657941701652,0.001088082901554377,0.006680269886232285,0.47311365604400635,0.006680269886232285,0.003530939618760498,0.05108808290155442,2.9802322387695312e-08,0.38105476860610016,25215,9650
ciciot2023,0.8,Mirai,mlp,3407,4,0.49996721744537354,0.9956207460560333,0.9956722043836381,-5.145832760478086e-05,-0.04562074605603339,-0.04567220438363817,0.00457831060660506,0.49996596574783325,0.002791176000230818,0.00457831060660506,0.004327795616361874,0.0,0.0112395885789275,18953,7163
ciciot2023,0.8,Recon,mlp,3407,4,0.7029947489500046,0.9500759054435046,0.952316076294278,-0.0022401708507733264,-7.590544350466466e-05,-0.002316076294277991,0.010895858558818888,0.2907491624355316,0.010895858558818888,0.0039668202503549965,0.04768392370572205,-0.012633634358644619,0.20559837838204842,23055,8808
ciciot2023,0.8,Spoofing,mlp,3407,4,0.8851992711424828,0.9501391650099403,0.9543050560609266,-0.004165891050986303,-0.0001391650099403785,-0.004305056060926682,0.01980563414520281,0.4954680800437927,0.01980563414520281,0.005518233943073159,0.04569494393907336,-0.00572635270655153,0.2103386854692223,12575,4727
ciciot2023,0.8,Web,mlp,3407,4,0.9746853485703468,0.9508196721311475,0.9654747225647349,-0.014655050433587391,-0.0008196721311475308,-0.015474722564734922,0.14218546507766458,0.37149736285209656,0.00848751216441379,0.14218546507766458,0.03452527743526512,-0.01314607821404934,0.10306996165594356,2135,811
ciciot2023,0.8,Benign,mlp,42,0,0.9471763074398041,0.9501508175900937,0.947434819175778,0.00271599841431569,-0.00015081759009372142,0.0025651808242219687,0.027042085925235965,0.34829097986221313,0.027042085925235965,0.008444743588733636,0.05256518082422201,0.005636778101325013,0.10043598048703378,6299,2378
ciciot2023,0.8,BruteForce,mlp,42,0,0.9889645790681243,0.9511305616338439,0.950530035335689,0.0006005262981548798,-0.0011305616338439517,-0.0005300353356890719,0.02404553690401634,0.8876707591116428,0.02404553690401634,0.013492511462835644,0.04946996466431097,-0.00021277670748531818,0.024974543115923252,1371,566
ciciot2023,0.8,DDoS,mlp,42,0,0.4999566674232483,0.9909311291547404,0.9910569732480148,-0.0001258440932744298,-0.0409311291547404,-0.04105697324801483,0.0045651643491321225,0.4999566078186035,0.00261374832268485,0.0045651643491321225,0.008943026751985217,0.0,0.027566169287717726,68476,25942
ciciot2023,0.8,DoS,mlp,42,0,0.49992647767066956,0.9604997025580012,0.95814526056627,0.002354441991731182,-0.010499702558001256,-0.008145260566270074,0.00923770387958589,0.4980626106262207,0.00923770387958589,0.00301939634286702,0.04185473943372997,0.0,0.25487307478367965,25215,9748
ciciot2023,0.8,Mirai,mlp,42,0,0.4999059736728668,0.9942489315675619,0.9934339200894104,0.0008150114781514395,-0.04424893156756193,-0.043433920089410494,0.00768247956552337,0.49990591406822205,0.00768247956552337,0.005935411440488203,0.006566079910589551,0.0,0.10608703494753997,18953,7158
ciciot2023,0.8,Recon,mlp,42,0,0.7070764303207397,0.9500759054435046,0.9530325872666126,-0.0029566818231079317,-7.590544350466466e-05,-0.0030325872666125964,0.008246891719811633,0.49978625774383545,0.008246891719811633,0.004979224058518361,0.04696741273338745,-0.015141913294792197,0.35852075224960817,23055,8623
ciciot2023,0.8,Spoofing,mlp,42,0,0.8861571550369263,0.9501391650099403,0.9560117302052786,-0.005872565195338297,-0.0001391650099403785,-0.006011730205278676,0.015699552163350006,0.44811925292015076,0.005604329615103685,0.015699552163350006,0.04398826979472137,-0.012277054786682395,0.37405940846182684,12575,4774
ciciot2023,0.8,Web,mlp,42,0,0.9701506234705448,0.9508196721311475,0.9617755856966708,-0.010955913565523279,-0.0008196721311475308,-0.01177558569667081,0.11056636355498317,0.3927522897720337,0.0005925549456102797,0.11056636355498317,0.038224414303329235,-0.007555638439953327,0.09908902864545283,2135,811
ciciot2023,0.8,Benign,mlp,42,1,0.9471763074398041,0.9501508175900937,0.9511993382961125,-0.0010485207060187962,-0.00015081759009372142,-0.0011993382961125176,0.03304868983496928,0.4040611684322357,0.03304868983496928,0.007444300045788249,0.04880066170388753,-0.004502546321600409,0.031726543813223776,6299,2418
ciciot2023,0.8,BruteForce,mlp,42,1,0.9889645790681243,0.9511305616338439,0.9461697722567288,0.004960789377115082,-0.0011305616338439517,0.0038302277432711307,0.06269169260321389,0.8470393270254135,0.012653410712586854,0.06269169260321389,0.053830227743271175,0.0002201345283537881,0.07912993207110773,1371,483
ciciot2023,0.8,DDoS,mlp,42,1,0.4999566674232483,0.9909311291547404,0.991509069857198,-0.0005779407024576466,-0.0409311291547404,-0.041509069857198044,0.006441875338135783,0.49992483854293823,0.0006196403142449914,0.006441875338135783,0.008490930142802,0.0,0.08971621959776967,68476,25910
ciciot2023,0.8,DoS,mlp,42,1,0.49992647767066956,0.9604997025580012,0.9550913838120104,0.005408318745990792,-0.010499702558001256,-0.005091383812010464,0.011351090801871577,0.4989342987537384,0.011351090801871577,0.0036279950648961945,0.04490861618798958,0.0,0.4764580638452002,25215,9575
ciciot2023,0.8,Mirai,mlp,42,1,0.4999059736728668,0.9942489315675619,0.9955977438437199,-0.001348812276158018,-0.04424893156756193,-0.04559774384371995,0.00904785379814177,0.4999045431613922,0.00904785379814177,0.0015035491528061495,0.004402256156280093,0.0,0.1490753836489969,18953,7269
ciciot2023,0.8,Recon,mlp,42,1,0.7070764303207397,0.9500759054435046,0.9484865790976584,0.001589326345846187,-7.590544350466466e-05,0.0015134209023415224,0.008091296097369027,0.27692002058029175,0.008091296097369027,0.007197522969493775,0.05151342090234157,0.0065023228526105425,0.19642419789370627,23055,8755
ciciot2023,0.8,Spoofing,mlp,42,1,0.8861571550369263,0.9501391650099403,0.957522494245658,-0.007383329235717717,-0.0001391650099403785,-0.007522494245658096,0.013734991182846407,0.4465710520744324,0.007649686730006988,0.013734991182846407,0.04247750575434195,-0.013823674246669304,0.5375561685790332,12575,4779
ciciot2023,0.8,Web,mlp,42,1,0.9701506234705448,0.9508196721311475,0.9580764488286067,-0.007256776697459166,-0.0008196721311475308,-0.008076448828606697,0.07845057854962648,0.3552325367927551,0.024424121491090023,0.07845057854962648,0.04192355117139335,-0.0021147215738892555,0.09250125150917345,2135,811
ciciot2023,0.8,Benign,mlp,42,2,0.9471763074398041,0.9501508175900937,0.9459572685379137,0.004193549052179946,-0.00015081759009372142,0.004042731462086224,0.026293531939589387,0.4440942406654358,0.026293531939589387,0.006085045650977783,0.05404273146208627,0.006436991132795722,0.15948975823464187,6299,2387
ciciot2023,0.8,BruteForce,mlp,42,2,0.9889645790681243,0.9511305616338439,0.9496268656716418,0.0015036959622021229,-0.0011305616338439517,0.0003731343283581712,0.02508518675767768,0.9037423431873322,0.016427708285704973,0.02508518675767768,0.050373134328358216,-4.957406781613827e-05,0.05994358251057849,1371,536
ciciot2023,0.8,DDoS,mlp,42,2,0.4999566674232483,0.9909311291547404,0.9901848017790047,0.0007463273757356559,-0.0409311291547404,-0.04018480177900474,0.00495065755738916,0.498992383480072,0.00495065755738916,0.0019457981242539668,0.009815198220995303,0.0,0.150753181185339,68476,26082
ciciot2023,0.8,DoS,mlp,42,2,0.49992647767066956,0.9604997025580012,0.959447983014862,0.0010517195431392068,-0.010499702558001256,-0.00944798301486205,0.009736899606062943,0.4973532259464264,0.007483160741192624,0.009736899606062943,0.040552016985137995,0.0,0.10801380169148764,25215,9420
ciciot2023,0.8,Mirai,mlp,42,2,0.4999059736728668,0.9942489315675619,0.9961293889964059,-0.001880457428844018,-0.04424893156756193,-0.04612938899640595,0.004009795282339246,0.4999057948589325,0.001381347258597768,0.004009795282339246,0.0038706110035940933,0.0,0.4689659437543633,18953,7234
ciciot2023,0.8,Recon,mlp,42,2,0.7070764303207397,0.9500759054435046,0.9514211301098403,-0.001345224666335687,-7.590544350466466e-05,-0.0014211301098403517,0.006888761890700645,0.2990414798259735,0.006888761890700645,0.0047593328258153655,0.04857886989015969,-0.006501197814941406,0.19527814833484777,23055,8831
ciciot2023,0.8,Spoofing,mlp,42,2,0.8861571550369263,0.9501391650099403,0.952755905511811,-0.0026167405018706624,-0.0001391650099403785,-0.002755905511811041,0.01388977901055044,0.3674277067184448,0.007024581601685842,0.01388977901055044,0.047244094488189003,-0.004252393543720534,0.1883932422454692,12575,4699
ciciot2023,0.8,Web,mlp,42,2,0.9701506234705448,0.9508196721311475,0.9617755856966708,-0.010955913565523279,-0.0008196721311475308,-0.01177558569667081,0.11220022119741146,0.43406862020492554,0.000936768149882904,0.11220022119741146,0.038224414303329235,-0.0026183174923062325,0.09764609595775056,2135,811
ciciot2023,0.8,Benign,mlp,42,3,0.9471763074398041,0.9501508175900937,0.9461308251389483,0.004019992451145371,-0.00015081759009372142,0.0038691748610516496,0.020216839864305225,0.5438117235898972,0.020216839864305225,0.00793953260223515,0.053869174861051694,0.00421837884932752,0.19884375986194827,6299,2339
ciciot2023,0.8,BruteForce,mlp,42,3,0.9889645790681243,0.9511305616338439,0.96,-0.008869438366156057,-0.0011305616338439517,-0.010000000000000009,0.04066175983025,0.8190999329090118,0.011436907366885407,0.04066175983025,0.040000000000000036,-0.00048304544761779145,0.21812726264635765,1371,550
ciciot2023,0.8,DDoS,mlp,42,3,0.4999566674232483,0.9909311291547404,0.9906257233238176,0.00030540583092275586,-0.0409311291547404,-0.04062572332381764,0.003864631680317754,0.49995625019073486,0.003864631680317754,0.0016217225055170509,0.009374276676182403,0.0,0.07902585710254414,68476,25922
ciciot2023,0.8,DoS,mlp,42,3,0.49992647767066956,0.9604997025580012,0.959425190194421,0.001074512363580249,-0.010499702558001256,-0.009425190194421007,0.00827027462386451,0.49425289034843445,0.00827027462386451,0.0021848451583499386,0.04057480980557904,0.0,0.1299246291628166,25215,9464
ciciot2023,0.8,Mirai,mlp,42,3,0.4999059736728668,0.9942489315675619,0.9953615279672579,-0.0011125963996959642,-0.04424893156756193,-0.0453615279672579,0.0045116630504596356,0.49980273842811584,0.0045116630504596356,0.0017917014365038397,0.004638472032742147,0.0,0.24660449755497943,18953,7330
ciciot2023,0.8,Recon,mlp,42,3,0.7070764303207397,0.9500759054435046,0.9508196721311475,-0.0007437666876428661,-7.590544350466466e-05,-0.0008196721311475308,0.011550604221551464,0.3605634272098541,0.011550604221551464,0.003936002408116535,0.049180327868852514,-0.004647285491227726,0.064392015636301,23055,8784
ciciot2023,0.8,Spoofing,mlp,42,3,0.8861571550369263,0.9501391650099403,0.9589583333333334,-0.008819168323393023,-0.0001391650099403785,-0.008958333333333401,0.017050612988734254,0.4040718078613281,0.003189612326043756,0.017050612988734254,0.04104166666666664,-0.018924899585544996,0.5172346782617174,12575,4800
ciciot2023,0.8,Web,mlp,42,3,0.9701506234705448,0.9508196721311475,0.9408138101109741,0.010005862020173395,-0.0008196721311475308,0.009186189889025864,0.09292254914134401,0.3440347909927368,0.013848806082640053,0.09292254914134401,0.05918618988902591,0.006889170967042446,0.10767959028925832,2135,811
ciciot2023,0.8,Benign,mlp,42,4,0.9471763074398041,0.9501508175900937,0.953469387755102,-0.003318570165008361,-0.00015081759009372142,-0.0034693877551020824,0.017439697263252008,0.4866425693035126,0.017439697263252008,0.007442127192200831,0.04653061224489796,-0.0037054434418679616,0.19028828969417225,6299,2450
ciciot2023,0.8,BruteForce,mlp,42,4,0.9889645790681243,0.9511305616338439,0.9487666034155597,0.002363958218284168,-0.0011305616338439517,0.0012333965844402162,0.035217164440421445,0.903506200760603,0.01780027321156455,0.035217164440421445,0.05123339658444026,-1.4179758727528302e-05,0.06712517193947823,1371,527
ciciot2023,0.8,DDoS,mlp,42,4,0.4999566674232483,0.9909311291547404,0.9910300030931024,-9.887393836205405e-05,-0.0409311291547404,-0.04103000309310245,0.003036483286234515,0.49820277094841003,0.003036483286234515,0.0028413688558106553,0.008969996906897593,0.0,0.03256198998699767,68476,25864
ciciot2023,0.8,DoS,mlp,42,4,0.49992647767066956,0.9604997025580012,0.9620725388601036,-0.001572836302102365,-0.010499702558001256,-0.012072538860103621,0.0075203200660845515,0.49428293108940125,0.0075203200660845515,0.006165299666392343,0.03792746113989642,0.0,0.2091448619581508,25215,9650
ciciot2023,0.8,Mirai,mlp,42,4,0.4999059736728668,0.9942489315675619,0.9948345665224068,-0.0005856349548448714,-0.04424893156756193,-0.044834566522406805,0.00872588422160614,0.49990591406822205,0.001537326744595122,0.00872588422160614,0.00516543347759324,0.0,0.06711468316239885,18953,7163
ciciot2023,0.8,Recon,mlp,42,4,0.7070764303207397,0.9500759054435046,0.9526566757493188,-0.0025807703058141618,-7.590544350466466e-05,-0.0026566757493188264,0.014528889865899397,0.33982715010643005,0.014528889865899397,0.004503048331882531,0.04734332425068122,-0.013844191655516647,0.17763024770883978,23055,8808
ciciot2023,0.8,Spoofing,mlp,42,4,0.8861571550369263,0.9501391650099403,0.9528242013962344,-0.0026850363862940263,-0.0001391650099403785,-0.002824201396234405,0.011930633251474865,0.484732985496521,0.011930633251474865,0.006961606708385193,0.04717579860376564,-0.005931646004319391,0.2250539707070538,12575,4727
ciciot2023,0.8,Web,mlp,42,4,0.9701506234705448,0.9508196721311475,0.9556103575832305,-0.004790685452083054,-0.0008196721311475308,-0.005610357583230585,0.08712983363991025,0.3490980863571167,0.007581931116931395,0.08712983363991025,0.04438964241676946,-0.00430387444794178,0.054983296213808645,2135,811
ciciot2023,0.8,Benign,mlp,512,0,0.946769580245018,0.9501508175900937,0.9465937762825904,0.003557041307503228,-0.00015081759009372142,0.0034062237174095067,0.027319540621543903,0.3698192536830902,0.027319540621543903,0.009264089471261894,0.05340622371740955,0.002614537626504987,0.13020135868237048,6299,2378
ciciot2023,0.8,BruteForce,mlp,512,0,0.9913658266887069,0.9511305616338439,0.9469964664310954,0.0041340952027485445,-0.0011305616338439517,0.0030035335689045928,0.04087058271669847,0.886735487729311,0.04087058271669847,0.005997530883289132,0.05300353356890464,0.0003864592872560024,0.10115087498029432,1371,566
ciciot2023,0.8,DDoS,mlp,512,0,0.4999713897705078,0.9902301536304691,0.9895150720838795,0.0007150815465896132,-0.04023015363046911,-0.0395150720838795,0.004125159807643608,0.4990370571613312,0.004125159807643608,0.001279762654403438,0.010484927916120546,0.0,0.17334638654837597,68476,25942
ciciot2023,0.8,DoS,mlp,512,0,0.49994534254074097,0.9501090620662305,0.9535289290110792,-0.0034198669448487484,-0.00010906206623051418,-0.0035289290110792626,0.007907945708759412,0.4980606138706207,0.007907945708759412,0.003610789638326617,0.04647107098892078,-2.4348497390525026e-06,0.4324595882165272,25215,9748
ciciot2023,0.8,Mirai,mlp,512,0,0.49992477893829346,0.9943544557589827,0.9931545124336407,0.0011999433253420122,-0.04435445575898278,-0.04315451243364077,0.004893754402277489,0.4999242424964905,0.0014139769902127286,0.004893754402277489,0.006845487566359276,0.0,0.2451989263669575,18953,7158
ciciot2023,0.8,Recon,mlp,512,0,0.7060759365558624,0.9500759054435046,0.9548880899918821,-0.004812184548377507,-7.590544350466466e-05,-0.004888089991882172,0.006698813523007274,0.6614363417029381,0.006254233299438028,0.006698813523007274,0.04511191000811787,-0.026261305809020974,0.7183637119991348,23055,8623
ciciot2023,0.8,Spoofing,mlp,512,0,0.8845076337456703,0.9501391650099403,0.954754922496858,-0.004615757486917671,-0.0001391650099403785,-0.0047549224968580495,0.017650560816083793,0.4982247054576874,0.005441535953945368,0.017650560816083793,0.045245077503141995,-0.00883432738482981,0.2615076957051492,12575,4774
ciciot2023,0.8,Web,mlp,512,0,0.9736529514193535,0.9508196721311475,0.9605425400739828,-0.009722867942835278,-0.0008196721311475308,-0.010542540073982809,0.09083994374770789,0.28967925906181335,0.0227400179614608,0.09083994374770789,0.039457459926017235,-0.011572630144655704,0.10703295864910319,2135,811
ciciot2023,0.8,Benign,mlp,512,1,0.946769580245018,0.9501508175900937,0.945822994210091,0.004327823380002704,-0.00015081759009372142,0.004177005789908983,0.016771407122666115,0.4545843005180359,0.016771407122666115,0.0016876127881971102,0.05417700578990903,0.0032006915658712165,0.2580477206443677,6299,2418
ciciot2023,0.8,BruteForce,mlp,512,1,0.9913658266887069,0.9511305616338439,0.9648033126293996,-0.01367275099555565,-0.0011305616338439517,-0.014803312629399601,0.06789259324698393,0.967947511933744,0.0027046495508107338,0.06789259324698393,0.035196687370600444,-0.004928939510136843,0.20138796209795756,1371,483
ciciot2023,0.8,DDoS,mlp,512,1,0.4999713897705078,0.9902301536304691,0.9889617908143574,0.0012683628161116456,-0.04023015363046911,-0.038961790814357466,0.0030755098220554555,0.49987736344337463,0.0030755098220554555,0.002207996247756472,0.011038209185642578,0.0,0.4124073371562054,68476,25910
ciciot2023,0.8,DoS,mlp,512,1,0.49994534254074097,0.9501090620662305,0.9472584856396867,0.0028505764265437383,-0.00010906206623051418,0.002741514360313224,0.013487309400254444,0.4990500509738922,0.013487309400254444,0.005702540398007938,0.05274151436031327,3.2782554626464844e-07,0.2113524901037683,25215,9575
ciciot2023,0.8,Mirai,mlp,512,1,0.49992477893829346,0.9943544557589827,0.9954601733388362,-0.001105717579853449,-0.04435445575898278,-0.04546017333883623,0.007935785023660949,0.49992096424102783,0.007935785023660949,0.001737258598078495,0.004539826661163815,0.0,0.1393331064988146,18953,7269
ciciot2023,0.8,Recon,mlp,512,1,0.7060759365558624,0.9500759054435046,0.9495145631067962,0.0005613423367084591,-7.590544350466466e-05,0.00048543689320379446,0.007224498910744198,0.34055450558662415,0.007224498910744198,0.0032631228107593002,0.05048543689320384,0.001906000822782028,0.07769982993196065,23055,8755
ciciot2023,0.8,Spoofing,mlp,512,1,0.8845076337456703,0.9501391650099403,0.9589872358233941,-0.008848070813453734,-0.0001391650099403785,-0.008987235823394113,0.01922925722501151,0.446394145488739,0.00443654041434588,0.01922925722501151,0.04101276417660593,-0.017551891505718675,0.46013586015922875,12575,4779
ciciot2023,0.8,Web,mlp,512,1,0.9736529514193535,0.9508196721311475,0.966707768187423,-0.015888096056275502,-0.0008196721311475308,-0.016707768187423033,0.07245976719405596,0.2593192160129547,0.043080939193813395,0.07245976719405596,0.03329223181257701,-0.017726345919072628,0.21926783195045704,2135,811
ciciot2023,0.8,Benign,mlp,512,2,0.946769580245018,0.9501508175900937,0.9455383326351068,0.004612484954986895,-0.00015081759009372142,0.004461667364893174,0.016026509683977064,0.3555503189563751,0.016026509683977064,0.013468267184934879,0.05446166736489322,0.004735280014574461,0.28780346101174803,6299,2387
ciciot2023,0.8,BruteForce,mlp,512,2,0.9913658266887069,0.9511305616338439,0.9552238805970149,-0.004093318963171,-0.0011305616338439517,-0.0052238805970149516,0.030890405739355753,0.8523993790149689,0.030890405739355753,0.018600923174064032,0.04477611940298509,-0.0035363183123990893,0.13251101321585845,1371,536
ciciot2023,0.8,DDoS,mlp,512,2,0.4999713897705078,0.9902301536304691,0.9896096925082433,0.0006204611222258016,-0.04023015363046911,-0.03960969250824331,0.006889050269318464,0.499875009059906,0.006889050269318464,0.0004631243859459788,0.010390307491756734,0.0,0.09006482722141379,68476,26082
ciciot2023,0.8,DoS,mlp,512,2,0.49994534254074097,0.9501090620662305,0.947452229299363,0.0026568327668674563,-0.00010906206623051418,0.002547770700636942,0.008705893645855833,0.49795031547546387,0.008705893645855833,0.0038427485408922823,0.052547770700636987,2.9951334001854235e-07,0.30517634087250284,25215,9420
ciciot2023,0.8,Mirai,mlp,512,2,0.49992477893829346,0.9943544557589827,0.9964058612109483,-0.002051405451965582,-0.04435445575898278,-0.04640586121094836,0.004352136239812468,0.49988701939582825,0.004352136239812468,0.003986995405204807,0.003594138789051682,0.0,0.4713559821955336,18953,7234
ciciot2023,0.8,Recon,mlp,512,2,0.7060759365558624,0.9500759054435046,0.9531196919941116,-0.003043786550606997,-7.590544350466466e-05,-0.003119691994111662,0.008401595678125762,0.4928697347640991,0.008401595678125762,0.0044824450135869665,0.04688030800588838,-0.015032082796096802,0.36228672114414445,23055,8831
ciciot2023,0.8,Spoofing,mlp,512,2,0.8845076337456703,0.9501391650099403,0.9561608852947435,-0.006021720284803189,-0.0001391650099403785,-0.006160885294743568,0.016402508549469286,0.3903423249721527,0.003915117509456986,0.016402508549469286,0.04383911470525648,-0.016358641907573412,0.3671219110565881,12575,4699
ciciot2023,0.8,Web,mlp,512,2,0.9736529514193535,0.9508196721311475,0.9605425400739828,-0.009722867942835278,-0.0008196721311475308,-0.010542540073982809,0.08923092027941326,0.8757195360958576,0.02330427349933728,0.08923092027941326,0.039457459926017235,-0.0157625749707222,0.10896299077034702,2135,811
ciciot2023,0.8,Benign,mlp,512,3,0.946769580245018,0.9501508175900937,0.9516887558785806,-0.0015379382884869175,-0.00015081759009372142,-0.001688755878580639,0.018986570681326587,0.624748669564724,0.018986570681326587,0.01203119912693379,0.048311244121419405,-0.001477066054940357,0.08100137272285245,6299,2339
ciciot2023,0.8,BruteForce,mlp,512,3,0.9913658266887069,0.9511305616338439,0.9527272727272728,-0.0015967110934288486,-0.0011305616338439517,-0.0027272727272728003,0.049645248988793855,0.9019347503781319,0.006458457661958739,0.049645248988793855,0.047272727272727244,-0.0011028611799702714,0.03216241485241146,1371,550
ciciot2023,0.8,DDoS,mlp,512,3,0.4999713897705078,0.9902301536304691,0.9903171051616387,-8.695153116966559e-05,-0.04023015363046911,-0.04031710516163878,0.005435456030860375,0.49997133016586304,0.005435456030860375,0.0015557429566938688,0.009682894838361267,0.0,0.01599709953976062,68476,25922
ciciot2023,0.8,DoS,mlp,512,3,0.49994534254074097,0.9501090620662305,0.9498098055790364,0.00029925648719408837,-0.00010906206623051418,0.0001901944209635742,0.014235021754584243,0.4980745017528534,0.014235021754584243,0.0019879082158860625,0.05019019442096362,2.9802322387695312e-08,0.02102255215013745,25215,9464
ciciot2023,0.8,Mirai,mlp,512,3,0.49992477893829346,0.9943544557589827,0.9953615279672579,-0.0010070722082751171,-0.04435445575898278,-0.0453615279672579,0.0032110737921457033,0.49961382150650024,0.0032110737921457033,0.002272016460046322,0.004638472032742147,0.0,0.3136247478143975,18953,7330
ciciot2023,0.8,Recon,mlp,512,3,0.7060759365558624,0.9500759054435046,0.9551457194899818,-0.005069814046477217,-7.590544350466466e-05,-0.0051457194899818814,0.008733199772935463,0.2960919141769409,0.008733199772935463,0.0062988037633930904,0.04485428051001816,-0.02636628076434122,0.5805219367806945,23055,8784
ciciot2023,0.8,Spoofing,mlp,512,3,0.8845076337456703,0.9501391650099403,0.9591666666666666,-0.009027501656726278,-0.0001391650099403785,-0.009166666666666656,0.023080682571239214,0.4193865954875946,0.002107770046388337,0.023080682571239214,0.04083333333333339,-0.017730964720249154,0.3911280192369799,12575,4800
ciciot2023,0.8,Web,mlp,512,3,0.9736529514193535,0.9508196721311475,0.9519112207151664,-0.001091548584018942,-0.0008196721311475308,-0.0019112207151664728,0.07709567221200299,0.25717586278915405,0.02288382515586332,0.07709567221200299,0.04808877928483357,-0.004243047907948494,0.014158363922391474,2135,811
ciciot2023,0.8,Benign,mlp,512,4,0.946769580245018,0.9501508175900937,0.9481632653061225,0.0019875522839711834,-0.00015081759009372142,0.001836734693877462,0.014691739213545385,0.8678851649165154,0.013597234416865639,0.014691739213545385,0.051836734693877506,0.000920997746288732,0.13528366213706775,6299,2450
ciciot2023,0.8,BruteForce,mlp,512,4,0.9913658266887069,0.9511305616338439,0.9544592030360531,-0.0033286414022092314,-0.0011305616338439517,-0.004459203036053183,0.033721005872526244,0.9671313092112541,0.011262018748347813,0.033721005872526244,0.04554079696394686,-0.0031030188314616902,0.09871121326547377,1371,527
ciciot2023,0.8,DDoS,mlp,512,4,0.4999713897705078,0.9902301536304691,0.9897154345808846,0.0005147190495844445,-0.04023015363046911,-0.03971543458088467,0.003813469646897938,0.4998514652252197,0.003813469646897938,0.003464777416330625,0.010284565419115377,0.0,0.13497394688932218,68476,25864
ciciot2023,0.8,DoS,mlp,512,4,0.49994534254074097,0.9501090620662305,0.9511917098445596,-0.0010826477783291155,-0.00010906206623051418,-0.0011917098445596297,0.011406916065874961,0.49839985370635986,0.011406916065874961,0.002459305927572153,0.048808290155440415,-3.710389137046022e-07,0.09491152315637484,25215,9650
ciciot2023,0.8,Mirai,mlp,512,4,0.49992477893829346,0.9943544557589827,0.9942761412815859,7.831447739681252e-05,-0.04435445575898278,-0.04427614128158597,0.006511901830180314,0.49984878301620483,0.0018319415068637976,0.006511901830180314,0.0057238587184140766,0.0,0.012026360261429801,18953,7163
ciciot2023,0.8,Recon,mlp,512,4,0.7060759365558624,0.9500759054435046,0.9516348773841962,-0.0015589719406915448,-7.590544350466466e-05,-0.0016348773841962094,0.012297996675406597,0.4843195676803589,0.012297996675406597,0.0034054627100105206,0.048365122615803835,-0.009705775231123814,0.1267663329108846,23055,8808
ciciot2023,0.8,Spoofing,mlp,512,4,0.8845076337456703,0.9501391650099403,0.9543050560609266,-0.004165891050986303,-0.0001391650099403785,-0.004305056060926682,0.015011635286651115,0.4998195767402649,0.015011635286651115,0.008396332392781036,0.04569494393907336,-0.00798786357045178,0.27751080887841467,12575,4727
ciciot2023,0.8,Web,mlp,512,4,0.9736529514193535,0.9508196721311475,0.9568434032059187,-0.006023731074771166,-0.0008196721311475308,-0.006843403205918697,0.06506149345792774,0.2593192160129547,0.0529453041753177,0.06506149345792774,0.04315659679408135,-0.008644540794193745,0.09258519524557847,2135,811
ciciot2023,0.8,Benign,mlp,6021,0,0.9375636726617813,0.9501508175900937,0.945332211942809,0.004818605647284646,-0.00015081759009372142,0.004667788057190925,0.03388892812895261,0.3868626058101654,0.03388892812895261,0.002171703866914676,0.05466778805719097,0.005858179740607983,0.142188198722282,6299,2378
ciciot2023,0.8,BruteForce,mlp,6021,0,0.990678389556706,0.9511305616338439,0.9628975265017667,-0.011766964867922836,-0.0011305616338439517,-0.012897526501766787,0.028713146886670593,0.8408875837922096,0.02319242872938429,0.028713146886670593,0.03710247349823326,-0.0008089365437626839,0.40981104977334876,1371,566
ciciot2023,0.8,DDoS,mlp,6021,0,0.4999959468841553,0.9969332320813131,0.9976871482537969,-0.0007539161724837706,-0.04693323208131317,-0.04768714825379694,0.0013767822298876575,0.49998998641967773,0.0013767822298876575,0.0010685168357768837,0.002312851746203104,0.0,0.5475928989476343,68476,25942
ciciot2023,0.8,DoS,mlp,6021,0,0.5,0.9979377354749157,0.9982560525235946,-0.00031831704867890664,-0.047937735474915755,-0.04825605252359466,0.005721378825726209,0.49985334277153015,0.0038379741364193976,0.005721378825726209,0.001743947476405383,0.0,0.05563642233365014,25215,9748
ciciot2023,0.8,Mirai,mlp,6021,0,0.4999959468841553,0.9954096976731915,0.9935736239172953,0.0018360737558962281,-0.045409697673191585,-0.04357362391729536,0.0019415979473171863,0.6300352513790131,0.0019415979473171863,8.694173217444243e-05,0.006426376082704688,0.0,0.9456508534288642,18953,7158
ciciot2023,0.8,Recon,mlp,6021,0,0.6558943539857864,0.9500759054435046,0.9511770845413429,-0.0011011790978382452,-7.590544350466466e-05,-0.0011770845413429099,0.008889496860124524,0.4929015338420868,0.008889496860124524,0.003870781498482856,0.048822915458657135,-0.005358946323395286,0.12387417591402579,23055,8623
ciciot2023,0.8,Spoofing,mlp,6021,0,0.8804953172802925,0.9501391650099403,0.9530791788856305,-0.002940013875690206,-0.0001391650099403785,-0.0030791788856305846,0.016319910449327457,0.5583459660410881,0.002741756415840943,0.016319910449327457,0.04692082111436946,-0.009467281959950946,0.180148897557913,12575,4774
ciciot2023,0.8,Web,mlp,6021,0,0.9706390453502536,0.9508196721311475,0.9642416769420469,-0.01342200481089939,-0.0008196721311475308,-0.014241676942046921,0.056048998403104844,0.2752799391746521,0.05538078585722661,0.056048998403104844,0.03575832305795312,-0.009193006437271833,0.2394691286785934,2135,811
ciciot2023,0.8,Benign,mlp,6021,1,0.9375636726617813,0.9501508175900937,0.9400330851943756,0.010117732395718115,-0.00015081759009372142,0.009966914805624394,0.0293224691618702,0.4467199742794037,0.0293224691618702,0.002965665641256749,0.05996691480562444,0.01070882305502896,0.3450504914802612,6299,2418
ciciot2023,0.8,BruteForce,mlp,6021,1,0.990678389556706,0.9511305616338439,0.9585921325051759,-0.007461570871332035,-0.0011305616338439517,-0.008592132505175987,0.05395254857722748,0.6782264411449432,0.010293071657356712,0.05395254857722748,0.04140786749482406,-0.0006756829097867012,0.13829876563943166,1371,483
ciciot2023,0.8,DDoS,mlp,6021,1,0.4999959468841553,0.9969332320813131,0.9974913160941722,-0.0005580840128590614,-0.04693323208131317,-0.04749131609417223,0.004166649288070881,0.49982577562332153,0.0001251732345396439,0.004166649288070881,0.002508683905827813,0.0,0.13394072173457366,68476,25910
ciciot2023,0.8,DoS,mlp,6021,1,0.5,0.9979377354749157,0.9981201044386423,-0.00018236896372658684,-0.047937735474915755,-0.04812010443864234,0.004523292892611774,0.4998026192188263,0.004523292892611774,0.0019326843972126972,0.0018798955613577029,0.0,0.040317743744709394,25215,9575
ciciot2023,0.8,Mirai,mlp,6021,1,0.4999959468841553,0.9954096976731915,0.9954601733388362,-5.0475665644644785e-05,-0.045409697673191585,-0.04546017333883623,0.002223106840804955,0.4998493194580078,0.002223106840804955,0.0006065935257286714,0.004539826661163815,0.0,0.022705011166430613,18953,7269
ciciot2023,0.8,Recon,mlp,6021,1,0.6558943539857864,0.9500759054435046,0.9470017133066819,0.0030741921368226954,-7.590544350466466e-05,0.0029982866933180308,0.007636693274754247,0.49963876605033875,0.004563417675880199,0.007636693274754247,0.052998286693318075,0.012061853706836656,0.40255540274028156,23055,8755
ciciot2023,0.8,Spoofing,mlp,6021,1,0.8804953172802925,0.9501391650099403,0.9525005231219921,-0.002361358112051737,-0.0001391650099403785,-0.0025005231219921153,0.013756706465538227,0.4089428782463074,0.011497618182930047,0.013756706465538227,0.04749947687800793,-0.0069194309413443955,0.1716514136553796,12575,4779
ciciot2023,0.8,Web,mlp,6021,1,0.9706390453502536,0.9508196721311475,0.9630086313193588,-0.012188959188211279,-0.0008196721311475308,-0.01300863131935881,0.07729896591653984,0.556738018989563,0.07729896591653984,0.060574593484783334,0.036991368680641235,-0.012472856789827347,0.1576859281839782,2135,811
ciciot2023,0.8,Benign,mlp,6021,2,0.9375636726617813,0.9501508175900937,0.9451193967322999,0.005031420857793734,-0.00015081759009372142,0.004880603267700012,0.01915838643634654,0.4420432150363922,0.01915838643634654,0.005111629890780733,0.05488060326770006,0.004914808273315363,0.2626223703395145,6299,2387
ciciot2023,0.8,BruteForce,mlp,6021,2,0.990678389556706,0.9511305616338439,0.9552238805970149,-0.004093318963171,-0.0011305616338439517,-0.0052238805970149516,0.04502786940570669,0.6723426952958107,0.04502786940570669,0.019281328586825186,0.04477611940298509,-0.00035497918725013733,0.09090634349783883,1371,536
ciciot2023,0.8,DDoS,mlp,6021,2,0.4999959468841553,0.9969332320813131,0.9968177287017866,0.0001155033795264826,-0.04693323208131317,-0.04681772870178669,0.0028728397332736383,0.49970385432243347,0.000713508621917873,0.0028728397332736383,0.003182271298213357,0.0,0.04020529867667383,68476,26082
ciciot2023,0.8,DoS,mlp,6021,2,0.5,0.9979377354749157,0.9980891719745223,-0.00015143649960658312,-0.047937735474915755,-0.04808917197452234,0.004129707445901548,0.49791446328163147,0.004129707445901548,0.003539812390511654,0.0019108280254777066,0.0,0.03667003088968771,25215,9420
ciciot2023,0.8,Mirai,mlp,6021,2,0.4999959468841553,0.9954096976731915,0.9959911528891346,-0.0005814552159431052,-0.045409697673191585,-0.04599115288913469,0.0027900747919117354,0.4997274577617645,0.0027900747919117354,0.0005814552159431052,0.0040088471108653545,0.0,0.20840130079262037,18953,7234
ciciot2023,0.8,Recon,mlp,6021,2,0.6558943539857864,0.9500759054435046,0.9481372438002491,0.0019386616432555126,-7.590544350466466e-05,0.001862756199750848,0.009596563986003726,0.49290159344673157,0.009596563986003726,0.001593512100187544,0.05186275619975089,0.0076323002576828,0.2020162264413583,23055,8831
ciciot2023,0.8,Spoofing,mlp,6021,2,0.8804953172802925,0.9501391650099403,0.9540327729304108,-0.0038936079204704432,-0.0001391650099403785,-0.004032772930410822,0.018898551656648777,0.49975430965423584,0.018898551656648777,0.0062800384329476655,0.04596722706958922,-0.009140172600746288,0.20602678931221785,12575,4699
ciciot2023,0.8,Web,mlp,6021,2,0.9706390453502536,0.9508196721311475,0.969173859432799,-0.018354187301651503,-0.0008196721311475308,-0.019173859432799034,0.05688180954498595,0.5440189093351364,0.05688180954498595,0.04952049830059169,0.03082614056720101,-0.016813154332339764,0.32267235252309934,2135,811
ciciot2023,0.8,Benign,mlp,6021,3,0.9375636726617813,0.9501508175900937,0.943993159469859,0.006157658120234721,-0.00015081759009372142,0.006006840530141,0.021985275457514497,0.5234484523534775,0.021985275457514497,0.003845558389562298,0.056006840530141044,0.008187966421246529,0.28008100840647204,6299,2339
ciciot2023,0.8,BruteForce,mlp,6021,3,0.990678389556706,0.9511305616338439,0.96,-0.008869438366156057,-0.0011305616338439517,-0.010000000000000009,0.022665605729063037,0.49994081258773804,0.022665605729063037,0.019636628870764505,0.040000000000000036,-0.0008347363211214098,0.391317067462406,1371,550
ciciot2023,0.8,DDoS,mlp,6021,3,0.4999959468841553,0.9969332320813131,0.997068127459301,-0.00013489537798783147,-0.04693323208131317,-0.047068127459301,0.001441775618253885,0.4991018772125244,0.0012431192394061208,0.001441775618253885,0.002931872540699043,0.0,0.09356197752268931,68476,25922
ciciot2023,0.8,DoS,mlp,6021,3,0.5,0.9979377354749157,0.9985207100591716,-0.0005829745842559353,-0.047937735474915755,-0.04852071005917169,0.0048376984140952595,0.49985358119010925,0.0011797945948863742,0.0048376984140952595,0.0014792899408283544,0.0,0.12050659928642173,25215,9464
ciciot2023,0.8,Mirai,mlp,6021,3,0.4999959468841553,0.9954096976731915,0.9963165075034106,-0.0009068098302190686,-0.045409697673191585,-0.04631650750341065,0.001619839526929148,0.4973319172859192,0.001619839526929148,0.001030415656622763,0.003683492496589391,0.0,0.5598146082644226,18953,7330
ciciot2023,0.8,Recon,mlp,6021,3,0.6558943539857864,0.9500759054435046,0.9527550091074681,-0.0026791036639635113,-7.590544350466466e-05,-0.002755009107468176,0.012886845189633248,0.24929550290107727,0.012886845189633248,0.004374280794441465,0.04724499089253187,-0.009810633957386017,0.20789445551178823,23055,8784
ciciot2023,0.8,Spoofing,mlp,6021,3,0.8804953172802925,0.9501391650099403,0.9577083333333334,-0.00756916832339305,-0.0001391650099403785,-0.007708333333333428,0.022702948972829706,0.373148113489151,0.0024026673293571776,0.022702948972829706,0.042291666666666616,-0.015255517140030816,0.33340022621958193,12575,4800
ciciot2023,0.8,Web,mlp,6021,3,0.9706390453502536,0.9508196721311475,0.9605425400739828,-0.009722867942835278,-0.0008196721311475308,-0.010542540073982809,0.05538078585722661,0.4999959468841553,0.05538078585722661,0.04495158779891249,0.039457459926017235,-0.0076173534616827965,0.17556392153591202,2135,811
ciciot2023,0.8,Benign,mlp,6021,4,0.9375636726617813,0.9501508175900937,0.9493877551020408,0.0007630624880529124,-0.00015081759009372142,0.000612244897959191,0.01932344298252714,0.44206055998802185,0.01932344298252714,0.005332300883522212,0.050612244897959235,0.001562671735882648,0.0394889507394152,6299,2450
ciciot2023,0.8,BruteForce,mlp,6021,4,0.990678389556706,0.9511305616338439,0.9734345351043643,-0.022303973470520377,-0.0011305616338439517,-0.02343453510436433,0.03482132600340199,0.8130838125944138,0.030900310996142655,0.03482132600340199,0.026565464895635715,-0.0009118929505348428,0.6405262530307236,1371,527
ciciot2023,0.8,DDoS,mlp,6021,4,0.4999959468841553,0.9969332320813131,0.9971002165171667,-0.0001669844358536121,-0.04693323208131317,-0.04710021651716678,0.0038093997753430864,0.4994557201862335,0.0008416254971228415,0.0038093997753430864,0.0028997834828332625,0.0,0.04383484162897368,68476,25864
ciciot2023,0.8,DoS,mlp,6021,4,0.5,0.9979377354749157,0.9980310880829015,-9.335260798581935e-05,-0.047937735474915755,-0.048031088082901574,0.006343066210897169,0.4978142976760864,0.006343066210897169,0.002244695617687864,0.0019689119170984704,0.0,0.014717268412781627,25215,9650
ciciot2023,0.8,Mirai,mlp,6021,4,0.4999959468841553,0.9954096976731915,0.995532598073433,-0.00012290040024143245,-0.045409697673191585,-0.04553259807343302,0.0014507992647248761,0.497761070728302,0.0014507992647248761,0.0006439656872100352,0.004467401926567027,0.0,0.08471220190805569,18953,7163
ciciot2023,0.8,Recon,mlp,6021,4,0.6558943539857864,0.9500759054435046,0.9465258855585831,0.0035500198849215403,-7.590544350466466e-05,0.0034741144414168756,0.013679008909508517,0.4929817020893097,0.013679008909508517,0.0015626061834128624,0.05347411444141692,0.012096321955323175,0.25952317952317877,23055,8808
ciciot2023,0.8,Spoofing,mlp,6021,4,0.8804953172802925,0.9501391650099403,0.9515548973979268,-0.0014157323879864236,-0.0001391650099403785,-0.0015548973979268021,0.01571500970904005,0.4979298412799835,0.01571500970904005,0.010285349464457139,0.04844510260207324,-0.006347180530428931,0.09008791048802371,12575,4727
ciciot2023,0.8,Web,mlp,6021,4,0.9706390453502536,0.9508196721311475,0.9605425400739828,-0.009722867942835278,-0.0008196721311475308,-0.010542540073982809,0.07835990493709158,0.5516424030065536,0.07835990493709158,0.03575601290221977,0.039457459926017235,-0.008049585856497288,0.12407962912462607,2135,811
ciciot2023,0.8,Benign,mlp,7,0,0.9438073933124542,0.9504683283060803,0.93986543313709,0.010602895168990267,-0.0004683283060803456,0.010134566862909922,0.022703551673800892,0.36659350991249084,0.022703551673800892,0.002622534368398684,0.060134566862909966,0.011315682716667719,0.4670148231135853,6299,2378
ciciot2023,0.8,BruteForce,mlp,7,0,0.9926693062298,0.9511305616338439,0.9487632508833922,0.002367310750451712,-0.0011305616338439517,0.0012367491166077604,0.03604446471972436,0.6570125222206116,0.03604446471972436,0.024320026392228744,0.051236749116607805,0.00019297993276268244,0.06567751161959315,1371,566
ciciot2023,0.8,DDoS,mlp,7,0,0.4999619722366333,0.9948157018517437,0.9949888212165601,-0.00017311936481634316,-0.04481570185174377,-0.044988821216560115,0.003795630111232018,0.49960801005363464,0.003795630111232018,0.003497566223085613,0.005011178783439929,0.0,0.045610177952811796,68476,25942
ciciot2023,0.8,DoS,mlp,7,0,0.4999637007713318,0.9908387864366448,0.9908699220352893,-3.11355986445383e-05,-0.04083878643664485,-0.040869922035289385,0.012117398904505416,0.49971458315849304,0.0032119626769894216,0.012117398904505416,0.009130077964710659,0.0,0.0025694952266498094,25215,9748
ciciot2023,0.8,Mirai,mlp,7,0,0.49996519088745117,0.9943016936632723,0.9931545124336407,0.0011471812296315331,-0.0443016936632723,-0.04315451243364077,0.0176651521040998,0.4999651312828064,0.0013548094375069701,0.0176651521040998,0.006845487566359276,0.0,0.06494035391664081,18953,7158
ciciot2023,0.8,Recon,mlp,7,0,0.677262507379055,0.9500759054435046,0.9538443697089181,-0.0037684642654134404,-7.590544350466466e-05,-0.003844369708918105,0.008529331749154156,0.4998830258846283,0.008529331749154156,0.0044176739250233465,0.04615563029108194,-0.012445546686649434,0.44182409316968524,23055,8623
ciciot2023,0.8,Spoofing,mlp,7,0,0.8785589709877968,0.9501391650099403,0.9541265186426476,-0.003987353632707302,-0.0001391650099403785,-0.004126518642647681,0.018965569798635895,0.4950520992279053,0.0013579353372850456,0.018965569798635895,0.045873481357352364,-0.010736678168178249,0.21024169982987245,12575,4774
ciciot2023,0.8,Web,mlp,7,0,0.9775333572179079,0.9508196721311475,0.9580764488286067,-0.007256776697459166,-0.0008196721311475308,-0.008076448828606697,0.14319846836674877,0.3936639428138733,0.006393933531044116,0.14319846836674877,0.04192355117139335,-0.0007142992690205574,0.050676356948690784,2135,811
ciciot2023,0.8,Benign,mlp,7,1,0.9438073933124542,0.9504683283060803,0.9441687344913151,0.006299593814765192,-0.0004683283060803456,0.005831265508684846,0.027848434198136374,0.4162929654121399,0.027848434198136374,0.003273853255161094,0.05583126550868489,0.010508906468749024,0.22620998257728842,6299,2418
ciciot2023,0.8,BruteForce,mlp,7,1,0.9926693062298,0.9511305616338439,0.9565217391304348,-0.005391177496590904,-0.0011305616338439517,-0.006521739130434856,0.05011529871200687,0.7219225019216537,0.005386647095333208,0.05011529871200687,0.04347826086956519,-0.002171996701508805,0.10757548363767927,1371,483
ciciot2023,0.8,DDoS,mlp,7,1,0.4999619722366333,0.9948157018517437,0.9952527981474334,-0.0004370962956896651,-0.04481570185174377,-0.04525279814743344,0.007238133663713731,0.4999573826789856,0.0027559067367080026,0.007238133663713731,0.004747201852566607,0.0,0.06038798342187569,68476,25910
ciciot2023,0.8,DoS,mlp,7,1,0.4999637007713318,0.9908387864366448,0.9900783289817232,0.0007604574549215926,-0.04083878643664485,-0.040078328981723255,0.00814921699494009,0.49976158142089844,0.00814921699494009,0.0068874830504657425,0.00992167101827679,0.0,0.09331662850477124,25215,9575
ciciot2023,0.8,Mirai,mlp,7,1,0.49996519088745117,0.9943016936632723,0.9949098913193012,-0.0006081976560289304,-0.0443016936632723,-0.04490989131930123,0.007554880291703758,0.49996381998062134,0.007554880291703758,0.0035286584084152084,0.005090108680698813,0.0,0.08050394348363277,18953,7269
ciciot2023,0.8,Recon,mlp,7,1,0.677262507379055,0.9500759054435046,0.9473443746430611,0.002731530800443527,-7.590544350466466e-05,0.002655625356938862,0.007536097042047163,0.36735597252845764,0.004607337183535856,0.007536097042047163,0.05265562535693891,0.015426062047481204,0.3624596107511791,23055,8755
ciciot2023,0.8,Spoofing,mlp,7,1,0.8785589709877968,0.9501391650099403,0.9562670014647415,-0.006127836454801194,-0.0001391650099403785,-0.006267001464741573,0.020058231901747076,0.4284053444862366,0.009392267445754443,0.020058231901747076,0.04373299853525847,-0.01421124637126936,0.30550232367527164,12575,4779
ciciot2023,0.8,Web,mlp,7,1,0.9775333572179079,0.9508196721311475,0.9630086313193588,-0.012188959188211279,-0.0008196721311475308,-0.01300863131935881,0.0849773460353396,0.4122260808944702,0.013222176339962532,0.0849773460353396,0.036991368680641235,-0.010823043994605541,0.14343774849290122,2135,811
ciciot2023,0.8,Benign,mlp,7,2,0.9438073933124542,0.9504683283060803,0.9488898198575618,0.0015785084485184786,-0.0004683283060803456,0.001110180142438133,0.02143795907783025,0.4200044870376587,0.02143795907783025,0.009560238347193772,0.05111018014243818,0.003313568048179061,0.07363147036467992,6299,2387
ciciot2023,0.8,BruteForce,mlp,7,2,0.9926693062298,0.9511305616338439,0.9589552238805971,-0.007824662246753156,-0.0011305616338439517,-0.008955223880597107,0.0434697410104837,0.6830703318119049,0.0434697410104837,0.03914780582862498,0.04104477611940294,-0.0034984443336725235,0.18000250438267076,1371,536
ciciot2023,0.8,DDoS,mlp,7,2,0.4999619722366333,0.9948157018517437,0.9949006977992485,-8.499594750477346e-05,-0.04481570185174377,-0.044900697799248546,0.004566968060789156,0.4999615550041199,0.004566968060789156,0.0027874776025191145,0.005099302200751499,0.0,0.018611022974854452,68476,26082
ciciot2023,0.8,DoS,mlp,7,2,0.4999637007713318,0.9908387864366448,0.9897027600849256,0.001136026351719166,-0.04083878643664485,-0.03970276008492568,0.007643817311250634,0.4974512755870819,0.007643817311250634,0.005179279849346574,0.010297239915074363,0.0,0.1486202908129546,25215,9420
ciciot2023,0.8,Mirai,mlp,7,2,0.49996519088745117,0.9943016936632723,0.9959911528891346,-0.0016894592258623886,-0.0443016936632723,-0.04599115288913469,0.0038350618669487635,0.4999430775642395,0.0038350618669487635,0.0025494726335903994,0.0040088471108653545,0.0,0.4405298491850796,18953,7234
ciciot2023,0.8,Recon,mlp,7,2,0.677262507379055,0.9500759054435046,0.9487034310950062,0.0013724743484984092,-7.590544350466466e-05,0.0012965689049937446,0.007845143219353978,0.42975738644599915,0.007845143219353978,0.001843385988137769,0.05129656890499379,0.004186742007732391,0.17494573523049436,23055,8831
ciciot2023,0.8,Spoofing,mlp,7,2,0.8785589709877968,0.9501391650099403,0.9578633751862098,-0.007724210176269453,-0.0001391650099403785,-0.007863375186209831,0.018723428740178627,0.3807453215122223,0.00535641228178918,0.018723428740178627,0.04213662481379021,-0.01958189234137564,0.41254250401765685,12575,4699
ciciot2023,0.8,Web,mlp,7,2,0.9775333572179079,0.9508196721311475,0.9654747225647349,-0.014655050433587391,-0.0008196721311475308,-0.015474722564734922,0.12690089720673295,0.4122260808944702,0.005648908307031242,0.12690089720673295,0.03452527743526512,-0.01362687163054943,0.11548421450254208,2135,811
ciciot2023,0.8,Benign,mlp,7,3,0.9438073933124542,0.9504683283060803,0.9486960239418555,0.0017723043642248193,-0.0004683283060803456,0.0013039760581444737,0.015892504093261484,0.7568776309490204,0.015892504093261484,0.011442806566675456,0.05130397605814452,0.0024595819413661957,0.11151825752722548,6299,2339
ciciot2023,0.8,BruteForce,mlp,7,3,0.9926693062298,0.9511305616338439,0.9581818181818181,-0.007051256547974227,-0.0011305616338439517,-0.008181818181818179,0.029230157151382552,0.9753292631357908,0.02410450235395528,0.029230157151382552,0.041818181818181865,-0.003686022572219394,0.24123224899051599,1371,550
ciciot2023,0.8,DDoS,mlp,7,3,0.4999619722366333,0.9948157018517437,0.994792068513232,2.3633338511741542e-05,-0.04481570185174377,-0.04479206851323203,0.003724317817233258,0.4997066557407379,0.003724317817233258,0.0013245790474813862,0.005207931486768014,0.0,0.006345682530740196,68476,25922
ciciot2023,0.8,DoS,mlp,7,3,0.4999637007713318,0.9908387864366448,0.9900676246830094,0.000771161753635452,-0.04083878643664485,-0.040067624683009395,0.009304260619869442,0.4976969063282013,0.009304260619869442,0.0015878784800671952,0.00993237531699065,0.0,0.08288264754628864,25215,9464
ciciot2023,0.8,Mirai,mlp,7,3,0.49996519088745117,0.9943016936632723,0.9957708049113233,-0.001469111248051047,-0.0443016936632723,-0.04577080491132335,0.003317605718000341,0.49994373321533203,0.003317605718000341,0.003279736497600272,0.004229195088676696,0.0,0.4428227381210753,18953,7330
ciciot2023,0.8,Recon,mlp,7,3,0.677262507379055,0.9500759054435046,0.9567395264116576,-0.0066636209681529834,-7.590544350466466e-05,-0.006739526411657648,0.009088891733120996,0.4998989999294281,0.007529837772113024,0.009088891733120996,0.043260473588342396,-0.02139397710561708,0.7331610017830844,23055,8784
ciciot2023,0.8,Spoofing,mlp,7,3,0.8785589709877968,0.9501391650099403,0.95875,-0.008610834990059657,-0.0001391650099403785,-0.008750000000000036,0.017828031809145134,0.41581976413726807,0.006377153744201447,0.017828031809145134,0.04125000000000001,-0.022599165141582445,0.4829941455255095,12575,4800
ciciot2023,0.8,Web,mlp,7,3,0.9775333572179079,0.9508196721311475,0.9543773119605425,-0.003557639829395054,-0.0008196721311475308,-0.004377311960542585,0.10536620299915969,0.3825477361679077,0.015025252889860341,0.10536620299915969,0.04562268803945746,-0.0006774226203560829,0.03376452532339451,2135,811
ciciot2023,0.8,Benign,mlp,7,4,0.9438073933124542,0.9504683283060803,0.9473469387755102,0.0031213895305700623,-0.0004683283060803456,0.0026530612244897167,0.014144324819942294,0.359738826751709,0.014144324819942294,0.004374584887137933,0.05265306122448976,0.002669302094727599,0.22068140899657288,6299,2450
ciciot2023,0.8,BruteForce,mlp,7,4,0.9926693062298,0.9511305616338439,0.952561669829222,-0.0014311081953780613,-0.0011305616338439517,-0.002561669829222013,0.044320064441390306,0.8125097900629044,0.01233465786964183,0.044320064441390306,0.04743833017077803,-0.0030261362902820332,0.03229030041846139,1371,527
ciciot2023,0.8,DDoS,mlp,7,4,0.4999619722366333,0.9948157018517437,0.9948190535106712,-3.3516589275084385e-06,-0.04481570185174377,-0.04481905351067128,0.009041578765421221,0.49995923042297363,0.004233624033884331,0.009041578765421221,0.005180946489328764,0.0,0.00037069399210750494,68476,25864
ciciot2023,0.8,DoS,mlp,7,4,0.4999637007713318,0.9908387864366448,0.9916062176165803,-0.000767431179935496,-0.04083878643664485,-0.04160621761658034,0.008706635884758951,0.4997348487377167,0.004239827637755766,0.008706635884758951,0.008393782383419701,0.0,0.08814324959642468,25215,9650
ciciot2023,0.8,Mirai,mlp,7,4,0.49996519088745117,0.9943016936632723,0.9942761412815859,2.5552381686333447e-05,-0.0443016936632723,-0.04427614128158597,0.004629768934209855,0.4999639391899109,0.0025686367798477576,0.004629768934209855,0.0057238587184140766,0.0,0.0055191483742361705,18953,7163
ciciot2023,0.8,Recon,mlp,7,4,0.677262507379055,0.9500759054435046,0.9506130790190735,-0.0005371735755689278,-7.590544350466466e-05,-0.0006130790190735924,0.014722036570527619,0.3782407343387604,0.014722036570527619,0.002185524249853854,0.04938692098092645,-0.0024378091096879384,0.03648772185801438,23055,8808
ciciot2023,0.8,Spoofing,mlp,7,4,0.8785589709877968,0.9501391650099403,0.9469007827374656,0.003238382272474749,-0.0001391650099403785,0.0030992172625343706,0.01713678159517612,0.4990091919898987,0.01713678159517612,0.007064715577909775,0.053099217262534415,0.006984784454107218,0.18897260576550326,12575,4727
ciciot2023,0.8,Web,mlp,7,4,0.9775333572179079,0.9508196721311475,0.967940813810111,-0.017121141678963503,-0.0008196721311475308,-0.017940813810111034,0.1187575982465918,0.3851352334022522,0.0014813873640256991,0.1187575982465918,0.03205918618988901,-0.01152681466192007,0.14416881051612931,2135,811
ciciot2023,0.8,Benign,mlp,88,0,0.9433549288660288,0.9501508175900937,0.943650126156434,0.006500691433659722,-0.00015081759009372142,0.006349873843566001,0.01904964155870792,0.3979305922985077,0.01904964155870792,0.0005707982804217791,0.056349873843566045,0.010035214293748207,0.34125006570993166,6299,2378
ciciot2023,0.8,BruteForce,mlp,88,0,0.990042544901371,0.9511305616338439,0.9399293286219081,0.011201233011935763,-0.0011305616338439517,0.010070671378091811,0.035670746637181616,0.7544518932700157,0.035670746637181616,0.014225772114445423,0.060070671378091856,0.00248603499494493,0.31401734104046175,1371,566
ciciot2023,0.8,DDoS,mlp,88,0,0.4999873638153076,0.9937204275950698,0.9944491558091126,-0.0007287282140427953,-0.04372042759506989,-0.044449155809112684,0.0037198556982626085,0.49998730421066284,0.0037198556982626085,0.0009732198410371817,0.005550844190887361,0.0,0.1959022803984451,68476,25942
ciciot2023,0.8,DoS,mlp,88,0,0.4999445080757141,0.9926234384295063,0.993331965531391,-0.0007085271018847372,-0.04262343842950633,-0.04333196553139107,0.0067792324539937,0.49994444847106934,0.00519307854787765,0.0067792324539937,0.006668034468608974,0.0,0.10451435419762575,25215,9748
ciciot2023,0.8,Mirai,mlp,88,0,0.4999399185180664,0.99641217749169,0.9960882928192233,0.00032388467246668995,-0.04641217749169002,-0.04608829281922333,0.0012576366647002145,0.49909552931785583,0.0012576366647002145,0.0010751659076015845,0.003911707180776713,0.0,0.25753437503660487,18953,7158
ciciot2023,0.8,Recon,mlp,88,0,0.6871093064546585,0.9500759054435046,0.9496694885770613,0.000406416866443271,-7.590544350466466e-05,0.00033051142293860636,0.00697755642997111,0.3119753897190094,0.00697755642997111,0.005338669865406875,0.05033051142293865,0.0004146650433539678,0.05824630306070541,23055,8623
ciciot2023,0.8,Spoofing,mlp,88,0,0.8847934007644653,0.9501391650099403,0.9537075827398408,-0.003568417729900464,-0.0001391650099403785,-0.0037075827398408423,0.011290647401722892,0.44618716835975647,0.004888590534713799,0.011290647401722892,0.0462924172601592,-0.006670511513948818,0.3160507633385082,12575,4774
ciciot2023,0.8,Web,mlp,88,0,0.973558334633708,0.9508196721311475,0.9531442663378545,-0.0023245942067070535,-0.0008196721311475308,-0.0031442663378545843,0.08085429559020146,0.5057074278593063,0.08085429559020146,0.0560628593375051,0.04685573366214546,-0.00225723534822464,0.02875041072015431,2135,811
ciciot2023,0.8,Benign,mlp,88,1,0.9433549288660288,0.9501508175900937,0.9396195202646815,0.010531297325412137,-0.00015081759009372142,0.010380479735318415,0.027656194459424854,0.4736158549785614,0.027656194459424854,0.003160465950258491,0.06038047973531846,0.011997873149812266,0.38079343638051455,6299,2418
ciciot2023,0.8,BruteForce,mlp,88,1,0.990042544901371,0.9511305616338439,0.9565217391304348,-0.005391177496590904,-0.0011305616338439517,-0.006521739130434856,0.06595358150871422,0.9098015204071999,0.008213617480100213,0.06595358150871422,0.04347826086956519,-0.0017426170408725294,0.08174199752713333,1371,483
ciciot2023,0.8,DDoS,mlp,88,1,0.4999873638153076,0.9937204275950698,0.9940949440370513,-0.00037451644198149836,-0.04372042759506989,-0.04409494403705139,0.0030139828294363236,0.4999234080314636,0.0016832994294777581,0.0030139828294363236,0.005905055962948658,0.0,0.12425964684461742,68476,25910
ciciot2023,0.8,DoS,mlp,88,1,0.4999445080757141,0.9926234384295063,0.9914360313315926,0.0011874070979136508,-0.04262343842950633,-0.04143603133159268,0.006017016063938899,0.4672224521636963,0.003422265643404032,0.006017016063938899,0.008563968668407362,0.0,0.1973415203309832,25215,9575
ciciot2023,0.8,Mirai,mlp,88,1,0.4999399185180664,0.99641217749169,0.9968358783876737,-0.0004237008959837585,-0.04641217749169002,-0.04683587838767378,0.003434348612079245,0.4998593032360077,0.003434348612079245,0.0009438818822389283,0.003164121612326265,0.0,0.12337154547838368,18953,7269
ciciot2023,0.8,Recon,mlp,88,1,0.6871093064546585,0.9500759054435046,0.9483723586521987,0.00170354679130591,-7.590544350466466e-05,0.0016276413478012453,0.010678831354664159,0.31189069151878357,0.010678831354664159,0.00746879343104867,0.05162764134780129,0.009241515398024425,0.15952558240952622,23055,8755
ciciot2023,0.8,Spoofing,mlp,88,1,0.8847934007644653,0.9501391650099403,0.9556392550742834,-0.005500090064343044,-0.0001391650099403785,-0.005639255074283422,0.013342635128754582,0.42604726552963257,0.012601403506144582,0.013342635128754582,0.04436074492571662,-0.012996781617403474,0.4122191764421298,12575,4779
ciciot2023,0.8,Web,mlp,88,1,0.973558334633708,0.9508196721311475,0.966707768187423,-0.015888096056275502,-0.0008196721311475308,-0.016707768187423033,0.08085429559020146,0.5057074278593063,0.08085429559020146,0.04427009185756736,0.03329223181257701,-0.017289625480771065,0.19650280718296112,2135,811
ciciot2023,0.8,Benign,mlp,88,2,0.9433549288660288,0.9501508175900937,0.9459572685379137,0.004193549052179946,-0.00015081759009372142,0.004042731462086224,0.02444074318258138,0.4039398729801178,0.02444074318258138,0.004264845970390674,0.05404273146208627,0.0048225801438089855,0.1715802592765934,6299,2387
ciciot2023,0.8,BruteForce,mlp,88,2,0.990042544901371,0.9511305616338439,0.9552238805970149,-0.004093318963171,-0.0011305616338439517,-0.0052238805970149516,0.035555265249246126,0.7591870203614235,0.035555265249246126,0.03012154762293562,0.04477611940298509,-0.0017088109161704779,0.11512553582363698,1371,536
ciciot2023,0.8,DDoS,mlp,88,2,0.4999873638153076,0.9937204275950698,0.9937888198757764,-6.83922807065418e-05,-0.04372042759506989,-0.04378881987577643,0.006000204820737376,0.49998730421066284,0.0024256874320072175,0.006000204820737376,0.006211180124223614,0.0,0.011398324348890635,68476,26082
ciciot2023,0.8,DoS,mlp,88,2,0.4999445080757141,0.9926234384295063,0.9910828025477707,0.0015406358817355859,-0.04262343842950633,-0.04108280254777075,0.0075223776161950084,0.4994964599609375,0.0075223776161950084,0.004287017004083356,0.008917197452229297,0.0,0.20480703845799156,25215,9420
ciciot2023,0.8,Mirai,mlp,88,2,0.4999399185180664,0.99641217749169,0.9988941111418302,-0.0024819336501402667,-0.04641217749169002,-0.04889411114183029,0.0024819336501402667,0.4999399185180664,0.0008146981049013454,0.0024819336501402667,0.0011058888581697568,0.0,1.0,18953,7234
ciciot2023,0.8,Recon,mlp,88,2,0.6871093064546585,0.9500759054435046,0.9521005548635488,-0.002024649420044211,-7.590544350466466e-05,-0.0021005548635488758,0.010829189704325476,0.31765103340148926,0.010829189704325476,0.0034093291506936962,0.04789944513645117,-0.01048579066991806,0.1869622266599975,23055,8831
ciciot2023,0.8,Spoofing,mlp,88,2,0.8847934007644653,0.9501391650099403,0.9531815279846776,-0.003042362974737256,-0.0001391650099403785,-0.0031815279846776345,0.010001163480914899,0.35320568084716797,0.0056125303932946236,0.010001163480914899,0.04681847201532241,-0.006246147304773353,0.30420090427908325,12575,4699
ciciot2023,0.8,Web,mlp,88,2,0.973558334633708,0.9508196721311475,0.9704069050554871,-0.019587232924339615,-0.0008196721311475308,-0.020406905055487146,0.07868448181763055,0.5046562701463699,0.07868448181763055,0.048721184416844476,0.0295930949445129,-0.013784383423626423,0.24893387453116295,2135,811
ciciot2023,0.8,Benign,mlp,88,3,0.9433549288660288,0.9501508175900937,0.9474134245404019,0.002737393049691783,-0.00015081759009372142,0.0025865754595980617,0.014174023157377369,0.822748601436615,0.014174023157377369,0.005837907589449576,0.052586575459598106,0.008251457661390238,0.19312745713040624,6299,2339
ciciot2023,0.8,BruteForce,mlp,88,3,0.990042544901371,0.9511305616338439,0.9527272727272728,-0.0015967110934288486,-0.0011305616338439517,-0.0027272727272728003,0.04777402029043165,0.9141799286007881,0.007251508520655148,0.04777402029043165,0.047272727272727244,-0.0016705869231372628,0.033422163002443474,1371,550
ciciot2023,0.8,DDoS,mlp,88,3,0.4999873638153076,0.9937204275950698,0.9933261322428825,0.0003942953521873793,-0.04372042759506989,-0.04332613224288251,0.0048504906217978205,0.4999443292617798,0.0048504906217978205,0.0013620250723727634,0.006673867757117535,0.0,0.08128978755580706,68476,25922
ciciot2023,0.8,DoS,mlp,88,3,0.4999445080757141,0.9926234384295063,0.9922865595942519,0.0003368788352543506,-0.04262343842950633,-0.04228655959425198,0.015185809477211099,0.49582746624946594,0.015185809477211099,0.0018257147449934896,0.007713440405748062,0.0,0.022183791766905468,25215,9464
ciciot2023,0.8,Mirai,mlp,88,3,0.4999399185180664,0.99641217749169,0.9968622100954979,-0.0004500326038079372,-0.04641217749169002,-0.04686221009549796,0.002936739686863801,0.49989601969718933,0.002936739686863801,0.0007281457132164437,0.0031377899045020863,0.0,0.15324225222308874,18953,7330
ciciot2023,0.8,Recon,mlp,88,3,0.6871093064546585,0.9500759054435046,0.9517304189435337,-0.0016545135000290978,-7.590544350466466e-05,-0.0017304189435337625,0.014509361078817229,0.32128262519836426,0.014509361078817229,0.00560999593511835,0.04826958105646628,-0.007491253316402435,0.11403076200540528,23055,8784
ciciot2023,0.8,Spoofing,mlp,88,3,0.8847934007644653,0.9501391650099403,0.958125,-0.00798583499005967,-0.0001391650099403785,-0.008125000000000049,0.01662069251159709,0.3241889178752899,0.008501076872100721,0.01662069251159709,0.041874999999999996,-0.016792043671011836,0.4804754666201515,12575,4800
ciciot2023,0.8,Web,mlp,88,3,0.973558334633708,0.9508196721311475,0.9519112207151664,-0.001091548584018942,-0.0008196721311475308,-0.0019112207151664728,0.09084283144237462,0.5021478086709976,0.09084283144237462,0.04046237767003469,0.04808877928483357,-0.002568923868238926,0.012015792184013514,2135,811
ciciot2023,0.8,Benign,mlp,88,4,0.9433549288660288,0.9501508175900937,0.9497959183673469,0.0003548992227467851,-0.00015081759009372142,0.00020408163265306367,0.016419580691460572,0.3106575012207031,0.016419580691460572,0.004382943842722087,0.05020408163265311,-2.1115504205249103e-05,0.021614390124551696,6299,2450
ciciot2023,0.8,BruteForce,mlp,88,4,0.990042544901371,0.9511305616338439,0.952561669829222,-0.0014311081953780613,-0.0011305616338439517,-0.002561669829222013,0.02858756264558482,0.7225993052124977,0.02858756264558482,0.02225414765327327,0.04743833017077803,-0.0016714318655430827,0.05006051803437281,1371,527
ciciot2023,0.8,DDoS,mlp,88,4,0.4999873638153076,0.9937204275950698,0.9940844416950201,-0.00036401409995023837,-0.04372042759506989,-0.04408444169502013,0.00854577264835632,0.49998730421066284,0.00854577264835632,0.0036698271214325173,0.005915558304979918,0.0,0.04259580905422896,68476,25864
ciciot2023,0.8,DoS,mlp,88,4,0.4999445080757141,0.9926234384295063,0.9923316062176166,0.00029183221188966435,-0.04262343842950633,-0.04233160621761667,0.005535482929706084,0.4854907989501953,0.005535482929706084,0.001332992225410612,0.007668393782383376,0.0,0.052720280343301444,25215,9650
ciciot2023,0.8,Mirai,mlp,88,4,0.4999399185180664,0.99641217749169,0.9967890548652799,-0.00037687737358993445,-0.04641217749169002,-0.046789054865279955,0.0023123690049124002,0.49920839071273804,0.0023123690049124002,0.0006023408648089257,0.003210945134720089,0.0,0.16298323182385493,18953,7163
ciciot2023,0.8,Recon,mlp,88,4,0.6871093064546585,0.9500759054435046,0.9501589464123524,-8.304096884781398e-05,-7.590544350466466e-05,-0.00015894641235247864,0.010477832005800602,0.4739483594894409,0.010477832005800602,0.0032038213323547504,0.049841053587647566,-0.0020248301327230322,0.007925396093566102,23055,8808
ciciot2023,0.8,Spoofing,mlp,88,4,0.8847934007644653,0.9501391650099403,0.9504971440660038,-0.00035797905606349545,-0.0001391650099403785,-0.000497144066003874,0.01922133372811574,0.4905925691127777,0.01922133372811574,0.009576305652440276,0.04950285593399617,-0.003826551139354706,0.01862404873288613,12575,4727
ciciot2023,0.8,Web,mlp,88,4,0.973558334633708,0.9508196721311475,0.9630086313193588,-0.012188959188211279,-0.0008196721311475308,-0.01300863131935881,0.08914140174474514,0.4999358654022217,0.08914140174474514,0.05359676809212899,0.036991368680641235,-0.011894511058926582,0.1367373515520224,2135,811
ciciot2023,0.8,Benign,mlp,91,0,0.9440074600279331,0.9501508175900937,0.9465937762825904,0.003557041307503228,-0.00015081759009372142,0.0034062237174095067,0.019481178410713312,0.35780176520347595,0.019481178410713312,0.0032405987520413553,0.05340622371740955,0.0062754762358963045,0.1825886110435239,6299,2378
ciciot2023,0.8,BruteForce,mlp,91,0,0.991369117051363,0.9511305616338439,0.9558303886925795,-0.004699827058735617,-0.0011305616338439517,-0.005830388692579569,0.026125471335823103,0.972593991085887,0.02496952264602703,0.026125471335823103,0.044169611307420475,-0.0013745485339313745,0.17989444088196183,1371,566
ciciot2023,0.8,DDoS,mlp,91,0,0.4999740719795227,0.9864770138442666,0.9866625549302289,-0.00018554108596235963,-0.036477013844266604,-0.03666255493022896,0.005611861828812681,0.49997392296791077,0.0032178956693325045,0.005611861828812681,0.013337445069771081,0.0,0.03306230474345359,68476,25942
ciciot2023,0.8,DoS,mlp,91,0,0.4999294877052307,0.9794566726155066,0.9803036520311859,-0.0008469794156792387,-0.029456672615506663,-0.0303036520311859,0.009324060108101107,0.49943557381629944,0.009324060108101107,0.003248008855480128,0.019696347968814143,0.0,0.09083804757364766,25215,9748
ciciot2023,0.8,Mirai,mlp,91,0,0.49991941452026367,0.9953041734817707,0.9938530315730651,0.0014511419087055444,-0.04530417348177074,-0.04385303157306519,0.001782943106848905,0.49980705976486206,0.001782943106848905,0.0005239649080023279,0.006146968426934851,0.0,0.8139025317920707,18953,7158
ciciot2023,0.8,Recon,mlp,91,0,0.689473956823349,0.9500759054435046,0.9531485561869419,-0.003072650743437322,-7.590544350466466e-05,-0.0031485561869419865,0.010211270926561489,0.30589982867240906,0.010211270926561489,0.005244436000585884,0.04685144381305806,-0.017362669855356505,0.3009077680472431,23055,8623
ciciot2023,0.8,Spoofing,mlp,91,0,0.8836667090654373,0.9501391650099403,0.9558022622538752,-0.005663097243934878,-0.0001391650099403785,-0.005802262253875257,0.017699450552653984,0.5215997099876404,0.0009876892811542977,0.017699450552653984,0.04419773774612479,-0.013389256224036528,0.3199589290688864,12575,4774
ciciot2023,0.8,Web,mlp,91,0,0.9704329967498779,0.9508196721311475,0.9519112207151664,-0.001091548584018942,-0.0008196721311475308,-0.0019112207151664728,0.08911887772634472,0.32410645484924316,0.006682125458782495,0.08911887772634472,0.04808877928483357,-0.005240883212536573,0.012248230811105308,2135,811
ciciot2023,0.8,Benign,mlp,91,1,0.9440074600279331,0.9501508175900937,0.9466501240694789,0.0035006935206147727,-0.00015081759009372142,0.0033498759305210513,0.023292391784062227,0.4632345736026764,0.023292391784062227,0.006084768532981,0.053349875930521096,0.0020086360163986683,0.15029343285433294,6299,2418
ciciot2023,0.8,BruteForce,mlp,91,1,0.991369117051363,0.9511305616338439,0.9730848861283644,-0.021954324494520505,-0.0011305616338439517,-0.023084886128364457,0.050332757972373604,0.5292380005121231,0.0030580208489066063,0.050332757972373604,0.026915113871635588,-0.005694256909191564,0.4361836183618368,1371,483
ciciot2023,0.8,DDoS,mlp,91,1,0.4999740719795227,0.9864770138442666,0.9858355847163257,0.0006414291279408513,-0.036477013844266604,-0.03583558471632575,0.008047549371125173,0.49997401237487793,0.0006414291279408513,0.008047549371125173,0.014164415283674292,0.0,0.07970490125134448,68476,25910
ciciot2023,0.8,DoS,mlp,91,1,0.4999294877052307,0.9794566726155066,0.9759791122715404,0.0034775603439661795,-0.029456672615506663,-0.025979112271540483,0.008870678224708772,0.49944716691970825,0.008870678224708772,0.004564898530600284,0.02402088772845956,0.0,0.39202868775914246,25215,9575
ciciot2023,0.8,Mirai,mlp,91,1,0.49991941452026367,0.9953041734817707,0.9961480258632549,-0.0008438523814842114,-0.04530417348177074,-0.04614802586325495,0.002456816286077317,0.4998026192188263,0.002456816286077317,0.0011041134495531901,0.0038519741367450955,0.0,0.3434739448229362,18953,7269
ciciot2023,0.8,Recon,mlp,91,1,0.689473956823349,0.9500759054435046,0.9448315248429469,0.005244380600557763,-7.590544350466466e-05,0.0051684751570530985,0.007683312853664415,0.4985969364643097,0.007683312853664415,0.007270796462807594,0.05516847515705314,0.014710274338722185,0.6825676242060809,23055,8755
ciciot2023,0.8,Spoofing,mlp,91,1,0.8836667090654373,0.9501391650099403,0.9548022598870056,-0.004663094877065288,-0.0001391650099403785,-0.0048022598870056665,0.014059788579674826,0.4997255504131317,0.014059788579674826,0.010694319123967233,0.04519774011299438,-0.008593463525176093,0.3316618063379966,12575,4779
ciciot2023,0.8,Web,mlp,91,1,0.9704329967498779,0.9508196721311475,0.969173859432799,-0.018354187301651503,-0.0008196721311475308,-0.019173859432799034,0.06012931096717557,0.24455684423446655,0.03896135398227535,0.06012931096717557,0.03082614056720101,-0.0164467915892601,0.305245262359168,2135,811
ciciot2023,0.8,Benign,mlp,91,2,0.9440074600279331,0.9501508175900937,0.9463762044407206,0.003774613149373107,-0.00015081759009372142,0.003623795559279386,0.011882908379536095,0.42196962237358093,0.011601112630973964,0.011882908379536095,0.05362379555927943,0.002683470211923167,0.317650614547654,6299,2387
ciciot2023,0.8,BruteForce,mlp,91,2,0.991369117051363,0.9511305616338439,0.9682835820895522,-0.017153020455708323,-0.0011305616338439517,-0.018283582089552275,0.029552728697867292,0.989805459510535,0.025443080004790064,0.029552728697867292,0.03171641791044777,-0.005295473616570234,0.5804208684440767,1371,536
ciciot2023,0.8,DDoS,mlp,91,2,0.4999740719795227,0.9864770138442666,0.9856222682309639,0.0008547456133026765,-0.036477013844266604,-0.03562226823096393,0.0051176203218472605,0.4999183714389801,0.0051176203218472605,0.0032256544947757704,0.014377731769036117,0.0,0.16702013036288452,68476,26082
ciciot2023,0.8,DoS,mlp,91,2,0.4999294877052307,0.9794566726155066,0.9791932059447983,0.0002634666707083122,-0.029456672615506663,-0.02919320594479835,0.0078000532995853855,0.4995378851890564,0.0010474884149184183,0.0078000532995853855,0.020806794055201694,0.0,0.033777547484491785,25215,9420
ciciot2023,0.8,Mirai,mlp,91,2,0.49991941452026367,0.9953041734817707,0.9964058612109483,-0.001101687729177625,-0.04530417348177074,-0.04640586121094836,0.0026412921003998056,0.49983638525009155,0.0026412921003998056,0.001594481618682142,0.003594138789051682,0.0,0.4171018150589499,18953,7234
ciciot2023,0.8,Recon,mlp,91,2,0.689473956823349,0.9500759054435046,0.9492696183897633,0.0008062870537413058,-7.590544350466466e-05,0.0007303816102366412,0.007928419780469625,0.31000226736068726,0.007928419780469625,0.004564321762262624,0.050730381610236686,0.0021021664142608643,0.10169580774815469,23055,8831
ciciot2023,0.8,Spoofing,mlp,91,2,0.8836667090654373,0.9501391650099403,0.9574377527133433,-0.00729858770340297,-0.0001391650099403785,-0.0074377527133433485,0.014896668086818554,0.4995986521244049,0.014896668086818554,0.007618929961410559,0.042562247286656696,-0.009744089096784703,0.48994766217965136,12575,4699
ciciot2023,0.8,Web,mlp,91,2,0.9704329967498779,0.9508196721311475,0.9704069050554871,-0.019587232924339615,-0.0008196721311475308,-0.020406905055487146,0.07990251142805171,0.8714791610836983,0.02271171855372703,0.07990251142805171,0.0295930949445129,-0.014413110911846161,0.24513913986266822,2135,811
ciciot2023,0.8,Benign,mlp,91,3,0.9440074600279331,0.9501508175900937,0.9461308251389483,0.004019992451145371,-0.00015081759009372142,0.0038691748610516496,0.022046293442480658,0.7517197132110596,0.022046293442480658,0.015826938605522534,0.053869174861051694,0.002975056320428826,0.182343234323431,6299,2339
ciciot2023,0.8,BruteForce,mlp,91,3,0.991369117051363,0.9511305616338439,0.9636363636363636,-0.012505802002519717,-0.0011305616338439517,-0.013636363636363669,0.055638220277170025,0.924348771572113,0.012064186725018244,0.055638220277170025,0.036363636363636376,-0.005696022976189874,0.22476998617533442,1371,550
ciciot2023,0.8,DDoS,mlp,91,3,0.4999740719795227,0.9864770138442666,0.9859192963505903,0.0005577174936762797,-0.036477013844266604,-0.035919296350590324,0.006694588476794772,0.4999033808708191,0.006694588476794772,0.0024918744244253888,0.01408070364940972,0.0,0.08330870457676035,68476,25922
ciciot2023,0.8,DoS,mlp,91,3,0.4999294877052307,0.9794566726155066,0.977916314454776,0.001540358160730615,-0.029456672615506663,-0.027916314454776048,0.012591220993957486,0.4995381534099579,0.012591220993957486,0.0037055498536759657,0.022083685545223997,0.0,0.12233588477796008,25215,9464
ciciot2023,0.8,Mirai,mlp,91,3,0.49991941452026367,0.9953041734817707,0.9967257844474762,-0.0014216109657054776,-0.04530417348177074,-0.046725784447476215,0.002193477957140911,0.49980705976486206,0.002193477957140911,0.0020471981059775324,0.0032742155525238292,0.0,0.6481081613231603,18953,7330
ciciot2023,0.8,Recon,mlp,91,3,0.689473956823349,0.9500759054435046,0.9533242258652095,-0.0032483204217048645,-7.590544350466466e-05,-0.003324225865209529,0.014922056190174837,0.35961154103279114,0.014922056190174837,0.005402307738799905,0.046675774134790515,-0.01703902184963202,0.21768584572437566,23055,8784
ciciot2023,0.8,Spoofing,mlp,91,3,0.8836667090654373,0.9501391650099403,0.960625,-0.010485834990059617,-0.0001391650099403785,-0.010624999999999996,0.020402170311464546,0.4070635885000229,0.0007906726308813785,0.020402170311464546,0.03937500000000005,-0.02042467109858992,0.5139568403743466,12575,4800
ciciot2023,0.8,Web,mlp,91,3,0.9704329967498779,0.9508196721311475,0.9568434032059187,-0.006023731074771166,-0.0008196721311475308,-0.006843403205918697,0.061371019673863755,0.302844762802124,0.030109992289855253,0.061371019673863755,0.04315659679408135,-0.004190393723547459,0.0981526966112396,2135,811
ciciot2023,0.8,Benign,mlp,91,4,0.9440074600279331,0.9501508175900937,0.9518367346938775,-0.0016859171037838516,-0.00015081759009372142,-0.001836734693877573,0.013213824027785426,0.391127347946167,0.008784743934087347,0.013213824027785426,0.04816326530612247,-0.0023090496659279314,0.1275873736655477,6299,2450
ciciot2023,0.8,BruteForce,mlp,91,4,0.991369117051363,0.9511305616338439,0.9639468690702088,-0.01281630743636486,-0.0011305616338439517,-0.013946869070208812,0.045567093923049584,0.9737573433667421,0.009464137176011078,0.045567093923049584,0.03605313092979123,-0.004884481243789152,0.28126233939799,1371,527
ciciot2023,0.8,DDoS,mlp,91,4,0.4999740719795227,0.9864770138442666,0.9860037117228581,0.00047330212140850314,-0.036477013844266604,-0.0360037117228581,0.007639867121087773,0.49997198581695557,0.00047330212140850314,0.007639867121087773,0.013996288277141944,0.0,0.061951616946593416,68476,25864
ciciot2023,0.8,DoS,mlp,91,4,0.4999294877052307,0.9794566726155066,0.9781347150259068,0.0013219575895998537,-0.029456672615506663,-0.02813471502590681,0.005098042841922168,0.49170446395874023,0.005098042841922168,0.004266232678755477,0.021865284974093235,0.0,0.2593068812072639,25215,9650
ciciot2023,0.8,Mirai,mlp,91,4,0.49991941452026367,0.9953041734817707,0.994974172832612,0.0003300006491586682,-0.04530417348177074,-0.04497417283261207,0.0020321693510208455,0.49983638525009155,0.0020321693510208455,0.000814376281131679,0.005025827167387975,0.0,0.1623883604941167,18953,7163
ciciot2023,0.8,Recon,mlp,91,4,0.689473956823349,0.9500759054435046,0.9466394187102634,0.003436486733241262,-7.590544350466466e-05,0.003360581289736597,0.013542281607127116,0.27700677514076233,0.013542281607127116,0.002914101275412362,0.05336058128973664,0.01326793879270527,0.25375980450980185,23055,8808
ciciot2023,0.8,Spoofing,mlp,91,4,0.8836667090654373,0.9501391650099403,0.953035752062619,-0.0028965870526787008,-0.0001391650099403785,-0.0030357520626190793,0.01716499395839899,0.4937816858291626,0.01716499395839899,0.004918304852501221,0.046964247937380965,-0.007488024234771795,0.1687496692220724,12575,4727
ciciot2023,0.8,Web,mlp,91,4,0.9704329967498779,0.9508196721311475,0.967940813810111,-0.017121141678963503,-0.0008196721311475308,-0.017940813810111034,0.07290851494526376,0.2628590762615204,0.03257608353523134,0.07290851494526376,0.03205918618988901,-0.01777312159538269,0.23483048162230763,2135,811
ciciot2023,0.8,Benign,rf,12345,0,0.9339779317378998,0.9501508175900937,0.9512195121951219,-0.0010686946050282309,-0.00015081759009372142,-0.0012195121951219523,0.02786790753094559,0.4829247295856476,0.02786790753094559,0.004026764898269142,0.04878048780487809,-0.00214945524930954,0.03834857726011583,6299,2378
ciciot2023,0.8,BruteForce,rf,12345,0,0.9909833632409573,0.9511305616338439,0.9575971731448764,-0.00646661151103245,-0.0011305616338439517,-0.007597173144876401,0.0362983352792447,0.42498061060905457,0.02484580907387504,0.0362983352792447,0.04240282685512364,-0.0029780578333884478,0.1781517378492573,1371,566
ciciot2023,0.8,DDoS,rf,12345,0,0.5,0.9993574391027513,0.9993832395343458,-2.5800431594502626e-05,-0.049357439102751366,-0.04938323953434587,0.001647744180988269,0.4998425841331482,0.001647744180988269,0.0001535202239018108,0.0006167604656541759,0.0,0.015658032291777403,68476,25942
ciciot2023,0.8,DoS,rf,12345,0,0.5,0.9992464802696808,0.9995896594173164,-0.0003431791476355972,-0.049246480269680815,-0.04958965941731641,0.0032601652867815245,0.49984973669052124,0.00032519267414718445,0.0032601652867815245,0.0004103405826836326,0.0,0.10526434013239491,25215,9748
ciciot2023,0.8,Mirai,rf,12345,0,0.5,0.9998417137128687,0.9998602961721151,-1.85824592464634e-05,-0.04984171371286872,-0.04986029617211518,0.0029504168832101794,0.49996691942214966,0.0006762806310759426,0.0029504168832101794,0.0001397038278848628,0.0,0.006298248682147213,18953,7158
ciciot2023,0.8,Recon,rf,12345,0,0.6646604984998703,0.9500759054435046,0.9545401832308941,-0.004464277787389448,-7.590544350466466e-05,-0.004540183230894113,0.005232846653700607,0.4916134476661682,0.005232846653700607,0.00476243687446487,0.04545981676910593,-0.03066057264804911,0.8531260483684084,23055,8623
ciciot2023,0.8,Spoofing,rf,12345,0,0.8412240222096443,0.9501391650099403,0.9560117302052786,-0.005872565195338297,-0.0001391650099403785,-0.006011730205278676,0.011644652403967504,0.4994848072528839,0.006151594829847895,0.011644652403967504,0.04398826979472137,-0.01914506368339086,0.5043143403179152,12575,4774
ciciot2023,0.8,Web,rf,12345,0,0.9673296306282282,0.9508196721311475,0.9605425400739828,-0.009722867942835278,-0.0008196721311475308,-0.010542540073982809,0.1372723413717128,0.4459819495677948,0.008879661100153924,0.1372723413717128,0.039457459926017235,-0.013329774606972933,0.070829038433221,2135,811
ciciot2023,0.8,Benign,rf,12345,1,0.9339779317378998,0.9501508175900937,0.9499586435070306,0.00019217408306304584,-0.00015081759009372142,4.135649296932442e-05,0.015545878788380152,0.3346186876296997,0.015545878788380152,0.007409371240803764,0.05004135649296937,-0.0013598855584856517,0.012361738160900068,6299,2418
ciciot2023,0.8,BruteForce,rf,12345,1,0.9909833632409573,0.9511305616338439,0.9606625258799172,-0.009531964246073277,-0.0011305616338439517,-0.010662525879917228,0.04086421934390727,0.3814634084701538,0.04086421934390727,0.027114451526971672,0.039337474120082816,-0.004501510411500931,0.2332594235033261,1371,483
ciciot2023,0.8,DDoS,rf,12345,1,0.5,0.9993574391027513,0.999421072944809,-6.363384205765321e-05,-0.049357439102751366,-0.04942107294480902,0.0016594184207268554,0.4998503029346466,0.00025869383135451436,0.0016594184207268554,0.0005789270551910253,0.0,0.038347074651479664,68476,25910
ciciot2023,0.8,DoS,rf,12345,1,0.5,0.9992464802696808,0.9991644908616188,8.198940806192212e-05,-0.049246480269680815,-0.04916449086161889,0.002230923716611554,0.49975836277008057,0.0011540646005708608,0.002230923716611554,0.0008355091383811519,0.0,0.03675132746647743,25215,9575
ciciot2023,0.8,Mirai,rf,12345,1,0.5,0.9998417137128687,1.0,-0.0001582862871313262,-0.04984171371286872,-0.050000000000000044,0.0015216373551050263,0.4998503029346466,0.0015216373551050263,0.00019067375047703786,0.0,0.0,0.10402366017125084,18953,7269
ciciot2023,0.8,Recon,rf,12345,1,0.6646604984998703,0.9500759054435046,0.9524842946887493,-0.0024083892452446687,-7.590544350466466e-05,-0.0024842946887493333,0.007124199933588163,0.3804047703742981,0.007124199933588163,0.0035379107963340317,0.04751570531125071,-0.02085588872432742,0.3380575036770007,23055,8755
ciciot2023,0.8,Spoofing,rf,12345,1,0.8412240222096443,0.9501391650099403,0.9516635279347144,-0.001524362924774092,-0.0001391650099403785,-0.0016635279347144705,0.015037858224164147,0.49623849987983704,0.0053596645696026846,0.015037858224164147,0.048336472065285574,-0.0036101248115304463,0.10136835326220939,12575,4779
ciciot2023,0.8,Web,rf,12345,1,0.9673296306282282,0.9508196721311475,0.9568434032059187,-0.006023731074771166,-0.0008196721311475308,-0.006843403205918697,0.0666924634056893,0.4459814727306366,0.02448360800122429,0.0666924634056893,0.04315659679408135,-0.003915985114872456,0.09032101630627881,2135,811
ciciot2023,0.8,Benign,rf,12345,2,0.9339779317378998,0.9501508175900937,0.9530791788856305,-0.002928361295536863,-0.00015081759009372142,-0.0030791788856305846,0.02722957002438131,0.4992121756076813,0.02722957002438131,0.00862479883727496,0.04692082111436946,-0.004562881775200367,0.10754342771166836,6299,2387
ciciot2023,0.8,BruteForce,rf,12345,2,0.9909833632409573,0.9511305616338439,0.9682835820895522,-0.017153020455708323,-0.0011305616338439517,-0.018283582089552275,0.037404607161130865,0.417379230260849,0.030737994926897244,0.037404607161130865,0.03171641791044777,-0.003616251749917865,0.4585804198348311,1371,536
ciciot2023,0.8,DDoS,rf,12345,2,0.5,0.9993574391027513,0.9992331876389847,0.00012425146376660035,-0.049357439102751366,-0.049233187638984766,0.0006399091482112212,0.4911468029022217,0.0004923798519946877,0.0006399091482112212,0.0007668123610152788,0.0,0.19417047578383334,68476,26082
ciciot2023,0.8,DoS,rf,12345,2,0.5,0.9992464802696808,0.9994692144373672,-0.00022273416768647802,-0.049246480269680815,-0.04946921443736729,0.0009537089312170108,0.49996691942214966,0.0009537089312170108,0.0009264907780350135,0.0005307855626327518,0.0,0.23354522579782383,25215,9420
ciciot2023,0.8,Mirai,rf,12345,2,0.5,0.9998417137128687,0.9997235277854576,0.00011818592741108525,-0.04984171371286872,-0.04972352778545763,0.0024376321614279148,0.4831887185573578,0.0024376321614279148,5.276209571047907e-05,0.00027647221454241144,0.0,0.04848390552160026,18953,7234
ciciot2023,0.8,Recon,rf,12345,2,0.6646604984998703,0.9500759054435046,0.9484769561771034,0.0015989492664012506,-7.590544350466466e-05,0.001523043822896586,0.006896350347611491,0.4998498260974884,0.006896350347611491,0.001694195451783509,0.05152304382289663,0.006998270750045776,0.23185441368346912,23055,8831
ciciot2023,0.8,Spoofing,rf,12345,2,0.8412240222096443,0.9501391650099403,0.9565865077676101,-0.006447342757669783,-0.0001391650099403785,-0.006586507767610161,0.014159858893034644,0.41541263461112976,0.003987431021447496,0.014159858893034644,0.04341349223238988,-0.02418772876262676,0.4553253536192572,12575,4699
ciciot2023,0.8,Web,rf,12345,2,0.9673296306282282,0.9508196721311475,0.9531442663378545,-0.0023245942067070535,-0.0008196721311475308,-0.0031442663378545843,0.084251379596127,0.4459819495677948,0.03866276635373683,0.084251379596127,0.04685573366214546,-0.0023476341739296913,0.027591170825337016,2135,811
ciciot2023,0.8,Benign,rf,12345,3,0.9339779317378998,0.9501508175900937,0.9491235570756734,0.0010272605144202585,-0.00015081759009372142,0.000876442924326537,0.019145326039319954,0.49917128682136536,0.019145326039319954,0.014683139848402582,0.05087644292432658,0.0029101721942423886,0.053655942568463406,6299,2339
ciciot2023,0.8,BruteForce,rf,12345,3,0.9909833632409573,0.9511305616338439,0.9781818181818182,-0.027051256547974245,-0.0011305616338439517,-0.028181818181818197,0.040213513692725966,0.35163164138793945,0.040213513692725966,0.030708838936409966,0.021818181818181848,-0.005136894434690453,0.6726906968307875,1371,550
ciciot2023,0.8,DDoS,rf,12345,3,0.5,0.9993574391027513,0.9993441864053699,1.3252697381394007e-05,-0.049357439102751366,-0.04934418640536997,0.0009491610709043037,0.49951794743537903,0.0009491610709043037,0.0009082818740250645,0.0006558135946300725,0.0,0.013962537853314647,68476,25922
ciciot2023,0.8,DoS,rf,12345,3,0.5,0.9992464802696808,0.9995773457311918,-0.0003308654615110651,-0.049246480269680815,-0.04957734573119188,0.003847993477563788,0.4998425841331482,0.0007682367815987916,0.003847993477563788,0.0004226542688081647,0.0,0.08598389353833835,25215,9464
ciciot2023,0.8,Mirai,rf,12345,3,0.5,0.9998417137128687,1.0,-0.0001582862871313262,-0.04984171371286872,-0.050000000000000044,0.002100773587338077,0.4831887185573578,0.002100773587338077,0.0001582862871313262,0.0,0.0,0.07534666662098186,18953,7330
ciciot2023,0.8,Recon,rf,12345,3,0.6646604984998703,0.9500759054435046,0.9561703096539163,-0.00609440421041163,-7.590544350466466e-05,-0.006170309653916295,0.008054287502088697,0.4998425841331482,0.008054287502088697,0.007727423019081248,0.04382969034608375,-0.05577731654047957,0.7566658390119777,23055,8784
ciciot2023,0.8,Spoofing,rf,12345,3,0.8412240222096443,0.9501391650099403,0.95625,-0.00611083499005971,-0.0001391650099403785,-0.006250000000000089,0.012617627567925727,0.49996691942214966,0.0021918489065606284,0.012617627567925727,0.043749999999999956,-0.015558779984712556,0.4843093487395032,12575,4800
ciciot2023,0.8,Web,rf,12345,3,0.9673296306282282,0.9508196721311475,0.9432799013563502,0.007539770774797283,-0.0008196721311475308,0.006720098643649752,0.07502750529170049,0.44588252902030945,0.03423824058539346,0.07502750529170049,0.0567200986436498,0.00247159693390131,0.10049342231869902,2135,811
ciciot2023,0.8,Benign,rf,12345,4,0.9339779317378998,0.9501508175900937,0.9559183673469388,-0.005767549756845125,-0.00015081759009372142,-0.0059183673469388465,0.01630553602612661,0.43686431646347046,0.00807235356438174,0.01630553602612661,0.0440816326530612,-0.013487343955785214,0.35371727415791127,6299,2450
ciciot2023,0.8,BruteForce,rf,12345,4,0.9909833632409573,0.9511305616338439,0.9753320683111955,-0.024201506677351547,-0.0011305616338439517,-0.0253320683111955,0.04140387008194968,0.8266097530722618,0.02455720765047742,0.04140387008194968,0.024667931688804545,-0.0047826387919485125,0.5845228146414838,1371,527
ciciot2023,0.8,DDoS,rf,12345,4,0.5,0.9993574391027513,0.9993813795236622,-2.3940420910917304e-05,-0.049357439102751366,-0.04938137952366228,0.0019844214893048537,0.4998425841331482,0.00023461612492681194,0.0019844214893048537,0.0006186204763377612,0.0,0.012064181445295512,68476,25864
ciciot2023,0.8,DoS,rf,12345,4,0.5,0.9992464802696808,0.9991709844559585,7.549581372223724e-05,-0.049246480269680815,-0.04917098445595858,0.0022739774724930342,0.4999668002128601,0.0022739774724930342,0.000685400889140951,0.000829015544041467,0.0,0.03319989517726785,25215,9650
ciciot2023,0.8,Mirai,rf,12345,4,0.5,0.9998417137128687,0.9998603936897947,-1.8679976926061492e-05,-0.04984171371286872,-0.04986039368979478,0.0016690736165589568,0.49996691942214966,0.0016690736165589568,0.0004322470055116755,0.0001396063102052647,0.0,0.011191823260961395,18953,7163
ciciot2023,0.8,Recon,rf,12345,4,0.6646604984998703,0.9500759054435046,0.9517484105358764,-0.0016725050923718232,-7.590544350466466e-05,-0.0017484105358764879,0.012194996918280299,0.4998498260974884,0.012194996918280299,0.0020031177666013367,0.04825158946412356,-0.014449804276227995,0.13714682369986814,23055,8808
ciciot2023,0.8,Spoofing,rf,12345,4,0.8412240222096443,0.9501391650099403,0.9511317960651576,-0.0009926310552172968,-0.0001391650099403785,-0.0011317960651576753,0.025990551297672027,0.49972596764564514,0.025990551297672027,0.0037890028140864992,0.04886820393484237,-0.004442350566387199,0.0381919969241363,12575,4727
ciciot2023,0.8,Web,rf,12345,4,0.9673296306282282,0.9508196721311475,0.9642416769420469,-0.01342200481089939,-0.0008196721311475308,-0.014241676942046921,0.0950525127275142,0.4459814727306366,0.015910042535742436,0.0950525127275142,0.03575832305795312,-0.014442574232816696,0.14120620724016078,2135,811
ciciot2023,0.8,Benign,rf,1337,0,0.9388390257954597,0.9501508175900937,0.9520605550883096,-0.00190973749821588,-0.00015081759009372142,-0.0020605550883096013,0.023016856507721284,0.4837943911552429,0.023016856507721284,0.004446418464436462,0.04793944491169044,-0.001988538913428761,0.08297125619978711,6299,2378
ciciot2023,0.8,BruteForce,rf,1337,0,0.9891777066513896,0.9511305616338439,0.9434628975265018,0.007667664107342098,-0.0011305616338439517,0.0065371024734981464,0.031116540762333333,0.39168986678123474,0.031116540762333333,0.020024845809073877,0.05653710247349819,0.0004140895325690508,0.24641762610784257,1371,566
ciciot2023,0.8,DDoS,rf,1337,0,0.5,0.9992844208189731,0.9994603345925526,-0.00017591377357950577,-0.04928442081897311,-0.04946033459255261,0.0007314077840897409,0.49949169158935547,0.0005183819653605086,0.0007314077840897409,0.0005396654074474316,0.0,0.2405139477677774,68476,25942
ciciot2023,0.8,DoS,rf,1337,0,0.5,0.999087844536982,0.9994870742716455,-0.00039922973466355316,-0.049087844536982006,-0.04948707427164556,0.005075118852712793,0.49996259808540344,0.0004526399187748596,0.005075118852712793,0.0005129257283544852,0.0,0.07866411531429529,25215,9748
ciciot2023,0.8,Mirai,rf,1337,0,0.5,0.9996834274257373,0.9997205923442303,-3.71649184929268e-05,-0.04968342742573739,-0.04972059234423032,0.002310630403553964,0.49996259808540344,0.00022664556005924652,0.002310630403553964,0.0002794076557697256,0.0,0.016084319861698223,18953,7158
ciciot2023,0.8,Recon,rf,1337,0,0.6424904614686966,0.9500759054435046,0.9526846805056245,-0.0026087750621198724,-7.590544350466466e-05,-0.002684680505624537,0.00642051829480772,0.49416688084602356,0.00642051829480772,0.003085894992720606,0.04731531949437551,-0.01796583607792912,0.40631845317372456,23055,8623
ciciot2023,0.8,Spoofing,rf,1337,0,0.8372169360518456,0.9501391650099403,0.9549643904482614,-0.00482522543832109,-0.0001391650099403785,-0.004964390448261469,0.012174793717793841,0.49936583638191223,0.0043352286782030736,0.012174793717793841,0.045035609551738576,-0.010978521779180794,0.39632913297486694,12575,4774
ciciot2023,0.8,Web,rf,1337,0,0.9626869186758995,0.9508196721311475,0.9556103575832305,-0.004790685452083054,-0.0008196721311475308,-0.005610357583230585,0.1091017248200245,0.4649122953414917,0.021260363214235183,0.1091017248200245,0.04438964241676946,-0.007614068686962128,0.043910263196900196,2135,811
ciciot2023,0.8,Benign,rf,1337,1,0.9388390257954597,0.9501508175900937,0.9516129032258065,-0.0014620856357128176,-0.00015081759009372142,-0.001612903225806539,0.011783810131218056,0.31069114804267883,0.011783810131218056,0.009014257911932444,0.048387096774193505,-0.004917110316455253,0.12407579716847375,6299,2418
ciciot2023,0.8,BruteForce,rf,1337,1,0.9891777066513896,0.9511305616338439,0.9627329192546584,-0.011602357620814518,-0.0011305616338439517,-0.01273291925465847,0.03178982562485555,0.4299953877925873,0.03178982562485555,0.019806914298399425,0.037267080745341574,-0.000782499182969354,0.36497078523585763,1371,483
ciciot2023,0.8,DDoS,rf,1337,1,0.5,0.9992844208189731,0.9995368583558472,-0.000252437536874095,-0.04928442081897311,-0.0495368583558472,0.0016135434369114916,0.49986591935157776,0.000224287593492994,0.0016135434369114916,0.0004631416441528424,0.0,0.1564491733530828,68476,25910
ciciot2023,0.8,DoS,rf,1337,1,0.5,0.999087844536982,0.9992689295039164,-0.00018108496693447496,-0.049087844536982006,-0.04926892950391648,0.004514242786190201,0.49986591935157776,0.0007982111025338738,0.004514242786190201,0.0007310704960835634,0.0,0.04011413995907423,25215,9575
ciciot2023,0.8,Mirai,rf,1337,1,0.5,0.9996834274257373,0.9998624294951163,-0.0001790020693789307,-0.04968342742573739,-0.04986242949511632,0.0015333090362031673,0.4855373203754425,0.0015333090362031673,0.0001790020693789307,0.0001375705048837217,0.0,0.11674232992338049,18953,7269
ciciot2023,0.8,Recon,rf,1337,1,0.6424904614686966,0.9500759054435046,0.9527127355796687,-0.0026368301361641144,-7.590544350466466e-05,-0.002712735579668779,0.007121153064190755,0.49901315569877625,0.005328652549257407,0.007121153064190755,0.047287264420331265,-0.021755227446556336,0.37028134522534134,23055,8755
ciciot2023,0.8,Spoofing,rf,1337,1,0.8372169360518456,0.9501391650099403,0.9537560159029086,-0.0036168508929682597,-0.0001391650099403785,-0.003756015902908638,0.012413370790116007,0.474978506565094,0.005065335128796256,0.012413370790116007,0.046243984097091406,-0.011077594384552136,0.2913673452699997,12575,4779
ciciot2023,0.8,Web,rf,1337,1,0.9626869186758995,0.9508196721311475,0.9580764488286067,-0.007256776697459166,-0.0008196721311475308,-0.008076448828606697,0.05632044170177619,0.45495837926864624,0.022819140795328874,0.05632044170177619,0.04192355117139335,-0.005735947750508785,0.12884800754732553,2135,811
ciciot2023,0.8,Benign,rf,1337,2,0.9388390257954597,0.9501508175900937,0.9484708839547549,0.001679933635338804,-0.00015081759009372142,0.0015291160452450825,0.025170073411217686,0.49896761775016785,0.025170073411217686,0.0091763523286192,0.05152911604524513,0.0006190240383148193,0.06674329501915949,6299,2387
ciciot2023,0.8,BruteForce,rf,1337,2,0.9891777066513896,0.9511305616338439,0.9421641791044776,0.008966382529366324,-0.0011305616338439517,0.007835820895522372,0.03169328412641387,0.40783196687698364,0.03160891385523146,0.03169328412641387,0.057835820895522416,0.0003353583160787821,0.28291112065264157,1371,536
ciciot2023,0.8,DDoS,rf,1337,2,0.5,0.9992844208189731,0.9993482094931371,-6.378867416401146e-05,-0.04928442081897311,-0.04934820949313712,0.001995105202745491,0.49996259808540344,0.0002082362079856171,0.001995105202745491,0.0006517905068629259,0.0,0.03197258674691992,68476,26082
ciciot2023,0.8,DoS,rf,1337,2,0.5,0.999087844536982,0.9994692144373672,-0.0003813699003852866,-0.049087844536982006,-0.04946921443736729,0.0013841472887309268,0.49929025769233704,0.0013841472887309268,0.0013618549266120293,0.0005307855626327518,0.0,0.2755269641390191,25215,9420
ciciot2023,0.8,Mirai,rf,1337,2,0.5,0.9996834274257373,1.0,-0.0003165725742626524,-0.04968342742573739,-0.050000000000000044,0.002271957430426714,0.48062193393707275,0.002271957430426714,0.0003165725742626524,0.0,0.0,0.13933913110475596,18953,7234
ciciot2023,0.8,Recon,rf,1337,2,0.6424904614686966,0.9500759054435046,0.9498358056845204,0.00024009975898420244,-7.590544350466466e-05,0.00016419431547953778,0.008879673375132735,0.4998347759246826,0.008879673375132735,0.0008406143840650193,0.05016419431547958,0.0027784109115600586,0.02703925570692665,23055,8831
ciciot2023,0.8,Spoofing,rf,1337,2,0.8372169360518456,0.9501391650099403,0.9548840178761439,-0.004744852866203519,-0.0001391650099403785,-0.004884017876143898,0.013631207012024471,0.42079323530197144,0.0032579327186487393,0.013631207012024471,0.045115982123856146,-0.023830434679986023,0.34808750699904645,12575,4699
ciciot2023,0.8,Web,rf,1337,2,0.9626869186758995,0.9508196721311475,0.9519112207151664,-0.001091548584018942,-0.0008196721311475308,-0.0019112207151664728,0.07087731051669527,0.4649122953414917,0.045217833247183786,0.07087731051669527,0.04808877928483357,-0.001902405172586441,0.015400536166814992,2135,811
ciciot2023,0.8,Benign,rf,1337,3,0.9388390257954597,0.9501508175900937,0.9486960239418555,0.0014547936482381951,-0.00015081759009372142,0.0013039760581444737,0.014846646328695812,0.49734827876091003,0.014846646328695812,0.012899772156536427,0.05130397605814452,0.0006217550486325996,0.09798803150758358,6299,2339
ciciot2023,0.8,BruteForce,rf,1337,3,0.9891777066513896,0.9511305616338439,0.9490909090909091,0.002039652542934811,-0.0011305616338439517,0.0009090909090908594,0.03478151316225714,0.4034181237220764,0.03478151316225714,0.013339964193355876,0.050909090909090904,-8.062464185065732e-05,0.058641857627635435,1371,550
ciciot2023,0.8,DDoS,rf,1337,3,0.5,0.9992844208189731,0.9993827636756423,-9.834285666920906e-05,-0.04928442081897311,-0.049382763675642316,0.0014859302437411487,0.49986591935157776,0.0002390691060181055,0.0014859302437411487,0.0006172363243577283,0.0,0.06618268729870508,68476,25922
ciciot2023,0.8,DoS,rf,1337,3,0.5,0.999087844536982,0.9994716821639898,-0.00038383762700788804,-0.049087844536982006,-0.049471682163989894,0.0029561242461073126,0.49996259808540344,0.0002912065283364419,0.0029561242461073126,0.0005283178360101504,0.0,0.12984488981250825,25215,9464
ciciot2023,0.8,Mirai,rf,1337,3,0.5,0.9996834274257373,0.9998635743519781,-0.00018014692624079842,-0.04968342742573739,-0.04986357435197819,0.0021316750439390212,0.4855373203754425,0.0021316750439390212,0.0002638104785521733,0.00013642564802185397,0.0,0.08450956291532759,18953,7330
ciciot2023,0.8,Recon,rf,1337,3,0.6424904614686966,0.9500759054435046,0.9556010928961749,-0.005525187452670277,-7.590544350466466e-05,-0.005601092896174942,0.009450672127592263,0.48395398259162903,0.009450672127592263,0.006957376812160909,0.0443989071038251,-0.07506112977862345,0.5846343390264161,23055,8784
ciciot2023,0.8,Spoofing,rf,1337,3,0.8372169360518456,0.9501391650099403,0.9597916666666667,-0.009652501656726376,-0.0001391650099403785,-0.009791666666666754,0.012668157720344575,0.7599341571331024,0.002006295559973559,0.012668157720344575,0.04020833333333329,-0.0327248670160768,0.761949911724325,12575,4800
ciciot2023,0.8,Web,rf,1337,3,0.9626869186758995,0.9508196721311475,0.9420468557336621,0.008772816397485395,-0.0008196721311475308,0.007953144266337864,0.06222000190587845,0.43727239966392517,0.04172141254472317,0.06222000190587845,0.05795314426633791,0.0025829849764704704,0.1409967233809511,2135,811
ciciot2023,0.8,Benign,rf,1337,4,0.9388390257954597,0.9501508175900937,0.9546938775510204,-0.004543059960926743,-0.00015081759009372142,-0.0046938775510204644,0.014269255566967232,0.4251082241535187,0.009174958124224447,0.014269255566967232,0.04530612244897958,-0.009875407442450634,0.31838100730662844,6299,2450
ciciot2023,0.8,BruteForce,rf,1337,4,0.9891777066513896,0.9511305616338439,0.9582542694497154,-0.007123707815871461,-0.0011305616338439517,-0.008254269449715412,0.03425248125649638,0.8253807611763477,0.011208040779663309,0.03425248125649638,0.04174573055028463,-0.0007157959043979645,0.20797640213350577,1371,527
ciciot2023,0.8,DDoS,rf,1337,4,0.5,0.9992844208189731,0.999265388184349,1.9032634624105427e-05,-0.04928442081897311,-0.049265388184349,0.002630693151794712,0.49996259808540344,0.00020109953565161653,0.002630693151794712,0.0007346118156510428,0.0,0.007234836419869409,68476,25864
ciciot2023,0.8,DoS,rf,1337,4,0.5,0.999087844536982,0.9992746113989638,-0.00018676686198182413,-0.049087844536982006,-0.04927461139896383,0.0025163079382594655,0.49032023549079895,0.0025163079382594655,0.0007390945639520821,0.0007253886010362143,0.0,0.0742225779055528,25215,9650
ciciot2023,0.8,Mirai,rf,1337,4,0.5,0.9996834274257373,1.0,-0.0003165725742626524,-0.04968342742573739,-0.050000000000000044,0.0013455918079285293,0.36127009987831116,0.0011165337470172348,0.0013455918079285293,0.0,0.0,0.2352664250758184,18953,7163
ciciot2023,0.8,Recon,rf,1337,4,0.6424904614686966,0.9500759054435046,0.9500454132606722,3.0492182832464465e-05,-7.590544350466466e-05,-4.5413260672200195e-05,0.012587657638971406,0.49334490299224854,0.012587657638971406,0.0014873212203727966,0.049954586739327844,-0.0012816838920116647,0.0024223873660227796,23055,8808
ciciot2023,0.8,Spoofing,rf,1337,4,0.8372169360518456,0.9501391650099403,0.94986249206685,0.0002766729430903059,-0.0001391650099403785,0.00013750793314992737,0.02765275913800047,0.49996256828308105,0.02765275913800047,0.005914687462279421,0.05013750793314997,0.000580761581659095,0.010005256318531391,12575,4727
ciciot2023,0.8,Web,rf,1337,4,0.9626869186758995,0.9508196721311475,0.9654747225647349,-0.014655050433587391,-0.0008196721311475308,-0.015474722564734922,0.09894108236571492,0.4637583792209625,0.015215263198930407,0.09894108236571492,0.03452527743526512,-0.00926211941987276,0.14811896214575537,2135,811
ciciot2023,0.8,Benign,rf,2024,0,0.9316992331296206,0.9501508175900937,0.9491169049621531,0.0010339126279406141,-0.00015081759009372142,0.0008830950378468927,0.022746411614857076,0.48918214440345764,0.022746411614857076,0.0050095393410865,0.05088309503784694,0.0005008602514863236,0.045453878415938904,6299,2378
ciciot2023,0.8,BruteForce,rf,2024,0,0.9880761560052633,0.9511305616338439,0.9363957597173145,0.014734801916529428,-0.0011305616338439517,0.013604240282685476,0.028713146886670593,0.44343456625938416,0.02732394656604631,0.028713146886670593,0.06360424028268552,0.0035776204895228148,0.5131726583187479,1371,566
ciciot2023,0.8,DDoS,rf,2024,0,0.5,0.999372042759507,0.999498882121656,-0.0001268393621490782,-0.04937204275950702,-0.049498882121656096,0.0009594200552956074,0.49976781010627747,0.0009594200552956074,0.0003350228150077652,0.0005011178783439485,0.0,0.1322042013286846,68476,25942
ciciot2023,0.8,DoS,rf,2024,0,0.5,0.9992464802696808,0.9996922445629873,-0.00044576429330656087,-0.049246480269680815,-0.049692244562987375,0.00432941455228978,0.4998660981655121,0.0004743123784611146,0.00432941455228978,0.00030775543701266894,0.0,0.10296179493155744,25215,9748
ciciot2023,0.8,Mirai,rf,2024,0,0.5,0.9996834274257373,0.9995808885163453,0.00010253890939204702,-0.04968342742573739,-0.049580888516345345,0.003055941074631063,0.4999631345272064,0.0002564983803481349,0.003055941074631063,0.0004191114836546994,0.0,0.03355395502985158,18953,7158
ciciot2023,0.8,Recon,rf,2024,0,0.643123596906662,0.9500759054435046,0.9523367737446364,-0.002260868301131813,-7.590544350466466e-05,-0.002336773744636478,0.0076499850241393275,0.4933658540248871,0.0076499850241393275,0.0033091408232154285,0.04766322625536357,-0.0208465814590455,0.2955389185727426,23055,8623
ciciot2023,0.8,Spoofing,rf,2024,0,0.8413940072059631,0.9501391650099403,0.9560117302052786,-0.005872565195338297,-0.0001391650099403785,-0.006011730205278676,0.01615425169968876,0.4999631345272064,0.003661566420496698,0.01615425169968876,0.04398826979472137,-0.01794874630868437,0.36353062367175093,12575,4774
ciciot2023,0.8,Web,rf,2024,0,0.9683537799865007,0.9508196721311475,0.9642416769420469,-0.01342200481089939,-0.0008196721311475308,-0.014241676942046921,0.12991103012731847,0.4579164683818817,0.012424595073015354,0.12991103012731847,0.03575832305795312,-0.016189484857022762,0.10331689924824121,2135,811
ciciot2023,0.8,Benign,rf,2024,1,0.9316992331296206,0.9501508175900937,0.9454094292803971,0.004741388309696615,-0.00015081759009372142,0.004590570719602893,0.01943952136507021,0.49356958270072937,0.01943952136507021,0.008725176091731957,0.05459057071960294,0.006204957142472267,0.24390458081010935,6299,2418
ciciot2023,0.8,BruteForce,rf,2024,1,0.9880761560052633,0.9511305616338439,0.9544513457556936,-0.0033207841218496625,-0.0011305616338439517,-0.004451345755693614,0.04806755734355389,0.403551310300827,0.04806755734355389,0.03342983088012108,0.04554865424430643,-0.0012489474378526433,0.06908576814326091,1371,483
ciciot2023,0.8,DDoS,rf,2024,1,0.5,0.999372042759507,0.9995368583558472,-0.00016481559634018428,-0.04937204275950702,-0.0495368583558472,0.0024438574224080294,0.4998292326927185,6.988675475727568e-05,0.0024438574224080294,0.0004631416441528424,0.0,0.06744075772545886,68476,25910
ciciot2023,0.8,DoS,rf,2024,1,0.5,0.9992464802696808,0.9991644908616188,8.198940806192212e-05,-0.049246480269680815,-0.04916449086161889,0.004535200927377036,0.49974191188812256,0.0014950692969962244,0.004535200927377036,0.0008355091383811519,0.0,0.018078451070819755,25215,9575
ciciot2023,0.8,Mirai,rf,2024,1,0.5,0.9996834274257373,0.9998624294951163,-0.0001790020693789307,-0.04968342742573739,-0.04986242949511632,0.001237452244188089,0.48224127292633057,0.001237452244188089,0.0007850149144559039,0.0001375705048837217,0.0,0.1446537191391791,18953,7269
ciciot2023,0.8,Recon,rf,2024,1,0.643123596906662,0.9500759054435046,0.9521416333523701,-0.0020657279088655,-7.590544350466466e-05,-0.0021416333523701647,0.005059066535824663,0.49461063742637634,0.005059066535824663,0.004892578655986246,0.04785836664762988,-0.020280162990093387,0.4083219491654248,23055,8755
ciciot2023,0.8,Spoofing,rf,2024,1,0.8413940072059631,0.9501391650099403,0.9537560159029086,-0.0036168508929682597,-0.0001391650099403785,-0.003756015902908638,0.014765843108330567,0.48605582118034363,0.003006892730247568,0.014765843108330567,0.046243984097091406,-0.0076312914490701544,0.24494713010513508,12575,4779
ciciot2023,0.8,Web,rf,2024,1,0.9683537799865007,0.9508196721311475,0.9469790382244143,0.0038406339067331707,-0.0008196721311475308,0.00302096177558564,0.06389082204004076,0.45576387643814087,0.02407759813108401,0.06389082204004076,0.053020961775585684,0.0023675765842199326,0.06011245096089423,2135,811
ciciot2023,0.8,Benign,rf,2024,2,0.9316992331296206,0.9501508175900937,0.9501466275659824,4.190024111228041e-06,-0.00015081759009372142,-0.00014662756598249338,0.02451696171641482,0.4964863955974579,0.02451696171641482,0.014269426398335755,0.04985337243401755,-0.0010604147799317953,0.00017090307354123322,6299,2387
ciciot2023,0.8,BruteForce,rf,2024,2,0.9880761560052633,0.9511305616338439,0.9402985074626866,0.01083205417115729,-0.0011305616338439517,0.009701492537313339,0.028924034096476037,0.9250805154442787,0.028924034096476037,0.027729242191667502,0.05970149253731338,0.001118300249800086,0.37450011761938196,1371,536
ciciot2023,0.8,DDoS,rf,2024,2,0.5,0.999372042759507,0.9992715282570355,0.00010051450247150484,-0.04937204275950702,-0.04927152825703551,0.0014108144749071724,0.4999629855155945,0.00048637982186687696,0.0014108144749071724,0.0007284717429645315,0.0,0.07124572667722197,68476,26082
ciciot2023,0.8,DoS,rf,2024,2,0.5,0.9992464802696808,0.9994692144373672,-0.00022273416768647802,-0.049246480269680815,-0.04946921443736729,0.0014499508052405324,0.4999629557132721,0.0010543718921731705,0.0014499508052405324,0.0005307855626327518,0.0,0.15361498257834247,25215,9420
ciciot2023,0.8,Mirai,rf,2024,2,0.5,0.9996834274257373,0.9997235277854576,-4.010035972024095e-05,-0.04968342742573739,-0.04972352778545763,0.0020229238396142577,0.4833333194255829,0.0020229238396142577,0.0001550697977467097,0.00027647221454241144,0.0,0.019822970561208825,18953,7234
ciciot2023,0.8,Recon,rf,2024,2,0.643123596906662,0.9500759054435046,0.9485901936360548,0.0014857118074498299,-7.590544350466466e-05,0.0014098063639451652,0.009132946105919498,0.45386001467704773,0.009132946105919498,0.0006718117386846838,0.05140980636394521,0.010802403092384338,0.16267607300199322,23055,8831
ciciot2023,0.8,Spoofing,rf,2024,2,0.8413940072059631,0.9501391650099403,0.9546712066397106,-0.004532041629770278,-0.0001391650099403785,-0.004671206639710657,0.014780032298230189,0.3948143720626831,0.0030238657436102677,0.014780032298230189,0.04532879336028939,-0.01692480817437214,0.30663272842191014,12575,4699
ciciot2023,0.8,Web,rf,2024,2,0.9683537799865007,0.9508196721311475,0.9568434032059187,-0.006023731074771166,-0.0008196721311475308,-0.006843403205918697,0.07753055902881056,0.4576922655105591,0.04922422082778655,0.07753055902881056,0.04315659679408135,-0.004192550666630268,0.07769492636487674,2135,811
ciciot2023,0.8,Benign,rf,2024,3,0.9316992331296206,0.9501508175900937,0.946985891406584,0.0031649261835097198,-0.00015081759009372142,0.0030141085934159983,0.017829468781766777,0.4887092411518097,0.017829468781766777,0.012932962139460241,0.05301410859341604,0.006204957142472267,0.17751096357656582,6299,2339
ciciot2023,0.8,BruteForce,rf,2024,3,0.9880761560052633,0.9511305616338439,0.9527272727272728,-0.0015967110934288486,-0.0011305616338439517,-0.0027272727272728003,0.046409389297791925,0.3946211636066437,0.046409389297791925,0.010634573304157513,0.047272727272727244,-0.00017080013640224934,0.034404914987856076,1371,550
ciciot2023,0.8,DDoS,rf,2024,3,0.5,0.999372042759507,0.9993441864053699,2.785635413704579e-05,-0.04937204275950702,-0.04934418640536997,0.0013897822735282027,0.4998292326927185,0.0001356593066414967,0.0013897822735282027,0.0006558135946300725,0.0,0.020043682141899548,68476,25922
ciciot2023,0.8,DoS,rf,2024,3,0.5,0.9992464802696808,0.9996830092983939,-0.0004365290287131618,-0.049246480269680815,-0.049683009298393976,0.004356259750255997,0.4999016523361206,0.0006486984544917093,0.004356259750255997,0.000316990701606068,0.0,0.10020730023904313,25215,9464
ciciot2023,0.8,Mirai,rf,2024,3,0.5,0.9996834274257373,0.9995907230559345,9.27043698027985e-05,-0.04968342742573739,-0.049590723055934594,0.0023736248833817327,0.4833333194255829,0.0023736248833817327,0.00018014692624079842,0.0004092769440654509,0.0,0.039056032169127515,18953,7330
ciciot2023,0.8,Recon,rf,2024,3,0.643123596906662,0.9500759054435046,0.9541211293260473,-0.004045223882542692,-7.590544350466466e-05,-0.004121129326047357,0.011629131691500372,0.4892328083515167,0.011629131691500372,0.005032972352879139,0.04587887067395269,-0.03675874844193383,0.3478526161587206,23055,8784
ciciot2023,0.8,Spoofing,rf,2024,3,0.8413940072059631,0.9501391650099403,0.9575,-0.007360834990059684,-0.0001391650099403785,-0.007500000000000062,0.01374337309476481,0.6687366515398026,0.0011472829688535802,0.01374337309476481,0.04249999999999998,-0.02473454549908627,0.5355915857995304,12575,4800
ciciot2023,0.8,Web,rf,2024,3,0.9683537799865007,0.9508196721311475,0.9482120838471023,0.0026075882840451703,-0.0008196721311475308,0.0017879161528976395,0.06205424823200889,0.474010705947876,0.05692974527645345,0.06205424823200889,0.051787916152897684,0.000717775896191597,0.04202110827764603,2135,811
ciciot2023,0.8,Benign,rf,2024,4,0.9316992331296206,0.9501508175900937,0.9522448979591837,-0.002094080369089979,-0.00015081759009372142,-0.0022448979591837004,0.013890769833890038,0.4981209635734558,0.013890769833890038,0.009577419156263867,0.047755102040816344,-0.005500124767422898,0.15075337034099734,6299,2450
ciciot2023,0.8,BruteForce,rf,2024,4,0.9880761560052633,0.9511305616338439,0.9639468690702088,-0.01281630743636486,-0.0011305616338439517,-0.013946869070208812,0.03994508087698978,0.8422869518399239,0.018622399196143447,0.03994508087698978,0.03605313092979123,-0.0027035954408347607,0.3208482034579544,1371,527
ciciot2023,0.8,DDoS,rf,2024,4,0.5,0.999372042759507,0.99930405196412,6.799079538699626e-05,-0.04937204275950702,-0.04930405196412002,0.0027453677679579493,0.4998655617237091,0.00035288180422672925,0.0027453677679579493,0.000695948035880023,0.0,0.02476564203183931,68476,25864
ciciot2023,0.8,DoS,rf,2024,4,0.5,0.9992464802696808,0.9991709844559585,7.549581372223724e-05,-0.049246480269680815,-0.04917098445595858,0.0018562641079462735,0.4523598253726959,0.0018562641079462735,0.0001586357326988086,0.000829015544041467,0.0,0.04067083633145502,25215,9650
ciciot2023,0.8,Mirai,rf,2024,4,0.5,0.9996834274257373,0.9998603936897947,-0.0001769662640573877,-0.04968342742573739,-0.04986039368979478,0.0013374156350626073,0.4882239103317261,0.0013374156350626073,0.0008212486858919822,0.0001396063102052647,0.0,0.13231957173067108,18953,7163
ciciot2023,0.8,Recon,rf,2024,4,0.643123596906662,0.9500759054435046,0.9492506811989101,0.0008252242445945246,-7.590544350466466e-05,0.0007493188010898599,0.013690798038336283,0.4928286075592041,0.013690798038336283,0.001441139745792108,0.050749318801089904,0.0049393132328986455,0.06027583215264539,23055,8808
ciciot2023,0.8,Spoofing,rf,2024,4,0.8413940072059631,0.9501391650099403,0.9494393907340808,0.0006997742758595438,-0.0001391650099403785,0.0005606092659191653,0.02957826554529397,0.49974286556243896,0.02957826554529397,0.00459234018356542,0.05056060926591921,0.004061578959226542,0.023658394532565175,12575,4727
ciciot2023,0.8,Web,rf,2024,4,0.9683537799865007,0.9508196721311475,0.9593094944512947,-0.008489822320147167,-0.0008196721311475308,-0.009309494451294698,0.0886476059567366,0.44963619112968445,0.030739509727199493,0.0886476059567366,0.04069050554870535,-0.009148750454187393,0.0957704636072239,2135,811
ciciot2023,0.8,Benign,rf,3407,0,0.9327616095542908,0.9501508175900937,0.9503784693019344,-0.00022765171184069288,-0.00015081759009372142,-0.0003784693019344143,0.02282612309401777,0.49409034848213196,0.02282612309401777,0.006613248848956895,0.04962153069806563,-0.0008760165423153943,0.009973297300773579,6299,2378
ciciot2023,0.8,BruteForce,rf,3407,0,0.9887772025540471,0.9511305616338439,0.9399293286219081,0.011201233011935763,-0.0011305616338439517,0.010070671378091811,0.04758591005507831,0.3708783686161041,0.04758591005507831,0.022957888415512606,0.060070671378091856,0.0010100600775331259,0.23538969831554962,1371,566
ciciot2023,0.8,DDoS,rf,3407,0,0.5,0.9992990244757287,0.9995759771798628,-0.00027695270413408135,-0.04929902447572876,-0.04957597717986284,0.001174551250490265,0.4953312873840332,0.0010327254358646065,0.001174551250490265,0.00042402282013720427,0.0,0.23579448237654982,68476,25942
ciciot2023,0.8,DoS,rf,3407,0,0.5,0.9992861392028555,0.9995896594173164,-0.00030352021446089505,-0.04928613920285552,-0.04958965941731641,0.0018361296786902244,0.49986475706100464,0.00046903157262804553,0.0018361296786902244,0.0004103405826836326,0.0,0.16530434532129923,25215,9748
ciciot2023,0.8,Mirai,rf,3407,0,0.5,0.9996306653300269,0.9998602961721151,-0.00022963084208826867,-0.04963066533002691,-0.04986029617211518,0.0028628043839625805,0.4999079704284668,0.0005647858755972978,0.0028628043839625805,0.0001397038278848628,0.0,0.08021185218754721,18953,7158
ciciot2023,0.8,Recon,rf,3407,0,0.6368583589792252,0.9500759054435046,0.9530325872666126,-0.0029566818231079317,-7.590544350466466e-05,-0.0030325872666125964,0.007824851367506436,0.499907910823822,0.007824851367506436,0.0034553607557702426,0.04696741273338745,-0.0222960606217385,0.3778578894655918,23055,8623
ciciot2023,0.8,Spoofing,rf,3407,0,0.8364304229617119,0.9501391650099403,0.9541265186426476,-0.003987353632707302,-0.0001391650099403785,-0.004126518642647681,0.010395623743921112,0.49944111704826355,0.005511630676768853,0.010395623743921112,0.045873481357352364,-0.010421907156706323,0.3835607877823517,12575,4774
ciciot2023,0.8,Web,rf,3407,0,0.9671559222042561,0.9508196721311475,0.9630086313193588,-0.012188959188211279,-0.0008196721311475308,-0.01300863131935881,0.09854027034597462,0.4600306451320648,0.020652792256357966,0.09854027034597462,0.036991368680641235,-0.010874766856431961,0.12369520750669626,2135,811
ciciot2023,0.8,Benign,rf,3407,1,0.9327616095542908,0.9501508175900937,0.9483043837882548,0.0018464338018389093,-0.00015081759009372142,0.0016956162117451878,0.01519941393141952,0.37909311056137085,0.008231117337017396,0.01519941393141952,0.05169561621174523,0.008428172580897897,0.12148059196032863,6299,2418
ciciot2023,0.8,BruteForce,rf,3407,1,0.9887772025540471,0.9511305616338439,0.9544513457556936,-0.0033207841218496625,-0.0011305616338439517,-0.004451345755693614,0.0429889775337402,0.4283599257469177,0.0429889775337402,0.03265060186380708,0.04554865424430643,-0.0011013282462954965,0.07724733902413292,1371,483
ciciot2023,0.8,DDoS,rf,3407,1,0.5,0.9992990244757287,0.9994596680818217,-0.00016064360609302497,-0.04929902447572876,-0.049459668081821784,0.0016073852140742768,0.49690401554107666,8.449379329369871e-05,0.0016073852140742768,0.0005403319181782607,0.0,0.09994095048680825,68476,25910
ciciot2023,0.8,DoS,rf,3407,1,0.5,0.9992861392028555,0.9992689295039164,1.720969893903579e-05,-0.04928613920285552,-0.04926892950391648,0.004176220275862563,0.49995678663253784,0.0007917911185734796,0.004176220275862563,0.0007310704960835634,0.0,0.004120879120889109,25215,9575
ciciot2023,0.8,Mirai,rf,3407,1,0.5,0.9996306653300269,0.9997248589902324,-9.419366020557707e-05,-0.04963066533002691,-0.04972485899023249,0.0015974016631289068,0.47442159056663513,0.0015974016631289068,0.00021790767303936885,0.0002751410097675544,0.0,0.05896679738086378,18953,7269
ciciot2023,0.8,Recon,rf,3407,1,0.6368583589792252,0.9500759054435046,0.9529411764705882,-0.00286527102708356,-7.590544350466466e-05,-0.002941176470588225,0.00624365467773097,0.49930188059806824,0.005326893787247516,0.00624365467773097,0.04705882352941182,-0.02246314138174077,0.45890927268976367,23055,8755
ciciot2023,0.8,Spoofing,rf,3407,1,0.8364304229617119,0.9501391650099403,0.9489432935760619,0.0011958714338784482,-0.0001391650099403785,0.0010567064239380697,0.01734072651348656,0.48497843742370605,0.002226190877334777,0.01734072651348656,0.051056706423938114,0.003917201608419241,0.0689631678896713,12575,4779
ciciot2023,0.8,Web,rf,3407,1,0.9671559222042561,0.9508196721311475,0.9593094944512947,-0.008489822320147167,-0.0008196721311475308,-0.009309494451294698,0.042356127832467505,0.4457472562789917,0.037384095155314684,0.042356127832467505,0.04069050554870535,-0.010080628097057343,0.2004390569819607,2135,811
ciciot2023,0.8,Benign,rf,3407,2,0.9327616095542908,0.9501508175900937,0.9472140762463344,0.0029367413437593193,-0.00015081759009372142,0.002785923753665598,0.023701436706061174,0.49851447343826294,0.023701436706061174,0.007526812995166915,0.05278592375366564,0.0031903948634862678,0.12390562564539835,6299,2387
ciciot2023,0.8,BruteForce,rf,3407,2,0.9887772025540471,0.9511305616338439,0.9384328358208955,0.012697725812948368,-0.0011305616338439517,0.011567164179104417,0.04327922749491053,0.8357780128717422,0.04327922749491053,0.02256360429798493,0.06156716417910446,0.0013459885958582163,0.2933907684567977,1371,536
ciciot2023,0.8,DDoS,rf,3407,2,0.5,0.9992990244757287,0.9992715282570355,2.7496218693245922e-05,-0.04929902447572876,-0.04927152825703551,0.0012681553039287606,0.49492955207824707,0.0001734846337123619,0.0012681553039287606,0.0007284717429645315,0.0,0.021682059451285107,68476,26082
ciciot2023,0.8,DoS,rf,3407,2,0.5,0.9992861392028555,0.9994692144373672,-0.00018307523451177588,-0.04928613920285552,-0.04946921443736729,0.0012961145612698927,0.4999079704284668,0.0012961145612698927,0.0006128189291835437,0.0005307855626327518,0.0,0.14124926914824912,25215,9420
ciciot2023,0.8,Mirai,rf,3407,2,0.5,0.9996306653300269,0.9998617638927287,-0.00023109856270187024,-0.04963066533002691,-0.04986176389272878,0.0028122401235213612,0.47442159056663513,0.0028122401235213612,0.00023109856270187024,0.00013823610727126123,0.0,0.08217597095247292,18953,7234
ciciot2023,0.8,Recon,rf,3407,2,0.6368583589792252,0.9500759054435046,0.9501755180613747,-9.96126178700596e-05,-7.590544350466466e-05,-0.00017551806137472425,0.00900342170643964,0.47872599959373474,0.00900342170643964,0.0011247173698870627,0.04982448193862532,-0.0035526007413864136,0.011063862286802839,23055,8831
ciciot2023,0.8,Spoofing,rf,3407,2,0.8364304229617119,0.9501391650099403,0.95722494147691,-0.007085776466969618,-0.0001391650099403785,-0.007224941476909996,0.01048308996838293,0.4783599376678467,0.003616826387916383,0.01048308996838293,0.04277505852309005,-0.023825830221176902,0.6759244162112857,12575,4699
ciciot2023,0.8,Web,rf,3407,2,0.9671559222042561,0.9508196721311475,0.9568434032059187,-0.006023731074771166,-0.0008196721311475308,-0.006843403205918697,0.06259886744615167,0.4732480049133301,0.04035553296736616,0.06259886744615167,0.04315659679408135,-0.0037591466680169106,0.09622747695799536,2135,811
ciciot2023,0.8,Benign,rf,3407,3,0.9327616095542908,0.9501508175900937,0.9457032920051304,0.004447525584963308,-0.00015081759009372142,0.004296707994869586,0.02011401200309959,0.42760440707206726,0.010202152787812557,0.02011401200309959,0.05429670799486963,0.009024341031908967,0.22111578656102718,6299,2339
ciciot2023,0.8,BruteForce,rf,3407,3,0.9887772025540471,0.9511305616338439,0.9563636363636364,-0.005233074729792508,-0.0011305616338439517,-0.00636363636363646,0.041123267687819126,0.37843596935272217,0.041123267687819126,0.016469730123997106,0.043636363636363584,-0.000970498844981238,0.1272533780515347,1371,550
ciciot2023,0.8,DDoS,rf,3407,3,0.5,0.9992990244757287,0.9994599182161871,-0.00016089374045835658,-0.04929902447572876,-0.049459918216187115,0.0011719183847110357,0.494864284992218,0.0003712693256879285,0.0011719183847110357,0.000540081783812929,0.0,0.137290909125919,68476,25922
ciciot2023,0.8,DoS,rf,3407,3,0.5,0.9992861392028555,0.9992603550295858,2.5784173269705057e-05,-0.04928613920285552,-0.04926035502958581,0.0030381324162498356,0.49990755319595337,0.0011772970542933477,0.0030381324162498356,0.0007396449704142327,0.0,0.008486849727745618,25215,9464
ciciot2023,0.8,Mirai,rf,3407,3,0.5,0.9996306653300269,1.0,-0.00036933466997313147,-0.04963066533002691,-0.050000000000000044,0.002057052309119083,0.47442159056663513,0.002057052309119083,0.00036933466997313147,0.0,0.0,0.17954558974307086,18953,7330
ciciot2023,0.8,Recon,rf,3407,3,0.6368583589792252,0.9500759054435046,0.9558287795992714,-0.005752874155766752,-7.590544350466466e-05,-0.005828779599271416,0.01001468927357127,0.45759549736976624,0.01001468927357127,0.007699617687805249,0.04417122040072863,-0.08734942302107673,0.5744435996580111,23055,8784
ciciot2023,0.8,Spoofing,rf,3407,3,0.8364304229617119,0.9501391650099403,0.9564583333333333,-0.006319168323392965,-0.0001391650099403785,-0.006458333333333344,0.0096056991385024,0.8659925013780594,0.0056067760106031095,0.0096056991385024,0.0435416666666667,-0.02228260897099943,0.6578561572956126,12575,4800
ciciot2023,0.8,Web,rf,3407,3,0.9671559222042561,0.9508196721311475,0.9580764488286067,-0.007256776697459166,-0.0008196721311475308,-0.008076448828606697,0.05702561673938847,0.36787205934524536,0.05702561673938847,0.04419905456876616,0.04192355117139335,-0.0034907516092061996,0.12725468153414637,2135,811
ciciot2023,0.8,Benign,rf,3407,4,0.9327616095542908,0.9501508175900937,0.9514285714285714,-0.0012777538384777243,-0.00015081759009372142,-0.0014285714285714457,0.022138467071222828,0.42098477482795715,0.002206699476107299,0.022138467071222828,0.0485714285714286,-0.0036816406995062723,0.05771645499966168,6299,2450
ciciot2023,0.8,BruteForce,rf,3407,4,0.9887772025540471,0.9511305616338439,0.952561669829222,-0.0014311081953780613,-0.0011305616338439517,-0.002561669829222013,0.02899308943595791,0.811868317425251,0.01090078157330554,0.02899308943595791,0.04743833017077803,-0.0003057449124753697,0.04936032079434651,1371,527
ciciot2023,0.8,DDoS,rf,3407,4,0.5,0.9992990244757287,0.99930405196412,-5.027488391262658e-06,-0.04929902447572876,-0.04930405196412002,0.0026577458274240386,0.4989902973175049,0.00022408233972606413,0.0026577458274240386,0.000695948035880023,0.0,0.001891636265359295,68476,25864
ciciot2023,0.8,DoS,rf,3407,4,0.5,0.9992861392028555,0.9992746113989638,1.1527803891686617e-05,-0.04928613920285552,-0.04927461139896383,0.0016911760928553302,0.4846106469631195,0.0016911760928553302,0.0002379535990482129,0.0007253886010362143,0.0,0.006816442084527948,25215,9650
ciciot2023,0.8,Mirai,rf,3407,4,0.5,0.9996306653300269,0.9998603936897947,-0.00022972835976786676,-0.04963066533002691,-0.04986039368979478,0.0018142485634188056,0.49995678663253784,0.0018142485634188056,0.0006432953883534426,0.0001396063102052647,0.0,0.12662452345281847,18953,7163
ciciot2023,0.8,Recon,rf,3407,4,0.6368583589792252,0.9500759054435046,0.9515213442325159,-0.0014454387890112663,-7.590544350466466e-05,-0.001521344232515931,0.012908918786198376,0.49970799684524536,0.012908918786198376,0.001925158828225526,0.04847865576748411,-0.012466809898614928,0.11197210339231999,23055,8808
ciciot2023,0.8,Spoofing,rf,3407,4,0.8364304229617119,0.9501391650099403,0.9481700867357732,0.0019690782741671464,-0.0001391650099403785,0.001829913264226768,0.02636338516394765,0.4999566972255707,0.02636338516394765,0.007154904295403802,0.05182991326422681,0.004989108443260171,0.07468988758165596,12575,4727
ciciot2023,0.8,Web,rf,3407,4,0.9671559222042561,0.9508196721311475,0.9716399506781751,-0.020820278547027615,-0.0008196721311475308,-0.021639950678175146,0.07723428155600537,0.46085456013679504,0.018110465871780557,0.07723428155600537,0.0283600493218249,-0.01730615459382534,0.2695730202647134,2135,811
ciciot2023,0.8,Benign,rf,42,0,0.9296926166862249,0.9501508175900937,0.9482758620689655,0.0018749555211281521,-0.00015081759009372142,0.0017241379310344307,0.020585723153354052,0.48522964119911194,0.020585723153354052,0.006467845497523135,0.051724137931034475,0.001287622004747413,0.09108038163928499,6299,2378
ciciot2023,0.8,BruteForce,rf,42,0,0.9895127043128014,0.9511305616338439,0.9469964664310954,0.0041340952027485445,-0.0011305616338439517,0.0030035335689045928,0.03716304160126599,0.3827037811279297,0.03716304160126599,0.015620127167242703,0.05300353356890464,0.0005527118919417262,0.11124211110340639,1371,566
ciciot2023,0.8,DDoS,rf,42,0,0.5,0.9992698171622174,0.9994217870634492,-0.00015196990123178544,-0.049269817162217455,-0.04942178706344924,0.0006436135854813833,0.499693900346756,0.0006436135854813833,0.00043177443348722117,0.0005782129365508037,0.0,0.23611978469677783,68476,25942
ciciot2023,0.8,DoS,rf,42,0,0.5,0.9991275034701567,0.9995896594173164,-0.00046215594715970365,-0.04912750347015671,-0.04958965941731641,0.003187385367253194,0.49997320771217346,0.0006276673053268359,0.003187385367253194,0.0004103405826836326,0.0,0.1449953155673729,25215,9748
ciciot2023,0.8,Mirai,rf,42,0,0.5,0.9994723790428955,0.9995808885163453,-0.00010850947344975825,-0.04947237904289559,-0.049580888516345345,0.0032981838119079485,0.49997320771217346,0.00019478043855105038,0.0032981838119079485,0.0004191114836546994,0.0,0.0328997653369074,18953,7158
ciciot2023,0.8,Recon,rf,42,0,0.6298028230667114,0.9500759054435046,0.9514090223820016,-0.0013331169384970254,-7.590544350466466e-05,-0.00140902238200169,0.006604770801928228,0.49163150787353516,0.006604770801928228,0.0039501816029027526,0.048590977617998354,-0.01039258539676724,0.20184151403222483,23055,8623
ciciot2023,0.8,Spoofing,rf,42,0,0.8400915861129761,0.9501391650099403,0.9568496020108923,-0.006710437000951974,-0.0001391650099403785,-0.006849602010892353,0.014939387554022354,0.4998283386230469,0.004756596574720079,0.014939387554022354,0.04315039798910769,-0.025853811576962538,0.4491775165940603,12575,4774
ciciot2023,0.8,Web,rf,42,0,0.9720781594514847,0.9508196721311475,0.9580764488286067,-0.007256776697459166,-0.0008196721311475308,-0.008076448828606697,0.12027537056341808,0.45756468176841736,0.014097725362911012,0.12027537056341808,0.04192355117139335,-0.006991641595959663,0.06033468584187696,2135,811
ciciot2023,0.8,Benign,rf,42,1,0.9296926166862249,0.9501508175900937,0.9503722084367245,-0.0002213908466308645,-0.00015081759009372142,-0.0003722084367245859,0.01321333056529117,0.49368712306022644,0.01321333056529117,0.007728785970595953,0.04962779156327546,-0.0014546897262334157,0.01675511299266325,6299,2418
ciciot2023,0.8,BruteForce,rf,42,1,0.9895127043128014,0.9511305616338439,0.9544513457556936,-0.0033207841218496625,-0.0011305616338439517,-0.004451345755693614,0.0459745119625245,0.41405758261680603,0.0459745119625245,0.030417114043790883,0.04554865424430643,-0.002391782682389043,0.07223098147418193,1371,483
ciciot2023,0.8,DDoS,rf,42,1,0.5,0.9992698171622174,0.999421072944809,-0.00015125578259156391,-0.049269817162217455,-0.04942107294480902,0.001105550361265497,0.4997974932193756,0.00027340232331497447,0.001105550361265497,0.0005789270551910253,0.0,0.1368149185157201,68476,25910
ciciot2023,0.8,DoS,rf,42,1,0.5,0.9991275034701567,0.9992689295039164,-0.0001414260337597728,-0.04912750347015671,-0.04926892950391648,0.005161584265654794,0.49997320771217346,0.0008116723592250252,0.005161584265654794,0.0007310704960835634,0.0,0.027399733585833773,25215,9575
ciciot2023,0.8,Mirai,rf,42,1,0.5,0.9994723790428955,0.9993121474755813,0.0001602315673142618,-0.04947237904289559,-0.049312147475581325,0.001736917448195683,0.46830594539642334,0.001736917448195683,0.0004027455829673371,0.0006878525244187195,0.0,0.09225053699628098,18953,7269
ciciot2023,0.8,Recon,rf,42,1,0.6298028230667114,0.9500759054435046,0.953055396916048,-0.002979491472543394,-7.590544350466466e-05,-0.0030553969160480587,0.007586655257007802,0.49866780638694763,0.005094142690838993,0.007586655257007802,0.046944603083951986,-0.03572406619787427,0.39272793762326746,23055,8755
ciciot2023,0.8,Spoofing,rf,42,1,0.8400915861129761,0.9501391650099403,0.9558485038711028,-0.005709338861162427,-0.0001391650099403785,-0.005848503871102806,0.018756779265815482,0.490125447511673,0.004676157326807151,0.018756779265815482,0.04415149612889724,-0.018333313614130375,0.30438801780686225,12575,4779
ciciot2023,0.8,Web,rf,42,1,0.9720781594514847,0.9508196721311475,0.9531442663378545,-0.0023245942067070535,-0.0008196721311475308,-0.0031442663378545843,0.058862768086353656,0.44761261343955994,0.026424716356191258,0.058862768086353656,0.04685573366214546,-0.0018916884437203407,0.039491758241759815,2135,811
ciciot2023,0.8,Benign,rf,42,2,0.9296926166862249,0.9501508175900937,0.9518223711772099,-0.0016715535871162368,-0.00015081759009372142,-0.0018223711772099582,0.020380277277173398,0.49205127358436584,0.020380277277173398,0.009577597018511852,0.048177628822790086,-0.0015456806868314743,0.08201819653299976,6299,2387
ciciot2023,0.8,BruteForce,rf,42,2,0.9895127043128014,0.9511305616338439,0.9458955223880597,0.005235039245784168,-0.0011305616338439517,0.004104477611940216,0.03021952600237332,0.8441256433725357,0.03021952600237332,0.025565552979087025,0.05410447761194026,0.0009962990880012512,0.17323366506056478,1371,536
ciciot2023,0.8,DDoS,rf,42,2,0.5,0.9992698171622174,0.9992331876389847,3.662952323268964e-05,-0.049269817162217455,-0.049233187638984766,0.001042637934141659,0.49997320771217346,0.00015131430962302844,0.001042637934141659,0.0007668123610152788,0.0,0.035131585024138344,68476,26082
ciciot2023,0.8,DoS,rf,42,2,0.5,0.9991275034701567,0.9994692144373672,-0.00034171096721058447,-0.04912750347015671,-0.04946921443736729,0.001688977974135808,0.4986397922039032,0.001688977974135808,0.0008166077466274096,0.0005307855626327518,0.0,0.20231819031590761,25215,9420
ciciot2023,0.8,Mirai,rf,42,2,0.5,0.9994723790428955,0.9997235277854576,-0.0002511487425620462,-0.04947237904289559,-0.04972352778545763,0.002251907250566609,0.4715737998485565,0.002251907250566609,0.0002511487425620462,0.00027647221454241144,0.0,0.1115271255061033,18953,7234
ciciot2023,0.8,Recon,rf,42,2,0.6298028230667114,0.9500759054435046,0.9508549428150832,-0.0007790373715785837,-7.590544350466466e-05,-0.0008549428150832483,0.006583317904698849,0.4912300705909729,0.006583317904698849,0.0020259657348998816,0.049145057184916796,-0.012590818107128143,0.1183350679484193,23055,8831
ciciot2023,0.8,Spoofing,rf,42,2,0.8400915861129761,0.9501391650099403,0.9536071504575442,-0.0034679854476038496,-0.0001391650099403785,-0.003607150457544228,0.010943980720909685,0.4833357334136963,0.006926527661018311,0.010943980720909685,0.046392849542455816,-0.013382525742054119,0.31688519342672816,12575,4699
ciciot2023,0.8,Web,rf,42,2,0.9720781594514847,0.9508196721311475,0.9457459926017263,0.005073679529421171,-0.0008196721311475308,0.00425400739827364,0.0689362021617283,0.4688278138637543,0.05305850180625302,0.0689362021617283,0.054254007398273685,0.0006913598626852036,0.0735996380757679,2135,811
ciciot2023,0.8,Benign,rf,42,3,0.9296926166862249,0.9501508175900937,0.9461308251389483,0.004019992451145371,-0.00015081759009372142,0.0038691748610516496,0.01269051915581243,0.7248260825872421,0.01269051915581243,0.012392420168079787,0.053869174861051694,0.010241487994790077,0.31677131579791673,6299,2339
ciciot2023,0.8,BruteForce,rf,42,3,0.9895127043128014,0.9511305616338439,0.9545454545454546,-0.0034148929116106785,-0.0011305616338439517,-0.00454545454545463,0.0384815330548372,0.40991008281707764,0.0384815330548372,0.021733306809893244,0.045454545454545414,-0.0013491764664650407,0.08874108281352423,1371,550
ciciot2023,0.8,DDoS,rf,42,3,0.5,0.9992698171622174,0.9991127227837359,0.00015709437848154817,-0.049269817162217455,-0.04911272278373591,0.0009505751276305055,0.49982950091362,0.0002922432726155475,0.0009505751276305055,0.0008872772162641374,0.0,0.165262454187221,68476,25922
ciciot2023,0.8,DoS,rf,42,3,0.5,0.9991275034701567,0.9995773457311918,-0.00044984226103517155,-0.04912750347015671,-0.04957734573119188,0.0031931182196591953,0.49985629320144653,0.0005169699502285416,0.0031931182196591953,0.0004226542688081647,0.0,0.14087867410157576,25215,9464
ciciot2023,0.8,Mirai,rf,42,3,0.5,0.9994723790428955,0.9994542974079127,1.8081634982847206e-05,-0.04947237904289559,-0.04945429740791274,0.002418828970838973,0.46604880690574646,0.002418828970838973,0.0003165725742626524,0.0005457025920873049,0.0,0.007475367295842986,18953,7330
ciciot2023,0.8,Recon,rf,42,3,0.6298028230667114,0.9500759054435046,0.9546903460837887,-0.0046144406402840454,-7.590544350466466e-05,-0.00469034608378871,0.010359122815126132,0.49676433205604553,0.010359122815126132,0.0059376603583970455,0.045309653916211334,-0.051474316418170796,0.4454470443719573,23055,8784
ciciot2023,0.8,Spoofing,rf,42,3,0.8400915861129761,0.9501391650099403,0.9558333333333333,-0.0056941683233929785,-0.0001391650099403785,-0.005833333333333357,0.010497846255798526,0.499577134847641,0.00010975811795891317,0.010497846255798526,0.04416666666666669,-0.017195117101073243,0.5424130040243047,12575,4800
ciciot2023,0.8,Web,rf,42,3,0.9720781594514847,0.9508196721311475,0.9469790382244143,0.0038406339067331707,-0.0008196721311475308,0.00302096177558564,0.069327773558535,0.36402541399002075,0.069327773558535,0.04351062816022083,0.053020961775585684,0.002509751822799444,0.05539820059979911,2135,811
ciciot2023,0.8,Benign,rf,42,4,0.9296926166862249,0.9501508175900937,0.9546938775510204,-0.004543059960926743,-0.00015081759009372142,-0.0046938775510204644,0.01831434208863736,0.49945294857025146,0.005132463526766495,0.01831434208863736,0.04530612244897958,-0.00710912747308623,0.24806023273669014,6299,2450
ciciot2023,0.8,BruteForce,rf,42,4,0.9895127043128014,0.9511305616338439,0.9563567362428842,-0.0052261746090402905,-0.0011305616338439517,-0.006356736242884242,0.04787569012217019,0.9185696244239807,0.02405202922560995,0.04787569012217019,0.0436432637571158,-0.0025546467863023503,0.10916134254574772,1371,527
ciciot2023,0.8,DDoS,rf,42,4,0.5,0.9992698171622174,0.9992267244045778,4.3092757639584534e-05,-0.049269817162217455,-0.04922672440457787,0.0028994243765196187,0.49997320771217346,0.00017189222214031297,0.0028994243765196187,0.0007732755954221737,0.0,0.01486252167449588,68476,25864
ciciot2023,0.8,DoS,rf,42,4,0.5,0.9991275034701567,0.9991709844559585,-4.348098580186921e-05,-0.04912750347015671,-0.04917098445595858,0.0027597891295480653,0.49997320771217346,0.0027597891295480653,0.00014967651256192482,0.000829015544041467,0.0,0.01575518409589124,25215,9650
ciciot2023,0.8,Mirai,rf,42,4,0.5,0.9994723790428955,0.9997207873795896,-0.0002484083366940393,-0.04947237904289559,-0.049720787379589626,0.0011339099558376926,0.49945294857025146,0.0011339099558376926,0.0006377267516988155,0.0002792126204104184,0.0,0.21907236585688497,18953,7163
ciciot2023,0.8,Recon,rf,42,4,0.6298028230667114,0.9500759054435046,0.9512942779291553,-0.0012183724856507094,-7.590544350466466e-05,-0.001294277929155374,0.009951886171972346,0.4968554675579071,0.009951886171972346,0.0022415743184909243,0.04870572207084467,-0.01651145890355188,0.12242628830321944,23055,8808
ciciot2023,0.8,Spoofing,rf,42,4,0.8400915861129761,0.9501391650099403,0.9479585360693886,0.00218062894055171,-0.0001391650099403785,0.0020414639306113314,0.027110735207961034,0.4975123405456543,0.027110735207961034,0.005391623182420181,0.052041463930611376,0.0038740999996661474,0.08043414993450163,12575,4727
ciciot2023,0.8,Web,rf,42,4,0.9720781594514847,0.9508196721311475,0.9630086313193588,-0.012188959188211279,-0.0008196721311475308,-0.01300863131935881,0.07102111771109765,0.448253333568573,0.04993228356006549,0.07102111771109765,0.036991368680641235,-0.013841249980032444,0.17162443483069334,2135,811
ciciot2023,0.8,Benign,rf,512,0,0.9307409934699535,0.9501508175900937,0.9541631623212784,-0.004012344731184725,-0.00015081759009372142,-0.004163162321278446,0.021763770692105278,0.48271644115448,0.021763770692105278,0.00571646132838312,0.0458368376787216,-0.01064876951277216,0.1843588957055216,6299,2378
ciciot2023,0.8,BruteForce,rf,512,0,0.9873911803588271,0.9511305616338439,0.950530035335689,0.0006005262981548798,-0.0011305616338439517,-0.0005300353356890719,0.04142729379138285,0.35589781403541565,0.04142729379138285,0.019879224625186542,0.04946996466431097,-0.00018745078705251217,0.014495909416120084,1371,566
ciciot2023,0.8,DDoS,rf,512,0,0.5,0.9992844208189731,0.9993832395343458,-9.881871537276155e-05,-0.04928442081897311,-0.04938323953434587,0.0009809714543871674,0.49996232986450195,0.0009809714543871674,0.0004061462599671377,0.0006167604656541759,0.0,0.10073556669851885,68476,25942
ciciot2023,0.8,DoS,rf,512,0,0.5,0.9991275034701567,0.9994870742716455,-0.000359570801488851,-0.04912750347015671,-0.04948707427164556,0.0021131929745591277,0.4996965229511261,0.00033206829961551017,0.0021131929745591277,0.0005129257283544852,0.0,0.1701552133750907,25215,9748
ciciot2023,0.8,Mirai,rf,512,0,0.5,0.9997361895214478,0.9995808885163453,0.0001553010051025261,-0.04973618952144787,-0.049580888516345345,0.0015244987648819434,0.49986588954925537,0.000654712889800621,0.0015244987648819434,0.0004191114836546994,0.0,0.1018702072313929,18953,7158
ciciot2023,0.8,Recon,rf,512,0,0.6389975845813751,0.9500759054435046,0.9515249913023309,-0.0014490858588263045,-7.590544350466466e-05,-0.0015249913023309691,0.006753973582878547,0.4996849000453949,0.006753973582878547,0.0023019239648804923,0.048475008697669075,-0.011092224717140886,0.2145530836098863,23055,8623
ciciot2023,0.8,Spoofing,rf,512,0,0.8329206332564354,0.9501391650099403,0.9537075827398408,-0.003568417729900464,-0.0001391650099403785,-0.0037075827398408423,0.011127270728373717,0.49996230006217957,0.0024446700609081218,0.011127270728373717,0.0462924172601592,-0.01026935763657122,0.32069119346591096,12575,4774
ciciot2023,0.8,Web,rf,512,0,0.9614605531096458,0.9508196721311475,0.9580764488286067,-0.007256776697459166,-0.0008196721311475308,-0.008076448828606697,0.1156591018692048,0.46236738562583923,0.02217114211211764,0.1156591018692048,0.04192355117139335,-0.008019071072340012,0.06274280692293135,2135,811
ciciot2023,0.8,Benign,rf,512,1,0.9307409934699535,0.9501508175900937,0.9503722084367245,-0.0002213908466308645,-0.00015081759009372142,-0.0003722084367245859,0.01628417655539216,0.4461962580680847,0.002805006269457899,0.01628417655539216,0.04962779156327546,-0.000756158679723784,0.013595458504013554,6299,2418
ciciot2023,0.8,BruteForce,rf,512,1,0.9873911803588271,0.9511305616338439,0.9523809523809523,-0.0012503907471084208,-0.0011305616338439517,-0.0023809523809523725,0.043319696825547815,0.4375605583190918,0.043319696825547815,0.022085706130991922,0.04761904761904767,-0.0007469261065125021,0.028864254340095062,1371,483
ciciot2023,0.8,DDoS,rf,512,1,0.5,0.9992844208189731,0.9993824778077962,-9.80569888231475e-05,-0.04928442081897311,-0.049382477807796255,0.0012463913862525988,0.4994388222694397,0.0002691288796437515,0.0012463913862525988,0.0006175221922037899,0.0,0.07867271059852693,68476,25910
ciciot2023,0.8,DoS,rf,512,1,0.5,0.9991275034701567,0.9992689295039164,-0.0001414260337597728,-0.04912750347015671,-0.04926892950391648,0.0042188613951349985,0.49996232986450195,0.0008090008175124738,0.0042188613951349985,0.0007310704960835634,0.0,0.03352232285299985,25215,9575
ciciot2023,0.8,Mirai,rf,512,1,0.5,0.9997361895214478,1.0,-0.0002638104785521733,-0.04973618952144787,-0.050000000000000044,0.002114476007897749,0.49996232986450195,0.0011940753995099218,0.002114476007897749,0.0,0.0,0.1247639971164575,18953,7269
ciciot2023,0.8,Recon,rf,512,1,0.6389975845813751,0.9500759054435046,0.9537407195888064,-0.0036648141453017313,-7.590544350466466e-05,-0.003740719588806396,0.007490716027932609,0.49996232986450195,0.005554046570779458,0.007490716027932609,0.04625928041119365,-0.01656668633222591,0.4892475073992622,23055,8755
ciciot2023,0.8,Spoofing,rf,512,1,0.8329206332564354,0.9501391650099403,0.9522912743251726,-0.0021521093152322424,-0.0001391650099403785,-0.002291274325172621,0.017795316404564887,0.48751553893089294,0.0004994681419747682,0.017795316404564887,0.047708725674827424,-0.008179166167974539,0.12093683901457236,12575,4779
ciciot2023,0.8,Web,rf,512,1,0.9614605531096458,0.9508196721311475,0.9395807644882861,0.011238907642861395,-0.0008196721311475308,0.010419235511713865,0.05346220152066,0.45603495836257935,0.030112879984521945,0.05346220152066,0.06041923551171391,0.004959729500114918,0.2102215644546216,2135,811
ciciot2023,0.8,Benign,rf,512,2,0.9307409934699535,0.9501508175900937,0.9539170506912442,-0.00376623310115054,-0.00015081759009372142,-0.0039170506912442615,0.022030215660541086,0.49841922521591187,0.022030215660541086,0.020139118111658555,0.04608294930875578,-0.005877054668963044,0.17095761381475452,6299,2387
ciciot2023,0.8,BruteForce,rf,512,2,0.9873911803588271,0.9511305616338439,0.9421641791044776,0.008966382529366324,-0.0011305616338439517,0.007835820895522372,0.039066157179093564,0.922081720083952,0.039066157179093564,0.03688885985825796,0.057835820895522416,0.00136239652056247,0.2295179044168881,1371,536
ciciot2023,0.8,DDoS,rf,512,2,0.5,0.9992844208189731,0.9992331876389847,5.1233179988341426e-05,-0.04928442081897311,-0.049233187638984766,0.0011168376348263814,0.49996232986450195,0.00014398840497649272,0.0011168376348263814,0.0007668123610152788,0.0,0.04587343620123072,68476,26082
ciciot2023,0.8,DoS,rf,512,2,0.5,0.9991275034701567,0.9995753715498938,-0.00044786807973717924,-0.04912750347015671,-0.04957537154989389,0.0009609081643092328,0.49942901730537415,0.0007852216163920234,0.0009609081643092328,0.000424628450106157,0.0,0.46608832807569883,25215,9420
ciciot2023,0.8,Mirai,rf,512,2,0.5,0.9997361895214478,0.9997235277854576,1.2661735990238121e-05,-0.04973618952144787,-0.04972352778545763,0.002219195334716273,0.4828696846961975,0.002219195334716273,0.001676680791844548,0.00027647221454241144,0.0,0.005705552725423758,18953,7234
ciciot2023,0.8,Recon,rf,512,2,0.6389975845813751,0.9500759054435046,0.9494960933076662,0.0005798121358384645,-7.590544350466466e-05,0.0005039066923337998,0.007468952221478975,0.49673205614089966,0.007468952221478975,0.0012644284746310408,0.050503906692333844,0.002615228295326233,0.07762964852969058,23055,8831
ciciot2023,0.8,Spoofing,rf,512,2,0.8329206332564354,0.9501391650099403,0.9563736965311769,-0.0062345315212365415,-0.0001391650099403785,-0.00637369653117692,0.012969757534808168,0.37651899456977844,0.0092942409387049,0.012969757534808168,0.043626303468823124,-0.026427972316741988,0.48069761554943014,12575,4699
ciciot2023,0.8,Web,rf,512,2,0.9614605531096458,0.9508196721311475,0.9420468557336621,0.008772816397485395,-0.0008196721311475308,0.007953144266337864,0.06702570337022845,0.45603495836257935,0.06251108152828352,0.06702570337022845,0.05795314426633791,0.004894481971859932,0.1308873455460389,2135,811
ciciot2023,0.8,Benign,rf,512,3,0.9307409934699535,0.9501508175900937,0.9499786233433091,0.00017219424678460715,-0.00015081759009372142,2.137665669088573e-05,0.019665234565283463,0.49852368235588074,0.019665234565283463,0.014339022847536242,0.05002137665669093,-0.00034604165703078227,0.008756277287868958,6299,2339
ciciot2023,0.8,BruteForce,rf,512,3,0.9873911803588271,0.9511305616338439,0.9654545454545455,-0.014323983820701547,-0.0011305616338439517,-0.015454545454545499,0.044959883296863595,0.3608996868133545,0.044959883296863595,0.03057224321994567,0.034545454545454546,-0.0014166169334203227,0.3185947731697246,1371,550
ciciot2023,0.8,DDoS,rf,512,3,0.5,0.9992844208189731,0.9991898773242806,9.454349469251166e-05,-0.04928442081897311,-0.049189877324280595,0.0014588614797647718,0.49996232986450195,0.0014588614797647718,0.0004539775599405804,0.0008101226757194491,0.0,0.06480635482112801,68476,25922
ciciot2023,0.8,DoS,rf,512,3,0.5,0.9991275034701567,0.9993660185967879,-0.00023851512663120022,-0.04912750347015671,-0.04936601859678791,0.0021264211466929615,0.4991871118545532,0.0006217912260560867,0.0021264211466929615,0.000633981403212136,0.0,0.11216739779048103,25215,9464
ciciot2023,0.8,Mirai,rf,512,3,0.5,0.9997361895214478,0.9997271487039563,9.040817491534625e-06,-0.04973618952144787,-0.049727148703956336,0.0023479852401456346,0.4773913025856018,0.0023479852401456346,0.0001582862871313262,0.00027285129604370795,0.0,0.003850457548435809,18953,7330
ciciot2023,0.8,Recon,rf,512,3,0.6389975845813751,0.9500759054435046,0.9543488160291439,-0.004272910585639278,-7.590544350466466e-05,-0.004348816029143943,0.009742398493505056,0.4896441400051117,0.009742398493505056,0.005829046246028424,0.0456511839708561,-0.041904305666684794,0.43858918196457375,23055,8784
ciciot2023,0.8,Spoofing,rf,512,3,0.8329206332564354,0.9501391650099403,0.955625,-0.005485834990059613,-0.0001391650099403785,-0.005624999999999991,0.014901010603048381,0.4997001886367798,0.00017354208084824395,0.014901010603048381,0.04437500000000005,-0.013853330351412008,0.3681518748089036,12575,4800
ciciot2023,0.8,Web,rf,512,3,0.9614605531096458,0.9508196721311475,0.9457459926017263,0.005073679529421171,-0.0008196721311475308,0.00425400739827364,0.0674259378510354,0.3748849630355835,0.0674259378510354,0.04614016292373313,0.054254007398273685,0.0016925344243645668,0.0752481862488956,2135,811
ciciot2023,0.8,Benign,rf,512,4,0.9307409934699535,0.9501508175900937,0.9542857142857143,-0.004134896695620616,-0.00015081759009372142,-0.004285714285714337,0.021250409038039708,0.43287840485572815,0.0032932341058347636,0.021250409038039708,0.04571428571428571,-0.005776103585958481,0.19457962847768545,6299,2450
ciciot2023,0.8,BruteForce,rf,512,4,0.9873911803588271,0.9511305616338439,0.9468690702087287,0.004261491425115227,-0.0011305616338439517,0.0031309297912712752,0.0343742776986562,0.9715260425582528,0.01837050200894924,0.0343742776986562,0.05313092979127132,0.00018490422517059013,0.1239732646158794,1371,527
ciciot2023,0.8,DDoS,rf,512,4,0.5,0.9992844208189731,0.9991880606248067,9.636019416636721e-05,-0.04928442081897311,-0.04918806062480674,0.0020050102512882313,0.4993519186973572,0.0002775891804619457,0.0020050102512882313,0.0008119393751933046,0.0,0.048059701492526134,68476,25864
ciciot2023,0.8,DoS,rf,512,4,0.5,0.9991275034701567,0.9991709844559585,-4.348098580186921e-05,-0.04912750347015671,-0.04917098445595858,0.0021517334344327895,0.48478949069976807,0.0021517334344327895,0.0007000109935384712,0.000829015544041467,0.0,0.020207422121193683,25215,9650
ciciot2023,0.8,Mirai,rf,512,4,0.5,0.9997361895214478,0.9998603936897947,-0.00012420416834690862,-0.04973618952144787,-0.04986039368979478,0.0013714977538469468,0.49210450053215027,0.0013714977538469468,0.00022546349121888975,0.0001396063102052647,0.0,0.09056097102494362,18953,7163
ciciot2023,0.8,Recon,rf,512,4,0.6389975845813751,0.9500759054435046,0.9512942779291553,-0.0012183724856507094,-7.590544350466466e-05,-0.001294277929155374,0.011683070988283584,0.4965829849243164,0.011683070988283584,0.002058370074640846,0.04870572207084467,-0.008461894094944022,0.10428529338498066,23055,8808
ciciot2023,0.8,Spoofing,rf,512,4,0.8329206332564354,0.9501391650099403,0.9479585360693886,0.00218062894055171,-0.0001391650099403785,0.0020414639306113314,0.026227504867137375,0.4992486834526062,0.026227504867137375,0.005656755468879129,0.052041463930611376,0.0038545675575731853,0.08314282855339401,12575,4727
ciciot2023,0.8,Web,rf,512,4,0.9614605531096458,0.9508196721311475,0.9506781750924784,0.00014149703866905838,-0.0008196721311475308,-0.0006781750924784724,0.08428834208786101,0.45603495836257935,0.03688510151690602,0.08428834208786101,0.04932182490752157,-0.0015405211597681046,0.0016787260867174704,2135,811
ciciot2023,0.8,Benign,rf,6021,0,0.9254999589174986,0.9501508175900937,0.9491169049621531,0.0010339126279406141,-0.00015081759009372142,0.0008830950378468927,0.019690003793305044,0.490357369184494,0.019690003793305044,0.009579530626231791,0.05088309503784694,0.0011094912886620012,0.052509518982020865,6299,2378
ciciot2023,0.8,BruteForce,rf,6021,0,0.9906299384310842,0.9511305616338439,0.9558303886925795,-0.004699827058735617,-0.0011305616338439517,-0.005830388692579569,0.03957932230736119,0.35633188486099243,0.03957932230736119,0.025292982089883065,0.044169611307420475,-0.003216743702068925,0.11874450558395529,1371,566
ciciot2023,0.8,DDoS,rf,6021,0,0.5,0.9993866464162626,0.9995374296507594,-0.00015078323449679853,-0.04938664641626267,-0.04953742965075947,0.0020135054923912862,0.4998374581336975,0.0020135054923912862,0.0010281510269988118,0.0004625703492405764,0.0,0.07488593155895733,68476,25942
ciciot2023,0.8,DoS,rf,6021,0,0.5,0.9992068213365061,0.9996922445629873,-0.000485423226481263,-0.04920682133650611,-0.049692244562987375,0.004256475964481414,0.49991294741630554,0.0002078106942583483,0.004256475964481414,0.00030775543701266894,0.0,0.11404345532123882,25215,9748
ciciot2023,0.8,Mirai,rf,6021,0,0.5,0.9998417137128687,0.9997205923442303,0.0001211213686383994,-0.04984171371286872,-0.04972059234423032,0.002158314680480401,0.49991294741630554,0.0006792659131048236,0.002158314680480401,0.0002794076557697256,0.0,0.056118493625517116,18953,7158
ciciot2023,0.8,Recon,rf,6021,0,0.6519956737756729,0.9500759054435046,0.952220804824307,-0.002144899380802423,-7.590544350466466e-05,-0.0022208048243070877,0.009128491928942939,0.4999106824398041,0.009128491928942939,0.002942964744567955,0.04777919517569296,-0.02015623450279247,0.23496754967836161,23055,8623
ciciot2023,0.8,Spoofing,rf,6021,0,0.8333476446568966,0.9501391650099403,0.9522413070800168,-0.002102142070076418,-0.0001391650099403785,-0.0022413070800167967,0.017560177269020927,0.49951431155204773,0.0012938039962986925,0.017560177269020927,0.04775869291998325,-0.007551814988256189,0.11971075450274334,12575,4774
ciciot2023,0.8,Web,rf,6021,0,0.9661933705210686,0.9508196721311475,0.9630086313193588,-0.012188959188211279,-0.0008196721311475308,-0.01300863131935881,0.11315604813209468,0.44250136613845825,0.01425423841384707,0.11315604813209468,0.036991368680641235,-0.009833653457462788,0.10771814135804995,2135,811
ciciot2023,0.8,Benign,rf,6021,1,0.9254999589174986,0.9501508175900937,0.9487179487179487,0.001432868872144999,-0.00015081759009372142,0.0012820512820512775,0.008032968589943845,0.4647362530231476,0.007511925363709315,0.008032968589943845,0.05128205128205132,0.002472677268088086,0.17837351859420322,6299,2418
ciciot2023,0.8,BruteForce,rf,6021,1,0.9906299384310842,0.9511305616338439,0.9606625258799172,-0.009531964246073277,-0.0011305616338439517,-0.010662525879917228,0.052158509679202325,0.39292073249816895,0.052158509679202325,0.03822299541070362,0.039337474120082816,-0.0032412997446954472,0.18274993485624935,1371,483
ciciot2023,0.8,DDoS,rf,6021,1,0.5,0.9993866464162626,0.9993824778077962,4.16860846641498e-06,-0.04938664641626267,-0.049382477807796255,0.001069137600129175,0.4964412748813629,0.0005403454453015103,0.001069137600129175,0.0006175221922037899,0.0,0.003899038314536241,68476,25910
ciciot2023,0.8,DoS,rf,6021,1,0.5,0.9992068213365061,0.9992689295039164,-6.210816741036851e-05,-0.04920682133650611,-0.04926892950391648,0.004259390132588199,0.49991294741630554,0.0009979968614562285,0.004259390132588199,0.0007310704960835634,0.0,0.01458146952428346,25215,9575
ciciot2023,0.8,Mirai,rf,6021,1,0.5,0.9998417137128687,1.0,-0.0001582862871313262,-0.04984171371286872,-0.050000000000000044,0.0013468669959750199,0.47117432951927185,0.0013468669959750199,0.00018872847029401466,0.0,0.0,0.11752183965035097,18953,7269
ciciot2023,0.8,Recon,rf,6021,1,0.6519956737756729,0.9500759054435046,0.952598515134209,-0.0025226096907043916,-7.590544350466466e-05,-0.0025985151342090562,0.006073252933138179,0.34673336148262024,0.006073252933138179,0.003796498354380895,0.04740148486579099,-0.020824348926544944,0.4153638451216135,23055,8755
ciciot2023,0.8,Spoofing,rf,6021,1,0.8333476446568966,0.9501391650099403,0.9527097719188115,-0.0025706069088711203,-0.0001391650099403785,-0.002709771918811499,0.018543520213724962,0.4892246723175049,5.020307117320488e-05,0.018543520213724962,0.047290228081188546,-0.007358849048614946,0.138625615807752,12575,4779
ciciot2023,0.8,Web,rf,6021,1,0.9661933705210686,0.9508196721311475,0.9457459926017263,0.005073679529421171,-0.0008196721311475308,0.00425400739827364,0.06206522147174248,0.4505183696746826,0.02371028336947756,0.06206522147174248,0.054254007398273685,0.00041585229337215424,0.08174754571255585,2135,811
ciciot2023,0.8,Benign,rf,6021,2,0.9254999589174986,0.9501508175900937,0.951403435274403,-0.0012526176843092873,-0.00015081759009372142,-0.0014034352744030087,0.02115184028851841,0.4907372295856476,0.02115184028851841,0.011795848989668803,0.048596564725597036,-0.0031723720952869794,0.059220269594661715,6299,2387
ciciot2023,0.8,BruteForce,rf,6021,2,0.9906299384310842,0.9511305616338439,0.9421641791044776,0.008966382529366324,-0.0011305616338439517,0.007835820895522372,0.03428562874903382,0.36264416575431824,0.03428562874903382,0.023898559717822287,0.057835820895522416,0.0014598291600123048,0.26152014288549397,1371,536
ciciot2023,0.8,DDoS,rf,6021,2,0.5,0.9993866464162626,0.9994248907292386,-3.824431297594355e-05,-0.04938664641626267,-0.04942489072923861,0.0011236663365283908,0.49985453486442566,0.0011236663365283908,0.0009451637604863394,0.0005751092707614314,0.0,0.03403529298038845,68476,26082
ciciot2023,0.8,DoS,rf,6021,2,0.5,0.9992068213365061,0.9994692144373672,-0.0002623931008611802,-0.04920682133650611,-0.04946921443736729,0.001142594073136629,0.49967873096466064,0.001142594073136629,0.0007802958253289218,0.0005307855626327518,0.0,0.22964682473878348,25215,9420
ciciot2023,0.8,Mirai,rf,6021,2,0.5,0.9998417137128687,0.9998617638927287,-2.0050179860064965e-05,-0.04984171371286872,-0.04986176389272878,0.0021991451548561674,0.47816187143325806,0.0021991451548561674,5.276209571047907e-05,0.00013823610727126123,0.0,0.009117260775529082,18953,7234
ciciot2023,0.8,Recon,rf,6021,2,0.6519956737756729,0.9500759054435046,0.9496093307666176,0.0004665746768870438,-7.590544350466466e-05,0.00039066923338237913,0.00823938934189189,0.49823197722435,0.00823938934189189,0.001380313298161684,0.050390669233382424,0.0013850033283233643,0.05662733699387376,23055,8831
ciciot2023,0.8,Spoofing,rf,6021,2,0.8333476446568966,0.9501391650099403,0.9553096403490104,-0.005170475339070113,-0.0001391650099403785,-0.0053096403490104915,0.010948194637241448,0.4390465319156647,0.004481322323560244,0.010948194637241448,0.04469035965098955,-0.02105573341250433,0.4722673929710923,12575,4699
ciciot2023,0.8,Web,rf,6021,2,0.9661933705210686,0.9508196721311475,0.9556103575832305,-0.004790685452083054,-0.0008196721311475308,-0.005610357583230585,0.07606880798851856,0.44333794713020325,0.04524844281065096,0.07606880798851856,0.04438964241676946,-0.0035431990399956703,0.0629783163265308,2135,811
ciciot2023,0.8,Benign,rf,6021,3,0.9254999589174986,0.9501508175900937,0.946985891406584,0.0031649261835097198,-0.00015081759009372142,0.0030141085934159983,0.019908016914809867,0.4306023120880127,0.0138035713643343,0.019908016914809867,0.05301410859341604,0.006026986986398586,0.1589774710888097,6299,2339
ciciot2023,0.8,BruteForce,rf,6021,3,0.9906299384310842,0.9511305616338439,0.9654545454545455,-0.014323983820701547,-0.0011305616338439517,-0.015454545454545499,0.041274451296333114,0.49788138270378113,0.041274451296333114,0.023617797228300486,0.034545454545454546,-0.003679027943871982,0.3470423802332682,1371,550
ciciot2023,0.8,DDoS,rf,6021,3,0.5,0.9993866464162626,0.9994599182161871,-7.327179992444588e-05,-0.04938664641626267,-0.049459918216187115,0.0014095565329265251,0.4993654787540436,0.0014095565329265251,0.0007594701497222189,0.000540081783812929,0.0,0.0519821647538455,68476,25922
ciciot2023,0.8,DoS,rf,6021,3,0.5,0.9992068213365061,0.9995773457311918,-0.00037052439468576726,-0.04920682133650611,-0.04957734573119188,0.0022119158164552385,0.4949730932712555,0.0008874943449143787,0.0022119158164552385,0.0004226542688081647,0.0,0.16751288269169323,25215,9464
ciciot2023,0.8,Mirai,rf,6021,3,0.5,0.9998417137128687,0.9998635743519781,-2.1860639109472224e-05,-0.04984171371286872,-0.04986357435197819,0.002057052309119083,0.48777562379837036,0.002057052309119083,2.1860639109472224e-05,0.00013642564802185397,0.0,0.010627167336757653,18953,7330
ciciot2023,0.8,Recon,rf,6021,3,0.6519956737756729,0.9500759054435046,0.9540072859744991,-0.0039313805309945105,-7.590544350466466e-05,-0.004007285974499175,0.009489735877498906,0.4947536885738373,0.009489735877498906,0.005504270495951147,0.04599271402550087,-0.05458576679229643,0.414277128651831,23055,8784
ciciot2023,0.8,Spoofing,rf,6021,3,0.8333476446568966,0.9501391650099403,0.9572916666666667,-0.007152501656726318,-0.0001391650099403785,-0.007291666666666696,0.014206428098078261,0.49953222274780273,0.0010337972166998013,0.014206428098078261,0.04270833333333335,-0.023170149326324108,0.5034693877551004,12575,4800
ciciot2023,0.8,Web,rf,6021,3,0.9661933705210686,0.9508196721311475,0.9543773119605425,-0.003557639829395054,-0.0008196721311475308,-0.004377311960542585,0.05081534058914744,0.4432101547718048,0.04815461872323468,0.05081534058914744,0.04562268803945746,-0.006079814396798611,0.0700111381356136,2135,811
ciciot2023,0.8,Benign,rf,6021,4,0.9254999589174986,0.9501508175900937,0.9526530612244898,-0.0025022436343961063,-0.00015081759009372142,-0.0026530612244898277,0.01693783593767717,0.44379642605781555,0.004566840865573019,0.01693783593767717,0.04734693877551022,-0.0049245040863752365,0.14773101142336725,6299,2450
ciciot2023,0.8,BruteForce,rf,6021,4,0.9906299384310842,0.9511305616338439,0.9658444022770398,-0.014713840643195919,-0.0011305616338439517,-0.01584440227703987,0.03501509307047446,0.9080775640904903,0.025784860425429434,0.03501509307047446,0.034155597722960174,-0.003038641251623675,0.42021423771690536,1371,527
ciciot2023,0.8,DDoS,rf,6021,4,0.5,0.9993866464162626,0.9993427157438911,4.3930672371517154e-05,-0.04938664641626267,-0.04934271574389115,0.0017839204641760323,0.49985453486442566,0.0002092392787613035,0.0017839204641760323,0.0006572842561088921,0.0,0.02462591424545831,68476,25864
ciciot2023,0.8,DoS,rf,6021,4,0.5,0.9992068213365061,0.9991709844559585,3.583688054753509e-05,-0.04920682133650611,-0.04917098445595858,0.0017807066482139616,0.4918380677700043,0.0017807066482139616,0.0005239499886468615,0.000829015544041467,0.0,0.020125089432040517,25215,9650
ciciot2023,0.8,Mirai,rf,6021,4,0.5,0.9998417137128687,1.0,-0.0001582862871313262,-0.04984171371286872,-0.050000000000000044,0.0011021186386401104,0.49732059240341187,0.0011021186386401104,0.0001785867667876105,0.0,0.0,0.14362000748543147,18953,7163
ciciot2023,0.8,Recon,rf,6021,4,0.6519956737756729,0.9500759054435046,0.9522025431425977,-0.002126637699093048,-7.590544350466466e-05,-0.0022025431425977127,0.011847114204452447,0.4934688210487366,0.011847114204452447,0.0024302594731117066,0.04779745685740233,-0.014564285427331902,0.17950681173427058,23055,8808
ciciot2023,0.8,Spoofing,rf,6021,4,0.8333476446568966,0.9501391650099403,0.9447852760736196,0.0053538889363207165,-0.0001391650099403785,0.005214723926380338,0.023444490661278794,0.49658411741256714,0.023444490661278794,0.005886054521191023,0.05521472392638038,0.01200001165270792,0.2283644807504078,12575,4727
ciciot2023,0.8,Web,rf,6021,4,0.9661933705210686,0.9508196721311475,0.9593094944512947,-0.008489822320147167,-0.0008196721311475308,-0.009309494451294698,0.09027280051516468,0.4432101547718048,0.024118603395351386,0.09027280051516468,0.04069050554870535,-0.00891091302037239,0.09404629380829926,2135,811
ciciot2023,0.8,Benign,rf,7,0,0.9311428517103195,0.9501508175900937,0.9516400336417157,-0.0014892160516219999,-0.00015081759009372142,-0.0016400336417157213,0.017733467512097922,0.4982626438140869,0.017733467512097922,0.005323912335531651,0.04835996635828432,-0.0030335047282277205,0.08397771336068617,6299,2378
ciciot2023,0.8,BruteForce,rf,7,0,0.991298511158675,0.9511305616338439,0.941696113074205,0.00943444855963893,-0.0011305616338439517,0.008303886925794979,0.05158984827045848,0.36884379386901855,0.05158984827045848,0.01685210815659044,0.05830388692579502,0.001065259799361229,0.18287412884370333,1371,566
ciciot2023,0.8,DDoS,rf,7,0,0.5,0.99932823178924,0.9994217870634492,-9.355527420917831e-05,-0.04932823178924006,-0.04942178706344924,0.0013196308287443115,0.4999571442604065,0.0013196308287443115,0.00032072539482890395,0.0005782129365508037,0.0,0.07089503531696087,68476,25942
ciciot2023,0.8,DoS,rf,7,0,0.5,0.999087844536982,0.9994870742716455,-0.00039922973466355316,-0.049087844536982006,-0.04948707427164556,0.004444705365616065,0.49989601969718933,0.0004769527813776493,0.004444705365616065,0.0005129257283544852,0.0,0.08982141712968578,25215,9748
ciciot2023,0.8,Mirai,rf,7,0,0.5,0.9995779032343165,0.9997205923442303,-0.00014268910991377393,-0.049577903234316545,-0.04972059234423032,0.0025677995509752524,0.49989601969718933,0.0006696392999450251,0.0025677995509752524,0.0002794076557697256,0.0,0.055568632629279996,18953,7158
ciciot2023,0.8,Recon,rf,7,0,0.6374193429946899,0.9500759054435046,0.9511770845413429,-0.0011011790978382452,-7.590544350466466e-05,-0.0011770845413429099,0.006257774488764023,0.49097636342048645,0.006257774488764023,0.0019726084478542127,0.048822915458657135,-0.009498126804829976,0.1759697636620555,23055,8623
ciciot2023,0.8,Spoofing,rf,7,0,0.8340531811118126,0.9501391650099403,0.9534981147884374,-0.0033589497784970446,-0.0001391650099403785,-0.003498114788437423,0.012070517823099092,0.49977514147758484,0.0003762927254237458,0.012070517823099092,0.04650188521156262,-0.012629719264805384,0.2782771897382144,12575,4774
ciciot2023,0.8,Web,rf,7,0,0.9627762697637081,0.9508196721311475,0.9605425400739828,-0.009722867942835278,-0.0008196721311475308,-0.010542540073982809,0.12190056512184627,0.462944358587265,0.008459212756679935,0.12190056512184627,0.039457459926017235,-0.005511501803994179,0.0797606469922165,2135,811
ciciot2023,0.8,Benign,rf,7,1,0.9311428517103195,0.9501508175900937,0.9495450785773366,0.0006057390127570672,-0.00015081759009372142,0.0004549214226633458,0.015388042609465358,0.494682639837265,0.006283048591351481,0.015388042609465358,0.05045492142266339,0.00025077182799582154,0.039364266666669506,6299,2418
ciciot2023,0.8,BruteForce,rf,7,1,0.991298511158675,0.9511305616338439,0.9565217391304348,-0.005391177496590904,-0.0011305616338439517,-0.006521739130434856,0.045757052702157824,0.38669976592063904,0.045757052702157824,0.03406408705619057,0.04347826086956519,-0.0025653941556811333,0.11782178217821852,1371,483
ciciot2023,0.8,DDoS,rf,7,1,0.5,0.99932823178924,0.999421072944809,-9.284115556895678e-05,-0.04932823178924006,-0.04942107294480902,0.001764870236899833,0.4976288974285126,0.00014290842031630514,0.001764870236899833,0.0005789270551910253,0.0,0.052605088820604363,68476,25910
ciciot2023,0.8,DoS,rf,7,1,0.5,0.999087844536982,0.9992689295039164,-0.00018108496693447496,-0.049087844536982006,-0.04926892950391648,0.00614761096346874,0.4999571442604065,0.0010072954833859615,0.00614761096346874,0.0007310704960835634,0.0,0.029456152643774196,25215,9575
ciciot2023,0.8,Mirai,rf,7,1,0.5,0.9995779032343165,0.9998624294951163,-0.00028452626079977783,-0.049577903234316545,-0.04986242949511632,0.001305776581362719,0.36347347497940063,0.001305776581362719,0.0004220967656834995,0.0001375705048837217,0.0,0.21789811891314814,18953,7269
ciciot2023,0.8,Recon,rf,7,1,0.6374193429946899,0.9500759054435046,0.9517989720159908,-0.0017230665724862204,-7.590544350466466e-05,-0.001798972015990885,0.007152265811858793,0.49995192885398865,0.0042971510160999815,0.007152265811858793,0.04820102798400916,-0.01851802170276662,0.2409119875871077,23055,8755
ciciot2023,0.8,Spoofing,rf,7,1,0.8340531811118126,0.9501391650099403,0.9516635279347144,-0.001524362924774092,-0.0001391650099403785,-0.0016635279347144705,0.015277025854914472,0.47041553258895874,0.001656984229795988,0.015277025854914472,0.048336472065285574,-0.007489148527384026,0.09978139326665596,12575,4779
ciciot2023,0.8,Web,rf,7,1,0.9627762697637081,0.9508196721311475,0.9482120838471023,0.0026075882840451703,-0.0008196721311475308,0.0017879161528976395,0.04392241341969472,0.4629099369049072,0.02701727130180165,0.04392241341969472,0.051787916152897684,0.0020419610664248466,0.05936805564686783,2135,811
ciciot2023,0.8,Benign,rf,7,2,0.9311428517103195,0.9501508175900937,0.9534981147884374,-0.0033472971983437017,-0.00015081759009372142,-0.003498114788437423,0.025540125699393124,0.4967398941516876,0.025540125699393124,0.007849710885010852,0.04650188521156262,-0.006243556924164451,0.13106032592561748,6299,2387
ciciot2023,0.8,BruteForce,rf,7,2,0.991298511158675,0.9511305616338439,0.9533582089552238,-0.002227647321379922,-0.0011305616338439517,-0.0033582089552238736,0.02948740977824227,0.3717057704925537,0.02948740977824227,0.02508926919015425,0.04664179104477617,-0.0017920290119946003,0.07554571046194858,1371,536
ciciot2023,0.8,DDoS,rf,7,2,0.5,0.99932823178924,0.9991181657848325,0.00021006600440753864,-0.04932823178924006,-0.049118165784832524,0.0013259663444939417,0.498917818069458,0.00028489168807876997,0.0013259663444939417,0.0008818342151675207,0.0,0.15842483882025743,68476,26082
ciciot2023,0.8,DoS,rf,7,2,0.5,0.999087844536982,0.9994692144373672,-0.0003813699003852866,-0.049087844536982006,-0.04946921443736729,0.002220773955448112,0.49979257583618164,0.0010250065992969959,0.002220773955448112,0.0005307855626327518,0.0,0.1717283739975837,25215,9420
ciciot2023,0.8,Mirai,rf,7,2,0.5,0.9995779032343165,0.9998617638927287,-0.0002838606584122383,-0.049577903234316545,-0.04986176389272878,0.0020281971317346126,0.4785362482070923,0.0020281971317346126,0.0006415182320027094,0.00013823610727126123,0.0,0.13995713432917978,18953,7234
ciciot2023,0.8,Recon,rf,7,2,0.6374193429946899,0.9500759054435046,0.9500622806024233,1.3624841081361083e-05,-7.590544350466466e-05,-6.228060242330358e-05,0.008288372954042111,0.49912938475608826,0.008288372954042111,0.002016363512724717,0.04993771939757674,-0.0013264566659927368,0.001643849903582881,23055,8831
ciciot2023,0.8,Spoofing,rf,7,2,0.8340531811118126,0.9501391650099403,0.9540327729304108,-0.0038936079204704432,-0.0001391650099403785,-0.004032772930410822,0.013021289162238742,0.4353775382041931,0.0052943374018497025,0.013021289162238742,0.04596722706958922,-0.01540987342596134,0.29901862034995447,12575,4699
ciciot2023,0.8,Web,rf,7,2,0.9627762697637081,0.9508196721311475,0.9457459926017263,0.005073679529421171,-0.0008196721311475308,0.00425400739827364,0.06148132961013236,0.462944358587265,0.05425227478147371,0.06148132961013236,0.054254007398273685,0.0021122023463249207,0.08252390703965858,2135,811
ciciot2023,0.8,Benign,rf,7,3,0.9311428517103195,0.9501508175900937,0.9478409576742197,0.0023098599158739574,-0.00015081759009372142,0.002159042325780236,0.017007388877527674,0.3935856521129608,0.014266670042225926,0.017007388877527674,0.05215904232578028,0.008544716238975458,0.1358150820509572,6299,2339
ciciot2023,0.8,BruteForce,rf,7,3,0.991298511158675,0.9511305616338439,0.9618181818181818,-0.010687620184337887,-0.0011305616338439517,-0.011818181818181839,0.04162986539354152,0.3568990230560303,0.04162986539354152,0.01693654266958422,0.038181818181818206,-0.004338746657595038,0.256729635882896,1371,550
ciciot2023,0.8,DDoS,rf,7,3,0.5,0.99932823178924,0.9992670318648252,6.119992441477873e-05,-0.04932823178924006,-0.049267031864825284,0.0010369328676490368,0.4998130202293396,0.0002905621788820839,0.0010369328676490368,0.0007329681351747608,0.0,0.059020141345825894,68476,25922
ciciot2023,0.8,DoS,rf,7,3,0.5,0.999087844536982,0.9993660185967879,-0.0002781740598059024,-0.049087844536982006,-0.04936601859678791,0.006574469704245939,0.4999571442604065,0.0007812692501293608,0.006574469704245939,0.000633981403212136,0.0,0.04231125433983693,25215,9464
ciciot2023,0.8,Mirai,rf,7,3,0.5,0.9995779032343165,0.9998635743519781,-0.00028567111766164555,-0.049577903234316545,-0.04986357435197819,0.001978650570172544,0.4659256637096405,0.001978650570172544,0.0009924816532948695,0.00013642564802185397,0.0,0.14437673936370393,18953,7330
ciciot2023,0.8,Recon,rf,7,3,0.6374193429946899,0.9500759054435046,0.954804189435337,-0.004728283991832338,-7.590544350466466e-05,-0.004804189435337003,0.008052672807837835,0.5,0.0074301118849792736,0.008052672807837835,0.04519581056466304,-0.07412855103611937,0.5871695155961385,23055,8784
ciciot2023,0.8,Spoofing,rf,7,3,0.8340531811118126,0.9501391650099403,0.9564583333333333,-0.006319168323392965,-0.0001391650099403785,-0.006458333333333344,0.011706013916501001,0.47509339451789856,0.004405649436713066,0.011706013916501001,0.0435416666666667,-0.021594136953353882,0.5398223826203858,12575,4800
ciciot2023,0.8,Web,rf,7,3,0.9627762697637081,0.9508196721311475,0.9531442663378545,-0.0023245942067070535,-0.0008196721311475308,-0.0031442663378545843,0.060265032616511255,0.35969337821006775,0.060265032616511255,0.04331022215035074,0.04685573366214546,-0.0021385513246059418,0.03857285237858093,2135,811
ciciot2023,0.8,Benign,rf,7,4,0.9311428517103195,0.9501508175900937,0.9522448979591837,-0.002094080369089979,-0.00015081759009372142,-0.0022448979591837004,0.011910345341502149,0.4967398941516876,0.011910345341502149,0.008679511811074653,0.047755102040816344,-0.005611168406903899,0.1758202897604538,6299,2450
ciciot2023,0.8,BruteForce,rf,7,4,0.991298511158675,0.9511305616338439,0.9487666034155597,0.002363958218284168,-0.0011305616338439517,0.0012333965844402162,0.03760880366828734,0.8243631571531296,0.020125478016434217,0.03760880366828734,0.05123339658444026,-8.451300673184559e-05,0.06285651197880339,1371,527
ciciot2023,0.8,DDoS,rf,7,4,0.5,0.99932823178924,0.9991880606248067,0.00014017116443332256,-0.04932823178924006,-0.04918806062480674,0.001951623112656918,0.49741727113723755,0.0002687312247249005,0.001951623112656918,0.0008119393751933046,0.0,0.07182286555445384,68476,25864
ciciot2023,0.8,DoS,rf,7,4,0.5,0.999087844536982,0.9991709844559585,-8.313991897657136e-05,-0.049087844536982006,-0.04917098445595858,0.001953377122549186,0.49252182245254517,0.001953377122549186,0.0015796379118852497,0.000829015544041467,0.0,0.04256214430732788,25215,9650
ciciot2023,0.8,Mirai,rf,7,4,0.5,0.9995779032343165,0.9998603936897947,-0.0002824904554782348,-0.049577903234316545,-0.04986039368979478,0.0013374156350626073,0.48985782265663147,0.0013374156350626073,0.000491564771357856,0.0001396063102052647,0.0,0.21122114028898042,18953,7163
ciciot2023,0.8,Recon,rf,7,4,0.6374193429946899,0.9500759054435046,0.9500454132606722,3.0492182832464465e-05,-7.590544350466466e-05,-4.5413260672200195e-05,0.01058764227469322,0.49322426319122314,0.01058764227469322,0.0011719841842483536,0.049954586739327844,-0.0005045868456364788,0.0028799785675936037,23055,8808
ciciot2023,0.8,Spoofing,rf,7,4,0.8340531811118126,0.9501391650099403,0.9454199280727734,0.004719236937166915,-0.0001391650099403785,0.004580071927226537,0.028565985092196988,0.4999570846557617,0.028565985092196988,0.0035875460164757206,0.05458007192722658,0.011674019694327908,0.165204767906149,12575,4727
ciciot2023,0.8,Web,rf,7,4,0.9627762697637081,0.9508196721311475,0.9580764488286067,-0.007256776697459166,-0.0008196721311475308,-0.008076448828606697,0.06950045769960461,0.46876662969589233,0.03720967839744496,0.06950045769960461,0.04192355117139335,-0.008865712210536003,0.10441336557558312,2135,811
ciciot2023,0.8,Benign,rf,88,0,0.9347227066755295,0.9501508175900937,0.9516400336417157,-0.0014892160516219999,-0.00015081759009372142,-0.0016400336417157213,0.031104901241215843,0.48127222061157227,0.031104901241215843,0.003932432971925692,0.04835996635828432,-0.00744291087612492,0.0478772152360574,6299,2378
ciciot2023,0.8,BruteForce,rf,88,0,0.9906382886692882,0.9511305616338439,0.9346289752650176,0.01650158636882626,-0.0011305616338439517,0.015371024734982308,0.039319008332624555,0.37281861901283264,0.039319008332624555,0.03432536154002774,0.06537102473498235,0.001273091183975339,0.4196847038772906,1371,566
ciciot2023,0.8,DDoS,rf,88,0,0.5,0.9992698171622174,0.9994603345925526,-0.00019051743033515756,-0.049269817162217455,-0.04946033459255261,0.0006920181044001838,0.49795451760292053,0.0005045630398328805,0.0006920181044001838,0.0005396654074474316,0.0,0.27530700298699723,68476,25942
ciciot2023,0.8,DoS,rf,88,0,0.5,0.9993654570692049,0.9997948297086582,-0.00042937263945330706,-0.04936545706920492,-0.04979482970865823,0.0025051036262536963,0.49994128942489624,0.0003569303985722784,0.0025051036262536963,0.0002051702913418163,0.0,0.17139915289469296,25215,9748
ciciot2023,0.8,Mirai,rf,88,0,0.5,0.9997889516171582,0.9997205923442303,6.835927292792032e-05,-0.04978895161715824,-0.04972059234423032,0.001179046351139898,0.49618688225746155,0.0001397038278848628,0.001179046351139898,0.0002794076557697256,0.0,0.05797844407205095,18953,7158
ciciot2023,0.8,Recon,rf,88,0,0.6537689566612244,0.9500759054435046,0.9523367737446364,-0.002260868301131813,-7.590544350466466e-05,-0.002336773744636478,0.007270755839950627,0.4999410808086395,0.007270755839950627,0.0030804323057772587,0.04766322625536357,-0.014996240288019935,0.31095368224428865,23055,8623
ciciot2023,0.8,Spoofing,rf,88,0,0.8329202383756638,0.9501391650099403,0.9522413070800168,-0.002102142070076418,-0.0001391650099403785,-0.0022413070800167967,0.005757728451244781,0.484672486782074,0.005757728451244781,0.005485461758148236,0.04775869291998325,-0.005905329436063811,0.36509920324949496,12575,4774
ciciot2023,0.8,Web,rf,88,0,0.9654080867767334,0.9508196721311475,0.967940813810111,-0.017121141678963503,-0.0008196721311475308,-0.017940813810111034,0.1249505482288325,0.4554102122783661,0.009864364981504337,0.1249505482288325,0.03205918618988901,-0.011394414119422436,0.13702334180725728,2135,811
ciciot2023,0.8,Benign,rf,88,1,0.9347227066755295,0.9501508175900937,0.9507857733664186,-0.0006349557763248859,-0.00015081759009372142,-0.0007857733664186073,0.014177812041272109,0.4956199526786804,0.014177812041272109,0.004629248462114877,0.04921422663358144,-0.0021217422559856036,0.04478517379666956,6299,2418
ciciot2023,0.8,BruteForce,rf,88,1,0.9906382886692882,0.9511305616338439,0.9503105590062112,0.0008200026276327099,-0.0011305616338439517,-0.00031055900621124177,0.0536716636992538,0.43562954664230347,0.0536716636992538,0.034440110360574705,0.0496894409937888,-0.0006549847777933548,0.015278129484257266,1371,483
ciciot2023,0.8,DDoS,rf,88,1,0.5,0.9992698171622174,0.9994596680818217,-0.00018985091960432854,-0.049269817162217455,-0.049459668081821784,0.002179988339168895,0.4998040795326233,0.0002753919376857739,0.002179988339168895,0.0005403319181782607,0.0,0.08708804363453973,68476,25910
ciciot2023,0.8,DoS,rf,88,1,0.5,0.9993654570692049,0.9992689295039164,9.652756528844009e-05,-0.04936545706920492,-0.04926892950391648,0.002691008760689402,0.4998040795326233,0.0010918528850320662,0.002691008760689402,0.0007310704960835634,0.0,0.035870401723891436,25215,9575
ciciot2023,0.8,Mirai,rf,88,1,0.5,0.9997889516171582,0.9998624294951163,-7.347787795808358e-05,-0.04978895161715824,-0.04986242949511632,0.001910424826908352,0.46042898297309875,0.001910424826908352,0.0005088504550398679,0.0001375705048837217,0.0,0.03846153846157512,18953,7269
ciciot2023,0.8,Recon,rf,88,1,0.6537689566612244,0.9500759054435046,0.9541976013706454,-0.004121695927140734,-7.590544350466466e-05,-0.0041976013706453985,0.004903849595627174,0.612208753824234,0.004608154636301015,0.004903849595627174,0.045802398629354646,-0.030976618081331897,0.8405021089586644,23055,8755
ciciot2023,0.8,Spoofing,rf,88,1,0.8329202383756638,0.9501391650099403,0.9512450303410755,-0.001105865331135214,-0.0001391650099403785,-0.0012450303410755925,0.014108127963751299,0.44278502464294434,0.0017254414504810425,0.014108127963751299,0.04875496965892445,-0.004072975367308662,0.07838498020265819,12575,4779
ciciot2023,0.8,Web,rf,88,1,0.9654080867767334,0.9508196721311475,0.9593094944512947,-0.008489822320147167,-0.0008196721311475308,-0.009309494451294698,0.05836608460367837,0.45529410243034363,0.02489539326069823,0.05836608460367837,0.04069050554870535,-0.007715369574725628,0.14545814367702367,2135,811
ciciot2023,0.8,Benign,rf,88,2,0.9347227066755295,0.9501508175900937,0.9488898198575618,0.0012609977325318544,-0.00015081759009372142,0.001110180142438133,0.03238416428938229,0.49557873606681824,0.03238416428938229,0.006172969648995025,0.05111018014243818,0.0012993663549423218,0.038938714652744476,6299,2387
ciciot2023,0.8,BruteForce,rf,88,2,0.9906382886692882,0.9511305616338439,0.9402985074626866,0.01083205417115729,-0.0011305616338439517,0.009701492537313339,0.029364936803945363,0.9764902014285326,0.029364936803945363,0.018232143440347515,0.05970149253731338,0.0004881408531218767,0.36887714908012115,1371,536
ciciot2023,0.8,DDoS,rf,88,2,0.5,0.9992698171622174,0.9991181657848325,0.0001516513773849315,-0.049269817162217455,-0.049118165784832524,0.0009321972900029653,0.4998040795326233,0.0007915381290671559,0.0009321972900029653,0.0008818342151675207,0.0,0.1626816329668252,68476,26082
ciciot2023,0.8,DoS,rf,88,2,0.5,0.9993654570692049,0.9993630573248408,2.3997443641121663e-06,-0.04936545706920492,-0.04936305732484081,0.0018781788718928022,0.49994128942489624,0.0018781788718928022,0.0006800749225450917,0.0006369426751592355,0.0,0.001277697454712467,25215,9420
ciciot2023,0.8,Mirai,rf,88,2,0.5,0.9997889516171582,1.0,-0.00021104838284180527,-0.04978895161715824,-0.050000000000000044,0.0021938718627358125,0.48148149251937866,0.0021938718627358125,0.00021104838284180527,0.0,0.0,0.09619904718529126,18953,7234
ciciot2023,0.8,Recon,rf,88,2,0.6537689566612244,0.9500759054435046,0.9504019929792775,-0.00032608753577290095,-7.590544350466466e-05,-0.0004019929792775656,0.009655203848177724,0.3733925521373749,0.009655203848177724,0.0022070769065059004,0.04959800702072248,-0.004122912883758545,0.03377324196365312,23055,8831
ciciot2023,0.8,Spoofing,rf,88,2,0.8329202383756638,0.9501391650099403,0.9529687167482443,-0.0028295517383040147,-0.0001391650099403785,-0.0029687167482443932,0.01496740772644406,0.49454379081726074,0.006042316012416671,0.01496740772644406,0.04703128325175565,-0.008481564372777917,0.1890475485146857,12575,4699
ciciot2023,0.8,Web,rf,88,2,0.9654080867767334,0.9508196721311475,0.9519112207151664,-0.001091548584018942,-0.0008196721311475308,-0.0019112207151664728,0.09042527079356738,0.4554102122783661,0.035211971227010336,0.09042527079356738,0.04808877928483357,-0.001445600762963295,0.012071278022609936,2135,811
ciciot2023,0.8,Benign,rf,88,3,0.9347227066755295,0.9501508175900937,0.9465583582727661,0.0035924593173275454,-0.00015081759009372142,0.003441641727233824,0.012861152319555647,0.49563702940940857,0.012861152319555647,0.012170271263970245,0.05344164172723387,0.004761199466884136,0.27932639533901926,6299,2339
ciciot2023,0.8,BruteForce,rf,88,3,0.9906382886692882,0.9511305616338439,0.9381818181818182,0.01294874345202568,-0.0011305616338439517,0.011818181818181728,0.03462502486572511,0.49309539794921875,0.03462502486572511,0.015341157748159917,0.06181818181818177,0.0006329227704554574,0.3739706614577332,1371,550
ciciot2023,0.8,DDoS,rf,88,3,0.5,0.9992698171622174,0.9992284545945529,4.136256766451574e-05,-0.049269817162217455,-0.04922845459455294,0.0007193751627883509,0.4880181550979614,0.000500160314596907,0.0007193751627883509,0.0007715454054471049,0.0,0.057497909024536505,68476,25922
ciciot2023,0.8,DoS,rf,88,3,0.5,0.9993654570692049,0.9995773457311918,-0.00021188866198695866,-0.04936545706920492,-0.04957734573119188,0.004738693558306431,0.49994128942489624,0.000661730923022279,0.004738693558306431,0.0004226542688081647,0.0,0.04471457362241543,25215,9464
ciciot2023,0.8,Mirai,rf,88,3,0.5,0.9997889516171582,0.9998635743519781,-7.46227348199513e-05,-0.04978895161715824,-0.04986357435197819,0.00208269195235518,0.49511754512786865,0.00208269195235518,0.0001582862871313262,0.00013642564802185397,0.0,0.035829943422773264,18953,7330
ciciot2023,0.8,Recon,rf,88,3,0.6537689566612244,0.9500759054435046,0.954804189435337,-0.004728283991832338,-7.590544350466466e-05,-0.004804189435337003,0.009003964741003012,0.4880998134613037,0.009003964741003012,0.007043651851772914,0.04519581056466304,-0.051009308546780985,0.52513355258937,23055,8784
ciciot2023,0.8,Spoofing,rf,88,3,0.8329202383756638,0.9501391650099403,0.9564583333333333,-0.006319168323392965,-0.0001391650099403785,-0.006458333333333344,0.014003479125248519,0.4969993829727173,0.001561050364479788,0.014003479125248519,0.0435416666666667,-0.023832698911428474,0.45125702454894895,12575,4800
ciciot2023,0.8,Web,rf,88,3,0.9654080867767334,0.9508196721311475,0.9482120838471023,0.0026075882840451703,-0.0008196721311475308,0.0017879161528976395,0.05735885670392757,0.3502156436443329,0.05735885670392757,0.053442565196926306,0.051787916152897684,0.0008139926940202713,0.04546095291795834,2135,811
ciciot2023,0.8,Benign,rf,88,4,0.9347227066755295,0.9501508175900937,0.9526530612244898,-0.0025022436343961063,-0.00015081759009372142,-0.0026530612244898277,0.009519748842543835,0.3665437400341034,0.00901756352644248,0.009519748842543835,0.04734693877551022,-0.006543135177344506,0.2628476523680498,6299,2450
ciciot2023,0.8,BruteForce,rf,88,4,0.9906382886692882,0.9511305616338439,0.9449715370018975,0.006159024631946397,-0.0011305616338439517,0.005028462998102445,0.03511336065448978,0.7822065427899361,0.01125925064738964,0.03511336065448978,0.05502846299810249,0.0005532826296985593,0.17540402049665024,1371,527
ciciot2023,0.8,DDoS,rf,88,4,0.5,0.9992698171622174,0.99930405196412,-3.4234801902566225e-05,-0.049269817162217455,-0.04930405196412002,0.003044263923030588,0.499860018491745,0.0002878835614535946,0.003044263923030588,0.000695948035880023,0.0,0.011245674740475596,68476,25864
ciciot2023,0.8,DoS,rf,88,4,0.5,0.9993654570692049,0.9991709844559585,0.00019447261324634368,-0.04936545706920492,-0.04917098445595858,0.0019955429934686054,0.49782291054725647,0.0019955429934686054,0.0004032881981795942,0.000829015544041467,0.0,0.09745348202612063,25215,9650
ciciot2023,0.8,Mirai,rf,88,4,0.5,0.9997889516171582,1.0,-0.00021104838284180527,-0.04978895161715824,-0.050000000000000044,0.0019197727548396892,0.49994128942489624,0.0019197727548396892,0.0005541603722719049,0.0,0.0,0.10993404417775941,18953,7163
ciciot2023,0.8,Recon,rf,88,4,0.6537689566612244,0.9500759054435046,0.9512942779291553,-0.0012183724856507094,-7.590544350466466e-05,-0.001294277929155374,0.010618577657857564,0.49994125962257385,0.010618577657857564,0.001760657638380403,0.04870572207084467,-0.006676897406578175,0.11473970666392733,23055,8808
ciciot2023,0.8,Spoofing,rf,88,4,0.8329202383756638,0.9501391650099403,0.94986249206685,0.0002766729430903059,-0.0001391650099403785,0.00013750793314992737,0.03047804983090663,0.4998013377189636,0.03047804983090663,0.003884288935311335,0.05013750793314997,0.00027299895882593184,0.009077777109273651,12575,4727
ciciot2023,0.8,Web,rf,88,4,0.9654080867767334,0.9508196721311475,0.9605425400739828,-0.009722867942835278,-0.0008196721311475308,-0.010542540073982809,0.09412440766163149,0.45529410243034363,0.023615566984409336,0.09412440766163149,0.039457459926017235,-0.013517969287931919,0.10329805184844387,2135,811
ciciot2023,0.8,Benign,rf,91,0,0.9322955533862114,0.9518971265280203,0.9541631623212784,-0.0022660357932581254,-0.0018971265280203209,-0.004163162321278446,0.020531246966591032,0.48238667845726013,0.020531246966591032,0.00884657222614399,0.0458368376787216,-0.008147249277680846,0.11037010060545648,6299,2378
ciciot2023,0.8,BruteForce,rf,91,0,0.9899165835231543,0.9511305616338439,0.9434628975265018,0.007667664107342098,-0.0011305616338439517,0.0065371024734981464,0.02949022276175084,0.42028576135635376,0.02554298660027371,0.02949022276175084,0.05653710247349819,0.0019079113844782114,0.26000699178465164,1371,566
ciciot2023,0.8,DDoS,rf,91,0,0.4999961853027344,0.9993428354459957,0.9994603345925526,-0.00011749914655689864,-0.049342835445995714,-0.04946033459255261,0.001489840946081157,0.49984943866729736,0.001489840946081157,0.0007087271376212626,0.0005396654074474316,0.0,0.07886690647479226,68476,25942
ciciot2023,0.8,DoS,rf,91,0,0.4999961853027344,0.9992464802696808,0.9995896594173164,-0.0003431791476355972,-0.049246480269680815,-0.04958965941731641,0.002527272432867246,0.49984943866729736,0.00040715094341311434,0.002527272432867246,0.0004103405826836326,0.0,0.1357903260339262,25215,9748
ciciot2023,0.8,Mirai,rf,91,0,0.4999961853027344,0.9998417137128687,0.9997205923442303,0.0001211213686383994,-0.04984171371286872,-0.04972059234423032,0.001989731013116119,0.4989486038684845,0.000434037893799056,0.001989731013116119,0.0002794076557697256,0.0,0.060873237558232124,18953,7158
ciciot2023,0.8,Recon,rf,91,0,0.6517672538757324,0.9500759054435046,0.9546561521512235,-0.004580246707718838,-7.590544350466466e-05,-0.004656152151223503,0.005611779062079325,0.4825769364833832,0.005611779062079325,0.004997106058595158,0.04534384784877654,-0.03712847530841967,0.8161844322541317,23055,8623
ciciot2023,0.8,Spoofing,rf,91,0,0.835297241806984,0.9501391650099403,0.9543359865940511,-0.0041968215841107215,-0.0001391650099403785,-0.0043359865940511,0.01185355400067134,0.49951842427253723,0.004730227766205464,0.01185355400067134,0.045664013405948944,-0.01399074792861954,0.3540559720631491,12575,4774
ciciot2023,0.8,Web,rf,91,0,0.9651846121996641,0.9508196721311475,0.9642416769420469,-0.01342200481089939,-0.0008196721311475308,-0.014241676942046921,0.1346428066082005,0.4566623568534851,0.010284813324978326,0.1346428066082005,0.03575832305795312,-0.011957766488194466,0.09968601478990498,2135,811
ciciot2023,0.8,Benign,rf,91,1,0.9322955533862114,0.9518971265280203,0.9503722084367245,0.001524918091295735,-0.0018971265280203209,-0.0003722084367245859,0.01108937033738211,0.4979116916656494,0.01108937033738211,0.009524402300521373,0.04962779156327546,-7.545920088891656e-05,0.13751169317118556,6299,2418
ciciot2023,0.8,BruteForce,rf,91,1,0.9899165835231543,0.9511305616338439,0.9668737060041408,-0.01574314437029689,-0.0011305616338439517,-0.016873706004140843,0.03695901345982211,0.3881882131099701,0.03695901345982211,0.03034462762366863,0.0331262939958592,-0.0041248503606766684,0.4259622456484439,1371,483
ciciot2023,0.8,DDoS,rf,91,1,0.4999961853027344,0.9993428354459957,0.9995754534928599,-0.00023261804686425247,-0.049342835445995714,-0.04957545349285997,0.0010899874060228479,0.4986065924167633,4.589527450016284e-05,0.0010899874060228479,0.0004245465071400778,0.0,0.21341351797176308,68476,25910
ciciot2023,0.8,DoS,rf,91,1,0.4999961853027344,0.9992464802696808,0.9991644908616188,8.198940806192212e-05,-0.049246480269680815,-0.04916449086161889,0.002976843014306726,0.49992144107818604,0.000725727412658448,0.002976843014306726,0.0008355091383811519,0.0,0.02754240235977528,25215,9575
ciciot2023,0.8,Mirai,rf,91,1,0.4999961853027344,0.9998417137128687,1.0,-0.0001582862871313262,-0.04984171371286872,-0.050000000000000044,0.0010549007643259885,0.4429168105125427,0.0010549007643259885,0.0002929896812975605,0.0,0.0,0.15004850928557306,18953,7269
ciciot2023,0.8,Recon,rf,91,1,0.6517672538757324,0.9500759054435046,0.9553398058252427,-0.005263900381738074,-7.590544350466466e-05,-0.005339805825242738,0.007087191617492494,0.4999961256980896,0.005578248126887481,0.007087191617492494,0.044660194174757306,-0.05223102271557034,0.7427343108299482,23055,8755
ciciot2023,0.8,Spoofing,rf,91,1,0.835297241806984,0.9501391650099403,0.9510357815442562,-0.0008966165343158305,-0.0001391650099403785,-0.001035781544256209,0.02082161144869643,0.4870544970035553,0.0014336080191792444,0.02082161144869643,0.048964218455743835,-0.002879354357719577,0.04306182240145321,12575,4779
ciciot2023,0.8,Web,rf,91,1,0.9651846121996641,0.9508196721311475,0.9445129469790382,0.006306725152109283,-0.0008196721311475308,0.005487053020961752,0.07779853709388185,0.45612674951553345,0.01395103047384183,0.07779853709388185,0.055487053020961796,0.0020308736711740494,0.08106482959311646,2135,811
ciciot2023,0.8,Benign,rf,91,2,0.9322955533862114,0.9518971265280203,0.9534981147884374,-0.0016009882604171022,-0.0018971265280203209,-0.003498114788437423,0.029416031018947963,0.4928777813911438,0.029416031018947963,0.008021036315338029,0.04650188521156262,-0.005356078594923375,0.05442570615273848,6299,2387
ciciot2023,0.8,BruteForce,rf,91,2,0.9899165835231543,0.9511305616338439,0.9552238805970149,-0.004093318963171,-0.0011305616338439517,-0.0052238805970149516,0.03408014631438,0.4237140417098999,0.032829561165724996,0.03408014631438,0.04477611940298509,-0.00040422077290713787,0.12010860884842615,1371,536
ciciot2023,0.8,DDoS,rf,91,2,0.4999961853027344,0.9993428354459957,0.9992715282570355,7.130718896020127e-05,-0.049342835445995714,-0.04927152825703551,0.0013858255476391426,0.49978259205818176,0.0006606606521862984,0.0013858255476391426,0.0007284717429645315,0.0,0.05145466475320678,68476,26082
ciciot2023,0.8,DoS,rf,91,2,0.4999961853027344,0.9992464802696808,0.9994692144373672,-0.00022273416768647802,-0.049246480269680815,-0.04946921443736729,0.002105333621302656,0.499996155500412,0.001445025014177436,0.002105333621302656,0.0005307855626327518,0.0,0.10579518867354774,25215,9420
ciciot2023,0.8,Mirai,rf,91,2,0.4999961853027344,0.9998417137128687,1.0,-0.0001582862871313262,-0.04984171371286872,-0.050000000000000044,0.0017970985690327398,0.4760033190250397,0.0017970985690327398,0.0001582862871313262,0.0,0.0,0.08807880093996252,18953,7234
ciciot2023,0.8,Recon,rf,91,2,0.6517672538757324,0.9500759054435046,0.9513078926508889,-0.0012319872073842664,-7.590544350466466e-05,-0.001307892650888931,0.006204386221415309,0.4194732904434204,0.006204386221415309,0.0037434029848077977,0.04869210734911111,-0.02073202282190323,0.19856713676719379,23055,8831
ciciot2023,0.8,Spoofing,rf,91,2,0.835297241806984,0.9501391650099403,0.9563736965311769,-0.0062345315212365415,-0.0001391650099403785,-0.00637369653117692,0.01292606142248448,0.49115830659866333,0.002279153341284492,0.01292606142248448,0.043626303468823124,-0.020170217752458752,0.482322597538626,12575,4699
ciciot2023,0.8,Web,rf,91,2,0.9651846121996641,0.9508196721311475,0.9445129469790382,0.006306725152109283,-0.0008196721311475308,0.005487053020961752,0.09942910276439004,0.4586785137653351,0.03757352792545127,0.09942910276439004,0.055487053020961796,0.0025422628968954086,0.06342936802973947,2135,811
ciciot2023,0.8,Benign,rf,91,3,0.9322955533862114,0.9518971265280203,0.9482684908080377,0.0036286357199826202,-0.0018971265280203209,0.0017315091919622994,0.01713980944334431,0.43839627504348755,0.017112252934004646,0.01713980944334431,0.051731509191962344,0.004031361825764135,0.21170805498025436,6299,2339
ciciot2023,0.8,BruteForce,rf,91,3,0.9899165835231543,0.9511305616338439,0.9690909090909091,-0.017960347457065207,-0.0011305616338439517,-0.01909090909090916,0.037965652145083295,0.49752843379974365,0.037965652145083295,0.030942245209203634,0.030909090909090886,-0.002735038520768285,0.4730683247170599,1371,550
ciciot2023,0.8,DDoS,rf,91,3,0.4999961853027344,0.9993428354459957,0.9994213409459146,-7.850549991894606e-05,-0.049342835445995714,-0.04942134094591466,0.0006398555982848313,0.4958934187889099,0.0005294543869671063,0.0006398555982848313,0.0005786590540853842,0.0,0.12269252645344425,68476,25922
ciciot2023,0.8,DoS,rf,91,3,0.4999961853027344,0.9992464802696808,0.9994716821639898,-0.00022520189430907944,-0.049246480269680815,-0.049471682163989894,0.004912888633659233,0.499996155500412,0.0007543620216937381,0.004912888633659233,0.0005283178360101504,0.0,0.04583899841860324,25215,9464
ciciot2023,0.8,Mirai,rf,91,3,0.4999961853027344,0.9998417137128687,1.0,-0.0001582862871313262,-0.04984171371286872,-0.050000000000000044,0.001978650570172544,0.47348907589912415,0.001978650570172544,0.00024855049998384095,0.0,0.0,0.0799970896920537,18953,7330
ciciot2023,0.8,Recon,rf,91,3,0.6517672538757324,0.9500759054435046,0.9561703096539163,-0.00609440421041163,-7.590544350466466e-05,-0.006170309653916295,0.00804782872508486,0.48465868830680847,0.00804782872508486,0.00798731472494496,0.04382969034608375,-0.07831985875964109,0.7572731004345981,23055,8784
ciciot2023,0.8,Spoofing,rf,91,3,0.835297241806984,0.9501391650099403,0.958125,-0.00798583499005967,-0.0001391650099403785,-0.008125000000000049,0.009787939032471854,0.4225050210952759,0.0012955599734923787,0.009787939032471854,0.041874999999999996,-0.027780238166451365,0.8158852403520663,12575,4800
ciciot2023,0.8,Web,rf,91,3,0.9651846121996641,0.9508196721311475,0.9432799013563502,0.007539770774797283,-0.0008196721311475308,0.006720098643649752,0.07116492490550014,0.45626381039619446,0.0467211670906765,0.07116492490550014,0.0567200986436498,0.0019980333745479584,0.10594784979832889,2135,811
ciciot2023,0.8,Benign,rf,91,4,0.9322955533862114,0.9518971265280203,0.9583673469387755,-0.006470220410755179,-0.0018971265280203209,-0.0083673469387755,0.020813799404505395,0.44821542501449585,0.010644384758189629,0.020813799404505395,0.041632653061224545,-0.013165668398141928,0.310862052862613,6299,2450
ciciot2023,0.8,BruteForce,rf,91,4,0.9899165835231543,0.9511305616338439,0.952561669829222,-0.0014311081953780613,-0.0011305616338439517,-0.002561669829222013,0.040938829120975684,0.9707527942955494,0.013686875187711833,0.040938829120975684,0.04743833017077803,-0.0005030136089771986,0.034957233172181995,1371,527
ciciot2023,0.8,DDoS,rf,91,4,0.4999961853027344,0.9993428354459957,0.9993427157438911,1.1970210456180297e-07,-0.049342835445995714,-0.04934271574389115,0.0021328520989524636,0.49886199831962585,0.00027208288365242737,0.0021328520989524636,0.0006572842561088921,0.0,5.6123021666900334e-05,68476,25864
ciciot2023,0.8,DoS,rf,91,4,0.4999961853027344,0.9992464802696808,0.9991709844559585,7.549581372223724e-05,-0.049246480269680815,-0.04917098445595858,0.0017907960452029654,0.4990033805370331,0.0017907960452029654,0.0014347286907723106,0.000829015544041467,0.0,0.042157683966562866,25215,9650
ciciot2023,0.8,Mirai,rf,91,4,0.4999961853027344,0.9998417137128687,1.0,-0.0001582862871313262,-0.04984171371286872,-0.050000000000000044,0.0009297339777561984,0.44371941685676575,0.0009297339777561984,0.0001582862871313262,0.0,0.0,0.1702490076928577,18953,7163
ciciot2023,0.8,Recon,rf,91,4,0.6517672538757324,0.9500759054435046,0.9522025431425977,-0.002126637699093048,-7.590544350466466e-05,-0.0022025431425977127,0.011177541916410072,0.4803781509399414,0.011177541916410072,0.0030123292422988834,0.04779745685740233,-0.01731298044323948,0.1902598724296323,23055,8808
ciciot2023,0.8,Spoofing,rf,91,4,0.835297241806984,0.9501391650099403,0.9477469854030041,0.0023921796069362733,-0.0001391650099403785,0.002253014596995895,0.027080453601639576,0.4997695982456207,0.027080453601639576,0.00661355328994933,0.05225301459699594,0.004657295346260026,0.08833602428252678,12575,4727
ciciot2023,0.8,Web,rf,91,4,0.9651846121996641,0.9508196721311475,0.9617755856966708,-0.010955913565523279,-0.0008196721311475308,-0.01177558569667081,0.11567007510893829,0.4430457055568695,0.020012301579280217,0.11567007510893829,0.038224414303329235,-0.0085546113550663,0.09471692272357375,2135,811
ciciot2023,0.8,Benign,xgb,12345,0,0.8944198116660118,0.9501508175900937,0.9491169049621531,0.0010339126279406141,-0.00015081759009372142,0.0008830950378468927,0.014571245038561276,0.4998939335346222,0.014571245038561276,0.007853583498308503,0.05088309503784694,0.00047179944813258157,0.07095568190669174,6299,2378
ciciot2023,0.8,BruteForce,xgb,12345,0,0.9867436848580837,0.9511305616338439,0.9611307420494699,-0.010000180415626003,-0.0011305616338439517,-0.011130742049469955,0.03692721260435111,0.4966306686401367,0.016224519514527323,0.03692721260435111,0.03886925795053009,-0.0014414523029699922,0.2708078869307262,1371,566
ciciot2023,0.8,DDoS,xgb,12345,0,0.5,0.9996787195513757,0.9998843574126899,-0.0002056378613142229,-0.049678719551375705,-0.04988435741268993,0.0002920731351130357,0.8265248090028763,2.920731351130323e-05,0.0002920731351130357,0.00011564258731011634,0.0,0.7040629095676283,68476,25942
ciciot2023,0.8,DoS,xgb,12345,0,0.5,0.9992861392028555,0.9995896594173164,-0.00030352021446089505,-0.04928613920285552,-0.04958965941731641,0.00043624826492172364,0.7906977087259293,0.00029081454680555605,0.00043624826492172364,0.0004103405826836326,0.0,0.6957511097845992,25215,9748
ciciot2023,0.8,Mirai,xgb,12345,0,0.5,0.9998417137128687,0.9998602961721151,-1.85824592464634e-05,-0.04984171371286872,-0.04986029617211518,0.0004629177332784514,0.499784380197525,0.0001768687463777657,0.0004629177332784514,0.0001397038278848628,0.0,0.040142033693243276,18953,7158
ciciot2023,0.8,Recon,xgb,12345,0,0.5990105122327805,0.9500759054435046,0.9528006494259539,-0.0027247439824492625,-7.590544350466466e-05,-0.002800649425953927,0.0068314622498780175,0.4999012053012848,0.002882824887206925,0.0068314622498780175,0.04719935057404612,-0.031080392003059676,0.3988522343804089,23055,8623
ciciot2023,0.8,Spoofing,xgb,12345,0,0.8009941130876541,0.9501391650099403,0.953288646837034,-0.0031494818270936253,-0.0001391650099403785,-0.003288646837034004,0.007762940580230415,0.6791591346263885,0.0076437562309427665,0.007762940580230415,0.04671135316296604,-0.012538573145866594,0.40570732115537383,12575,4774
ciciot2023,0.8,Web,xgb,12345,0,0.9605584517121315,0.9508196721311475,0.9420468557336621,0.008772816397485395,-0.0008196721311475308,0.007953144266337864,0.11733454231483381,0.49143555760383606,0.02233169793558709,0.11733454231483381,0.05795314426633791,0.005707381293177605,0.07476755117811805,2135,811
ciciot2023,0.8,Benign,xgb,12345,1,0.8944198116660118,0.9501508175900937,0.9532671629445822,-0.00311634535448857,-0.00015081759009372142,-0.0032671629445822914,0.02053386971371904,0.41955992579460144,0.02053386971371904,0.007965737205913537,0.04673283705541775,-0.005681508220732101,0.15176610146729844,6299,2418
ciciot2023,0.8,BruteForce,xgb,12345,1,0.9867436848580837,0.9511305616338439,0.9730848861283644,-0.021954324494520505,-0.0011305616338439517,-0.023084886128364457,0.0412402426482914,0.8191404342651367,0.0036469730123997084,0.0412402426482914,0.026915113871635588,-0.0039561232551932335,0.5323519718774031,1371,483
ciciot2023,0.8,DDoS,xgb,12345,1,0.5,0.9996787195513757,0.9995754534928599,0.00010326605851573856,-0.049678719551375705,-0.04957545349285997,0.00024722508540067406,0.49994075298309326,0.00024722508540067406,7.093059776425059e-05,0.0004245465071400778,0.0,0.4177005676765235,68476,25910
ciciot2023,0.8,DoS,xgb,12345,1,0.5,0.9992861392028555,0.9994778067885117,-0.0001916675856562522,-0.04928613920285552,-0.04947780678851177,0.000481250281521474,0.4734010696411133,0.00022737098032637334,0.000481250281521474,0.0005221932114882755,0.0,0.398270074877244,25215,9575
ciciot2023,0.8,Mirai,xgb,12345,1,0.5,0.9998417137128687,1.0,-0.0001582862871313262,-0.04984171371286872,-0.050000000000000044,0.0008820756853790061,0.4998941719532013,5.276209571044162e-05,0.0008820756853790061,0.0,0.0,0.17944751199361594,18953,7269
ciciot2023,0.8,Recon,xgb,12345,1,0.5990105122327805,0.9500759054435046,0.9520274129069103,-0.0019515074634056662,-7.590544350466466e-05,-0.002027412906910331,0.009108033938161675,0.4996398985385895,0.009108033938161675,0.005739682662359441,0.047972587093089714,-0.018322691321373763,0.21426220814011918,23055,8755
ciciot2023,0.8,Spoofing,xgb,12345,1,0.8009941130876541,0.9501391650099403,0.9466415568110483,0.0034976081988919994,-0.0001391650099403785,0.003358443188951621,0.010392418454329477,0.47293299436569214,0.008441420944930944,0.010392418454329477,0.053358443188951665,0.003664234280586265,0.3365538266441626,12575,4779
ciciot2023,0.8,Web,xgb,12345,1,0.9605584517121315,0.9508196721311475,0.9482120838471023,0.0026075882840451703,-0.0008196721311475308,0.0017879161528976395,0.06837656693531852,0.4889077991247177,0.03562895433688418,0.06837656693531852,0.051787916152897684,0.002993851900100708,0.03813570059040613,2135,811
ciciot2023,0.8,Benign,xgb,12345,2,0.8944198116660118,0.9501508175900937,0.9534981147884374,-0.0033472971983437017,-0.00015081759009372142,-0.003498114788437423,0.010349027013218465,0.4060252606868744,0.0063771501890199644,0.010349027013218465,0.04650188521156262,-0.008167423494160553,0.32344076347161055,6299,2387
ciciot2023,0.8,BruteForce,xgb,12345,2,0.9867436848580837,0.9511305616338439,0.9589552238805971,-0.007824662246753156,-0.0011305616338439517,-0.008955223880597107,0.03798975581610542,0.783637136220932,0.03798975581610542,0.017397966404302356,0.04104477611940294,-0.0005269292742013931,0.2059676899380322,1371,536
ciciot2023,0.8,DDoS,xgb,12345,2,0.5,0.9996787195513757,0.9997699562916954,-9.123674031974449e-05,-0.049678719551375705,-0.04976995629169545,0.000220958556302538,0.3796694874763489,2.920731351130323e-05,0.000220958556302538,0.00023004370830459475,0.0,0.41291336188322353,68476,26082
ciciot2023,0.8,DoS,xgb,12345,2,0.5,0.9992861392028555,0.9992569002123142,2.9238990541302634e-05,-0.04928613920285552,-0.049256900212314214,0.0005199867129943633,0.49790796637535095,0.0005199867129943633,0.0003324908967592084,0.0007430997876858303,0.0,0.056230264756052695,25215,9420
ciciot2023,0.8,Mirai,xgb,12345,2,0.5,0.9998417137128687,1.0,-0.0001582862871313262,-0.04984171371286872,-0.050000000000000044,0.0001783364669914305,0.4905405342578888,0.0001783364669914305,0.0001582862871313262,0.0,0.0,0.887571060488331,18953,7234
ciciot2023,0.8,Recon,xgb,12345,2,0.5990105122327805,0.9500759054435046,0.9509681802740346,-0.0008922748305300043,-7.590544350466466e-05,-0.000968180274034669,0.012309159824960558,0.4995148181915283,0.012309159824960558,0.0029216050269081917,0.049031819725965375,-0.013846255838871002,0.07248868673560045,23055,8831
ciciot2023,0.8,Spoofing,xgb,12345,2,0.8009941130876541,0.9501391650099403,0.9455203234730793,0.004618841536860985,-0.0001391650099403785,0.004479676526920606,0.013243594402937542,0.4599602520465851,0.0058464619814629915,0.013243594402937542,0.05447967652692065,0.006478500366210227,0.34876041928892704,12575,4699
ciciot2023,0.8,Web,xgb,12345,2,0.9605584517121315,0.9508196721311475,0.9469790382244143,0.0038406339067331707,-0.0008196721311475308,0.00302096177558564,0.09824630302890297,0.49030908942222595,0.024690944478294674,0.09824630302890297,0.053020961775585684,0.004490853287279606,0.03909189240030028,2135,811
ciciot2023,0.8,Benign,xgb,12345,3,0.8944198116660118,0.9501508175900937,0.9491235570756734,0.0010272605144202585,-0.00015081759009372142,0.000876442924326537,0.0167184527685163,0.49790358543395996,0.0167184527685163,0.006471028572502924,0.05087644292432658,0.001856112852692271,0.06144471193858114,6299,2339
ciciot2023,0.8,BruteForce,xgb,12345,3,0.9867436848580837,0.9511305616338439,0.9581818181818181,-0.007051256547974227,-0.0011305616338439517,-0.008181818181818179,0.036028114846495596,0.8603347204625607,0.020991976659372802,0.036028114846495596,0.041818181818181865,-0.00048113022930917904,0.1957153899952135,1371,550
ciciot2023,0.8,DDoS,xgb,12345,3,0.5,0.9996787195513757,0.9995756500270041,0.00010306952437155736,-0.049678719551375705,-0.04957565002700415,0.00023087321069825153,0.49660712480545044,0.00023087321069825153,0.00012594569466013283,0.0004243499729958966,0.0,0.4464334517626992,68476,25922
ciciot2023,0.8,DoS,xgb,12345,3,0.5,0.9992861392028555,0.9996830092983939,-0.00039687009553845964,-0.04928613920285552,-0.049683009298393976,0.0012787491646229577,0.49788427352905273,0.00011925756331558737,0.0012787491646229577,0.000316990701606068,0.0,0.3103580487229313,25215,9464
ciciot2023,0.8,Mirai,xgb,12345,3,0.5,0.9998417137128687,0.9998635743519781,-2.1860639109472224e-05,-0.04984171371286872,-0.04986357435197819,0.00018392593036742214,0.49790796637535095,0.00018392593036742214,0.00010552419142084712,0.00013642564802185397,0.0,0.11885566687525799,18953,7330
ciciot2023,0.8,Recon,xgb,12345,3,0.5990105122327805,0.9500759054435046,0.9549180327868853,-0.004842127343380631,-7.590544350466466e-05,-0.004918032786885296,0.012980764102947018,0.4997822344303131,0.012980764102947018,0.005731720179708133,0.04508196721311475,-0.06455201283097223,0.37302329084628577,23055,8784
ciciot2023,0.8,Spoofing,xgb,12345,3,0.8009941130876541,0.9501391650099403,0.95,0.0001391650099403785,-0.0001391650099403785,0.0,0.012384029158383048,0.4976366460323334,0.003696156394963568,0.012384029158383048,0.050000000000000044,-4.7810748219356825e-05,0.01123745819398159,12575,4800
ciciot2023,0.8,Web,xgb,12345,3,0.9605584517121315,0.9508196721311475,0.935881627620222,0.014938044510925508,-0.0008196721311475308,0.014118372379777977,0.0933141205381508,0.4902964234352112,0.029407704946909807,0.0933141205381508,0.06411837237977802,0.012248804792761803,0.1600834302973278,2135,811
ciciot2023,0.8,Benign,xgb,12345,4,0.8944198116660118,0.9501508175900937,0.9571428571428572,-0.006992039552763507,-0.00015081759009372142,-0.0071428571428572285,0.012219756294325937,0.33028316497802734,0.012219756294325937,0.009374277096137695,0.042857142857142816,-0.022627362050116062,0.5721914074514037,6299,2450
ciciot2023,0.8,BruteForce,xgb,12345,4,0.9867436848580837,0.9511305616338439,0.967741935483871,-0.01661137385002709,-0.0011305616338439517,-0.01774193548387104,0.03930149740421335,0.4998936653137207,0.020669409854716214,0.03930149740421335,0.032258064516129004,-0.002041361667215802,0.42266516410762134,1371,527
ciciot2023,0.8,DDoS,xgb,12345,4,0.5,0.9996787195513757,0.9997293535416022,-5.063399022653403e-05,-0.049678719551375705,-0.04972935354160224,0.00018553826205947033,0.8544521480798721,9.779661942104401e-05,0.00018553826205947033,0.0002706464583978052,0.0,0.27290322580635357,68476,25864
ciciot2023,0.8,DoS,xgb,12345,4,0.5,0.9992861392028555,0.9995854922279793,-0.00029935302512384965,-0.04928613920285552,-0.049585492227979366,0.0004886884708604449,0.4639091491699219,0.0004886884708604449,0.00029935302512384965,0.000414507772020678,0.0,0.6125641241275285,25215,9650
ciciot2023,0.8,Mirai,xgb,12345,4,0.5,0.9998417137128687,1.0,-0.0001582862871313262,-0.04984171371286872,-0.050000000000000044,0.000393583283553822,0.49790796637535095,0.00015828628713132487,0.000393583283553822,0.0,0.0,0.40216720004491946,18953,7163
ciciot2023,0.8,Recon,xgb,12345,4,0.5990105122327805,0.9500759054435046,0.9520890099909174,-0.0020131045474127696,-7.590544350466466e-05,-0.0020890099909174342,0.009260685707734806,0.4997679591178894,0.009260685707734806,0.002987938450701555,0.04791099000908261,-0.022136881202459713,0.2173818020550426,23055,8808
ciciot2023,0.8,Spoofing,xgb,12345,4,0.8009941130876541,0.9501391650099403,0.9422466680770044,0.007892496932935922,-0.0001391650099403785,0.007753331922995543,0.022915841107364665,0.4998941719532013,0.022915841107364665,0.009416216893687587,0.05775333192299559,0.016263061016797864,0.3444122734120128,12575,4727
ciciot2023,0.8,Web,xgb,12345,4,0.9605584517121315,0.9508196721311475,0.9469790382244143,0.0038406339067331707,-0.0008196721311475308,0.00302096177558564,0.0933141205381508,0.4902964234352112,0.029180732146105837,0.0933141205381508,0.053020961775585684,0.004889120347797871,0.04115812145668731,2135,811
ciciot2023,0.8,Benign,xgb,1337,0,0.8866998702287674,0.9501508175900937,0.947434819175778,0.00271599841431569,-0.00015081759009372142,0.0025651808242219687,0.02109950836576646,0.4999109208583832,0.02109950836576646,0.005122764356711676,0.05256518082422201,0.007175029441714331,0.12872330327479783,6299,2378
ciciot2023,0.8,BruteForce,xgb,1337,0,0.9858092572540045,0.9511305616338439,0.9593639575971732,-0.008233395963329282,-0.0011305616338439517,-0.009363957597173234,0.02216019361174043,0.49327602982521057,0.01698999724221828,0.02216019361174043,0.04063604240282681,-0.0005118821281939745,0.3715398929983736,1371,566
ciciot2023,0.8,DDoS,xgb,1337,0,0.5,0.9996495122378644,0.9998843574126899,-0.00023484517482552647,-0.0496495122378644,-0.04988435741268993,0.00023484517482552647,0.5,8.762194053390969e-05,0.00023484517482552647,0.00011564258731011634,0.0,1.0,68476,25942
ciciot2023,0.8,DoS,xgb,1337,0,0.5,0.9992464802696808,0.9995896594173164,-0.0003431791476355972,-0.049246480269680815,-0.04958965941731641,0.0005552250644457191,0.7765957415103912,0.0002596260587344407,0.0005552250644457191,0.0004103405826836326,0.0,0.618090157688023,25215,9748
ciciot2023,0.8,Mirai,xgb,1337,0,0.5,0.9997889516171582,0.9998602961721151,-7.134455495694247e-05,-0.04978895161715824,-0.04986029617211518,0.0004094848704948538,0.4999102056026459,0.0004094848704948538,7.134455495694247e-05,0.0001397038278848628,0.0,0.17423001458081733,18953,7158
ciciot2023,0.8,Recon,xgb,1337,0,0.5624959468841553,0.9501192799826502,0.95349646294793,-0.003377182965279779,-0.00011927998265026662,-0.0034964629479300458,0.003949743984335452,0.5320903062820435,0.00293686826521683,0.003949743984335452,0.04650353705207,-0.058783303201199955,0.8550384477256171,23055,8623
ciciot2023,0.8,Spoofing,xgb,1337,0,0.8086134791374207,0.9501391650099403,0.9541265186426476,-0.003987353632707302,-0.0001391650099403785,-0.004126518642647681,0.008337307533100524,0.46489131450653076,0.006939011094722003,0.008337307533100524,0.045873481357352364,-0.01322493776679079,0.4782543545235476,12575,4774
ciciot2023,0.8,Web,xgb,1337,0,0.95200833119452,0.9508196721311475,0.938347718865598,0.012471953265549507,-0.0008196721311475308,0.011652281134401976,0.11322362018729581,0.49197858572006226,0.024565040990825793,0.11322362018729581,0.06165228113440202,0.016904055140912533,0.11015328113443341,2135,811
ciciot2023,0.8,Benign,xgb,1337,1,0.8866998702287674,0.9501508175900937,0.9520264681555004,-0.001875650565406728,-0.00015081759009372142,-0.0020264681555004493,0.018419232587892242,0.4829929769039154,0.018419232587892242,0.007570884136032796,0.047973531844499595,-0.0011920953169464177,0.10183109184688151,6299,2418
ciciot2023,0.8,BruteForce,xgb,1337,1,0.9858092572540045,0.9511305616338439,0.9772256728778468,-0.026095111244002878,-0.0011305616338439517,-0.02722567287784683,0.04876523913723041,0.8867343366146088,0.0023059742401384488,0.04876523913723041,0.022774327122153215,-0.007858533039689086,0.5351170568561869,1371,483
ciciot2023,0.8,DDoS,xgb,1337,1,0.5,0.9996495122378644,0.9996140486298727,3.5463607991670365e-05,-0.0496495122378644,-0.04961404862987273,0.000174206801622416,0.4989446699619293,0.000174206801622416,8.449379329367179e-05,0.0003859513701273132,0.0,0.20357189077230092,68476,25910
ciciot2023,0.8,DoS,xgb,1337,1,0.5,0.9992464802696808,0.9995822454308094,-0.00033576516112865384,-0.049246480269680815,-0.04958224543080947,0.0005341633751305354,0.4998156428337097,0.0001625912712034208,0.0005341633751305354,0.00041775456919057596,0.0,0.6285813980537354,25215,9575
ciciot2023,0.8,Mirai,xgb,1337,1,0.5,0.9997889516171582,0.9998624294951163,-7.347787795808358e-05,-0.04978895161715824,-0.04986242949511632,0.0007105135868493601,0.4989451467990875,0.0001375705048837217,0.0007105135868493601,0.0001375705048837217,0.0,0.10341516238121148,18953,7269
ciciot2023,0.8,Recon,xgb,1337,1,0.5624959468841553,0.9501192799826502,0.9527127355796687,-0.0025934555970185125,-0.00011927998265026662,-0.002712735579668779,0.008201132023452018,0.4998951852321625,0.008201132023452018,0.007091526594277503,0.047287264420331265,-0.02839027941227157,0.31623141654130765,23055,8755
ciciot2023,0.8,Spoofing,xgb,1337,1,0.8086134791374207,0.9501391650099403,0.949989537560159,0.00014962744978130882,-0.0001391650099403785,1.0462439840930315e-05,0.010068386500415805,0.4584731459617615,0.009880436984704088,0.010068386500415805,0.050010462439840975,-0.00026858225464876373,0.014861115013327061,12575,4779
ciciot2023,0.8,Web,xgb,1337,1,0.95200833119452,0.9508196721311475,0.9297163995067818,0.021103272624365732,-0.0008196721311475308,0.0202836004932182,0.08101196371900421,0.4881291687488556,0.039003514324409405,0.08101196371900421,0.07028360049321825,0.014180619269609451,0.2604957546463624,2135,811
ciciot2023,0.8,Benign,xgb,1337,2,0.8866998702287674,0.9501508175900937,0.951403435274403,-0.0012526176843092873,-0.00015081759009372142,-0.0014034352744030087,0.015633245992391576,0.2780507504940033,0.015633245992391576,0.005437454146670628,0.048596564725597036,-0.0024939037859442736,0.08012524621687103,6299,2387
ciciot2023,0.8,BruteForce,xgb,1337,2,0.9858092572540045,0.9511305616338439,0.9514925373134329,-0.00036197567958895505,-0.0011305616338439517,-0.0014925373134329067,0.029628934104096616,0.7862469106912613,0.029628934104096616,0.013798621770795938,0.04850746268656714,-0.00014099024701863527,0.012216965967024335,1371,536
ciciot2023,0.8,DDoS,xgb,1337,2,0.5,0.9996495122378644,0.9997316156736447,-8.210343578030077e-05,-0.0496495122378644,-0.0497316156736447,0.00018447349068211895,0.4637961983680725,7.472937859634215e-05,0.00018447349068211895,0.00026838432635534204,0.0,0.44506902036011114,68476,26082
ciciot2023,0.8,DoS,xgb,1337,2,0.5,0.9992464802696808,0.9993630573248408,-0.00011657705515999428,-0.049246480269680815,-0.04936305732484081,0.00023075436595596356,0.4955335259437561,0.00023075436595596356,0.00022753365641470615,0.0006369426751592355,0.0,0.5051997810617437,25215,9420
ciciot2023,0.8,Mirai,xgb,1337,2,0.5,0.9997889516171582,1.0,-0.00021104838284180527,-0.04978895161715824,-0.050000000000000044,0.000228983410952352,0.4996947646141052,0.00014035125902073936,0.000228983410952352,0.0,0.0,0.9216754260234217,18953,7234
ciciot2023,0.8,Recon,xgb,1337,2,0.5624959468841553,0.9501192799826502,0.9537991167478201,-0.0036798367651699193,-0.00011927998265026662,-0.003799116747820186,0.006581746185468085,0.49904724955558777,0.006581746185468085,0.005768199753529865,0.04620088325217986,-0.06249594688415527,0.5590973370098462,23055,8831
ciciot2023,0.8,Spoofing,xgb,1337,2,0.8086134791374207,0.9501391650099403,0.9493509257288785,0.0007882392810618644,-0.0001391650099403785,0.0006490742711214859,0.015568508506314749,0.4450036883354187,0.004556326649593823,0.015568508506314749,0.05064907427112153,0.0009094715118405095,0.05063036582741027,12575,4699
ciciot2023,0.8,Web,xgb,1337,2,0.95200833119452,0.9508196721311475,0.9395807644882861,0.011238907642861395,-0.0008196721311475308,0.010419235511713865,0.10443983055007688,0.4881291687488556,0.03852242439293441,0.10443983055007688,0.06041923551171391,0.011851079761981964,0.1076113163308184,2135,811
ciciot2023,0.8,Benign,xgb,1337,3,0.8866998702287674,0.9501508175900937,0.950406156477127,-0.0002553388870333295,-0.00015081759009372142,-0.00040615647712705094,0.018556865605885875,0.4999099671840668,0.018556865605885875,0.005892816988601668,0.04959384352287299,-0.0012678965926171681,0.013759806879904385,6299,2339
ciciot2023,0.8,BruteForce,xgb,1337,3,0.9858092572540045,0.9511305616338439,0.9490909090909091,0.002039652542934811,-0.0011305616338439517,0.0009090909090908594,0.024706584444002422,0.8815418854355812,0.010569590875936674,0.024706584444002422,0.050909090909090904,-0.0001414115773513691,0.08255501878690243,1371,550
ciciot2023,0.8,DDoS,xgb,1337,3,0.5,0.9996495122378644,0.9996528045675488,-3.292329684434492e-06,-0.0496495122378644,-0.049652804567548836,0.00016004981337628614,0.498934268951416,0.00016004981337628614,0.00013531565142118517,0.0003471954324512083,0.0,0.020570656191232408,68476,25922
ciciot2023,0.8,DoS,xgb,1337,3,0.5,0.9992464802696808,0.9996830092983939,-0.0004365290287131618,-0.049246480269680815,-0.049683009298393976,0.001345315326233278,0.49981221556663513,0.00022576342189209995,0.001345315326233278,0.000316990701606068,0.0,0.32448082631704706,25215,9464
ciciot2023,0.8,Mirai,xgb,1337,3,0.5,0.9997889516171582,0.9998635743519781,-7.46227348199513e-05,-0.04978895161715824,-0.04986357435197819,0.00021631019620661405,0.49927952885627747,8.36635523113749e-05,0.00021631019620661405,0.00013642564802185397,0.0,0.34498020032617205,18953,7330
ciciot2023,0.8,Recon,xgb,1337,3,0.5624959468841553,0.9501192799826502,0.9557149362477231,-0.005595656265072857,-0.00011927998265026662,-0.005714936247723124,0.009970825882037848,0.4985955059528351,0.009970825882037848,0.0062626731278138115,0.04428506375227692,-0.06249594688415527,0.5612028864282214,23055,8784
ciciot2023,0.8,Spoofing,xgb,1337,3,0.8086134791374207,0.9501391650099403,0.951875,-0.0017358349900596926,-0.0001391650099403785,-0.001875000000000071,0.016326623591782635,0.4642426669597626,0.0023881709741551127,0.016326623591782635,0.04812499999999997,-0.00849663913249965,0.10631928765316528,12575,4800
ciciot2023,0.8,Web,xgb,1337,3,0.95200833119452,0.9508196721311475,0.9112207151664612,0.039598956964686294,-0.0008196721311475308,0.03877928483353876,0.09210937432319655,0.48849043250083923,0.041004109189510696,0.09210937432319655,0.08877928483353881,0.02608716208487749,0.42991234340318185,2135,811
ciciot2023,0.8,Benign,xgb,1337,4,0.8866998702287674,0.9501508175900937,0.9514285714285714,-0.0012777538384777243,-0.00015081759009372142,-0.0014285714285714457,0.019603629989859102,0.2790302634239197,0.019603629989859102,0.004791107108028214,0.0485714285714286,-0.004599657468497997,0.06517945090468971,6299,2450
ciciot2023,0.8,BruteForce,xgb,1337,4,0.9858092572540045,0.9511305616338439,0.9658444022770398,-0.014713840643195919,-0.0011305616338439517,-0.01584440227703987,0.0475905757234778,0.8867343366146088,0.010337473028316287,0.0475905757234778,0.034155597722960174,-0.0012628854252397792,0.30917551257815856,1371,527
ciciot2023,0.8,DDoS,xgb,1337,4,0.5,0.9996495122378644,0.9997293535416022,-7.98413037378376e-05,-0.0496495122378644,-0.04972935354160224,0.00014591686545196156,0.48545628786087036,0.00014591686545196156,0.00012281435927297135,0.0002706464583978052,0.0,0.5471698113205617,68476,25864
ciciot2023,0.8,DoS,xgb,1337,4,0.5,0.9992464802696808,0.9995854922279793,-0.0003390119582985518,-0.049246480269680815,-0.049585492227979366,0.0004976476909973194,0.48236098885536194,0.0004976476909973194,0.0003390119582985518,0.000414507772020678,0.0,0.6812288380543855,25215,9650
ciciot2023,0.8,Mirai,xgb,1337,4,0.5,0.9997889516171582,1.0,-0.00021104838284180527,-0.04978895161715824,-0.050000000000000044,0.000328696881053015,0.49561405181884766,0.00021104838284176648,0.000328696881053015,0.0,0.0,0.6420760129079703,18953,7163
ciciot2023,0.8,Recon,xgb,1337,4,0.5624959468841553,0.9501192799826502,0.9533378746594006,-0.0032185946767503415,-0.00011927998265026662,-0.003337874659400608,0.0060582087497200315,0.34772562980651855,0.0060582087497200315,0.003918984161202066,0.046662125340599436,-0.054781727492813626,0.5312782721293786,23055,8808
ciciot2023,0.8,Spoofing,xgb,1337,4,0.8086134791374207,0.9501391650099403,0.9473238840702348,0.002815280939705511,-0.0001391650099403785,0.0026761159297651327,0.020703433303290053,0.49995890259742737,0.020703433303290053,0.005703759251135865,0.05267611592976518,0.0030924804508685177,0.1359813562544781,12575,4727
ciciot2023,0.8,Web,xgb,1337,4,0.95200833119452,0.9508196721311475,0.9272503082614056,0.023569363869741844,-0.0008196721311475308,0.022749691738594313,0.07514301307836918,0.48903322219848633,0.032551249361097545,0.07514301307836918,0.07274969173859436,0.014407448470592499,0.3136600850056486,2135,811
ciciot2023,0.8,Benign,xgb,2024,0,0.8935161270201206,0.9501508175900937,0.9495374264087468,0.0006133911813468451,-0.00015081759009372142,0.0004625735912531237,0.018443260180804888,0.49992528557777405,0.018443260180804888,0.0021015390724441127,0.05046257359125317,0.00013160817325119645,0.033258283803057856,6299,2378
ciciot2023,0.8,BruteForce,xgb,2024,0,0.9867785945534706,0.9511305616338439,0.9558303886925795,-0.004699827058735617,-0.0011305616338439517,-0.005830388692579569,0.028174477374591833,0.49727627635002136,0.015854667481114304,0.028174477374591833,0.044169611307420475,-0.0038139261305332184,0.1668115080272613,1371,566
ciciot2023,0.8,DDoS,xgb,2024,0,0.5,0.999707926864887,0.9998843574126899,-0.00017643054780291934,-0.04970792686488701,-0.04988435741268993,0.00023365850809042854,0.8601299524307251,0.00010341226402462082,0.00023365850809042854,0.00011564258731011634,0.0,0.7550786369595353,68476,25942
ciciot2023,0.8,DoS,xgb,2024,0,0.5,0.9991275034701567,0.9993844891259746,-0.00025698565581788735,-0.04912750347015671,-0.049384489125974596,0.0005520354251752533,0.49837642908096313,0.0005520354251752533,0.0005155661312710169,0.0006155108740254489,0.0,0.46552384882963405,25215,9748
ciciot2023,0.8,Mirai,xgb,2024,0,0.5,0.9997889516171582,0.9998602961721151,-7.134455495694247e-05,-0.04978895161715824,-0.04986029617211518,0.00026381047855220807,0.4927252531051636,0.00026381047855220807,7.798588608779996e-05,0.0001397038278848628,0.0,0.27043867001978616,18953,7158
ciciot2023,0.8,Recon,xgb,2024,0,0.5315444618463516,0.9500759054435046,0.9505972399396961,-0.0005213344961915167,-7.590544350466466e-05,-0.0005972399396961814,0.006538121997141211,0.4997166097164154,0.006538121997141211,0.005549607044934603,0.04940276006030386,-0.004115611314776446,0.07973765194645648,23055,8623
ciciot2023,0.8,Spoofing,xgb,2024,0,0.8042541593313217,0.9502186878727634,0.9543359865940511,-0.004117298721287632,-0.0002186878727634678,-0.0043359865940511,0.0103055067167169,0.47459691762924194,0.005986669009820422,0.0103055067167169,0.045664013405948944,-0.01593355201184765,0.3995241412640901,12575,4774
ciciot2023,0.8,Web,xgb,2024,0,0.9621664071455598,0.9508196721311475,0.9469790382244143,0.0038406339067331707,-0.0008196721311475308,0.00302096177558564,0.11730855306283339,0.47803571820259094,0.01574197870613958,0.11730855306283339,0.053020961775585684,0.0038596969097852707,0.03273958979509389,2135,811
ciciot2023,0.8,Benign,xgb,2024,1,0.8935161270201206,0.9501508175900937,0.9536807278742763,-0.0035299102841825913,-0.00015081759009372142,-0.0036807278742763128,0.015341624065999149,0.4348534047603607,0.015341624065999149,0.008619339186403119,0.04631927212572373,-0.005834998749196463,0.2300871321704297,6299,2418
ciciot2023,0.8,BruteForce,xgb,2024,1,0.9867785945534706,0.9511305616338439,0.968944099378882,-0.017813537745038133,-0.0011305616338439517,-0.018944099378882084,0.02980550987400954,0.8080650418996811,0.00437636761487965,0.02980550987400954,0.03105590062111796,-0.004921793565154098,0.597659218726252,1371,483
ciciot2023,0.8,DDoS,xgb,2024,1,0.5,0.999707926864887,0.9996912389038981,1.6687960988859274e-05,-0.04970792686488701,-0.04969123890389815,0.00020131966555811138,0.28063565492630005,0.00011056957778399212,0.00020131966555811138,0.00030876109610189495,0.0,0.08289285074359641,68476,25910
ciciot2023,0.8,DoS,xgb,2024,1,0.5,0.9991275034701567,0.9994778067885117,-0.0003503033183550608,-0.04912750347015671,-0.04947780678851177,0.0005209092146961716,0.498302161693573,0.00018771204715167575,0.0005209092146961716,0.0005221932114882755,0.0,0.6724843954994743,25215,9575
ciciot2023,0.8,Mirai,xgb,2024,1,0.5,0.9997889516171582,0.9997248589902324,6.409262692574913e-05,-0.04978895161715824,-0.04972485899023249,0.00021104838284180527,0.8276958242058754,0.00015828628713132487,0.00021104838284180527,0.0002751410097675544,0.0,0.30368688953087497,18953,7269
ciciot2023,0.8,Recon,xgb,2024,1,0.5315444618463516,0.9500759054435046,0.9498572244431753,0.0002186810003292905,-7.590544350466466e-05,0.00014277555682462584,0.007335127518296347,0.4999244809150696,0.007335127518296347,0.003837990275036937,0.05014277555682467,0.0005137532949445189,0.0298128423512508,23055,8755
ciciot2023,0.8,Spoofing,xgb,2024,1,0.8042541593313217,0.9502186878727634,0.9453860640301318,0.0048326238426316115,-0.0002186878727634678,0.004613935969868144,0.013199929945333255,0.5543961226940155,0.013199929945333255,0.005593773621089926,0.05461393596986819,0.012112697958946095,0.3661098098736617,12575,4779
ciciot2023,0.8,Web,xgb,2024,1,0.9621664071455598,0.9508196721311475,0.9395807644882861,0.011238907642861395,-0.0008196721311475308,0.010419235511713865,0.05730745573885998,0.5162884294986725,0.05730745573885998,0.05596121248523667,0.06041923551171391,0.0069383978843688965,0.1961159764983308,2135,811
ciciot2023,0.8,Benign,xgb,2024,2,0.8935161270201206,0.9501508175900937,0.9518223711772099,-0.0016715535871162368,-0.00015081759009372142,-0.0018223711772099582,0.012185321707058383,0.4196400046348572,0.012185321707058383,0.00669911696239478,0.048177628822790086,-0.0033536508679390398,0.13717763283574078,6299,2387
ciciot2023,0.8,BruteForce,xgb,2024,2,0.9867785945534706,0.9511305616338439,0.9514925373134329,-0.00036197567958895505,-0.0011305616338439517,-0.0014925373134329067,0.046965664021250464,0.8243690133094788,0.046965664021250464,0.020523748870527048,0.04850746268656714,-0.0006434752140194178,0.007707240749862977,1371,536
ciciot2023,0.8,DDoS,xgb,2024,2,0.5,0.999707926864887,0.9996932750555939,1.4651809293053653e-05,-0.04970792686488701,-0.049693275055593955,0.00018090684343369094,0.4978768825531006,4.385912280435722e-05,0.00018090684343369094,0.00030672494440608933,0.0,0.08099090678360149,68476,26082
ciciot2023,0.8,DoS,xgb,2024,2,0.5,0.9991275034701567,0.9990445859872611,8.291748289557255e-05,-0.04912750347015671,-0.049044585987261136,0.000718281378867851,0.4983799457550049,0.000718281378867851,0.00017265529187838097,0.0009554140127389088,0.0,0.1154387198875549,25215,9420
ciciot2023,0.8,Mirai,xgb,2024,2,0.5,0.9997889516171582,0.9998617638927287,-7.281227557054404e-05,-0.04978895161715824,-0.04986176389272878,0.00028386065841231375,0.498173326253891,0.00028386065841231375,0.00021104838284180527,0.00013823610727126123,0.0,0.25650710449907654,18953,7234
ciciot2023,0.8,Recon,xgb,2024,2,0.5315444618463516,0.9500759054435046,0.9531196919941116,-0.003043786550606997,-7.590544350466466e-05,-0.003119691994111662,0.00744060724747736,0.4994925260543823,0.00744060724747736,0.003969219745282748,0.04688030800588838,-0.031544461846351624,0.4090777068819152,23055,8831
ciciot2023,0.8,Spoofing,xgb,2024,2,0.8042541593313217,0.9502186878727634,0.9484996807831454,0.0017190070896180298,-0.0002186878727634678,0.001500319216854562,0.009071648000907095,0.47384998202323914,0.006370476862172347,0.009071648000907095,0.051500319216854606,0.005026747286318911,0.18949226088205168,12575,4699
ciciot2023,0.8,Web,xgb,2024,2,0.9621664071455598,0.9508196721311475,0.9445129469790382,0.006306725152109283,-0.0008196721311475308,0.005487053020961752,0.10703009266612185,0.495240718126297,0.017911792478710442,0.10703009266612185,0.055487053020961796,0.006446688435971737,0.05892478456300118,2135,811
ciciot2023,0.8,Benign,xgb,2024,3,0.8935161270201206,0.9501508175900937,0.9491235570756734,0.0010272605144202585,-0.00015081759009372142,0.000876442924326537,0.01458166945071121,0.49265411496162415,0.01458166945071121,0.009493964072420424,0.05087644292432658,0.0009551730006932546,0.07044875882645622,6299,2339
ciciot2023,0.8,BruteForce,xgb,2024,3,0.9867785945534706,0.9511305616338439,0.9563636363636364,-0.005233074729792508,-0.0011305616338439517,-0.00636363636363646,0.01915788077713676,0.6993696466088295,0.011607983555467147,0.01915788077713676,0.043636363636363584,-0.0016764064319432226,0.2731551986709157,1371,550
ciciot2023,0.8,DDoS,xgb,2024,3,0.5,0.999707926864887,0.9997299591080935,-2.2032243206515645e-05,-0.04970792686488701,-0.049729959108093524,0.00020310023520484389,0.4489939212799072,3.688941610832761e-05,0.00020310023520484389,0.00027004089190652003,0.0,0.10847965382361202,68476,25922
ciciot2023,0.8,DoS,xgb,2024,3,0.5,0.9991275034701567,0.9996830092983939,-0.0005555058282372682,-0.04912750347015671,-0.049683009298393976,0.001661182972673386,0.49947237968444824,0.00018554296113441307,0.001661182972673386,0.000316990701606068,0.0,0.334403757668716,25215,9464
ciciot2023,0.8,Mirai,xgb,2024,3,0.5,0.9997889516171582,0.9998635743519781,-7.46227348199513e-05,-0.04978895161715824,-0.04986357435197819,0.00027136848680540905,0.49992597103118896,0.00027136848680540905,0.0002509906569341594,0.00013642564802185397,0.0,0.2749867374005782,18953,7330
ciciot2023,0.8,Recon,xgb,2024,3,0.5315444618463516,0.9500759054435046,0.9545765027322405,-0.004500597288735864,-7.590544350466466e-05,-0.004576502732240528,0.011048982416720254,0.4999244809150696,0.011048982416720254,0.005238082963879398,0.045423497267759516,-0.031544461846351624,0.4073313830172432,23055,8784
ciciot2023,0.8,Spoofing,xgb,2024,3,0.8042541593313217,0.9502186878727634,0.9504166666666667,-0.000197978793903264,-0.0002186878727634678,-0.0004166666666667318,0.010535950960901264,0.4998525083065033,0.010535950960901264,0.009823558648111325,0.04958333333333331,-0.000774128735065327,0.018790785439108438,12575,4800
ciciot2023,0.8,Web,xgb,2024,3,0.9621664071455598,0.9508196721311475,0.9408138101109741,0.010005862020173395,-0.0008196721311475308,0.009186189889025864,0.07076642304149328,0.4856922924518585,0.048972413852848895,0.07076642304149328,0.05918618988902591,0.0074496520683169365,0.14139279039589928,2135,811
ciciot2023,0.8,Benign,xgb,2024,4,0.8935161270201206,0.9501508175900937,0.9522448979591837,-0.002094080369089979,-0.00015081759009372142,-0.0022448979591837004,0.010920813475413987,0.31343603134155273,0.010920813475413987,0.006406653469452572,0.047755102040816344,-0.007628951221705149,0.19175131722599048,6299,2450
ciciot2023,0.8,BruteForce,xgb,2024,4,0.9867785945534706,0.9511305616338439,0.9582542694497154,-0.007123707815871461,-0.0011305616338439517,-0.008254269449715412,0.03142348207723833,0.931327611207962,0.022418849660284804,0.03142348207723833,0.04174573055028463,-0.0041968934237957,0.22670014094432694,1371,527
ciciot2023,0.8,DDoS,xgb,2024,4,0.5,0.999707926864887,0.9997680173213733,-6.0090456486361354e-05,-0.04970792686488701,-0.04976801732137337,0.00013586188866938182,0.47946882247924805,6.164658384557849e-05,0.00013586188866938182,0.00023198267862667432,0.0,0.4422907488986166,68476,25864
ciciot2023,0.8,DoS,xgb,2024,4,0.5,0.9991275034701567,0.9995854922279793,-0.00045798875782265824,-0.04912750347015671,-0.049585492227979366,0.0004976476909973194,0.4407407343387604,0.0004976476909973194,0.00045798875782265824,0.000414507772020678,0.0,0.9203072095136582,25215,9650
ciciot2023,0.8,Mirai,xgb,2024,4,0.5,0.9997889516171582,1.0,-0.00021104838284180527,-0.04978895161715824,-0.050000000000000044,0.0003562233297016149,0.4983922839164734,0.00022972835976787007,0.0003562233297016149,0.0,0.0,0.5924608672278336,18953,7163
ciciot2023,0.8,Recon,xgb,2024,4,0.5315444618463516,0.9500759054435046,0.9504995458673933,-0.0004236404238886493,-7.590544350466466e-05,-0.000499545867393314,0.012671348634972546,0.4998679459095001,0.012671348634972546,0.0015509647880291855,0.04950045413260673,-0.007389180362225023,0.033432938836471936,23055,8808
ciciot2023,0.8,Spoofing,xgb,2024,4,0.8042541593313217,0.9502186878727634,0.9462661307383118,0.00395255713445164,-0.0002186878727634678,0.003733869261688172,0.028840790669564187,0.49994200468063354,0.028840790669564187,0.004077098652005895,0.053733869261688216,0.01068827658891669,0.1370474609984528,12575,4727
ciciot2023,0.8,Web,xgb,2024,4,0.9621664071455598,0.9508196721311475,0.9469790382244143,0.0038406339067331707,-0.0008196721311475308,0.00302096177558564,0.06460119492805311,0.4856922924518585,0.037530790044383866,0.06460119492805311,0.053020961775585684,0.001835474744439125,0.05945143756257941,2135,811
ciciot2023,0.8,Benign,xgb,3407,0,0.8885173201560974,0.9501508175900937,0.9440706476030277,0.006080169987065953,-0.00015081759009372142,0.005929352396972232,0.01362311905276592,0.42501184344291687,0.01362311905276592,0.0035010964000186107,0.055929352396972276,0.014039542898535817,0.4463126222061084,6299,2378
ciciot2023,0.8,BruteForce,xgb,3407,0,0.9857519846409559,0.9511305616338439,0.9575971731448764,-0.00646661151103245,-0.0011305616338439517,-0.007597173144876401,0.04323402741802046,0.4999820590019226,0.016697466191400334,0.04323402741802046,0.04240282685512364,-0.002249102806672454,0.14957226742973032,1371,566
ciciot2023,0.8,DDoS,xgb,3407,0,0.5,0.9996787195513757,0.9999229049417933,-0.000244185390417595,-0.049678719551375705,-0.0499229049417933,0.0002774694783573839,0.7996658533811569,5.026107816558472e-05,0.0002774694783573839,7.709505820674423e-05,0.0,0.8800441470650022,68476,25942
ciciot2023,0.8,DoS,xgb,3407,0,0.5,0.9992861392028555,0.9994870742716455,-0.00020093506879004241,-0.04928613920285552,-0.04948707427164556,0.0008349287632312052,0.498694509267807,0.0008349287632312052,0.0004129809856001643,0.0005129257283544852,0.0,0.24066133260568992,25215,9748
ciciot2023,0.8,Mirai,xgb,3407,0,0.5,0.9997889516171582,0.9998602961721151,-7.134455495694247e-05,-0.04978895161715824,-0.04986029617211518,0.0002296308420882073,0.49745407700538635,0.0002296308420882073,7.134455495694247e-05,0.0001397038278848628,0.0,0.3106923891762638,18953,7158
ciciot2023,0.8,Recon,xgb,3407,0,0.5370154231786728,0.9500759054435046,0.9515249913023309,-0.0014490858588263045,-7.590544350466466e-05,-0.0015249913023309691,0.005902896011290348,0.49924546480178833,0.005902896011290348,0.005519718199799184,0.048475008697669075,-0.027001972496512483,0.24548727540764187,23055,8623
ciciot2023,0.8,Spoofing,xgb,3407,0,0.8015453889966011,0.9501391650099403,0.9520318391286133,-0.001892674118672999,-0.0001391650099403785,-0.0020318391286133775,0.009328778064749327,0.4933626651763916,0.002054901425131657,0.009328778064749327,0.04796816087138667,-0.0058559283614163515,0.2028855339398469,12575,4774
ciciot2023,0.8,Web,xgb,3407,0,0.9543451890349388,0.9508196721311475,0.9445129469790382,0.006306725152109283,-0.0008196721311475308,0.005487053020961752,0.12616626768352024,0.4919111430644989,0.018179770543781837,0.12616626768352024,0.055487053020961796,0.0015476588159799576,0.04998741159506507,2135,811
ciciot2023,0.8,Benign,xgb,3407,1,0.8885173201560974,0.9501508175900937,0.9483043837882548,0.0018464338018389093,-0.00015081759009372142,0.0016956162117451878,0.014427763094986251,0.4356399476528168,0.014427763094986251,0.009889382050349838,0.05169561621174523,0.0058500446379188276,0.1279778292506451,6299,2418
ciciot2023,0.8,BruteForce,xgb,3407,1,0.9857519846409559,0.9511305616338439,0.9710144927536232,-0.019883931119779263,-0.0011305616338439517,-0.021014492753623215,0.04045648323071971,0.9153207615017891,0.0016989004716147643,0.04045648323071971,0.02898550724637683,-0.006340899504721165,0.4914893617021277,1371,483
ciciot2023,0.8,DDoS,xgb,3407,1,0.5,0.9996787195513757,0.9996140486298727,6.467092150297393e-05,-0.049678719551375705,-0.04961404862987273,0.00011474833159280586,0.49667826294898987,0.00011474833159280586,7.614643101846907e-05,0.0003859513701273132,0.0,0.5635892095796579,68476,25910
ciciot2023,0.8,DoS,xgb,3407,1,0.5,0.9992861392028555,0.9995822454308094,-0.0002961062279539517,-0.04928613920285552,-0.04958224543080947,0.0004918329002432864,0.49826252460479736,0.0002921506894493259,0.0004918329002432864,0.00041775456919057596,0.0,0.602046401953757,25215,9575
ciciot2023,0.8,Mirai,xgb,3407,1,0.5,0.9997889516171582,1.0,-0.00021104838284180527,-0.04978895161715824,-0.050000000000000044,0.0004768041415769981,0.49020451307296753,5.8256786376668446e-05,0.0004768041415769981,0.0,0.0,0.44263118634787174,18953,7269
ciciot2023,0.8,Recon,xgb,3407,1,0.5370154231786728,0.9500759054435046,0.9500856653340948,-9.759890590155251e-06,-7.590544350466466e-05,-8.566533409481991e-05,0.008375100834656424,0.49929532408714294,0.008375100834656424,0.003130819319282302,0.049914334665905224,-0.004270157217983517,0.0011653460397477874,23055,8755
ciciot2023,0.8,Spoofing,xgb,3407,1,0.8015453889966011,0.9501391650099403,0.9466415568110483,0.0034976081988919994,-0.0001391650099403785,0.003358443188951621,0.011282528723869367,0.5007575899362564,0.011282528723869367,0.010856925823173491,0.053358443188951665,0.0056781820952891415,0.310002153284347,12575,4779
ciciot2023,0.8,Web,xgb,3407,1,0.9543451890349388,0.9508196721311475,0.9346485819975339,0.01617109013361362,-0.0008196721311475308,0.015351418002466088,0.08231489155262678,0.481868714094162,0.03826715218439669,0.08231489155262678,0.06535141800246613,0.00794907659292221,0.196454005206031,2135,811
ciciot2023,0.8,Benign,xgb,3407,2,0.8885173201560974,0.9501508175900937,0.9543359865940511,-0.0041851690039573786,-0.00015081759009372142,-0.0043359865940511,0.010090708701343265,0.4227723181247711,0.010090708701343265,0.009521197963807904,0.045664013405948944,-0.009891033917666325,0.41475471424521976,6299,2387
ciciot2023,0.8,BruteForce,xgb,3407,2,0.9857519846409559,0.9511305616338439,0.9440298507462687,0.007100710887575246,-0.0011305616338439517,0.005970149253731294,0.05301446814069699,0.7358145117759705,0.05301446814069699,0.010856548766016827,0.05597014925373134,0.0003190501593053341,0.133939113917552,1371,536
ciciot2023,0.8,DDoS,xgb,3407,2,0.5,0.9996787195513757,0.9997699562916954,-9.123674031974449e-05,-0.049678719551375705,-0.04976995629169545,0.000219151156409614,0.431268572807312,3.638876054557925e-05,0.000219151156409614,0.00023004370830459475,0.0,0.41631877200417094,68476,26082
ciciot2023,0.8,DoS,xgb,3407,2,0.5,0.9992861392028555,0.9992569002123142,2.9238990541302634e-05,-0.04928613920285552,-0.049256900212314214,0.00029005331221558257,0.49868789315223694,0.00029005331221558257,0.0001225764160702039,0.0007430997876858303,0.0,0.10080557369939878,25215,9420
ciciot2023,0.8,Mirai,xgb,3407,2,0.5,0.9997889516171582,1.0,-0.00021104838284180527,-0.04978895161715824,-0.050000000000000044,0.0002733140741716033,0.498694509267807,0.0002733140741716033,0.00023637185482222725,0.0,0.0,0.7721826381662884,18953,7234
ciciot2023,0.8,Recon,xgb,3407,2,0.5370154231786728,0.9500759054435046,0.9490431434718605,0.0010327619716441472,-7.590544350466466e-05,0.0009568565281394825,0.010784783724434754,0.4984471797943115,0.010784783724434754,0.0014297143982325428,0.05095685652813953,0.012812599539756775,0.09576102757668195,23055,8831
ciciot2023,0.8,Spoofing,xgb,3407,2,0.8015453889966011,0.9501391650099403,0.9459459459459459,0.004193219063994391,-0.0001391650099403785,0.004054054054054013,0.011428818026084808,0.44293341040611267,0.007433653029683129,0.011428818026084808,0.05405405405405406,0.01045268028974533,0.36689875142153,12575,4699
ciciot2023,0.8,Web,xgb,3407,2,0.9543451890349388,0.9508196721311475,0.9469790382244143,0.0038406339067331707,-0.0008196721311475308,0.00302096177558564,0.1110734427384586,0.4916524887084961,0.020349584316352698,0.1110734427384586,0.053020961775585684,0.003103103954344988,0.03457742743939791,2135,811
ciciot2023,0.8,Benign,xgb,3407,3,0.8885173201560974,0.9501508175900937,0.9474134245404019,0.002737393049691783,-0.00015081759009372142,0.0025865754595980617,0.01068154102787544,0.4774217903614044,0.01068154102787544,0.006264965611037426,0.052586575459598106,0.009252919256687142,0.2562732327243844,6299,2339
ciciot2023,0.8,BruteForce,xgb,3407,3,0.9857519846409559,0.9511305616338439,0.96,-0.008869438366156057,-0.0011305616338439517,-0.010000000000000009,0.024619057091704796,0.3056618571281433,0.008085670711491244,0.024619057091704796,0.040000000000000036,-0.0012058971915394068,0.36026718379659417,1371,550
ciciot2023,0.8,DDoS,xgb,3407,3,0.5,0.9996787195513757,0.9996528045675488,2.5914983826869076e-05,-0.049678719551375705,-0.049652804567548836,0.00014578305141038379,0.42754584550857544,6.668714055546587e-05,0.00014578305141038379,0.0003471954324512083,0.0,0.17776403756234732,68476,25922
ciciot2023,0.8,DoS,xgb,3407,3,0.5,0.9992861392028555,0.9996830092983939,-0.00039687009553845964,-0.04928613920285552,-0.049683009298393976,0.002056930013045878,0.49868565797805786,0.0001719489650208545,0.002056930013045878,0.000316990701606068,0.0,0.19294292611870592,25215,9464
ciciot2023,0.8,Mirai,xgb,3407,3,0.5,0.9997889516171582,0.9997271487039563,6.180291320190268e-05,-0.04978895161715824,-0.049727148703956336,0.0004824168696471755,0.49982595443725586,0.0004824168696471755,0.00010552419142084712,0.00027285129604370795,0.0,0.1281110116383438,18953,7330
ciciot2023,0.8,Recon,xgb,3407,3,0.5370154231786728,0.9500759054435046,0.9543488160291439,-0.004272910585639278,-7.590544350466466e-05,-0.004348816029143943,0.008640125241019064,0.4954764246940613,0.008640125241019064,0.004723054752652556,0.0456511839708561,-0.03701542317867279,0.4945426676633807,23055,8784
ciciot2023,0.8,Spoofing,xgb,3407,3,0.8015453889966011,0.9501391650099403,0.9516666666666667,-0.0015275016567263267,-0.0001391650099403785,-0.0016666666666667052,0.013873840291583811,0.49773329496383667,0.0021814943671305542,0.013873840291583811,0.04833333333333334,-0.003969511762261346,0.11009941188763317,12575,4800
ciciot2023,0.8,Web,xgb,3407,3,0.9543451890349388,0.9508196721311475,0.9297163995067818,0.021103272624365732,-0.0008196721311475308,0.0202836004932182,0.09134471277544998,0.4915730059146881,0.041321755602849564,0.09134471277544998,0.07028360049321825,0.016565123572945595,0.23102894500575297,2135,811
ciciot2023,0.8,Benign,xgb,3407,4,0.8885173201560974,0.9501508175900937,0.9522448979591837,-0.002094080369089979,-0.00015081759009372142,-0.0022448979591837004,0.0086775030698103,0.7779320627450943,0.008558857738999705,0.0086775030698103,0.047755102040816344,-0.0036840755492448807,0.24132291884464388,6299,2450
ciciot2023,0.8,BruteForce,xgb,3407,4,0.9857519846409559,0.9511305616338439,0.9582542694497154,-0.007123707815871461,-0.0011305616338439517,-0.008254269449715412,0.038242698787710194,0.4997493028640747,0.022857593662156048,0.038242698787710194,0.04174573055028463,-0.0014421948231756465,0.18627628388404324,1371,527
ciciot2023,0.8,DDoS,xgb,3407,4,0.5,0.9996787195513757,0.9996906897618311,-1.197021045540314e-05,-0.049678719551375705,-0.04969068976183111,0.00017093460530381854,0.8475359678268433,0.00013478456972839114,0.00017093460530381854,0.0003093102381689361,0.0,0.07002801120421072,68476,25864
ciciot2023,0.8,DoS,xgb,3407,4,0.5,0.9992861392028555,0.9995854922279793,-0.00029935302512384965,-0.04928613920285552,-0.049585492227979366,0.0006958807108606909,0.498694509267807,0.0006958807108606909,0.00029935302512384965,0.000414507772020678,0.0,0.43017865052416643,25215,9650
ciciot2023,0.8,Mirai,xgb,3407,4,0.5,0.9997889516171582,1.0,-0.00021104838284180527,-0.04978895161715824,-0.050000000000000044,0.00021104838284180527,0.5,0.0001428841452730904,0.00021104838284180527,0.0,0.0,1.0,18953,7163
ciciot2023,0.8,Recon,xgb,3407,4,0.5370154231786728,0.9500759054435046,0.9506130790190735,-0.0005371735755689278,-7.590544350466466e-05,-0.0006130790190735924,0.007846699368941779,0.4996436536312103,0.007846699368941779,0.0033088007176299804,0.04938692098092645,-0.02471735142171816,0.06845853910182009,23055,8808
ciciot2023,0.8,Spoofing,xgb,3407,4,0.8015453889966011,0.9501391650099403,0.9441506240744658,0.005988540935474518,-0.0001391650099403785,0.005849375925534139,0.01853119909693518,0.49982595443725586,0.01853119909693518,0.0036764225310291776,0.055849375925534184,0.011774329096078784,0.3231599263571101,12575,4727
ciciot2023,0.8,Web,xgb,3407,4,0.9543451890349388,0.9508196721311475,0.9408138101109741,0.010005862020173395,-0.0008196721311475308,0.009186189889025864,0.09627689526620214,0.4915730059146881,0.024484185540157744,0.09627689526620214,0.05918618988902591,0.005568457767367363,0.10392796727093813,2135,811
ciciot2023,0.8,Benign,xgb,42,0,0.8841898366808891,0.950309572948087,0.9461732548359967,0.004136318112090365,-0.000309572948087089,0.0038267451640032757,0.01766463791828332,0.3001299798488617,0.005336196181566444,0.01766463791828332,0.05382674516400332,0.01021569706499581,0.2341581033941928,6299,2378
ciciot2023,0.8,BruteForce,xgb,42,0,0.9860429195687175,0.9511305616338439,0.9593639575971732,-0.008233395963329282,-0.0011305616338439517,-0.009363957597173234,0.03944014453869016,0.49898579716682434,0.02428394326701766,0.03944014453869016,0.04063604240282681,-0.0016024434007704258,0.20875673909492018,1371,566
ciciot2023,0.8,DDoS,xgb,42,0,0.5,0.9996787195513757,0.9999229049417933,-0.000244185390417595,-0.049678719551375705,-0.0499229049417933,0.0002920731351130357,0.8608035743236542,9.06651665157558e-05,0.0002920731351130357,7.709505820674423e-05,0.0,0.8360419397117521,68476,25942
ciciot2023,0.8,DoS,xgb,42,0,0.5,0.9990481856038073,0.9993844891259746,-0.00033630352216729165,-0.049048185603807304,-0.049384489125974596,0.0006345429307951234,0.7697360962629318,0.00037013241315495124,0.0006345429307951234,0.0006155108740254489,0.0,0.5299933319655481,25215,9748
ciciot2023,0.8,Mirai,xgb,42,0,0.5,0.9997889516171582,0.9998602961721151,-7.134455495694247e-05,-0.04978895161715824,-0.04986029617211518,0.0003417963646400082,0.498251736164093,0.00015828628713132487,0.0003417963646400082,0.0001397038278848628,0.0,0.20873409532042578,18953,7158
ciciot2023,0.8,Recon,xgb,42,0,0.5643799751996994,0.9500759054435046,0.9507132088600255,-0.0006373034165209068,-7.590544350466466e-05,-0.0007132088600255715,0.006017753279856847,0.40631967782974243,0.006017753279856847,0.0032471146789264244,0.04928679113997447,-0.011087641119957081,0.10590387921920044,23055,8623
ciciot2023,0.8,Spoofing,xgb,42,0,0.8066990673542023,0.9502186878727634,0.9564306661080855,-0.0062119782353220465,-0.0002186878727634678,-0.006430666108085514,0.010016515902490392,0.4736522436141968,0.0031866446898833195,0.010016515902490392,0.04356933389191453,-0.018151754140853904,0.6201735509427556,12575,4774
ciciot2023,0.8,Web,xgb,42,0,0.9558528698980808,0.9508196721311475,0.9457459926017263,0.005073679529421171,-0.0008196721311475308,0.00425400739827364,0.11629959254628253,0.497811496257782,0.014920718342925299,0.11629959254628253,0.054254007398273685,0.0026387376710772514,0.04362594415283142,2135,811
ciciot2023,0.8,Benign,xgb,42,1,0.8841898366808891,0.950309572948087,0.9503722084367245,-6.26354886374969e-05,-0.000309572948087089,-0.0003722084367245859,0.013096726133613706,0.2645130455493927,0.008256132139083328,0.013096726133613706,0.04962779156327546,-0.0027018640190360488,0.004782530229195092,6299,2418
ciciot2023,0.8,BruteForce,xgb,42,1,0.9860429195687175,0.9511305616338439,0.968944099378882,-0.017813537745038133,-0.0011305616338439517,-0.018944099378882084,0.043093176762665886,0.8976386711001396,0.012354404229582616,0.043093176762665886,0.03105590062111796,-0.008535178471356653,0.4133725820016832,1371,483
ciciot2023,0.8,DDoS,xgb,42,1,0.5,0.9996787195513757,0.9996526437668853,2.607578449032033e-05,-0.049678719551375705,-0.049652643766885385,0.00020861980304553708,0.4565952718257904,0.0001564749976265536,0.00020861980304553708,0.0003473562331146596,0.0,0.12499189487121011,68476,25910
ciciot2023,0.8,DoS,xgb,42,1,0.5,0.9990481856038073,0.9994778067885117,-0.0004296211847044651,-0.049048185603807304,-0.04947780678851177,0.0005209092146961716,0.4974170923233032,8.990048507118154e-05,0.0005209092146961716,0.0005221932114882755,0.0,0.8247525146105321,25215,9575
ciciot2023,0.8,Mirai,xgb,42,1,0.5,0.9997889516171582,1.0,-0.00021104838284180527,-0.04978895161715824,-0.050000000000000044,0.0007331746492799558,0.498251736164093,0.0,0.0007331746492799558,0.0,0.0,0.28785553762541294,18953,7269
ciciot2023,0.8,Recon,xgb,42,1,0.5643799751996994,0.9500759054435046,0.9517989720159908,-0.0017230665724862204,-7.590544350466466e-05,-0.001798972015990885,0.005517038254683859,0.4381047487258911,0.0035796008873573704,0.005517038254683859,0.04820102798400916,-0.01424924284219753,0.3123173146431185,23055,8755
ciciot2023,0.8,Spoofing,xgb,42,1,0.8066990673542023,0.9502186878727634,0.9508265327474367,-0.0006078448746732468,-0.0002186878727634678,-0.0008265327474367146,0.010291746070969054,0.5844936370849609,0.010291746070969054,0.010290997268117608,0.04917346725256333,-0.0013573408126832387,0.059061394488526577,12575,4779
ciciot2023,0.8,Web,xgb,42,1,0.9558528698980808,0.9508196721311475,0.938347718865598,0.012471953265549507,-0.0008196721311475308,0.011652281134401976,0.06699971411822797,0.4869685173034668,0.05069347987421202,0.06699971411822797,0.06165228113440202,0.0046982234343886375,0.18614935048142814,2135,811
ciciot2023,0.8,Benign,xgb,42,2,0.8841898366808891,0.950309572948087,0.948051948051948,0.00225762489613901,-0.000309572948087089,0.001948051948051921,0.013680162689990144,0.38781610131263733,0.013680162689990144,0.005120408988918523,0.051948051948051965,0.007960459589957725,0.16502909704362853,6299,2387
ciciot2023,0.8,BruteForce,xgb,42,2,0.9860429195687175,0.9511305616338439,0.9514925373134329,-0.00036197567958895505,-0.0011305616338439517,-0.0014925373134329067,0.04302611668136336,0.7417834103107452,0.04302611668136336,0.014400100155676748,0.04850746268656714,-0.0004715658724308014,0.008412929344045214,1371,536
ciciot2023,0.8,DDoS,xgb,42,2,0.5,0.9996787195513757,0.9998082969097462,-0.00012957735837049178,-0.049678719551375705,-0.0498082969097462,0.0003195693538062514,0.458028644323349,5.827016941034678e-05,0.0003195693538062514,0.00019170309025384746,0.0,0.40547492063038054,68476,26082
ciciot2023,0.8,DoS,xgb,42,2,0.5,0.9990481856038073,0.9990445859872611,3.5996165461682494e-06,-0.049048185603807304,-0.049044585987261136,0.0005993045793437585,0.49823302030563354,0.0005993045793437585,0.00013299635870368337,0.0009554140127389088,0.0,0.006006322444773987,25215,9420
ciciot2023,0.8,Mirai,xgb,42,2,0.5,0.9997889516171582,1.0,-0.00021104838284180527,-0.04978895161715824,-0.050000000000000044,0.00021104838284180527,0.5,0.0001983866468515361,0.00021104838284180527,0.0,0.0,1.0,18953,7234
ciciot2023,0.8,Recon,xgb,42,2,0.5643799751996994,0.9500759054435046,0.9521005548635488,-0.002024649420044211,-7.590544350466466e-05,-0.0021005548635488758,0.007253228845438886,0.4990476071834564,0.007253228845438886,0.0036420860338969296,0.04789944513645117,-0.03170020133256912,0.2791376727782951,23055,8831
ciciot2023,0.8,Spoofing,xgb,42,2,0.8066990673542023,0.9502186878727634,0.9491381144924452,0.001080573380318195,-0.0002186878727634678,0.0008618855075547271,0.015666037822860662,0.448706716299057,0.0032566973134591226,0.015666037822860662,0.05086188550755477,0.0028566926717756846,0.06897553756326111,12575,4699
ciciot2023,0.8,Web,xgb,42,2,0.9558528698980808,0.9508196721311475,0.9482120838471023,0.0026075882840451703,-0.0008196721311475308,0.0017879161528976395,0.12248445698345639,0.49472299218177795,0.018118551416847484,0.12248445698345639,0.051787916152897684,0.0006880359724164009,0.021289136175028065,2135,811
ciciot2023,0.8,Benign,xgb,42,3,0.8841898366808891,0.950309572948087,0.943993159469859,0.006316413478228089,-0.000309572948087089,0.006006840530141,0.01608702861485578,0.4995865523815155,0.01608702861485578,0.009135729451005783,0.056006840530141044,0.017181559279561,0.39264015931413915,6299,2339
ciciot2023,0.8,BruteForce,xgb,42,3,0.9860429195687175,0.9511305616338439,0.9581818181818181,-0.007051256547974227,-0.0011305616338439517,-0.008181818181818179,0.026534049466215737,0.9645290551707149,0.006122936144817986,0.026534049466215737,0.041818181818181865,-0.0010175758507102728,0.26574370251899104,1371,550
ciciot2023,0.8,DDoS,xgb,42,3,0.5,0.9996787195513757,0.9996913818378211,-1.2662286445475068e-05,-0.049678719551375705,-0.04969138183782118,0.0001840234268929901,0.4987278878688812,0.0001840234268929901,0.00017608780814983336,0.0003086181621788642,0.0,0.06880801351905161,68476,25922
ciciot2023,0.8,DoS,xgb,42,3,0.5,0.9990481856038073,0.9996830092983939,-0.0006348236945866725,-0.049048185603807304,-0.049683009298393976,0.0018065054730501125,0.498251736164093,6.628539781882575e-05,0.0018065054730501125,0.000316990701606068,0.0,0.35140978206660684,25215,9464
ciciot2023,0.8,Mirai,xgb,42,3,0.5,0.9997889516171582,0.9997271487039563,6.180291320190268e-05,-0.04978895161715824,-0.049727148703956336,0.0002366880260778637,0.498251736164093,0.0002366880260778637,0.00021104838284180527,0.00027285129604370795,0.0,0.2611155039231738,18953,7330
ciciot2023,0.8,Recon,xgb,42,3,0.5643799751996994,0.9500759054435046,0.9528688524590164,-0.002792947015511804,-7.590544350466466e-05,-0.002868852459016469,0.010731124668617309,0.4992856979370117,0.010731124668617309,0.004723528791331755,0.047131147540983576,-0.04652857556939083,0.26026601141627326,23055,8784
ciciot2023,0.8,Spoofing,xgb,42,3,0.8066990673542023,0.9502186878727634,0.9522916666666666,-0.002072978793903224,-0.0002186878727634678,-0.002291666666666692,0.012502899271040424,0.46368205547332764,0.004179920477137222,0.012502899271040424,0.04770833333333335,-0.006933546066283824,0.1657998476165218,12575,4800
ciciot2023,0.8,Web,xgb,42,3,0.9558528698980808,0.9508196721311475,0.93711467324291,0.013704998888237507,-0.0008196721311475308,0.012885326757089977,0.0990565901523836,0.49472299218177795,0.030660386893331393,0.0990565901523836,0.06288532675709002,0.011219766922295094,0.13835524589685994,2135,811
ciciot2023,0.8,Benign,xgb,42,4,0.8841898366808891,0.950309572948087,0.9481632653061225,0.002146307641964551,-0.000309572948087089,0.001836734693877462,0.009013675640124286,0.423656165599823,0.006021947118266258,0.009013675640124286,0.051836734693877506,0.012682935595512146,0.23811680469289181,6299,2450
ciciot2023,0.8,BruteForce,xgb,42,4,0.9860429195687175,0.9511305616338439,0.9563567362428842,-0.0052261746090402905,-0.0011305616338439517,-0.006356736242884242,0.050944130034310586,0.4992856979370117,0.012394172040242651,0.050944130034310586,0.0436432637571158,-0.0018085981719195843,0.10258639426211599,1371,527
ciciot2023,0.8,DDoS,xgb,42,4,0.5,0.9996787195513757,0.9998066811011445,-0.0001279615497687958,-0.049678719551375705,-0.0498066811011445,0.0002052891093110576,0.8397107720375061,9.779661942104401e-05,0.0002052891093110576,0.00019331889885554343,0.0,0.6233236151602484,68476,25864
ciciot2023,0.8,DoS,xgb,42,4,0.5,0.9990481856038073,0.9995854922279793,-0.0005373066241720625,-0.049048185603807304,-0.049585492227979366,0.0005373066241720625,0.5,0.00044902953768574726,0.0005373066241720625,0.000414507772020678,0.0,1.0,25215,9650
ciciot2023,0.8,Mirai,xgb,42,4,0.5,0.9997889516171582,1.0,-0.00021104838284180527,-0.04978895161715824,-0.050000000000000044,0.0005145096168329398,0.49918699264526367,0.00019564624098353202,0.0005145096168329398,0.0,0.0,0.4101932712957088,18953,7163
ciciot2023,0.8,Recon,xgb,42,4,0.5643799751996994,0.9500759054435046,0.9517484105358764,-0.0016725050923718232,-7.590544350466466e-05,-0.0017484105358764879,0.007532263506825565,0.49943843483924866,0.007532263506825565,0.0021875925180693256,0.04825158946412356,-0.013532540202141008,0.22204548351982606,23055,8808
ciciot2023,0.8,Spoofing,xgb,42,4,0.8066990673542023,0.9502186878727634,0.948804738734927,0.0014139491378364344,-0.0002186878727634678,0.0011952612650729666,0.015583806238095022,0.49994027614593506,0.015583806238095022,0.007207947575810215,0.05119526126507301,0.004253473132848518,0.09073195060523781,12575,4727
ciciot2023,0.8,Web,xgb,42,4,0.9558528698980808,0.9508196721311475,0.9420468557336621,0.008772816397485395,-0.0008196721311475308,0.007953144266337864,0.08795917954819127,0.49472299218177795,0.028498658665827348,0.08795917954819127,0.05795314426633791,0.006713838316500187,0.09973736047275117,2135,811
ciciot2023,0.8,Benign,xgb,512,0,0.8960293754935265,0.9501508175900937,0.9491169049621531,0.0010339126279406141,-0.00015081759009372142,0.0008830950378468927,0.009754842472358916,0.6887821853160858,0.009754842472358916,0.004435136018893615,0.05088309503784694,0.001481183432042732,0.10598967957404579,6299,2378
ciciot2023,0.8,BruteForce,xgb,512,0,0.9860657639801502,0.9511305616338439,0.9593639575971732,-0.008233395963329282,-0.0011305616338439517,-0.009363957597173234,0.020875376617619387,0.46591541171073914,0.020875376617619387,0.012966728781189318,0.04063604240282681,-0.0010132909519597888,0.3944070621643334,1371,566
ciciot2023,0.8,DDoS,xgb,512,0,0.5,0.9995618902973304,0.999807262354483,-0.0002453720571525819,-0.04956189029733049,-0.04980726235448307,0.0002547122727447615,0.74956414103508,8.762194053390969e-05,0.0002547122727447615,0.0001927376455169716,0.0,0.9633303276221045,68476,25942
ciciot2023,0.8,DoS,xgb,512,0,0.5,0.9993654570692049,1.0,-0.0006345429307951234,-0.04936545706920492,-0.050000000000000044,0.0006345429307951234,0.5,5.1266128122113945e-05,0.0006345429307951234,0.0,0.0,1.0,25215,9748
ciciot2023,0.8,Mirai,xgb,512,0,0.5,0.9997889516171582,0.9998602961721151,-7.134455495694247e-05,-0.04978895161715824,-0.04986029617211518,0.00023858668817484962,0.4998830258846283,0.00023858668817484962,7.134455495694247e-05,0.0001397038278848628,0.0,0.29902990608033087,18953,7158
ciciot2023,0.8,Recon,xgb,512,0,0.5937103778123856,0.9500759054435046,0.9521048359039778,-0.002028930460473144,-7.590544350466466e-05,-0.0021048359039778086,0.004476822852984841,0.3574220538139343,0.004296473702280534,0.004476822852984841,0.047895164096022236,-0.012007056176662423,0.45320767140035284,23055,8623
ciciot2023,0.8,Spoofing,xgb,512,0,0.8101772367954254,0.9501391650099403,0.9501466275659824,-7.462556042114876e-06,-0.0001391650099403785,-0.00014662756598249338,0.009432487604744383,0.4797138571739197,0.005718999784285493,0.009432487604744383,0.04985337243401755,-0.0011551566421992288,0.0007911546089243029,12575,4774
ciciot2023,0.8,Web,xgb,512,0,0.950296251103282,0.9508196721311475,0.9408138101109741,0.010005862020173395,-0.0008196721311475308,0.009186189889025864,0.1153258619046657,0.49409449100494385,0.020321284908618842,0.1153258619046657,0.05918618988902591,0.00845993123948574,0.08676164959811665,2135,811
ciciot2023,0.8,Benign,xgb,512,1,0.8960293754935265,0.9501508175900937,0.9507857733664186,-0.0006349557763248859,-0.00015081759009372142,-0.0007857733664186073,0.010037435537642914,0.573922336101532,0.009637001737642426,0.010037435537642914,0.04921422663358144,-0.008896404504776023,0.0632587650444819,6299,2418
ciciot2023,0.8,BruteForce,xgb,512,1,0.9860657639801502,0.9511305616338439,0.9813664596273292,-0.03023589799348525,-0.0011305616338439517,-0.0313664596273292,0.0426990318532513,0.7826092317700386,0.003624321006111514,0.0426990318532513,0.018633540372670843,-0.0055080256424844265,0.7081167108753298,1371,483
ciciot2023,0.8,DDoS,xgb,512,1,0.5,0.9995618902973304,0.999421072944809,0.00014081735252147176,-0.04956189029733049,-0.04942107294480902,0.0002649535076157365,0.4546089470386505,0.0002649535076157365,3.8595137012736394e-05,0.0005789270551910253,0.0,0.531479480263005,68476,25910
ciciot2023,0.8,DoS,xgb,512,1,0.5,0.9993654570692049,0.9995822454308094,-0.0002167883616045474,-0.04936545706920492,-0.04958224543080947,0.0003463477798504662,0.38340574502944946,0.0003463477798504662,0.00027237299692617367,0.00041775456919057596,0.0,0.6259268117674801,25215,9575
ciciot2023,0.8,Mirai,xgb,512,1,0.5,0.9997889516171582,1.0,-0.00021104838284180527,-0.04978895161715824,-0.050000000000000044,0.0002864715409828036,0.49581536650657654,0.0,0.0002864715409828036,0.0,0.0,0.7367167507032545,18953,7269
ciciot2023,0.8,Recon,xgb,512,1,0.5937103778123856,0.9500759054435046,0.9505425471159338,-0.00046664167242915777,-7.590544350466466e-05,-0.0005425471159338224,0.007332427447041767,0.49991756677627563,0.007332427447041767,0.005410051027631008,0.04945745288406622,-0.006520867347717507,0.06364081687810251,23055,8755
ciciot2023,0.8,Spoofing,xgb,512,1,0.8101772367954254,0.9501391650099403,0.9495710399665201,0.0005681250434201868,-0.0001391650099403785,0.00042896003347980827,0.012236803077746106,0.5022924095392227,0.012236803077746106,0.005485762969785368,0.05042896003347985,0.0005251675844187842,0.046427570976718666,12575,4779
ciciot2023,0.8,Web,xgb,512,1,0.950296251103282,0.9508196721311475,0.9149198520345253,0.03589982009662218,-0.0008196721311475308,0.03508014796547465,0.07247651582312292,0.48680755496025085,0.0390993857873444,0.07247651582312292,0.0850801479654747,0.02136883419007063,0.4953303796257918,2135,811
ciciot2023,0.8,Benign,xgb,512,2,0.8960293754935265,0.9501508175900937,0.9522413070800168,-0.0020904894899230753,-0.00015081759009372142,-0.0022413070800167967,0.01259095594602,0.39056751132011414,0.01259095594602,0.005731553934289646,0.04775869291998325,-0.00692271292209623,0.16603103838067823,6299,2387
ciciot2023,0.8,BruteForce,xgb,512,2,0.9860657639801502,0.9511305616338439,0.9477611940298507,0.003369367603993201,-0.0011305616338439517,0.002238805970149249,0.050434370815506724,0.6183811575174332,0.050434370815506724,0.00824651360266504,0.052238805970149294,0.00048016197979450226,0.06680697210080479,1371,536
ciciot2023,0.8,DDoS,xgb,512,2,0.5,0.9995618902973304,0.9995399125833908,2.197771393963599e-05,-0.04956189029733049,-0.049539912583390855,0.00014427732020101208,0.4226915240287781,0.00014413286258875243,0.00014427732020101208,0.0004600874166091895,0.0,0.15232965173608637,68476,26082
ciciot2023,0.8,DoS,xgb,512,2,0.5,0.9993654570692049,0.9993630573248408,2.3997443641121663e-06,-0.04936545706920492,-0.04936305732484081,0.0005187868408123263,0.4986581802368164,0.0005187868408123263,0.0002928319635845108,0.0006369426751592355,0.0,0.004625684723141013,25215,9420
ciciot2023,0.8,Mirai,xgb,512,2,0.5,0.9997889516171582,1.0,-0.00021104838284180527,-0.04978895161715824,-0.050000000000000044,0.00021104838284180527,0.5,0.00012557437128098882,0.00021104838284180527,0.0,0.0,1.0,18953,7234
ciciot2023,0.8,Recon,xgb,512,2,0.5937103778123856,0.9500759054435046,0.9508549428150832,-0.0007790373715785837,-7.590544350466466e-05,-0.0008549428150832483,0.010348376233532519,0.499828040599823,0.010348376233532519,0.002924252391487414,0.049145057184916796,-0.007629476487636566,0.07528112179128335,23055,8831
ciciot2023,0.8,Spoofing,xgb,512,2,0.8101772367954254,0.9501391650099403,0.9499893594381783,0.00014980557176202947,-0.0001391650099403785,1.0640561821650962e-05,0.01373823033283593,0.4294799268245697,0.0036985831340959896,0.01373823033283593,0.050010640561821695,5.1690638064649796e-05,0.010904284477162764,12575,4699
ciciot2023,0.8,Web,xgb,512,2,0.950296251103282,0.9508196721311475,0.9309494451294698,0.01987022700167773,-0.0008196721311475308,0.0190505548705302,0.10708438132585618,0.49712643027305603,0.024342688501488685,0.10708438132585618,0.06905055487053025,0.017318634316325188,0.18555672410538496,2135,811
ciciot2023,0.8,Benign,xgb,512,3,0.8960293754935265,0.9501508175900937,0.9499786233433091,0.00017219424678460715,-0.00015081759009372142,2.137665669088573e-05,0.008354577071721825,0.5747265666723251,0.006883697480839612,0.008354577071721825,0.05002137665669093,-0.002591547928750937,0.02061076764345643,6299,2339
ciciot2023,0.8,BruteForce,xgb,512,3,0.9860657639801502,0.9511305616338439,0.9490909090909091,0.002039652542934811,-0.0011305616338439517,0.0009090909090908594,0.02433658245474446,0.8632503971457481,0.007089715536104935,0.02433658245474446,0.050909090909090904,0.0002667487133294344,0.08381014658601653,1371,550
ciciot2023,0.8,DDoS,xgb,512,3,0.5,0.9995618902973304,0.9994599182161871,0.00010197208114337553,-0.04956189029733049,-0.049459918216187115,0.0002454768674539032,0.4998830258846283,0.0002454768674539032,9.369956761052297e-05,0.000540081783812929,0.0,0.4154040346083703,68476,25922
ciciot2023,0.8,DoS,xgb,512,3,0.5,0.9993654570692049,0.9997886728655959,-0.000423215796391041,-0.04936545706920492,-0.04978867286559596,0.0016475889765598275,0.4986737370491028,0.00026486082748380826,0.0016475889765598275,0.00021132713440408235,0.0,0.25686976692130903,25215,9464
ciciot2023,0.8,Mirai,xgb,512,3,0.5,0.9997889516171582,0.9997271487039563,6.180291320190268e-05,-0.04978895161715824,-0.049727148703956336,0.00027136848680540905,0.4998830258846283,0.00027136848680540905,5.276209571047907e-05,0.00027285129604370795,0.0,0.22774535809023347,18953,7330
ciciot2023,0.8,Recon,xgb,512,3,0.5937103778123856,0.9500759054435046,0.9529826958105647,-0.002906790367060097,-7.590544350466466e-05,-0.0029826958105647616,0.01000267535579566,0.49864932894706726,0.01000267535579566,0.0049892422847241935,0.04701730418943528,-0.02913617566227822,0.29060129052132744,23055,8784
ciciot2023,0.8,Spoofing,xgb,512,3,0.8101772367954254,0.9501391650099403,0.9520833333333333,-0.0019441683233929474,-0.0001391650099403785,-0.002083333333333326,0.014785868124585821,0.4951143264770508,0.0017089131875414193,0.014785868124585821,0.04791666666666672,-0.0074244827032087235,0.13148827698254661,12575,4800
ciciot2023,0.8,Web,xgb,512,3,0.950296251103282,0.9508196721311475,0.9272503082614056,0.023569363869741844,-0.0008196721311475308,0.022749691738594313,0.07995737762671928,0.49712643027305603,0.03774216929398755,0.07995737762671928,0.07274969173859436,0.019000914879143238,0.2947740980172628,2135,811
ciciot2023,0.8,Benign,xgb,512,4,0.8960293754935265,0.9501508175900937,0.9497959183673469,0.0003548992227467851,-0.00015081759009372142,0.00020408163265306367,0.00848777421748187,0.4384342133998871,0.00417695066596252,0.00848777421748187,0.05020408163265311,0.0003556260839092662,0.04181299050295375,6299,2450
ciciot2023,0.8,BruteForce,xgb,512,4,0.9860657639801502,0.9511305616338439,0.9582542694497154,-0.007123707815871461,-0.0011305616338439517,-0.008254269449715412,0.029262979279380277,0.4730026423931122,0.029262979279380277,0.023120563253183013,0.04174573055028463,-0.0013402292504907098,0.24343754434091663,1371,527
ciciot2023,0.8,DDoS,xgb,512,4,0.5,0.9995618902973304,0.9996906897618311,-0.0001287994645006174,-0.04956189029733049,-0.04969068976183111,0.0001915233672872274,0.7182715237140656,4.895816076279926e-05,0.0001915233672872274,0.0003093102381689361,0.0,0.6724999999997754,68476,25864
ciciot2023,0.8,DoS,xgb,512,4,0.5,0.9993654570692049,0.9996891191709845,-0.0003236621017795871,-0.04936545706920492,-0.04968911917098451,0.0005308543417798643,0.4986737370491028,0.0005308543417798643,0.0003236621017795871,0.00031088082901553626,0.0,0.609700394828463,25215,9650
ciciot2023,0.8,Mirai,xgb,512,4,0.5,0.9997889516171582,1.0,-0.00021104838284180527,-0.04978895161715824,-0.050000000000000044,0.00023956186497147737,0.4998830258846283,0.00023956186497147737,0.00021104838284180527,0.0,0.0,0.8809765396797735,18953,7163
ciciot2023,0.8,Recon,xgb,512,4,0.5937103778123856,0.9500759054435046,0.9518619436875567,-0.0017860382440521017,-7.590544350466466e-05,-0.0018619436875567663,0.01275925003412648,0.49989768862724304,0.01275925003412648,0.003751676035921747,0.04813805631244328,-0.012681657075882091,0.1399798765033275,23055,8808
ciciot2023,0.8,Spoofing,xgb,512,4,0.8101772367954254,0.9501391650099403,0.9473238840702348,0.002815280939705511,-0.0001391650099403785,0.0026761159297651327,0.013260180823247536,0.4998829960823059,0.013260180823247536,0.005115320347851539,0.05267611592976518,0.008392985165118771,0.21231090112812082,12575,4727
ciciot2023,0.8,Web,xgb,512,4,0.950296251103282,0.9508196721311475,0.9395807644882861,0.011238907642861395,-0.0008196721311475308,0.010419235511713865,0.0934382914088196,0.48680755496025085,0.02726157027060583,0.0934382914088196,0.06041923551171391,0.00830361433327198,0.12028160482609766,2135,811
ciciot2023,0.8,Benign,xgb,6021,0,0.8988344334065914,0.9501508175900937,0.9495374264087468,0.0006133911813468451,-0.00015081759009372142,0.0004625735912531237,0.010500752318809599,0.2497512549161911,0.010500752318809599,0.004282389063852032,0.05046257359125317,0.0012248044833540472,0.05841402241705109,6299,2378
ciciot2023,0.8,BruteForce,xgb,6021,0,0.9841743856668472,0.9511305616338439,0.9593639575971732,-0.008233395963329282,-0.0011305616338439517,-0.009363957597173234,0.03738211771861866,0.4992997944355011,0.00955043003353151,0.03738211771861866,0.04063604240282681,-0.0014707642840221524,0.22024958632101602,1371,566
ciciot2023,0.8,DDoS,xgb,6021,0,0.5,0.9995618902973304,0.9997301672962763,-0.0001682769989458377,-0.04956189029733049,-0.04973016729627633,0.0002920731351130357,0.7930905073881149,5.856774531100132e-05,0.0002920731351130357,0.0002698327037237158,0.0,0.5761467889907524,68476,25942
ciciot2023,0.8,DoS,xgb,6021,0,0.5,0.999484433868729,1.0,-0.0005155661312710169,-0.04948443386872903,-0.050000000000000044,0.0005155661312710169,0.5,0.000484873990127253,0.0005155661312710169,0.0,0.0,1.0,25215,9748
ciciot2023,0.8,Mirai,xgb,6021,0,0.5,0.9997889516171582,0.9998602961721151,-7.134455495694247e-05,-0.04978895161715824,-0.04986029617211518,0.0003759760011040089,0.49884259700775146,0.00024821330133464805,0.0003759760011040089,0.0001397038278848628,0.0,0.1897582684731144,18953,7158
ciciot2023,0.8,Recon,xgb,6021,0,0.5532817542552948,0.9500759054435046,0.9507132088600255,-0.0006373034165209068,-7.590544350466466e-05,-0.0007132088600255715,0.004351684063136518,0.49966755509376526,0.004351684063136518,0.00289134084392427,0.04928679113997447,-0.008430060744285872,0.1464498358048457,23055,8623
ciciot2023,0.8,Spoofing,xgb,6021,0,0.8043636381626129,0.9501391650099403,0.9522413070800168,-0.002102142070076418,-0.0001391650099403785,-0.0022413070800167967,0.011048580740109004,0.4710388481616974,0.0036440593972819624,0.011048580740109004,0.04775869291998325,-0.008810643851757338,0.19026353877698854,12575,4774
ciciot2023,0.8,Web,xgb,6021,0,0.9605380687862635,0.9508196721311475,0.9469790382244143,0.0038406339067331707,-0.0008196721311475308,0.00302096177558564,0.13927235869788074,0.4895104765892029,0.023379931099605233,0.13927235869788074,0.053020961775585684,0.00074051134288311,0.027576426095177582,2135,811
ciciot2023,0.8,Benign,xgb,6021,1,0.8988344334065914,0.9501508175900937,0.955748552522746,-0.005597734932652365,-0.00015081759009372142,-0.0057485525227460865,0.013523422193001067,0.736446887254715,0.01336440421241386,0.013523422193001067,0.04425144747725396,-0.020025025308132105,0.41392887486345176,6299,2418
ciciot2023,0.8,BruteForce,xgb,6021,1,0.9841743856668472,0.9511305616338439,0.9627329192546584,-0.011602357620814518,-0.0011305616338439517,-0.01273291925465847,0.03480254246118575,0.4982922077178955,0.0018348125093439194,0.03480254246118575,0.037267080745341574,-0.004361010715365432,0.3333767248112487,1371,483
ciciot2023,0.8,DDoS,xgb,6021,1,0.5,0.9995618902973304,0.9994596680818217,0.00010222221550870714,-0.04956189029733049,-0.049459668081821784,0.0002253145275959964,0.45755788683891296,0.0002253145275959964,8.240272549889097e-05,0.0005403319181782607,0.0,0.4536867489165999,68476,25910
ciciot2023,0.8,DoS,xgb,6021,1,0.5,0.999484433868729,0.9995822454308094,-9.781156208044095e-05,-0.04948443386872903,-0.04958224543080947,0.0006253478569938217,0.49707287549972534,0.0005987359879967009,0.0006253478569938217,0.00041775456919057596,0.0,0.15641144522448938,25215,9575
ciciot2023,0.8,Mirai,xgb,6021,1,0.5,0.9997889516171582,0.9998624294951163,-7.347787795808358e-05,-0.04978895161715824,-0.04986242949511632,0.0004900799529753196,0.49884259700775146,0.000167671538163599,0.0004900799529753196,0.0001375705048837217,0.0,0.14993038893346436,18953,7269
ciciot2023,0.8,Recon,xgb,6021,1,0.5532817542552948,0.9500759054435046,0.9522558537978298,-0.002179948354325223,-7.590544350466466e-05,-0.0022558537978298876,0.006322353084849991,0.4320693910121918,0.005507823332603801,0.006322353084849991,0.04774414620217016,-0.02382866442203524,0.3448001598564542,23055,8755
ciciot2023,0.8,Spoofing,xgb,6021,1,0.8043636381626129,0.9501391650099403,0.9470600544046872,0.0030791106052531214,-0.0001391650099403785,0.002939945595312743,0.01095808076837157,0.626669317483902,0.01095808076837157,0.008728112596652765,0.05293994559531279,0.006614945083855961,0.28098995347254535,12575,4779
ciciot2023,0.8,Web,xgb,6021,1,0.9605380687862635,0.9508196721311475,0.93711467324291,0.013704998888237507,-0.0008196721311475308,0.012885326757089977,0.08806833440659317,0.48740795254707336,0.045493319318388514,0.08806833440659317,0.06288532675709002,0.005342311225831509,0.15561778226626133,2135,811
ciciot2023,0.8,Benign,xgb,6021,2,0.8988344334065914,0.9501508175900937,0.9576874738165061,-0.007536656226412419,-0.00015081759009372142,-0.007687473816506141,0.010386870246858249,0.49771174788475037,0.010386870246858249,0.008864029261532291,0.042312526183493904,-0.0176526822149754,0.7255945291789947,6299,2387
ciciot2023,0.8,BruteForce,xgb,6021,2,0.9841743856668472,0.9511305616338439,0.9402985074626866,0.01083205417115729,-0.0011305616338439517,0.009701492537313339,0.05884962496053647,0.6800925731658936,0.05884962496053647,0.008529562254373645,0.05970149253731338,0.0017348206602036953,0.1840632659667938,1371,536
ciciot2023,0.8,DDoS,xgb,6021,2,0.5,0.9995618902973304,0.9996165938194924,-5.470352216196961e-05,-0.04956189029733049,-0.04961659381949246,0.000292217592725292,0.4944169223308563,3.46776657274951e-05,0.000292217592725292,0.0003834061805075839,0.0,0.18720133052836183,68476,26082
ciciot2023,0.8,DoS,xgb,6021,2,0.5,0.999484433868729,0.9994692144373672,1.521943136173487e-05,-0.04948443386872903,-0.04946921443736729,0.0007951995008531722,0.4986172616481781,0.0007951995008531722,0.00022993340077878005,0.0005307855626327518,0.0,0.019139135959474182,25215,9420
ciciot2023,0.8,Mirai,xgb,6021,2,0.5,0.9997889516171582,0.9998617638927287,-7.281227557054404e-05,-0.04978895161715824,-0.04986176389272878,0.0003039108382724193,0.49847614765167236,0.0003039108382724193,0.0002215949670824769,0.00013823610727126123,0.0,0.23958433330132384,18953,7234
ciciot2023,0.8,Recon,xgb,6021,2,0.5532817542552948,0.9500759054435046,0.9511946551919375,-0.0011187497484328457,-7.590544350466466e-05,-0.0011946551919375104,0.010046414587951358,0.49909427762031555,0.010046414587951358,0.002189203511878901,0.048805344808062534,-0.01241283118724823,0.11135811076068469,23055,8831
ciciot2023,0.8,Spoofing,xgb,6021,2,0.8043636381626129,0.9501391650099403,0.948286869546712,0.0018522954632282929,-0.0001391650099403785,0.0017131304532879144,0.015351703357213614,0.47128939628601074,0.00398941105442252,0.015351703357213614,0.05171313045328796,0.008155609294771993,0.12065732512724182,12575,4699
ciciot2023,0.8,Web,xgb,6021,2,0.9605380687862635,0.9508196721311475,0.9482120838471023,0.0026075882840451703,-0.0008196721311475308,0.0017879161528976395,0.1118490775259387,0.48950016498565674,0.025963262748450067,0.1118490775259387,0.051787916152897684,0.0005081770941615105,0.023313453644179135,2135,811
ciciot2023,0.8,Benign,xgb,6021,3,0.8988344334065914,0.9501508175900937,0.9521162890123984,-0.001965471422304743,-0.00015081759009372142,-0.0021162890123984646,0.013922145802305441,0.4976106286048889,0.013922145802305441,0.007814917451625658,0.04788371098760158,-0.0035176306962967363,0.1411758970358772,6299,2339
ciciot2023,0.8,BruteForce,xgb,6021,3,0.9841743856668472,0.9511305616338439,0.96,-0.008869438366156057,-0.0011305616338439517,-0.010000000000000009,0.04016577150056355,0.6800925731658936,0.04016577150056355,0.017632782971951477,0.040000000000000036,-0.0044152748771012496,0.22082081421071703,1371,550
ciciot2023,0.8,DDoS,xgb,6021,3,0.5,0.9995618902973304,0.9994984954864594,6.339481087103138e-05,-0.04956189029733049,-0.04949849548645946,0.00010357655666384,0.49456286430358887,0.00010357655666384,8.078376501889921e-05,0.0005015045135405849,0.0,0.612057524530195,68476,25922
ciciot2023,0.8,DoS,xgb,6021,3,0.5,0.999484433868729,0.9997886728655959,-0.00030423899686693456,-0.04948443386872903,-0.04978867286559596,0.0015155797085051647,0.4986252784729004,0.00031783299298056994,0.0015155797085051647,0.00021132713440408235,0.0,0.2007410069952766,25215,9464
ciciot2023,0.8,Mirai,xgb,6021,3,0.5,0.9997889516171582,0.9997271487039563,6.180291320190268e-05,-0.04978895161715824,-0.049727148703956336,0.00017110610874937352,0.49847614765167236,0.00017110610874937352,0.000167327104622773,0.00027285129604370795,0.0,0.3611964158008412,18953,7330
ciciot2023,0.8,Recon,xgb,6021,3,0.5532817542552948,0.9500759054435046,0.9550318761384335,-0.004955970694928924,-7.590544350466466e-05,-0.005031876138433589,0.009396957619756952,0.49973276257514954,0.009396957619756952,0.006463621086662541,0.044968123861566456,-0.0532817542552948,0.5274016224686462,23055,8784
ciciot2023,0.8,Spoofing,xgb,6021,3,0.8043636381626129,0.9501391650099403,0.9522916666666666,-0.0021525016567263133,-0.0001391650099403785,-0.002291666666666692,0.015597664015904567,0.49777302145957947,0.0023206593770709076,0.015597664015904567,0.04770833333333335,-0.008230705559253648,0.1380015401364883,12575,4800
ciciot2023,0.8,Web,xgb,6021,3,0.9605380687862635,0.9508196721311475,0.9346485819975339,0.01617109013361362,-0.0008196721311475308,0.015351418002466088,0.10390618457566769,0.4886254370212555,0.039921223689492025,0.10390618457566769,0.06535141800246613,0.005243852734565735,0.15563164213615535,2135,811
ciciot2023,0.8,Benign,xgb,6021,4,0.8988344334065914,0.9501508175900937,0.9538775510204082,-0.0037267334303144883,-0.00015081759009372142,-0.0038775510204082098,0.013303958192262377,0.7731368541717529,0.004630666999296956,0.013303958192262377,0.046122448979591835,-0.013991938717663355,0.28012215435869064,6299,2450
ciciot2023,0.8,BruteForce,xgb,6021,4,0.9841743856668472,0.9511305616338439,0.9658444022770398,-0.014713840643195919,-0.0011305616338439517,-0.01584440227703987,0.034500226292253355,0.941260602325201,0.02080643085214605,0.034500226292253355,0.034155597722960174,-0.00637221354991202,0.4264853371845781,1371,527
ciciot2023,0.8,DDoS,xgb,6021,4,0.5,0.9995618902973304,0.9996906897618311,-0.0001287994645006174,-0.04956189029733049,-0.04969068976183111,0.00021402736294348434,0.47745481133461,7.301828377825808e-05,0.00021402736294348434,0.0003093102381689361,0.0,0.6017897091720368,68476,25864
ciciot2023,0.8,DoS,xgb,6021,4,0.5,0.999484433868729,0.9996891191709845,-0.00020468530225548065,-0.04948443386872903,-0.04968911917098451,0.000680592500351896,0.3913043439388275,0.000680592500351896,0.0003083122452606224,0.00031088082901553626,0.0,0.30074575043017576,25215,9650
ciciot2023,0.8,Mirai,xgb,6021,4,0.5,0.9997889516171582,1.0,-0.00021104838284180527,-0.04978895161715824,-0.050000000000000044,0.0005145096168329398,0.49884259700775146,0.0002484083366939736,0.0005145096168329398,0.0,0.0,0.4101932712957088,18953,7163
ciciot2023,0.8,Recon,xgb,6021,4,0.5532817542552948,0.9500759054435046,0.9508401453224341,-0.0007642398789294846,-7.590544350466466e-05,-0.0008401453224341493,0.012407422837344917,0.49958324432373047,0.012407422837344917,0.0021264308722713787,0.049159854677565895,-0.011453849822282924,0.06159537632820979,23055,8808
ciciot2023,0.8,Spoofing,xgb,6021,4,0.8043636381626129,0.9501391650099403,0.9481700867357732,0.0019690782741671464,-0.0001391650099403785,0.001829913264226768,0.023752690121172704,0.4998451769351959,0.023752690121172704,0.005663787530791567,0.05182991326422681,0.004258000105619386,0.08289916906767318,12575,4727
ciciot2023,0.8,Web,xgb,6021,4,0.9605380687862635,0.9508196721311475,0.9432799013563502,0.007539770774797283,-0.0008196721311475308,0.006720098643649752,0.09340768184535247,0.496082603931427,0.029043277879970075,0.09340768184535247,0.0567200986436498,0.0024902494624257088,0.08071895828953629,2135,811
ciciot2023,0.8,Benign,xgb,7,0,0.897229015827179,0.9501508175900937,0.947434819175778,0.00271599841431569,-0.00015081759009372142,0.0025651808242219687,0.022112858903605315,0.4997390806674957,0.022112858903605315,0.004289799427492635,0.05256518082422201,0.003322216868400729,0.12282439037644606,6299,2378
ciciot2023,0.8,BruteForce,xgb,7,0,0.986702274531126,0.9511305616338439,0.9452296819787986,0.005900879655045266,-0.0011305616338439517,0.004770318021201314,0.04984626011294019,0.49841272830963135,0.017605987736892148,0.04984626011294019,0.05477031802120136,0.0004907213151454926,0.11838159255429045,1371,566
ciciot2023,0.8,DDoS,xgb,7,0,0.5,0.99966411589462,0.9998843574126899,-0.0002202415180698747,-0.04966411589462005,-0.04988435741268993,0.00026812926276531535,0.7895984947681427,8.488495112885311e-05,0.00026812926276531535,0.00011564258731011634,0.0,0.821400528231955,68476,25942
ciciot2023,0.8,DoS,xgb,7,0,0.5,0.9991671624033314,0.9994870742716455,-0.00031991186831414886,-0.04916716240333141,-0.04948707427164556,0.001416061509915018,0.4991918206214905,0.001416061509915018,0.0004759071980964258,0.0005129257283544852,0.0,0.22591664703417277,25215,9748
ciciot2023,0.8,Mirai,xgb,7,0,0.5,0.9997889516171582,0.9998602961721151,-7.134455495694247e-05,-0.04978895161715824,-0.04986029617211518,0.00014268910991376487,0.4988613426685333,0.00014268910991376487,0.00010552419142084712,0.0001397038278848628,0.0,0.5000000000004208,18953,7158
ciciot2023,0.8,Recon,xgb,7,0,0.5544160008430481,0.9501192799826502,0.9516409602226603,-0.0015216802400100926,-0.00011927998265026662,-0.0016409602226603592,0.004205826297671744,0.49943867325782776,0.004205826297671744,0.00391124864071013,0.048359039777339685,-0.04246120974421519,0.361802921069865,23055,8623
ciciot2023,0.8,Spoofing,xgb,7,0,0.7981508821249008,0.9501391650099403,0.9522413070800168,-0.002102142070076418,-0.0001391650099403785,-0.0022413070800167967,0.006384466556338564,0.49847084283828735,0.006384466556338564,0.006160873052426963,0.04775869291998325,-0.007547543197870432,0.3292588427751086,12575,4774
ciciot2023,0.8,Web,xgb,7,0,0.9591958019882441,0.9508196721311475,0.9445129469790382,0.006306725152109283,-0.0008196721311475308,0.005487053020961752,0.1074112683621285,0.49610763788223267,0.024737147592962083,0.1074112683621285,0.055487053020961796,0.001501062884926796,0.05871567525714959,2135,811
ciciot2023,0.8,Benign,xgb,7,1,0.897229015827179,0.9501508175900937,0.9561621174524401,-0.0060112998623463865,-0.00015081759009372142,-0.006162117452440108,0.021011383245019888,0.4698672890663147,0.021011383245019888,0.01141961824917137,0.043837882547559937,-0.023785954341292048,0.2860972927030486,6299,2418
ciciot2023,0.8,BruteForce,xgb,7,1,0.986702274531126,0.9511305616338439,0.9585921325051759,-0.007461570871332035,-0.0011305616338439517,-0.008592132505175987,0.03869415714149804,0.881677646189928,0.005952947252538143,0.03869415714149804,0.04140786749482406,-0.004924941435456298,0.1928345626975753,1371,483
ciciot2023,0.8,DDoS,xgb,7,1,0.5,0.99966411589462,0.9995754534928599,8.866240176008677e-05,-0.04966411589462005,-0.04957545349285997,0.00025244091865489265,0.49979689717292786,0.00025244091865489265,6.989013653802001e-05,0.0004245465071400778,0.0,0.3512204052834062,68476,25910
ciciot2023,0.8,DoS,xgb,7,1,0.5,0.9991671624033314,0.9994778067885117,-0.00031064438518035864,-0.04916716240333141,-0.04947780678851177,0.000927874068908173,0.4991918206214905,0.000927874068908173,0.0005790618436019424,0.0005221932114882755,0.0,0.3347915364699146,25215,9575
ciciot2023,0.8,Mirai,xgb,7,1,0.5,0.9997889516171582,0.9998624294951163,-7.347787795808358e-05,-0.04978895161715824,-0.04986242949511632,0.0005862188933639283,0.49989303946495056,5.276209571044162e-05,0.0005862188933639283,0.0001375705048837217,0.0,0.12534205019637273,18953,7269
ciciot2023,0.8,Recon,xgb,7,1,0.5544160008430481,0.9501192799826502,0.9515705311250714,-0.0014512511424211727,-0.00011927998265026662,-0.0015705311250714393,0.007393761175724961,0.4404085576534271,0.005041057803695181,0.007393761175724961,0.048429468874928605,-0.03470197767019423,0.19628050026634475,23055,8755
ciciot2023,0.8,Spoofing,xgb,7,1,0.7981508821249008,0.9501391650099403,0.9462230592174095,0.003916105792530877,-0.0001391650099403785,0.003776940782590499,0.009303725668587282,0.540933832526207,0.009303725668587282,0.008618021937427556,0.05377694078259054,0.010511016845703103,0.42091802058965005,12575,4779
ciciot2023,0.8,Web,xgb,7,1,0.9591958019882441,0.9508196721311475,0.9408138101109741,0.010005862020173395,-0.0008196721311475308,0.009186189889025864,0.07819068602962193,0.49614962935447693,0.046085874263998794,0.07819068602962193,0.05918618988902591,0.005206683650612831,0.12796744124207776,2135,811
ciciot2023,0.8,Benign,xgb,7,2,0.897229015827179,0.9501508175900937,0.9534981147884374,-0.0033472971983437017,-0.00015081759009372142,-0.003498114788437423,0.00980239513749695,0.3815280497074127,0.007682974528710418,0.00980239513749695,0.04650188521156262,-0.005473662912846011,0.3414774809004932,6299,2387
ciciot2023,0.8,BruteForce,xgb,7,2,0.986702274531126,0.9511305616338439,0.9309701492537313,0.02016041238011257,-0.0011305616338439517,0.019029850746268617,0.046896262669148814,0.8014692775905132,0.046896262669148814,0.009007206854131977,0.06902985074626866,0.002750869607552886,0.4298937960652311,1371,536
ciciot2023,0.8,DDoS,xgb,7,2,0.5,0.99966411589462,0.9996932750555939,-2.91591609739017e-05,-0.04966411589462005,-0.049693275055593955,0.00021548820408634614,0.4112752377986908,0.0001440365575139126,0.00021548820408634614,0.00030672494440608933,0.0,0.13531673855436477,68476,26082
ciciot2023,0.8,DoS,xgb,7,2,0.5,0.9991671624033314,0.9991507430997877,1.641930354367993e-05,-0.04916716240333141,-0.04915074309978773,0.0006433840942417501,0.4991918206214905,0.0006433840942417501,0.0001470159178832739,0.000849256900212314,0.0,0.025520219866533432,25215,9420
ciciot2023,0.8,Mirai,xgb,7,2,0.5,0.9997889516171582,1.0,-0.00021104838284180527,-0.04978895161715824,-0.050000000000000044,0.00021104838284180527,0.5,0.0001783364669914305,0.00021104838284180527,0.0,0.0,1.0,18953,7234
ciciot2023,0.8,Recon,xgb,7,2,0.5544160008430481,0.9501192799826502,0.9507417053561318,-0.000622425373481561,-0.00011927998265026662,-0.0007417053561318276,0.0065367409876207205,0.49545347690582275,0.0065367409876207205,0.003991518511868727,0.04925829464386822,-0.0333656445145607,0.09521952524359006,23055,8831
ciciot2023,0.8,Spoofing,xgb,7,2,0.7981508821249008,0.9501391650099403,0.9467971908916791,0.003341974118261204,-0.0001391650099403785,0.0032028091083208254,0.016875634890381047,0.4400722086429596,0.005359052325756064,0.016875634890381047,0.05320280910832087,0.011243779957293976,0.19803545999718788,12575,4699
ciciot2023,0.8,Web,xgb,7,2,0.9591958019882441,0.9508196721311475,0.9469790382244143,0.0038406339067331707,-0.0008196721311475308,0.00302096177558564,0.10778378097413494,0.49614962935447693,0.027072137500469218,0.10778378097413494,0.053020961775585684,0.0021059447899460793,0.0356327628519064,2135,811
ciciot2023,0.8,Benign,xgb,7,3,0.897229015827179,0.9501508175900937,0.9486960239418555,0.0014547936482381951,-0.00015081759009372142,0.0013039760581444737,0.017171098977348087,0.49731650948524475,0.017171098977348087,0.00411386105315685,0.05130397605814452,0.001682495325803779,0.08472338608946008,6299,2339
ciciot2023,0.8,BruteForce,xgb,7,3,0.986702274531126,0.9511305616338439,0.9490909090909091,0.002039652542934811,-0.0011305616338439517,0.0009090909090908594,0.02593859823619124,0.4976935088634491,0.017567800543730527,0.02593859823619124,0.050909090909090904,2.9936665669083595e-05,0.07863387698757575,1371,550
ciciot2023,0.8,DDoS,xgb,7,3,0.5,0.99966411589462,0.9997299591080935,-6.5843213473471e-05,-0.04966411589462005,-0.049729959108093524,0.00025737860546099737,0.422855943441391,6.668714055546587e-05,0.00025737860546099737,0.00027004089190652003,0.0,0.25582240355812613,68476,25922
ciciot2023,0.8,DoS,xgb,7,3,0.5,0.9991671624033314,0.9996830092983939,-0.0005158468950625661,-0.04916716240333141,-0.049683009298393976,0.0023606074823299,0.4990583658218384,0.00014560326416822094,0.0023606074823299,0.000316990701606068,0.0,0.21852294332026329,25215,9464
ciciot2023,0.8,Mirai,xgb,7,3,0.5,0.9997889516171582,0.9998635743519781,-7.46227348199513e-05,-0.04978895161715824,-0.04986357435197819,0.0004326203924132281,0.4990637004375458,8.36635523113749e-05,0.0004326203924132281,0.00013642564802185397,0.0,0.17249010016308602,18953,7330
ciciot2023,0.8,Recon,xgb,7,3,0.5544160008430481,0.9501192799826502,0.9519581056466302,-0.0018388256639799705,-0.00011927998265026662,-0.001958105646630237,0.01321999068513996,0.49915075302124023,0.01321999068513996,0.004373569736422667,0.04804189435336981,-0.03725274428725145,0.13909432372345903,23055,8784
ciciot2023,0.8,Spoofing,xgb,7,3,0.7981508821249008,0.9501391650099403,0.9489583333333333,0.001180831676606986,-0.0001391650099403785,0.0010416666666666075,0.012437044400265052,0.4748947322368622,0.004167495029821056,0.012437044400265052,0.05104166666666665,0.0018178783357145623,0.09494471826295166,12575,4800
ciciot2023,0.8,Web,xgb,7,3,0.9591958019882441,0.9508196721311475,0.9309494451294698,0.01987022700167773,-0.0008196721311475308,0.0190505548705302,0.07620395209892084,0.49305814504623413,0.03834338732359799,0.07620395209892084,0.06905055487053025,0.013456069864332676,0.26075061009807027,2135,811
ciciot2023,0.8,Benign,xgb,7,4,0.897229015827179,0.9501508175900937,0.9538775510204082,-0.0037267334303144883,-0.00015081759009372142,-0.0038775510204082098,0.014028077019027918,0.49741998314857483,0.014028077019027918,0.00992227467268858,0.046122448979591835,-0.010345195420086495,0.2656624586006681,6299,2450
ciciot2023,0.8,BruteForce,xgb,7,4,0.986702274531126,0.9511305616338439,0.952561669829222,-0.0014311081953780613,-0.0011305616338439517,-0.002561669829222013,0.030515544962955887,0.49928975105285645,0.011134686104271596,0.030515544962955887,0.04743833017077803,-0.0006093408912419829,0.04689767779390289,1371,527
ciciot2023,0.8,DDoS,xgb,7,4,0.5,0.99966411589462,0.9996906897618311,-2.6573867211054925e-05,-0.04966411589462005,-0.04969068976183111,0.0001493882264840428,0.48064011335372925,0.0001493882264840428,0.00013227082553279867,0.0003093102381689361,0.0,0.17788461538428843,68476,25864
ciciot2023,0.8,DoS,xgb,7,4,0.5,0.9991671624033314,0.9995854922279793,-0.0004183298246479561,-0.04916716240333141,-0.049585492227979366,0.0008583384961866804,0.4991918206214905,0.0008583384961866804,0.0004183298246479561,0.000414507772020678,0.0,0.4873716214599017,25215,9650
ciciot2023,0.8,Mirai,xgb,7,4,0.5,0.9997889516171582,1.0,-0.00021104838284180527,-0.04978895161715824,-0.050000000000000044,0.0003375433527755111,0.49906542897224426,0.00010552419142088324,0.0003375433527755111,0.0,0.0,0.6252482269504699,18953,7163
ciciot2023,0.8,Recon,xgb,7,4,0.5544160008430481,0.9501192799826502,0.9508401453224341,-0.0007208653397838827,-0.00011927998265026662,-0.0008401453224341493,0.011186051362781946,0.4999655485153198,0.011186051362781946,0.0018671734514728033,0.049159854677565895,-0.017493579536678072,0.06444323527624185,23055,8808
ciciot2023,0.8,Spoofing,xgb,7,4,0.7981508821249008,0.9501391650099403,0.9464776814046965,0.003661483605243876,-0.0001391650099403785,0.0035223185953034974,0.026691435899096616,0.49999871850013733,0.026691435899096616,0.003652466415805966,0.05352231859530354,0.011292429268360049,0.137178217728174,12575,4727
ciciot2023,0.8,Web,xgb,7,4,0.9591958019882441,0.9508196721311475,0.9519112207151664,-0.001091548584018942,-0.0008196721311475308,-0.0019112207151664728,0.07358308041940875,0.49732619524002075,0.03787500324865656,0.07358308041940875,0.04808877928483357,-0.0021083392202854156,0.014834233329147607,2135,811
ciciot2023,0.8,Benign,xgb,88,0,0.901826448738575,0.950309572948087,0.9491169049621531,0.0011926679859339817,-0.000309572948087089,0.0008830950378468927,0.010175363918952782,0.3294527232646942,0.009201001240267903,0.010175363918952782,0.05088309503784694,0.002160415239632174,0.11721133469364185,6299,2378
ciciot2023,0.8,BruteForce,xgb,88,0,0.9857766218483448,0.9511305616338439,0.950530035335689,0.0006005262981548798,-0.0011305616338439517,-0.0005300353356890719,0.04082032407801173,0.49990716576576233,0.023051962277670035,0.04082032407801173,0.04946996466431097,-7.353862747550011e-05,0.014711453466347153,1371,566
ciciot2023,0.8,DDoS,xgb,88,0,0.5,0.9996933232081313,0.9999229049417933,-0.00022958173366194323,-0.04969332320813136,-0.0499229049417933,0.0002628658216017321,0.8764915019273758,6.33144122512393e-05,0.0002628658216017321,7.709505820674423e-05,0.0,0.8733799330130579,68476,25942
ciciot2023,0.8,DoS,xgb,88,0,0.5,0.9990481856038073,0.9993844891259746,-0.00033630352216729165,-0.049048185603807304,-0.049384489125974596,0.0004759071980964258,0.7755101770162582,0.0003363035221673013,0.0004759071980964258,0.0006155108740254489,0.0,0.7066577759539405,25215,9748
ciciot2023,0.8,Mirai,xgb,88,0,0.5,0.9997889516171582,0.9998602961721151,-7.134455495694247e-05,-0.04978895161715824,-0.04986029617211518,0.00031657257426264974,0.49384912848472595,0.00031657257426264974,0.0001582862871313262,0.0001397038278848628,0.0,0.22536555834982178,18953,7158
ciciot2023,0.8,Recon,xgb,88,0,0.5694112479686737,0.9500759054435046,0.9524527426649658,-0.0023768372214612032,-7.590544350466466e-05,-0.002452742664965868,0.005462651732606183,0.4999353289604187,0.003908492146746212,0.005462651732606183,0.047547257335034177,-0.037206085026264324,0.435106856121548,23055,8623
ciciot2023,0.8,Spoofing,xgb,88,0,0.8015477508306503,0.9501391650099403,0.9509844993715961,-0.0008453343616557918,-0.0001391650099403785,-0.0009844993715961703,0.01181644111035507,0.47015732526779175,0.004369709684915235,0.01181644111035507,0.049015500628403874,-0.002902278304100614,0.07153882914162728,12575,4774
ciciot2023,0.8,Web,xgb,88,0,0.9507976919412613,0.9508196721311475,0.9321824907521579,0.01863718137898962,-0.0008196721311475308,0.01781750924784209,0.10108490688628552,0.4910725951194763,0.03314842461817458,0.10108490688628552,0.06781750924784213,0.021411062218248844,0.18437155410308026,2135,811
ciciot2023,0.8,Benign,xgb,88,1,0.901826448738575,0.950309572948087,0.9536807278742763,-0.0033711549261892237,-0.000309572948087089,-0.0036807278742763128,0.016452780260655553,0.4864066243171692,0.016452780260655553,0.009230461962334346,0.04631927212572373,-0.014130437187850453,0.20489879964244426,6299,2418
ciciot2023,0.8,BruteForce,xgb,88,1,0.9857766218483448,0.9511305616338439,0.9627329192546584,-0.011602357620814518,-0.0011305616338439517,-0.01273291925465847,0.03342983088012108,0.7719200253486633,0.013274075684883424,0.03342983088012108,0.037267080745341574,-0.007682625390589282,0.3470659981027249,1371,483
ciciot2023,0.8,DDoS,xgb,88,1,0.5,0.9996933232081313,0.9996912389038981,2.08430423320749e-06,-0.04969332320813136,-0.04969123890389815,0.0001825440185552451,0.275473028421402,9.075008777414961e-05,0.0001825440185552451,0.00030876109610189495,0.0,0.011418091097718968,68476,25910
ciciot2023,0.8,DoS,xgb,88,1,0.5,0.9990481856038073,0.9994778067885117,-0.0004296211847044651,-0.049048185603807304,-0.04947780678851177,0.0005790618436019424,0.42197930812835693,0.0001731738899252331,0.0005790618436019424,0.0005221932114882755,0.0,0.7419262544257612,25215,9575
ciciot2023,0.8,Mirai,xgb,88,1,0.5,0.9997889516171582,1.0,-0.00021104838284180527,-0.04978895161715824,-0.050000000000000044,0.000735119929462979,0.4999791979789734,0.0,0.000735119929462979,0.0,0.0,0.28709381202055106,18953,7269
ciciot2023,0.8,Recon,xgb,88,1,0.5694112479686737,0.9500759054435046,0.9519131924614506,-0.0018372870179459433,-7.590544350466466e-05,-0.001913192461450608,0.00602430485241201,0.49944016337394714,0.00602430485241201,0.005174426460896442,0.048086807538549436,-0.017415596544742784,0.30497909102497206,23055,8755
ciciot2023,0.8,Spoofing,xgb,88,1,0.8015477508306503,0.9501391650099403,0.9447583176396736,0.005380847370266784,-0.0001391650099403785,0.005241682360326405,0.010733473193065918,0.45924654603004456,0.008115308983096647,0.010733473193065918,0.05524168236032645,0.012797855585813367,0.5013146512298499,12575,4779
ciciot2023,0.8,Web,xgb,88,1,0.9507976919412613,0.9508196721311475,0.9186189889025894,0.03220068322855807,-0.0008196721311475308,0.03138101109741054,0.07028475557108493,0.49697306752204895,0.04315139894368125,0.07028475557108493,0.08138101109741058,0.028751882258802652,0.4581460512584523,2135,811
ciciot2023,0.8,Benign,xgb,88,2,0.901826448738575,0.950309572948087,0.9543359865940511,-0.004026413645964011,-0.000309572948087089,-0.0043359865940511,0.006831069467739925,0.907369390130043,0.006179886514194544,0.006831069467739925,0.045664013405948944,-0.011527317389845915,0.5894265407457727,6299,2387
ciciot2023,0.8,BruteForce,xgb,88,2,0.9857766218483448,0.9511305616338439,0.9552238805970149,-0.004093318963171,-0.0011305616338439517,-0.0052238805970149516,0.06214414796912593,0.8060466572642326,0.06214414796912593,0.015204339353560414,0.04477611940298509,-0.0012320103123784065,0.06586813234939864,1371,536
ciciot2023,0.8,DDoS,xgb,88,2,0.5,0.9996933232081313,0.9998466375277969,-0.00015331431966558728,-0.04969332320813136,-0.049846637527796944,0.0002355622130581896,0.3503148853778839,0.0,0.0002355622130581896,0.00015336247220310018,0.0,0.6508442830247775,68476,26082
ciciot2023,0.8,DoS,xgb,88,2,0.5,0.9990481856038073,0.9989384288747346,0.00010975672907265199,-0.049048185603807304,-0.04893842887473465,0.00046870796500414914,0.49993228912353516,0.00046870796500414914,5.127874799026877e-05,0.0010615711252653925,0.0,0.23416868768526344,25215,9420
ciciot2023,0.8,Mirai,xgb,88,2,0.5,0.9997889516171582,1.0,-0.00021104838284180527,-0.04978895161715824,-0.050000000000000044,0.0007861581435362692,0.499907523393631,0.0007861581435362692,0.00021104838284180527,0.0,0.0,0.2684553795912802,18953,7234
ciciot2023,0.8,Recon,xgb,88,2,0.5694112479686737,0.9500759054435046,0.9530064545351602,-0.0029305490916555765,-7.590544350466466e-05,-0.003006454535160241,0.00871851321451178,0.4999338984489441,0.006911527261433237,0.00871851321451178,0.0469935454648398,-0.05798736959695816,0.33612945459298493,23055,8831
ciciot2023,0.8,Spoofing,xgb,88,2,0.8015477508306503,0.9501391650099403,0.9476484358374122,0.0024907291725281278,-0.0001391650099403785,0.0023515641625877493,0.011881196329154256,0.4339984059333801,0.0054285904069094615,0.011881196329154256,0.052351564162587794,0.01017261371016498,0.2096362271546965,12575,4699
ciciot2023,0.8,Web,xgb,88,2,0.9507976919412613,0.9508196721311475,0.9297163995067818,0.021103272624365732,-0.0008196721311475308,0.0202836004932182,0.08138216617527727,0.49697306752204895,0.03600666479929082,0.08138216617527727,0.07028360049321825,0.023813925683498383,0.2593107755194725,2135,811
ciciot2023,0.8,Benign,xgb,88,3,0.901826448738575,0.950309572948087,0.9533988884138521,-0.0030893154657650745,-0.000309572948087089,-0.0033988884138521636,0.014964202669031201,0.3906766176223755,0.005063542527736886,0.014964202669031201,0.04660111158614788,-0.00770887658000019,0.20644704793784246,6299,2339
ciciot2023,0.8,BruteForce,xgb,88,3,0.9857766218483448,0.9511305616338439,0.9509090909090909,0.00022147072475298124,-0.0011305616338439517,-0.0009090909090909705,0.02731251243286259,0.8619122169911861,0.02731251243286259,0.012936807903985159,0.049090909090909074,-0.0004425693303347078,0.008108764263169954,1371,550
ciciot2023,0.8,DDoS,xgb,88,3,0.5,0.9996933232081313,0.9997299591080935,-3.663589996216743e-05,-0.04969332320813136,-0.049729959108093524,0.0001959251649000843,0.298677533864975,5.208348379981409e-05,0.0001959251649000843,0.00027004089190652003,0.0,0.1869892516402913,68476,25922
ciciot2023,0.8,DoS,xgb,88,3,0.5,0.9990481856038073,0.9995773457311918,-0.0005291601273845759,-0.049048185603807304,-0.04957734573119188,0.0014243524287911786,0.49993228912353516,0.00011925756331558737,0.0014243524287911786,0.0004226542688081647,0.0,0.3715092674315613,25215,9464
ciciot2023,0.8,Mirai,xgb,88,3,0.5,0.9997889516171582,0.9997271487039563,6.180291320190268e-05,-0.04978895161715824,-0.049727148703956336,0.0004040151307006367,0.4998398423194885,0.0004040151307006367,0.00030523556188284803,0.00027285129604370795,0.0,0.15297177879136614,18953,7330
ciciot2023,0.8,Recon,xgb,88,3,0.5694112479686737,0.9500759054435046,0.9527550091074681,-0.0026791036639635113,-7.590544350466466e-05,-0.002755009107468176,0.012415961830405553,0.4990535080432892,0.012415961830405553,0.004078258452998473,0.04724499089253187,-0.0694112479686737,0.2157789868041179,23055,8784
ciciot2023,0.8,Spoofing,xgb,88,3,0.8015477508306503,0.9501391650099403,0.9510416666666667,-0.00090250165672634,-0.0001391650099403785,-0.0010416666666667185,0.014394880715705771,0.47143056988716125,0.0018783134526175749,0.014394880715705771,0.048958333333333326,-0.002605152875184702,0.06269601496187813,12575,4800
ciciot2023,0.8,Web,xgb,88,3,0.9507976919412613,0.9508196721311475,0.9149198520345253,0.03589982009662218,-0.0008196721311475308,0.03508014796547465,0.08135617692327685,0.4910725951194763,0.03903470142680987,0.08135617692327685,0.0850801479654747,0.029035395476967096,0.4412672946822169,2135,811
ciciot2023,0.8,Benign,xgb,88,4,0.901826448738575,0.950309572948087,0.9559183673469388,-0.0056087943988517575,-0.000309572948087089,-0.0059183673469388465,0.009773044636174844,0.3509119749069214,0.009773044636174844,0.00783046223728412,0.0440816326530612,-0.022537319920957866,0.5739045105852532,6299,2450
ciciot2023,0.8,BruteForce,xgb,88,4,0.9857766218483448,0.9511305616338439,0.9620493358633776,-0.01091877422953369,-0.0011305616338439517,-0.012049335863377642,0.032932097099445404,0.45497384667396545,0.032932097099445404,0.025963402937231927,0.0379506641366224,-0.0035437509417534097,0.33155417332100506,1371,527
ciciot2023,0.8,DDoS,xgb,88,4,0.5,0.9996933232081313,0.9998453448809156,-0.00015202167278427492,-0.04969332320813136,-0.04984534488091563,0.00028800326355817865,0.4959089756011963,0.0,0.00028800326355817865,0.00015465511908441254,0.0,0.5278470490441699,68476,25864
ciciot2023,0.8,DoS,xgb,88,4,0.5,0.9990481856038073,0.9994818652849741,-0.00043367968116680977,-0.049048185603807304,-0.049481865284974114,0.0006562834236961099,0.49375271797180176,0.0006562834236961099,0.00043367968116680977,0.0005181347150259308,0.0,0.6608115724215272,25215,9650
ciciot2023,0.8,Mirai,xgb,88,4,0.5,0.9997889516171582,1.0,-0.00021104838284180527,-0.04978895161715824,-0.050000000000000044,0.00029232396068191915,0.49993228912353516,0.00029232396068191915,0.0002572548084164699,0.0,0.0,0.7219674444389774,18953,7163
ciciot2023,0.8,Recon,xgb,88,4,0.5694112479686737,0.9500759054435046,0.9519754768392371,-0.0018995713957324911,-7.590544350466466e-05,-0.0019754768392371558,0.009636578682536812,0.49986907839775085,0.009636578682536812,0.003045303346989825,0.04802452316076289,-0.04312530159950301,0.19712093454649535,23055,8808
ciciot2023,0.8,Spoofing,xgb,88,4,0.8015477508306503,0.9501391650099403,0.9458430294055427,0.004296135604397677,-0.0001391650099403785,0.004156970594457299,0.023364311696985385,0.4999535083770752,0.023364311696985385,0.006319872177975097,0.05415697059445734,0.010119251906871685,0.18387597546697654,12575,4727
ciciot2023,0.8,Web,xgb,88,4,0.9507976919412613,0.9508196721311475,0.9297163995067818,0.021103272624365732,-0.0008196721311475308,0.0202836004932182,0.07398389243914905,0.49697306752204895,0.029119513019171372,0.07398389243914905,0.07028360049321825,0.011751568410545588,0.28524144822094816,2135,811
ciciot2023,0.8,Benign,xgb,91,0,0.8855696991086006,0.9501508175900937,0.9499579478553406,0.00019286973475307612,-0.00015081759009372142,4.2052144659354695e-05,0.009385392450855595,0.3847736716270447,0.008230777683616464,0.009385392450855595,0.0500420521446594,-0.00040056891739359557,0.020549991464181516,6299,2378
ciciot2023,0.8,BruteForce,xgb,91,0,0.9849753901362419,0.9511305616338439,0.9593639575971732,-0.008233395963329282,-0.0011305616338439517,-0.009363957597173234,0.021027441216722953,0.49924013018608093,0.009210217710113322,0.021027441216722953,0.04063604240282681,-0.003464674111455679,0.3915548201262515,1371,566
ciciot2023,0.8,DDoS,xgb,91,0,0.5,0.9996495122378644,0.9998843574126899,-0.00023484517482552647,-0.0496495122378644,-0.04988435741268993,0.00032128044862433924,0.7942695617675781,4.381097026695484e-05,0.00032128044862433924,0.00011564258731011634,0.0,0.7309662814251165,68476,25942
ciciot2023,0.8,DoS,xgb,91,0,0.5,0.9992464802696808,0.9994870742716455,-0.00024059400196474456,-0.049246480269680815,-0.04948707427164556,0.0007392192430286247,0.4996013939380646,0.0007392192430286247,0.0005552250644457191,0.0005129257283544852,0.0,0.3254704260389878,25215,9748
ciciot2023,0.8,Mirai,xgb,91,0,0.5,0.9997889516171582,0.9998602961721151,-7.134455495694247e-05,-0.04978895161715824,-0.04986029617211518,0.00041844071658149636,0.49915000796318054,0.00041844071658149636,0.0001582862871313262,0.0001397038278848628,0.0,0.17050098647139483,18953,7158
ciciot2023,0.8,Recon,xgb,91,0,0.6057837754487991,0.9500759054435046,0.9502493331787081,-0.00017342773520345744,-7.590544350466466e-05,-0.0002493331787081221,0.004896177132704516,0.4997572898864746,0.004896177132704516,0.004518306075103944,0.04975066682129192,-0.004845172166824563,0.0354210500361658,23055,8623
ciciot2023,0.8,Spoofing,xgb,91,0,0.8120044618844986,0.9501391650099403,0.951403435274403,-0.0012642702644626302,-0.0001391650099403785,-0.0014034352744030087,0.008461922224508034,0.5812627673149109,0.007115946965879638,0.008461922224508034,0.048596564725597036,-0.006307339854538796,0.14940698235218458,12575,4774
ciciot2023,0.8,Web,xgb,91,0,0.9548243805766106,0.9508196721311475,0.9408138101109741,0.010005862020173395,-0.0008196721311475308,0.009186189889025864,0.13676468464930386,0.4946860522031784,0.020765412348359935,0.13676468464930386,0.05918618988902591,0.009657646529376507,0.07316115301132547,2135,811
ciciot2023,0.8,Benign,xgb,91,1,0.8855696991086006,0.9501508175900937,0.9483043837882548,0.0018464338018389093,-0.00015081759009372142,0.0016956162117451878,0.015474970688035772,0.46345949172973633,0.015474970688035772,0.009790701610703723,0.05169561621174523,0.003212048858404426,0.11931743452454163,6299,2418
ciciot2023,0.8,BruteForce,xgb,91,1,0.9849753901362419,0.9511305616338439,0.979296066252588,-0.02816550461874412,-0.0011305616338439517,-0.02929606625258807,0.046309761655589865,0.9637849293649197,0.0024237646728370726,0.046309761655589865,0.020703933747411973,-0.008888993971049808,0.6081980043044418,1371,483
ciciot2023,0.8,DDoS,xgb,91,1,0.5,0.9996495122378644,0.9995368583558472,0.00011265388201719961,-0.0496495122378644,-0.0495368583558472,0.00020758272360013385,0.4693654179573059,0.00020758272360013385,4.693911750716583e-05,0.0004631416441528424,0.0,0.5426939201077472,68476,25910
ciciot2023,0.8,DoS,xgb,91,1,0.5,0.9992464802696808,0.9993733681462141,-0.00012688787653336586,-0.049246480269680815,-0.04937336814621418,0.0005736152120484465,0.4996013939380646,0.0005736152120484465,0.00019305513057677848,0.000626631853785864,0.0,0.22120730738683608,25215,9575
ciciot2023,0.8,Mirai,xgb,91,1,0.5,0.9997889516171582,1.0,-0.00021104838284180527,-0.04978895161715824,-0.050000000000000044,0.000448307238597332,0.49915000796318054,0.000448307238597332,0.00039199573240368676,0.0,0.0,0.470767287858513,18953,7269
ciciot2023,0.8,Recon,xgb,91,1,0.6057837754487991,0.9500759054435046,0.9492861222158766,0.0007897832276280159,-7.590544350466466e-05,0.0007138777841233512,0.007355439980945955,0.49981528520584106,0.007355439980945955,0.0034900526526280284,0.050713877784123396,0.004520928859710671,0.10737402924555506,23055,8755
ciciot2023,0.8,Spoofing,xgb,91,1,0.8120044618844986,0.9501391650099403,0.949989537560159,0.00014962744978130882,-0.0001391650099403785,1.0462439840930315e-05,0.010963155987698037,0.4992397725582123,0.0068842937353905675,0.010963155987698037,0.050010462439840975,9.053498506439439e-05,0.013648209507299594,12575,4779
ciciot2023,0.8,Web,xgb,91,1,0.9548243805766106,0.9508196721311475,0.9334155363748459,0.01740413575630162,-0.0008196721311475308,0.01658446362515409,0.08127763162834217,0.4942897856235504,0.05240588281157499,0.08127763162834217,0.06658446362515413,0.012106761336326599,0.21413192544641835,2135,811
ciciot2023,0.8,Benign,xgb,91,2,0.8855696991086006,0.9501508175900937,0.9484708839547549,0.001679933635338804,-0.00015081759009372142,0.0015291160452450825,0.008450347515944201,0.43930408358573914,0.008450347515944201,0.0073107274660004495,0.05152911604524513,0.003926314413547183,0.1988005383410668,6299,2387
ciciot2023,0.8,BruteForce,xgb,91,2,0.9849753901362419,0.9511305616338439,0.960820895522388,-0.009690333888544123,-0.0011305616338439517,-0.010820895522388074,0.04779439781399353,0.7882053963840008,0.04779439781399353,0.016170515039681255,0.03917910447761197,-0.003041692543774843,0.20275041284664808,1371,536
ciciot2023,0.8,DDoS,xgb,91,2,0.5,0.9996495122378644,0.9996932750555939,-4.376281772955348e-05,-0.0496495122378644,-0.049693275055593955,0.00016801428149612342,0.4042107164859772,7.658493102668618e-05,0.00016801428149612342,0.00030672494440608933,0.0,0.260470820336563,68476,26082
ciciot2023,0.8,DoS,xgb,91,2,0.5,0.9992464802696808,0.9992569002123142,-1.0419942633399515e-05,-0.049246480269680815,-0.049256900212314214,0.00035775136374946144,0.49898967146873474,0.00035775136374946144,0.0001470159178832739,0.0007430997876858303,0.0,0.029126213592009547,25215,9420
ciciot2023,0.8,Mirai,xgb,91,2,0.5,0.9997889516171582,1.0,-0.00021104838284180527,-0.04978895161715824,-0.050000000000000044,0.0005772249124440228,0.49915000796318054,0.0005772249124440228,0.00021104838284180527,0.0,0.0,0.3656259081892485,18953,7234
ciciot2023,0.8,Recon,xgb,91,2,0.6057837754487991,0.9500759054435046,0.9492696183897633,0.0008062870537413058,-7.590544350466466e-05,0.0007303816102366412,0.011788665355214278,0.4997572898864746,0.011788665355214278,0.0018234349771527256,0.050730381610236686,0.007648266851902008,0.06839510915327447,23055,8831
ciciot2023,0.8,Spoofing,xgb,91,2,0.8120044618844986,0.9501391650099403,0.9491381144924452,0.0010010505174951057,-0.0001391650099403785,0.0008618855075547271,0.009712823294326392,0.43628618121147156,0.006725715085947437,0.009712823294326392,0.05086188550755477,0.002922162413596774,0.1030648336905146,12575,4699
ciciot2023,0.8,Web,xgb,91,2,0.9548243805766106,0.9508196721311475,0.9432799013563502,0.007539770774797283,-0.0008196721311475308,0.006720098643649752,0.11333681781823118,0.4946860522031784,0.026107069942852612,0.11333681781823118,0.0567200986436498,0.005288753658533096,0.06652534383742374,2135,811
ciciot2023,0.8,Benign,xgb,91,3,0.8855696991086006,0.9501508175900937,0.9474134245404019,0.002737393049691783,-0.00015081759009372142,0.0025865754595980617,0.011129096748528744,0.4616455137729645,0.011129096748528744,0.006556752393428761,0.052586575459598106,0.005153154954314232,0.24596722551213906,6299,2339
ciciot2023,0.8,BruteForce,xgb,91,3,0.9849753901362419,0.9511305616338439,0.9545454545454546,-0.0034148929116106785,-0.0011305616338439517,-0.00454545454545463,0.029787149393276313,0.48676568269729614,0.014732444798090327,0.029787149393276313,0.045454545454545414,-0.0004188004881143792,0.11464315925381914,1371,550
ciciot2023,0.8,DDoS,xgb,91,3,0.5,0.9996495122378644,0.9996142272972764,3.528494058790965e-05,-0.0496495122378644,-0.04961422729727649,0.00010163518635367965,0.4992481470108032,0.00010163518635367965,8.458312699555215e-05,0.00038577270272355246,0.0,0.34717248871982,68476,25922
ciciot2023,0.8,DoS,xgb,91,3,0.5,0.9992464802696808,0.9996830092983939,-0.0004365290287131618,-0.049246480269680815,-0.049683009298393976,0.0017662850122924251,0.49932193756103516,0.00021216942577854123,0.0017662850122924251,0.000316990701606068,0.0,0.24714529403530391,25215,9464
ciciot2023,0.8,Mirai,xgb,91,3,0.5,0.9997889516171582,0.9998635743519781,-7.46227348199513e-05,-0.04978895161715824,-0.04986357435197819,0.0007371865307079358,0.49915000796318054,0.0007371865307079358,0.00022913001782466272,0.00013642564802185397,0.0,0.1012263948288495,18953,7330
ciciot2023,0.8,Recon,xgb,91,3,0.6057837754487991,0.9500759054435046,0.9537795992714025,-0.003703693827897925,-7.590544350466466e-05,-0.0037795992714025894,0.009966544720216408,0.4992809593677521,0.009966544720216408,0.0060411637412554064,0.046220400728597455,-0.05156486444175179,0.37161262321787936,23055,8784
ciciot2023,0.8,Spoofing,xgb,91,3,0.8120044618844986,0.9501391650099403,0.9527083333333334,-0.002569168323393045,-0.0001391650099403785,-0.0027083333333334236,0.012715374420145809,0.48907992243766785,0.005056742876076825,0.012715374420145809,0.04729166666666662,-0.006516649574041189,0.20205211726384886,12575,4800
ciciot2023,0.8,Web,xgb,91,3,0.9548243805766106,0.9508196721311475,0.9309494451294698,0.01987022700167773,-0.0008196721311475308,0.0190505548705302,0.09484113347791051,0.4942897856235504,0.0334787768880469,0.09484113347791051,0.06905055487053025,0.01312241517007351,0.2095106445169776,2135,811
ciciot2023,0.8,Benign,xgb,91,4,0.8855696991086006,0.9501508175900937,0.953469387755102,-0.003318570165008361,-0.00015081759009372142,-0.0034693877551020824,0.013394157154844821,0.7761898040771484,0.006578886833348993,0.013394157154844821,0.04653061224489796,-0.008251005224883645,0.24776252261666168,6299,2450
ciciot2023,0.8,BruteForce,xgb,91,4,0.9849753901362419,0.9511305616338439,0.9639468690702088,-0.01281630743636486,-0.0011305616338439517,-0.013946869070208812,0.03783440389637893,0.9299786500632763,0.010167234819388332,0.03783440389637893,0.03605313092979123,-0.0034899605438113435,0.338747439274218,1371,527
ciciot2023,0.8,DDoS,xgb,91,4,0.5,0.9996495122378644,0.9996906897618311,-4.117752396670671e-05,-0.0496495122378644,-0.04969068976183111,0.00013227082553279867,0.8322517275810242,0.00012532810346858392,0.00013227082553279867,0.0003093102381689361,0.0,0.3113122171940787,68476,25864
ciciot2023,0.8,DoS,xgb,91,4,0.5,0.9992464802696808,0.9995854922279793,-0.0003390119582985518,-0.049246480269680815,-0.049585492227979366,0.0005436972605540538,0.48065298795700073,0.0005436972605540538,0.00034797117843532455,0.000414507772020678,0.0,0.6235307456820405,25215,9650
ciciot2023,0.8,Mirai,xgb,91,4,0.5,0.9997889516171582,1.0,-0.00021104838284180527,-0.04978895161715824,-0.050000000000000044,0.0005594122743019965,0.49915000796318054,0.0005594122743019965,0.00021104838284180527,0.0,0.0,0.37726805888401305,18953,7163
ciciot2023,0.8,Recon,xgb,91,4,0.6057837754487991,0.9500759054435046,0.9507266121707538,-0.0006507067272492062,-7.590544350466466e-05,-0.0007266121707538709,0.012224395873627614,0.49998539686203003,0.012224395873627614,0.002146108967006394,0.049273387829246174,-0.006732475757599277,0.05323017464225066,23055,8808
ciciot2023,0.8,Spoofing,xgb,91,4,0.8120044618844986,0.9501391650099403,0.9441506240744658,0.005988540935474518,-0.0001391650099403785,0.005849375925534139,0.026832110783574392,0.4998076260089874,0.026832110783574392,0.00561505096772863,0.055849375925534184,0.016126093268394426,0.22318560711744218,12575,4727
ciciot2023,0.8,Web,xgb,91,4,0.9548243805766106,0.9508196721311475,0.9420468557336621,0.008772816397485395,-0.0008196721311475308,0.007953144266337864,0.08620981411909429,0.4942897856235504,0.0307077450858656,0.08620981411909429,0.05795314426633791,0.002222113311290741,0.10176122622612564,2135,811
